term,reading,category,tags,short_def,definition,related_terms,legal_basis,importance,explanation
IT重説,あいてぃーじゅうせつ,賃貸住宅管理業法,オンライン説明,テレビ会議システム等のITを利用して行う重要事項説明。,宅地建物取引業法の重要事項説明、及び賃貸住宅管理業法の管理受託契約・特定賃貸借契約重要事項説明において、双方向でやり取りできる映像・音声装置を用いて行う説明方式。事前書面交付・相手方の承諾が要件。,重要事項説明;電磁的方法,宅建業法35条;賃管業法13条,A,IT重説とは、重要事項説明をテレビ会議などのオンライン手段で行う方法です。対面でなくても、映像と音声で双方向にやり取りでき、相手方が説明内容を確認できることが前提です。実施には、説明書面等を事前に交付し、相手方の承諾を得る必要があります。試験では「オンラインなら何でもよい」のではなく、双方向性・事前交付・承諾が要件になる点を押さえます。
維持保全,いじほぜん,賃貸住宅管理業法,管理業務;設備,居室・設備等の点検・清掃・修繕等を行うこと。,賃貸住宅の居室や、それと一体性のある設備（廊下・階段・エントランス等）について、点検・清掃その他維持管理、修繕等を行うこと。維持保全を一括して引き受けることが管理業務の要件の一つ。,管理業務;基幹事務,賃貸住宅管理業法2条2項1号,B,維持保全とは、居室・設備等の点検・清掃・修繕等を行うことです。試験では、維持保全だけ、または金銭管理だけでは管理業務に当たらず、両方を併せて行う場合に管理業務となる点を押さえます。
監督処分,かんとくしょぶん,賃貸住宅管理業法,行政処分,国土交通大臣が賃貸住宅管理業者等に対して行う行政処分。,業務改善命令、業務停止命令、登録の取消し等。違反行為に応じて段階的に行われる。特定転貸事業者・勧誘者にも誇大広告等違反等で適用される。,業務改善命令;業務停止命令;登録の取消し,賃貸住宅管理業法22条以下;33条以下,B,監督処分とは、法律違反などがあった賃貸住宅管理業者等に対して、国土交通大臣が行う行政上の処分です。内容には、業務改善命令、業務停止命令、登録の取消しなどがあります。違反の程度に応じて処分が行われ、管理業者だけでなく、サブリースに関わる特定転貸事業者や勧誘者も規制対象になる点が重要です。
勧誘者,かんゆうしゃ,賃貸住宅管理業法,サブリース;規制対象,特定転貸事業者が特定賃貸借契約の締結について勧誘を行わせる第三者。,特定転貸事業者と関連する者で、特定賃貸借契約の締結の勧誘を行う者。建設業者、不動産業者、コンサルタント等を含み、サブリース業者とは別人格でも、勧誘者として誇大広告・不当勧誘の禁止規制の対象となる。,特定転貸事業者;誇大広告等の禁止,賃貸住宅管理業法2条5項,A,勧誘者とは、特定転貸事業者が特定賃貸借契約の締結について勧誘を行わせる第三者です。試験では、勧誘者も誇大広告や不当勧誘の禁止規制を受ける点、つまり「業者本人ではないから規制外」とはならない点を押さえます。
管理業者の遵守事項,かんりぎょうしゃのじゅんしゅじこう,賃貸住宅管理業法,禁止行為;義務,管理業者が業務遂行上守るべき義務・禁止事項の総称。,名義貸しの禁止、誇大広告の禁止、不当勧誘の禁止、秘密保持、標識掲示、帳簿備付、従業者証明書交付、業務管理者の設置、契約書面交付、報告書交付等が含まれる。,監督処分;罰則,賃貸住宅管理業法10〜21条,B,管理業者の遵守事項とは、賃貸住宅管理業者が業務を行ううえで守らなければならない義務や禁止事項の総称です。名義貸しの禁止、誇大広告や不当勧誘の禁止、秘密保持、標識掲示、帳簿備付け、従業者証明書、業務管理者の設置、契約書面や報告書の交付などが含まれます。個別の義務をばらばらに覚えるだけでなく、登録業者として信頼を確保するためのルール群として理解すると整理しやすいです。
管理業務,かんりぎょうむ,賃貸住宅管理業法,維持保全;金銭管理,賃貸住宅の維持保全と、家賃等の金銭管理を併せて行う業務。,①賃貸住宅の居室・設備等の点検・清掃・修繕等の維持保全、及び②家賃・敷金等の金銭管理を併せて行うこと。①のみを行う場合や、②のみを行う場合は管理業務に該当しない。,賃貸住宅管理業;維持保全,賃貸住宅管理業法2条2項,A,管理業務とは、賃貸住宅の維持保全と、家賃等の金銭管理を併せて行う業務です。試験では、どちらか一方だけを行う場合は賃貸住宅管理業法上の管理業務に当たらない点が頻出です。
管理業務の一括再委託の禁止,かんりぎょうむのいっかつさいいたくのきんし,賃貸住宅管理業法,禁止行為,管理受託した管理業務の全部を一括して他の者に再委託することの禁止。,賃貸住宅管理業者は、管理業務の全部を一括して他の者に委託してはならない。一括再委託は名義貸しと実質的に同じ結果となり、信頼関係を害するため禁止される。,管理事務の再委託;名義貸しの禁止,賃貸住宅管理業法15条,A,管理業務の一括再委託の禁止とは、管理受託契約で引き受けた管理業務の全部を、まとめて他人に任せてしまうことを禁止するルールです。管理業者は貸主から信頼されて業務を受託しているため、実質的に別の者に丸投げすることは認められません。一部の再委託は可能ですが、全部の一括再委託は禁止されるという線引きを押さえます。
管理戸数,かんりこすう,賃貸住宅管理業法,登録義務;200戸,管理業者が管理する賃貸住宅の戸数。200戸以上で登録義務が生じる。,受託管理及びサブリースで管理する賃貸住宅の総戸数。200戸以上の事業者は登録義務（3条1項ただし書）。200戸未満は任意登録だが、登録を受けない場合も賃貸住宅管理業者を称することはできない。,賃貸住宅管理業者登録;登録義務,賃貸住宅管理業法3条1項;施行規則3条,A,管理戸数とは、賃貸住宅管理業者が管理している賃貸住宅の戸数です。受託管理だけでなく、サブリースで管理する戸数も含めて考えます。原則として管理戸数が200戸以上になると登録義務が生じ、200戸未満の場合は任意登録となります。ただし、登録を受けていない者が賃貸住宅管理業者を名乗ることはできない点も重要です。
管理事務の再委託,かんりじむのさいいたく,賃貸住宅管理業法,再委託;一括禁止,管理事務を他の者に再委託すること。一括再委託は禁止。,賃貸住宅管理業者は、管理業務の一部を他の者に再委託できるが、全部の再委託（自己の名義で他人に管理業を営ませること）は禁止される。再委託する場合も、再委託先の選定・管理の責任は管理業者にある。,名義貸しの禁止;一括再委託,賃貸住宅管理業法15条,A,管理事務の再委託とは、管理業務の一部を別の業者などに委託することです。たとえば清掃や修繕対応など、業務の一部を外部に任せることはできます。一方で、管理業務の全部を一括して再委託することは禁止されています。再委託した場合でも、貸主に対する責任や再委託先の選定・管理責任は、もとの管理業者に残る点を押さえます。
管理事務報告書,かんりじむほうこくしょ,賃貸住宅管理業法,報告;貸主への通知,管理業者が貸主に対し、管理事務の状況を定期的に報告する書面。,賃貸住宅管理業法20条に基づき、賃貸住宅管理業者が管理受託契約を締結した貸主に対し、定期的（少なくとも1年に1回）に交付する報告書。報告事項として、報告対象期間、管理業務の実施状況、家賃等の金銭管理状況等を記載。,管理受託契約;報告義務,賃貸住宅管理業法20条,A,管理事務報告書とは、管理業者が貸主に対し、管理事務の状況を定期的に報告する書面です。試験では、契約時の書面ではなく、管理開始後の定期報告に関する書面である点を区別します。
管理受託契約,かんりじゅたくけいやく,賃貸住宅管理業法,委託契約,賃貸人から賃貸住宅の管理業務を受託する契約。,賃貸住宅の貸主と管理業者との間で締結される、管理業務の委託契約。民法上の委任・請負の性質を併せ持つ。賃貸住宅管理業法に基づき、契約締結前の重要事項説明、契約成立時の書面交付が義務付けられる。,管理受託契約重要事項説明;書面交付義務;委任,賃貸住宅管理業法13条;14条,A,管理受託契約とは、賃貸人から賃貸住宅の管理業務を受託する契約です。具体的には、維持保全や家賃等の金銭管理を管理業者が引き受けます。賃貸住宅管理業法では、契約締結前に重要事項説明を行い、契約成立時には書面を交付することが義務付けられています。貸主と管理業者の間の契約である点を押さえます。
管理受託契約書面交付,かんりじゅたくけいやくしょめんこうふ,賃貸住宅管理業法,契約成立時;書面,管理受託契約成立時に、管理業者が貸主に交付する契約書面。,賃貸住宅管理業法14条に基づき、管理受託契約成立時に遅滞なく交付すべき書面。契約年月日、対象賃貸住宅、契約期間、報酬、管理事務の内容等を記載。電磁的方法による交付も可（相手方の承諾が必要）。,管理受託契約;電磁的方法,賃貸住宅管理業法14条,A,管理受託契約書面交付とは、管理受託契約成立時に、管理業者が貸主に交付する契約書面です。具体的には、賃貸住宅管理業法14条に基づき、管理受託契約成立時に遅滞なく交付すべき書面。契約年月日、対象賃貸住宅、契約期間、報酬、管理事務の内容等を記載。電磁的方法による交付も可（相手方の承諾が必要）。試験では、賃貸住宅管理業法14条との関係で、対象者・時期・手続・違反時の効果を整理して押さえます。関連用語である管理受託契約・電磁的方法との違いも合わせて確認します。
管理受託契約重要事項説明,かんりじゅたくけいやくじゅうようじこうせつめい,賃貸住宅管理業法,重要事項説明;書面交付,管理受託契約の締結前に、管理業者が貸主に対し書面を交付して行う説明。,賃貸住宅管理業者が管理受託契約を締結しようとするときに、契約成立前に書面を交付して貸主に説明する手続。管理事務の内容・実施方法、報酬・費用、契約期間、解除等を記載。IT重説も可能。,管理受託契約;IT重説;書面交付義務,賃貸住宅管理業法13条,A,管理受託契約重要事項説明とは、管理受託契約の締結前に、管理業者が貸主に対し書面を交付して行う説明です。具体的には、賃貸住宅管理業者が管理受託契約を締結しようとするときに、契約成立前に書面を交付して貸主に説明する手続。管理事務の内容・実施方法、報酬・費用、契約期間、解除等を記載。IT重説も可能。試験では、賃貸住宅管理業法13条との関係で、対象者・時期・手続・違反時の効果を整理して押さえます。関連用語である管理受託契約・IT重説との違いも合わせて確認します。
旧登録制度,きゅうとうろくせいど,賃貸住宅管理業法,任意登録;旧制度,2011年から2021年6月まで運用された任意の賃貸住宅管理業者登録制度。,2011年9月30日告示で創設された任意登録制度。2021年6月15日の賃貸住宅管理業法施行に伴い廃止され、義務登録制度へ移行。2018年以前の試験問題はこの制度が前提。,賃貸住宅管理業者登録;賃貸住宅管理業法,国土交通省告示第998号・999号（廃止）,B,旧登録制度とは、2011年から2021年6月まで運用された任意の賃貸住宅管理業者登録制度です。具体的には、2011年9月30日告示で創設された任意登録制度。2021年6月15日の賃貸住宅管理業法施行に伴い廃止され、義務登録制度へ移行。2018年以前の試験問題はこの制度が前提。試験では、国土交通省告示第998号・999号（廃止）との関係で、対象者・時期・手続・違反時の効果を整理して押さえます。関連用語である賃貸住宅管理業者登録・賃貸住宅管理業法との違いも合わせて確認します。
業務改善命令,ぎょうむかいぜんめいれい,賃貸住宅管理業法,監督処分,業務運営の改善を命じる行政処分。,国土交通大臣は、賃貸住宅管理業者の業務の運営に関し改善が必要と認めるとき、その必要の限度において業務の方法の変更等の改善措置を命じることができる。,監督処分;業務停止命令,賃貸住宅管理業法22条,B,業務改善命令とは、業務運営の改善を命じる行政処分です。具体的には、国土交通大臣は、賃貸住宅管理業者の業務の運営に関し改善が必要と認めるとき、その必要の限度において業務の方法の変更等の改善措置を命じることができる。試験では、賃貸住宅管理業法22条との関係で、対象者・時期・手続・違反時の効果を整理して押さえます。関連用語である監督処分・業務停止命令との違いも合わせて確認します。
業務管理者,ぎょうむかんりしゃ,賃貸住宅管理業法,登録要件;営業所,賃貸住宅管理業者が営業所・事務所ごとに置くべき管理業務の責任者。,営業所又は事務所ごとに1名以上の設置が義務付けられる責任者。賃貸不動産経営管理士の資格者、又は宅地建物取引士で指定講習修了者などが要件。重要事項説明や管理事務報告の管理・監督を担う。,賃貸不動産経営管理士;重要事項説明;管理受託契約,賃貸住宅管理業法12条,A,業務管理者とは、賃貸住宅管理業者が営業所・事務所ごとに置くべき管理業務の責任者です。具体的には、営業所又は事務所ごとに1名以上の設置が義務付けられる責任者。賃貸不動産経営管理士の資格者、又は宅地建物取引士で指定講習修了者などが要件。重要事項説明や管理事務報告の管理・監督を担う。試験では、賃貸住宅管理業法12条との関係で、定義・要件・効果を具体例と結び付けて押さえます。関連用語である賃貸不動産経営管理士・重要事項説明との違いも合わせて確認します。
業務処理の原則,ぎょうむしょりのげんそく,賃貸住宅管理業法,誠実義務,賃貸住宅管理業者が信義誠実をもって業務を遂行すべき原則。,賃貸住宅管理業者は、賃貸住宅の入居者の居住の安定及び賃貸住宅の賃貸に係る事業の円滑な実施を図るため、信義に従い誠実にその業務を行わなければならない（賃管業法10条）。,信義誠実;善管注意義務,賃貸住宅管理業法10条,A,業務処理の原則とは、賃貸住宅管理業者が信義誠実をもって業務を遂行すべき原則です。具体的には、賃貸住宅管理業者は、賃貸住宅の入居者の居住の安定及び賃貸住宅の賃貸に係る事業の円滑な実施を図るため、信義に従い誠実にその業務を行わなければならない（賃管業法10条）。試験では、賃貸住宅管理業法10条との関係で、定義・要件・効果を具体例と結び付けて押さえます。関連用語である信義誠実・善管注意義務との違いも合わせて確認します。
業務状況調書,ぎょうむじょうきょうちょうしょ,賃貸住宅管理業法,備付書類;閲覧,管理業者が営業所ごとに備え置き、関係者の閲覧に供する書類。,事業年度経過後3か月以内に、営業所・事務所ごとに、業務状況調書、貸借対照表、損益計算書を備え置く義務がある。借主等から請求があれば閲覧させなければならない。,備付書類;閲覧義務,賃貸住宅管理業法施行規則38条,B,業務状況調書とは、管理業者が営業所ごとに備え置き、関係者の閲覧に供する書類です。具体的には、事業年度経過後3か月以内に、営業所・事務所ごとに、業務状況調書、貸借対照表、損益計算書を備え置く義務がある。借主等から請求があれば閲覧させなければならない。試験では、賃貸住宅管理業法施行規則38条との関係で、定義・要件・効果を具体例と結び付けて押さえます。関連用語である備付書類・閲覧義務との違いも合わせて確認します。
業務停止命令,ぎょうむていしめいれい,賃貸住宅管理業法,監督処分,1年以内の期間を定めて業務の全部又は一部の停止を命じる処分。,違反行為に対し、国土交通大臣が1年以内の期間を定めて、業務の全部又は一部の停止を命じる処分。違反すれば登録取消しの対象。,監督処分;登録の取消し,賃貸住宅管理業法23条,B,業務停止命令とは、1年以内の期間を定めて業務の全部又は一部の停止を命じる処分です。具体的には、違反行為に対し、国土交通大臣が1年以内の期間を定めて、業務の全部又は一部の停止を命じる処分。違反すれば登録取消しの対象。試験では、賃貸住宅管理業法23条との関係で、対象者・時期・手続・違反時の効果を整理して押さえます。関連用語である監督処分・登録の取消しとの違いも合わせて確認します。
原賃貸借契約,げんちんたいしゃくけいやく,賃貸住宅管理業法,サブリース;マスターリース,サブリースにおける所有者とサブリース業者間の元の賃貸借契約。,建物所有者を貸主、サブリース業者を借主とする賃貸借契約。マスターリース契約に同じ。原賃貸借が終了するとサブリース契約に承継等の効力が及ぶ。,マスターリース契約;転貸借,民法612〜613条,A,原賃貸借契約とは、サブリースにおける所有者とサブリース業者間の元の賃貸借契約です。具体的には、建物所有者を貸主、サブリース業者を借主とする賃貸借契約。マスターリース契約に同じ。原賃貸借が終了するとサブリース契約に承継等の効力が及ぶ。試験では、民法612〜613条との関係で、契約当事者・成立要件・終了時の効果を整理して押さえます。関連用語であるマスターリース契約・転貸借との違いも合わせて確認します。
誇大広告等の禁止,こだいこうこくとうのきんし,賃貸住宅管理業法,サブリース;広告規制,サブリース契約に関し、実際より著しく有利と人を誤認させる広告等の禁止。,特定転貸事業者及び勧誘者は、特定賃貸借契約について、家賃の額、契約変更・解除、維持保全等に関し、著しく事実に相違する表示や、実際より著しく優良・有利と誤認させる表示をしてはならない。違反は罰則対象。,特定転貸事業者;不当な勧誘等の禁止,賃貸住宅管理業法28条,A,誇大広告等の禁止とは、サブリース契約に関し、実際より著しく有利と人を誤認させる広告等の禁止です。具体的には、特定転貸事業者及び勧誘者は、特定賃貸借契約について、家賃の額、契約変更・解除、維持保全等に関し、著しく事実に相違する表示や、実際より著しく優良・有利と誤認させる表示をしてはならない。違反は罰則対象。試験では、賃貸住宅管理業法28条との関係で、対象者・時期・手続・違反時の効果を整理して押さえます。関連用語である特定転貸事業者・不当な勧誘等の禁止との違いも合わせて確認します。
サブリース業者,さぶりーすぎょうしゃ,賃貸住宅管理業法,サブリース,建物所有者から賃借し、第三者に転貸する事業を行う者。特定転貸事業者と同義。,建物所有者から賃借し（マスターリース契約）、入居者へ転貸する（サブリース契約）事業者。空室リスクを負担する代わりに、所有者から賃料の一部を控除した額を受領するのが典型。,特定転貸事業者;マスターリース契約,賃貸住宅管理業法2条5項,A,サブリース業者とは、建物所有者から賃借し、第三者に転貸する事業を行う者。特定転貸事業者と同義。具体的には、建物所有者から賃借し（マスターリース契約）、入居者へ転貸する（サブリース契約）事業者。空室リスクを負担する代わりに、所有者から賃料の一部を控除した額を受領するのが典型。試験では、賃貸住宅管理業法2条5項との関係で、定義・要件・効果を具体例と結び付けて押さえます。関連用語である特定転貸事業者・マスターリース契約との違いも合わせて確認します。
サブリース契約,さぶりーすけいやく,賃貸住宅管理業法,転貸借,サブリース業者と入居者の間で締結される転貸借契約。,サブリース業者を貸主、入居者を借主とする賃貸借契約（民法上は転貸借）。マスターリース契約とセットで成立。マスターリースが終了するとサブリース契約の存続にも影響する。,マスターリース契約;転貸借;原賃貸借契約終了,民法613条,A,サブリース契約とは、サブリース業者と入居者の間で締結される転貸借契約です。具体的には、サブリース業者を貸主、入居者を借主とする賃貸借契約（民法上は転貸借）。マスターリース契約とセットで成立。マスターリースが終了するとサブリース契約の存続にも影響する。試験では、民法613条との関係で、契約当事者・成立要件・終了時の効果を整理して押さえます。関連用語であるマスターリース契約・転貸借との違いも合わせて確認します。
従業者証明書,じゅうぎょうしゃしょうめいしょ,賃貸住宅管理業法,従業者;提示,管理業者の従業者が業務上提示する身分証。,賃貸住宅管理業者の従業者は、その業務を行う際、関係者から請求があったときは従業者証明書を提示しなければならない。管理業者は従業者全員に交付する義務がある。,従業者;提示義務,賃貸住宅管理業法17条,B,従業者証明書とは、管理業者の従業者が業務上提示する身分証です。具体的には、賃貸住宅管理業者の従業者は、その業務を行う際、関係者から請求があったときは従業者証明書を提示しなければならない。管理業者は従業者全員に交付する義務がある。試験では、賃貸住宅管理業法17条との関係で、定義・要件・効果を具体例と結び付けて押さえます。関連用語である従業者・提示義務との違いも合わせて確認します。
立入検査,たちいりけんさ,賃貸住宅管理業法,監督,国土交通大臣の職員が事務所等に立ち入って行う検査。,国土交通大臣は、賃貸住宅管理業の適正な運営を確保するため必要と認めるときは、職員に賃貸住宅管理業者の事務所等に立ち入り、業務状況等を検査させ、関係者に質問させることができる。,報告徴収;監督,賃貸住宅管理業法26条,C,立入検査とは、国土交通大臣の職員が事務所等に立ち入って行う検査です。具体的には、国土交通大臣は、賃貸住宅管理業の適正な運営を確保するため必要と認めるときは、職員に賃貸住宅管理業者の事務所等に立ち入り、業務状況等を検査させ、関係者に質問させることができる。試験では、賃貸住宅管理業法26条との関係で、定義・要件・効果を具体例と結び付けて押さえます。関連用語である報告徴収・監督との違いも合わせて確認します。
断定的判断の提供,だんていてきはんだんのていきょう,賃貸住宅管理業法,勧誘禁止行為,将来の不確実な事項について確実と誤認させる勧誘の禁止。,将来の賃料収入や経営状況等の不確実な事項について、断定的な判断を提供して相手方を誤認させる勧誘は禁止される。「絶対に儲かる」「30年家賃保証」等の表現は典型例。,不当な勧誘等の禁止;誇大広告等の禁止,賃貸住宅管理業法29条;施行規則43条,A,断定的判断の提供とは、将来の不確実な事項について確実と誤認させる勧誘の禁止です。具体的には、将来の賃料収入や経営状況等の不確実な事項について、断定的な判断を提供して相手方を誤認させる勧誘は禁止される。「絶対に儲かる」「30年家賃保証」等の表現は典型例。試験では、賃貸住宅管理業法29条;施行規則43条との関係で、定義・要件・効果を具体例と結び付けて押さえます。関連用語である不当な勧誘等の禁止・誇大広告等の禁止との違いも合わせて確認します。
帳簿の備付け,ちょうぼのそなえつけ,賃貸住宅管理業法,帳簿;保存,営業所ごとに、業務に関する帳簿を備え付け保存する義務。,賃貸住宅管理業者は、営業所・事務所ごとに業務に関する帳簿を備え付け、契約年月日・契約相手方・対象住宅・受託管理する家賃等を記載し、各事業年度末日の翌日から5年間保存しなければならない。,業務状況調書;保存期間,賃貸住宅管理業法18条,B,帳簿の備付けとは、営業所ごとに、業務に関する帳簿を備え付け保存する義務です。具体的には、賃貸住宅管理業者は、営業所・事務所ごとに業務に関する帳簿を備え付け、契約年月日・契約相手方・対象住宅・受託管理する家賃等を記載し、各事業年度末日の翌日から5年間保存しなければならない。試験では、賃貸住宅管理業法18条との関係で、定義・要件・効果を具体例と結び付けて押さえます。関連用語である業務状況調書・保存期間との違いも合わせて確認します。
賃管業法解釈・運用の考え方,ちんかんぎょうほうかいしゃくうんようのかんがえかた,賃貸住宅管理業法,ガイドライン,国土交通省が公表する賃貸住宅管理業法のガイドライン。,国土交通省が定める賃貸住宅管理業法及び施行規則の運用解釈集。誇大広告・不当勧誘の具体例、重要事項説明の方法等を解説。実務上の運用指針として重要。,賃貸住宅管理業法,国土交通省ガイドライン,B,賃管業法解釈・運用の考え方とは、国土交通省が公表する賃貸住宅管理業法のガイドラインです。具体的には、国土交通省が定める賃貸住宅管理業法及び施行規則の運用解釈集。誇大広告・不当勧誘の具体例、重要事項説明の方法等を解説。実務上の運用指針として重要。試験では、国土交通省ガイドラインとの関係で、定義・要件・効果を具体例と結び付けて押さえます。関連用語である賃貸住宅管理業法との違いも合わせて確認します。
賃貸住宅,ちんたいじゅうたく,賃貸住宅管理業法,定義;対象住宅,賃貸の用に供する住宅。賃貸住宅管理業法の規制対象となる住宅。,人の居住の用に供する家屋又は家屋の部分のうち、賃貸借契約に基づき賃借人に居住の用に供するもの。事業用建物（オフィス・店舗）は対象外。空き家の状態でも、将来賃貸の用に供するものは含まれる。,賃貸住宅管理業;管理業務,賃貸住宅管理業法2条1項,A,賃貸住宅とは、賃貸の用に供する住宅。賃貸住宅管理業法の規制対象となる住宅。具体的には、人の居住の用に供する家屋又は家屋の部分のうち、賃貸借契約に基づき賃借人に居住の用に供するもの。事業用建物（オフィス・店舗）は対象外。空き家の状態でも、将来賃貸の用に供するものは含まれる。試験では、賃貸住宅管理業法2条1項との関係で、定義・要件・効果を具体例と結び付けて押さえます。関連用語である賃貸住宅管理業・管理業務との違いも合わせて確認します。
賃貸住宅管理業,ちんたいじゅうたくかんりぎょう,賃貸住宅管理業法,登録制度;管理業務,賃貸人から委託を受けて賃貸住宅の管理業務を行う事業。,賃貸住宅管理業法2条2項に定義される事業で、賃貸人から委託を受けて賃貸住宅の維持保全に関する業務と、家賃・敷金等の金銭管理を併せて行う事業をいう。管理戸数200戸以上の事業者は国土交通大臣の登録が義務付けられる。,管理業務;業務管理者;賃貸住宅管理業者登録,賃貸住宅管理業法2条2項,A,賃貸住宅管理業とは、賃貸人から委託を受けて賃貸住宅の管理業務を行う事業です。具体的には、賃貸住宅管理業法2条2項に定義される事業で、賃貸人から委託を受けて賃貸住宅の維持保全に関する業務と、家賃・敷金等の金銭管理を併せて行う事業をいう。管理戸数200戸以上の事業者は国土交通大臣の登録が義務付けられる。試験では、賃貸住宅管理業法2条2項との関係で、定義・要件・効果を具体例と結び付けて押さえます。関連用語である管理業務・業務管理者との違いも合わせて確認します。
賃貸住宅管理業者,ちんたいじゅうたくかんりぎょうしゃ,賃貸住宅管理業法,登録事業者,国土交通大臣の登録を受けた賃貸住宅管理業を営む者。,賃貸住宅管理業を営むため国土交通大臣の登録を受けた事業者。管理戸数200戸以上で営む者は登録義務がある（200戸未満は任意）。登録の有効期間は5年。,賃貸住宅管理業;業務管理者;登録,賃貸住宅管理業法3条,A,賃貸住宅管理業者とは、国土交通大臣の登録を受けた賃貸住宅管理業を営む者です。具体的には、賃貸住宅管理業を営むため国土交通大臣の登録を受けた事業者。管理戸数200戸以上で営む者は登録義務がある（200戸未満は任意）。登録の有効期間は5年。試験では、賃貸住宅管理業法3条との関係で、定義・要件・効果を具体例と結び付けて押さえます。関連用語である賃貸住宅管理業・業務管理者との違いも合わせて確認します。
賃貸住宅管理業者登録,ちんたいじゅうたくかんりぎょうしゃとうろく,賃貸住宅管理業法,登録;5年,賃貸住宅管理業を営もうとする者が国土交通大臣に申請して受ける登録。,管理戸数200戸以上の事業者に義務付けられる登録。有効期間は5年。更新を受けない場合は失効。法人・個人いずれも対象。営業所・事務所ごとに業務管理者を置くこと等が登録要件。,国土交通大臣登録;登録更新;管理戸数,賃貸住宅管理業法3条;5条,A,賃貸住宅管理業者登録とは、賃貸住宅管理業を営もうとする者が国土交通大臣に申請して受ける登録です。具体的には、管理戸数200戸以上の事業者に義務付けられる登録。有効期間は5年。更新を受けない場合は失効。法人・個人いずれも対象。営業所・事務所ごとに業務管理者を置くこと等が登録要件。試験では、賃貸住宅管理業法3条;5条との関係で、対象者・時期・手続・違反時の効果を整理して押さえます。関連用語である国土交通大臣登録・登録更新との違いも合わせて確認します。
賃貸住宅標準管理受託契約書,ちんたいじゅうたくひょうじゅんかんりじゅたくけいやくしょ,賃貸住宅管理業法,標準契約書;ひな型,国土交通省が公表する管理受託契約のひな型書面。,賃貸住宅の管理受託契約のために国土交通省が公表する標準的な契約書ひな型。管理事務の内容、報酬、契約期間、解除事由等を網羅。実務上の参考として広く利用される。,管理受託契約;標準契約書,国土交通省公表書式,B,賃貸住宅標準管理受託契約書とは、国土交通省が公表する管理受託契約のひな型書面です。具体的には、賃貸住宅の管理受託契約のために国土交通省が公表する標準的な契約書ひな型。管理事務の内容、報酬、契約期間、解除事由等を網羅。実務上の参考として広く利用される。試験では、国土交通省公表書式との関係で、契約当事者・成立要件・終了時の効果を整理して押さえます。関連用語である管理受託契約・標準契約書との違いも合わせて確認します。
賃貸不動産経営管理士,ちんたいふどうさんけいえいかんりし,賃貸住宅管理業法,資格;業務管理者,賃貸不動産管理の専門知識を有する国家資格者。業務管理者の要件の一つ。,賃貸住宅の管理に関する専門知識を有する者として、国土交通大臣指定試験に合格した者。賃貸住宅管理業者の業務管理者となるための資格要件の一つ。倫理憲章を遵守する義務がある。,業務管理者;倫理憲章,賃貸住宅管理業法12条;施行規則14条,A,賃貸不動産経営管理士とは、賃貸不動産管理の専門知識を有する国家資格者。業務管理者の要件の一つ。具体的には、賃貸住宅の管理に関する専門知識を有する者として、国土交通大臣指定試験に合格した者。賃貸住宅管理業者の業務管理者となるための資格要件の一つ。倫理憲章を遵守する義務がある。試験では、賃貸住宅管理業法12条;施行規則14条との関係で、定義・要件・効果を具体例と結び付けて押さえます。関連用語である業務管理者・倫理憲章との違いも合わせて確認します。
賃料保証型サブリース,ちんりょうほしょうがたさぶりーす,賃貸住宅管理業法,サブリース;類型,入居率に関わらず、サブリース業者がオーナーに一定額を保証する方式。,サブリース業者がオーナーに対し、空室の有無に関わらず一定額の賃料を支払う契約。空室リスクをサブリース業者が負担。重要事項説明書では、家賃の額が将来変更される可能性があること、契約期間中の解約条件等を明示する必要がある。,パススルー型サブリース;空室リスク,賃貸住宅管理業法30条,B,賃料保証型サブリースとは、入居率に関わらず、サブリース業者がオーナーに一定額を保証する方式です。具体的には、サブリース業者がオーナーに対し、空室の有無に関わらず一定額の賃料を支払う契約。空室リスクをサブリース業者が負担。重要事項説明書では、家賃の額が将来変更される可能性があること、契約期間中の解約条件等を明示する必要がある。試験では、賃貸住宅管理業法30条との関係で、定義・要件・効果を具体例と結び付けて押さえます。関連用語であるパススルー型サブリース・空室リスクとの違いも合わせて確認します。
転貸借,てんたいしゃく,賃貸住宅管理業法,サブリース;民法,借主がその目的物をさらに第三者に貸すこと。原則として貸主の承諾が必要。,借主が借りた目的物を第三者に賃貸する行為。原則として貸主の承諾が必要で、無断転貸は契約解除事由（民法612条）。サブリース業者は貸主の承諾を得て転貸している点で、無断転貸とは異なる。,原賃貸借;無断転貸;サブリース契約,民法612条;613条,A,転貸借とは、借主がその目的物をさらに第三者に貸すこと。原則として貸主の承諾が必要。具体的には、借主が借りた目的物を第三者に賃貸する行為。原則として貸主の承諾が必要で、無断転貸は契約解除事由（民法612条）。サブリース業者は貸主の承諾を得て転貸している点で、無断転貸とは異なる。試験では、民法612条;613条との関係で、契約当事者・成立要件・終了時の効果を整理して押さえます。関連用語である原賃貸借・無断転貸との違いも合わせて確認します。
電磁的方法,でんじてきほうほう,賃貸住宅管理業法,書面交付;デジタル化,電子メール・Webアップロード等による書面交付の代替手段。,重要事項説明書面・契約成立時の書面等を、相手方の承諾を得て、電子メール添付、Webからのダウンロード、CD-ROM等の電磁的記録により交付する方法。出力して書面化できる必要がある。,IT重説;書面交付義務,賃貸住宅管理業法13条等,B,電磁的方法とは、電子メール・Webアップロード等による書面交付の代替手段です。具体的には、重要事項説明書面・契約成立時の書面等を、相手方の承諾を得て、電子メール添付、Webからのダウンロード、CD-ROM等の電磁的記録により交付する方法。出力して書面化できる必要がある。試験では、賃貸住宅管理業法13条等が何を規律し、賃貸住宅管理のどの場面で関係するかを押さえます。関連用語であるIT重説・書面交付義務との違いも合わせて確認します。
登録の拒否事由,とうろくのきょひじゆう,賃貸住宅管理業法,欠格事由,破産・刑罰歴・登録取消後5年等、登録を受けられない事由。,賃貸住宅管理業法6条に列挙される欠格事由。心身の故障、破産手続開始決定で復権を得ない者、賃管業法違反等で罰金刑に処せられ5年経過しない者、登録取消から5年経過しない者、暴力団員等が該当。,登録の取消し;欠格要件,賃貸住宅管理業法6条,B,登録の拒否事由とは、破産・刑罰歴・登録取消後5年等、登録を受けられない事由です。具体的には、賃貸住宅管理業法6条に列挙される欠格事由。心身の故障、破産手続開始決定で復権を得ない者、賃管業法違反等で罰金刑に処せられ5年経過しない者、登録取消から5年経過しない者、暴力団員等が該当。試験では、賃貸住宅管理業法6条との関係で、対象者・時期・手続・違反時の効果を整理して押さえます。関連用語である登録の取消し・欠格要件との違いも合わせて確認します。
登録の更新,とうろくのこうしん,賃貸住宅管理業法,登録;更新申請,登録の有効期間満了日の90日前〜30日前までに行う更新申請手続。,賃貸住宅管理業者は、登録の有効期間（5年）満了後も引き続き業を営むためには、満了日の90日前から30日前までに更新申請をしなければならない。,登録の有効期間,賃貸住宅管理業法3条;施行規則3条,B,登録の更新とは、登録の有効期間満了日の90日前〜30日前までに行う更新申請手続です。具体的には、賃貸住宅管理業者は、登録の有効期間（5年）満了後も引き続き業を営むためには、満了日の90日前から30日前までに更新申請をしなければならない。試験では、賃貸住宅管理業法3条;施行規則3条との関係で、対象者・時期・手続・違反時の効果を整理して押さえます。関連用語である登録の有効期間との違いも合わせて確認します。
登録の取消し,とうろくのとりけし,賃貸住宅管理業法,監督処分,登録要件の欠如や法令違反により登録を失う処分。,国土交通大臣が行う監督処分の一つで、登録欠格事由に該当した場合や、業務停止命令違反、不正手段による登録取得等の場合に行う。取消し後5年は再登録不可。,業務停止命令;監督処分,賃貸住宅管理業法23条,B,登録の取消しとは、登録要件の欠如や法令違反により登録を失う処分です。具体的には、国土交通大臣が行う監督処分の一つで、登録欠格事由に該当した場合や、業務停止命令違反、不正手段による登録取得等の場合に行う。取消し後5年は再登録不可。試験では、賃貸住宅管理業法23条との関係で、対象者・時期・手続・違反時の効果を整理して押さえます。関連用語である業務停止命令・監督処分との違いも合わせて確認します。
登録の有効期間,とうろくのゆうこうきかん,賃貸住宅管理業法,登録;有効期間,賃貸住宅管理業者の登録の有効期間は5年。,登録の有効期間は5年。引き続き管理業を営むには、有効期間満了の日の90日前から30日前までに更新申請が必要。期限内に更新を申請すれば、処分前は従前の登録が有効。,登録更新;失効,賃貸住宅管理業法3条2項;4条,A,登録の有効期間とは、賃貸住宅管理業者の登録の有効期間は5年です。具体的には、登録の有効期間は5年。引き続き管理業を営むには、有効期間満了の日の90日前から30日前までに更新申請が必要。期限内に更新を申請すれば、処分前は従前の登録が有効。試験では、賃貸住宅管理業法3条2項;4条との関係で、対象者・時期・手続・違反時の効果を整理して押さえます。関連用語である登録更新・失効との違いも合わせて確認します。
登録簿,とうろくぼ,賃貸住宅管理業法,公示,国土交通省が備える、賃貸住宅管理業者の登録情報を記載した帳簿。,国土交通大臣が備え、賃貸住宅管理業者の商号・名称・氏名・所在地・営業所等の情報を記載する。一般の閲覧に供される。,賃貸住宅管理業者登録,賃貸住宅管理業法8条,C,登録簿とは、国土交通省が備える、賃貸住宅管理業者の登録情報を記載した帳簿です。具体的には、国土交通大臣が備え、賃貸住宅管理業者の商号・名称・氏名・所在地・営業所等の情報を記載する。一般の閲覧に供される。試験では、賃貸住宅管理業法8条との関係で、対象者・時期・手続・違反時の効果を整理して押さえます。関連用語である賃貸住宅管理業者登録との違いも合わせて確認します。
特定賃貸借契約,とくていちんたいしゃくけいやく,賃貸住宅管理業法,サブリース;原賃貸借,サブリース業者が賃貸人から賃借し、第三者に転貸することを目的とする賃貸借契約（マスターリース契約）。,賃貸住宅の賃貸借契約のうち、賃借人が当該住宅を第三者に転貸する事業を営むことを目的とするもの。賃貸住宅管理業法28〜30条で誇大広告等の禁止、不当な勧誘の禁止、重要事項説明等の規制対象となる。,特定転貸事業者;サブリース業者,賃貸住宅管理業法2条4項,A,特定賃貸借契約とは、サブリース業者が賃貸人から賃借し、第三者に転貸することを目的とする賃貸借契約（マスターリース契約）です。具体的には、賃貸住宅の賃貸借契約のうち、賃借人が当該住宅を第三者に転貸する事業を営むことを目的とするもの。賃貸住宅管理業法28〜30条で誇大広告等の禁止、不当な勧誘の禁止、重要事項説明等の規制対象となる。試験では、賃貸住宅管理業法2条4項との関係で、契約当事者・成立要件・終了時の効果を整理して押さえます。関連用語である特定転貸事業者・サブリース業者との違いも合わせて確認します。
特定賃貸借契約書面交付,とくていちんたいしゃくけいやくしょめんこうふ,賃貸住宅管理業法,サブリース;契約成立時,特定賃貸借契約成立時に交付する契約書面。,特定転貸事業者は、特定賃貸借契約成立時に、相手方に対し遅滞なく契約書面を交付しなければならない。家賃・敷金、契約期間、修繕の分担、解除事由等を記載。電磁的方法も可。,特定賃貸借契約;特定賃貸借契約重要事項説明,賃貸住宅管理業法31条,A,特定賃貸借契約書面交付とは、特定賃貸借契約成立時に交付する契約書面です。具体的には、特定転貸事業者は、特定賃貸借契約成立時に、相手方に対し遅滞なく契約書面を交付しなければならない。家賃・敷金、契約期間、修繕の分担、解除事由等を記載。電磁的方法も可。試験では、賃貸住宅管理業法31条との関係で、対象者・時期・手続・違反時の効果を整理して押さえます。関連用語である特定賃貸借契約・特定賃貸借契約重要事項説明との違いも合わせて確認します。
特定賃貸借契約重要事項説明,とくていちんたいしゃくけいやくじゅうようじこうせつめい,賃貸住宅管理業法,サブリース;重要事項説明,特定転貸事業者がオーナーに対し、契約締結前に行う書面交付による説明。,特定転貸事業者は、特定賃貸借契約を締結しようとするときに、相手方に書面を交付し、家賃の額・改定、契約期間、解除事由、修繕費負担等を説明しなければならない。IT重説も可能。,特定賃貸借契約;IT重説,賃貸住宅管理業法30条,A,特定賃貸借契約重要事項説明とは、特定転貸事業者がオーナーに対し、契約締結前に行う書面交付による説明です。具体的には、特定転貸事業者は、特定賃貸借契約を締結しようとするときに、相手方に書面を交付し、家賃の額・改定、契約期間、解除事由、修繕費負担等を説明しなければならない。IT重説も可能。試験では、賃貸住宅管理業法30条との関係で、対象者・時期・手続・違反時の効果を整理して押さえます。関連用語である特定賃貸借契約・IT重説との違いも合わせて確認します。
特定賃貸借標準契約書,とくていちんたいしゃくひょうじゅんけいやくしょ,賃貸住宅管理業法,サブリース;標準契約書,国土交通省が公表する特定賃貸借契約（マスターリース）のひな型。,特定賃貸借契約の標準書式。家賃額、契約期間、家賃改定の協議、修繕費負担、解除事由等を網羅し、サブリース契約のトラブル防止を目的とする。,マスターリース契約;特定賃貸借契約,国土交通省公表書式,B,特定賃貸借標準契約書とは、国土交通省が公表する特定賃貸借契約（マスターリース）のひな型です。具体的には、特定賃貸借契約の標準書式。家賃額、契約期間、家賃改定の協議、修繕費負担、解除事由等を網羅し、サブリース契約のトラブル防止を目的とする。試験では、国土交通省公表書式との関係で、契約当事者・成立要件・終了時の効果を整理して押さえます。関連用語であるマスターリース契約・特定賃貸借契約との違いも合わせて確認します。
特定転貸事業者,とくていてんたいじぎょうしゃ,賃貸住宅管理業法,サブリース,特定賃貸借契約に基づき賃借した住宅を第三者に転貸する事業を行う者（サブリース業者）。,特定賃貸借契約に基づき賃貸住宅を転貸する事業者。賃貸住宅管理業の登録の有無に関わらず、サブリース規制（誇大広告・不当勧誘の禁止、重要事項説明、書面交付）の適用を受ける。,特定賃貸借契約;勧誘者,賃貸住宅管理業法2条5項,A,特定転貸事業者とは、特定賃貸借契約に基づき賃借した住宅を第三者に転貸する事業を行う者（サブリース業者）です。具体的には、特定賃貸借契約に基づき賃貸住宅を転貸する事業者。賃貸住宅管理業の登録の有無に関わらず、サブリース規制（誇大広告・不当勧誘の禁止、重要事項説明、書面交付）の適用を受ける。試験では、賃貸住宅管理業法2条5項との関係で、契約当事者・成立要件・終了時の効果を整理して押さえます。関連用語である特定賃貸借契約・勧誘者との違いも合わせて確認します。
罰則,ばっそく,賃貸住宅管理業法,刑事罰,賃貸住宅管理業法違反に対する刑事罰の規定。,無登録営業（1年以下の懲役又は100万円以下の罰金）、誇大広告等の禁止違反（30万円以下の罰金）、不当勧誘の禁止違反等に対する罰則がある。法人に対しても両罰規定が適用される。,監督処分;両罰規定,賃貸住宅管理業法41〜45条,C,罰則とは、賃貸住宅管理業法違反に対する刑事罰の規定です。具体的には、無登録営業（1年以下の懲役又は100万円以下の罰金）、誇大広告等の禁止違反（30万円以下の罰金）、不当勧誘の禁止違反等に対する罰則がある。法人に対しても両罰規定が適用される。試験では、賃貸住宅管理業法41〜45条との関係で、定義・要件・効果を具体例と結び付けて押さえます。関連用語である監督処分・両罰規定との違いも合わせて確認します。
パススルー型サブリース,ぱすするーがたさぶりーす,賃貸住宅管理業法,サブリース;類型,入居者からの賃料収入から手数料を差し引いた額をオーナーに渡す方式。,サブリース業者が転借人から受領した賃料から手数料を控除した実額をオーナーに支払う方式。空室リスクはオーナーが負担。受取額は入居状況によって変動する。,賃料保証型サブリース,—,B,パススルー型サブリースとは、入居者からの賃料収入から手数料を差し引いた額をオーナーに渡す方式です。具体的には、サブリース業者が転借人から受領した賃料から手数料を控除した実額をオーナーに支払う方式。空室リスクはオーナーが負担。受取額は入居状況によって変動する。試験では、条文番号そのものよりも、実務上の位置づけ、当事者の負担、似た用語との違いを押さえます。関連用語である賃料保証型サブリースとの違いも合わせて確認します。
秘密保持義務,ひみつほじぎむ,賃貸住宅管理業法,義務;退職後,管理業者・従業者が業務上知り得た秘密を漏らさない義務。,賃貸住宅管理業者及びその従業者は、正当な理由なく、業務上知り得た秘密を漏らしてはならない。退職後・登録抹消後も同様。違反は罰則の対象。,倫理憲章,賃貸住宅管理業法21条,A,秘密保持義務とは、管理業者・従業者が業務上知り得た秘密を漏らさない義務です。具体的には、賃貸住宅管理業者及びその従業者は、正当な理由なく、業務上知り得た秘密を漏らしてはならない。退職後・登録抹消後も同様。違反は罰則の対象。試験では、賃貸住宅管理業法21条との関係で、対象者・時期・手続・違反時の効果を整理して押さえます。関連用語である倫理憲章との違いも合わせて確認します。
標識の掲示,ひょうしきのけいじ,賃貸住宅管理業法,営業所;掲示義務,営業所・事務所ごとに、公衆の見やすい場所に標識を掲示する義務。,賃貸住宅管理業者は、営業所・事務所ごとに、公衆の見やすい場所に、商号・名称・登録番号等を記載した標識を掲げる義務がある。,営業所;事務所,賃貸住宅管理業法19条,B,標識の掲示とは、営業所・事務所ごとに、公衆の見やすい場所に標識を掲示する義務です。具体的には、賃貸住宅管理業者は、営業所・事務所ごとに、公衆の見やすい場所に、商号・名称・登録番号等を記載した標識を掲げる義務がある。試験では、賃貸住宅管理業法19条との関係で、定義・要件・効果を具体例と結び付けて押さえます。関連用語である営業所・事務所との違いも合わせて確認します。
不当な勧誘等の禁止,ふとうなかんゆうとうのきんし,賃貸住宅管理業法,サブリース;勧誘規制,故意の事実不告知・不実告知、威迫、深夜勧誘等の禁止。,特定転貸事業者・勧誘者は、契約締結等の勧誘に際し、家賃減額のリスク等、判断に影響する重要事項について故意に告げず又は不実を告げる行為、相手を威迫する行為、私生活・業務の平穏を害する勧誘等が禁止される。,誇大広告等の禁止;断定的判断の提供,賃貸住宅管理業法29条,A,不当な勧誘等の禁止とは、故意の事実不告知・不実告知、威迫、深夜勧誘等の禁止です。具体的には、特定転貸事業者・勧誘者は、契約締結等の勧誘に際し、家賃減額のリスク等、判断に影響する重要事項について故意に告げず又は不実を告げる行為、相手を威迫する行為、私生活・業務の平穏を害する勧誘等が禁止される。試験では、賃貸住宅管理業法29条との関係で、対象者・時期・手続・違反時の効果を整理して押さえます。関連用語である誇大広告等の禁止・断定的判断の提供との違いも合わせて確認します。
報告徴収,ほうこくちょうしゅう,賃貸住宅管理業法,監督,国土交通大臣が管理業者に業務状況の報告を求めること。,国土交通大臣は、賃貸住宅管理業の適正な運営を確保するため必要と認めるときは、賃貸住宅管理業者に対し、その業務に関し報告を求めることができる。,立入検査;監督,賃貸住宅管理業法26条,C,報告徴収とは、国土交通大臣が管理業者に業務状況の報告を求めることです。具体的には、国土交通大臣は、賃貸住宅管理業の適正な運営を確保するため必要と認めるときは、賃貸住宅管理業者に対し、その業務に関し報告を求めることができる。試験では、賃貸住宅管理業法26条との関係で、定義・要件・効果を具体例と結び付けて押さえます。関連用語である立入検査・監督との違いも合わせて確認します。
マスターリース契約,ますたーりーすけいやく,賃貸住宅管理業法,サブリース;原賃貸借,サブリース業者が建物所有者から賃貸住宅を一括して賃借する契約。,建物所有者（オーナー）とサブリース業者の間で締結される原賃貸借契約。法律上は特定賃貸借契約に該当。空室リスクをサブリース業者が負担する賃料保証型と、入居率に応じてオーナー受取賃料が変動するパススルー型がある。,サブリース契約;特定賃貸借契約;原賃貸借,賃貸住宅管理業法2条4項,A,マスターリース契約とは、サブリース業者が建物所有者から賃貸住宅を一括して賃借する契約です。具体的には、建物所有者（オーナー）とサブリース業者の間で締結される原賃貸借契約。法律上は特定賃貸借契約に該当。空室リスクをサブリース業者が負担する賃料保証型と、入居率に応じてオーナー受取賃料が変動するパススルー型がある。試験では、賃貸住宅管理業法2条4項との関係で、契約当事者・成立要件・終了時の効果を整理して押さえます。関連用語であるサブリース契約・特定賃貸借契約との違いも合わせて確認します。
名義貸しの禁止,めいぎがしのきんし,賃貸住宅管理業法,禁止行為,他人に自己の名義で管理業を営ませることの禁止。,賃貸住宅管理業者は、自己の名義をもって他人に賃貸住宅管理業を営ませてはならない。違反した場合は登録取消・業務停止命令等の対象。,一括再委託の禁止,賃貸住宅管理業法11条,B,名義貸しの禁止とは、他人に自己の名義で管理業を営ませることの禁止です。具体的には、賃貸住宅管理業者は、自己の名義をもって他人に賃貸住宅管理業を営ませてはならない。違反した場合は登録取消・業務停止命令等の対象。試験では、賃貸住宅管理業法11条との関係で、対象者・時期・手続・違反時の効果を整理して押さえます。関連用語である一括再委託の禁止との違いも合わせて確認します。
倫理憲章,りんりけんしょう,賃貸住宅管理業法,管理士;倫理,賃貸不動産経営管理士が遵守すべき職業倫理を定めた憲章。,①公共的使命、②法令の遵守と信用保持、③信義誠実の義務、④公正と中立性の保持、⑤専門的サービスの提供と自己研鑽、⑥秘密を守る義務の6項目で構成。賃貸不動産経営管理士は所属事業者の立場を超えて遵守する義務。,賃貸不動産経営管理士;秘密保持義務,賃貸不動産経営管理士協議会倫理憲章,A,倫理憲章とは、賃貸不動産経営管理士が遵守すべき職業倫理を定めた憲章です。具体的には、①公共的使命、②法令の遵守と信用保持、③信義誠実の義務、④公正と中立性の保持、⑤専門的サービスの提供と自己研鑽、⑥秘密を守る義務の6項目で構成。賃貸不動産経営管理士は所属事業者の立場を超えて遵守する義務。試験では、賃貸不動産経営管理士協議会倫理憲章との関係で、定義・要件・効果を具体例と結び付けて押さえます。関連用語である賃貸不動産経営管理士・秘密保持義務との違いも合わせて確認します。
明渡し猶予制度,あけわたしゆうよせいど,民法,抵当権;6ヵ月,抵当権実行による買受人に対抗できない賃借人が、明渡しを6ヵ月猶予される制度。,抵当権設定後の賃貸借で買受人に対抗できない場合でも、競売手続開始前から建物を使用していた借主は、買受時から6ヵ月間明渡しを猶予される。買受人は使用相当額（賃料相当額）を請求できる。,抵当権;競売,民法395条,A,明渡し猶予制度とは、抵当権実行による買受人に対抗できない賃借人が、明渡しを6ヵ月猶予される制度です。具体的には、抵当権設定後の賃貸借で買受人に対抗できない場合でも、競売手続開始前から建物を使用していた借主は、買受時から6ヵ月間明渡しを猶予される。買受人は使用相当額（賃料相当額）を請求できる。試験では、民法395条との関係で、定義・要件・効果を具体例と結び付けて押さえます。関連用語である抵当権・競売との違いも合わせて確認します。
意思表示,いしひょうじ,民法,契約成立,法律効果を発生させようとする意思を表示する行為。,契約は申込みと承諾の意思表示の合致によって成立する。錯誤・詐欺・強迫等によりなされた意思表示は取消し可能。,申込み;承諾;錯誤,民法93条以下,B,意思表示とは、法律効果を発生させようとする意思を表示する行為です。具体的には、契約は申込みと承諾の意思表示の合致によって成立する。錯誤・詐欺・強迫等によりなされた意思表示は取消し可能。試験では、民法93条以下との関係で、定義・要件・効果を具体例と結び付けて押さえます。関連用語である申込み・承諾との違いも合わせて確認します。
意思表示の到達,いしひょうじのとうたつ,民法,効力発生,意思表示は相手方に到達した時に効力を生じる原則。,民法97条。意思表示は相手方に到達した時から効力を生じる。「到達」とは相手方の支配領域に入り、了知可能な状態に置かれること。賃貸借契約の解除通知、解約申入れ等の場面で重要。,解約申入れ;解除,民法97条,B,意思表示の到達とは、意思表示は相手方に到達した時に効力を生じる原則です。根拠条文は民法97条です。意思表示は相手方に到達した時から効力を生じる。「到達」とは相手方の支配領域に入り、了知可能な状態に置かれること。賃貸借契約の解除通知、解約申入れ等の場面で重要。試験では、民法97条との関係で、定義・要件・効果を具体例と結び付けて押さえます。関連用語である解約申入れ・解除との違いも合わせて確認します。
委任契約,いにんけいやく,民法,典型契約,法律行為や事務処理を依頼し、受任者がこれを承諾して成立する契約。,民法643条以下。受任者は善管注意義務を負う。原則無償だが、有償の合意も可能。管理受託契約は委任の性質を有する。各当事者はいつでも解除可能（651条）。,請負契約;善管注意義務,民法643条,B,委任契約とは、法律行為や事務処理を依頼し、受任者がこれを承諾して成立する契約です。具体的には、民法643条以下。受任者は善管注意義務を負う。原則無償だが、有償の合意も可能。管理受託契約は委任の性質を有する。各当事者はいつでも解除可能（651条）。試験では、民法643条との関係で、契約当事者・成立要件・終了時の効果を整理して押さえます。関連用語である請負契約・善管注意義務との違いも合わせて確認します。
請負契約,うけおいけいやく,民法,典型契約;仕事完成,請負人が仕事の完成を約し、注文者が報酬を支払う契約。,民法632条以下。仕事の完成が目的で、結果に対して報酬が支払われる点で委任と異なる。修繕工事の発注などが典型例。,委任契約;仕事の完成,民法632条,B,請負契約とは、請負人が仕事の完成を約し、注文者が報酬を支払う契約です。具体的には、民法632条以下。仕事の完成が目的で、結果に対して報酬が支払われる点で委任と異なる。修繕工事の発注などが典型例。試験では、民法632条との関係で、契約当事者・成立要件・終了時の効果を整理して押さえます。関連用語である委任契約・仕事の完成との違いも合わせて確認します。
解除の将来効,かいじょのしょうらいこう,民法,賃貸借特則,賃貸借の解除は遡及せず、将来に向かってのみ効力を生じる原則。,民法620条の規定。継続的契約である賃貸借は、解除の効果が契約締結時に遡及するのではなく、解除の時点から将来に向かって生じる。これまでの使用収益は有効。,賃貸借契約の解除,民法620条,B,解除の将来効とは、賃貸借の解除は遡及せず、将来に向かってのみ効力を生じる原則です。具体的には、民法620条の規定。継続的契約である賃貸借は、解除の効果が契約締結時に遡及するのではなく、解除の時点から将来に向かって生じる。これまでの使用収益は有効。試験では、民法620条との関係で、定義・要件・効果を具体例と結び付けて押さえます。関連用語である賃貸借契約の解除との違いも合わせて確認します。
改正民法（2020年4月施行）,かいせいみんぽう,民法,改正;債権法,2020年4月に施行された改正民法（債権法改正）の主要内容。,①個人根保証契約の極度額の必要、②保証人への情報提供義務、③敷金規定の明文化（622条の2）、④賃借物の一部使用収益不能時の賃料減額、⑤原状回復義務の範囲明文化、⑥連帯債務規定の見直し等。,個人根保証;敷金;原状回復,改正民法（2020.4.1施行）,A,改正民法（2020年4月施行）とは、2020年4月に施行された改正民法（債権法改正）の主要内容です。具体的には、①個人根保証契約の極度額の必要、②保証人への情報提供義務、③敷金規定の明文化（622条の2）、④賃借物の一部使用収益不能時の賃料減額、⑤原状回復義務の範囲明文化、⑥連帯債務規定の見直し等。試験では、改正民法（2020.4.1施行）との関係で、定義・要件・効果を具体例と結び付けて押さえます。関連用語である個人根保証・敷金との違いも合わせて確認します。
解約申入れ,かいやくもうしいれ,民法,終了;通知,期間の定めのない賃貸借を、一定期間経過後に終了させる申入れ。,期間の定めのない賃貸借において、契約を終了させるために行う一方的意思表示。建物の場合、貸主からは正当事由ある6ヵ月前、借主からは3ヵ月前。期間の定めのある契約では、解約権留保特約がない限り中途解約はできない。,期間内解約条項;解約権留保特約,民法617条;借地借家法27条,A,解約申入れとは、期間の定めのない賃貸借を、一定期間経過後に終了させる申入れです。具体的には、期間の定めのない賃貸借において、契約を終了させるために行う一方的意思表示。建物の場合、貸主からは正当事由ある6ヵ月前、借主からは3ヵ月前。期間の定めのある契約では、解約権留保特約がない限り中途解約はできない。試験では、民法617条;借地借家法27条との関係で、定義・要件・効果を具体例と結び付けて押さえます。関連用語である期間内解約条項・解約権留保特約との違いも合わせて確認します。
貸主の死亡と相続,かしぬしのしぼうとそうぞく,民法,相続;地位承継,貸主が死亡した場合、賃貸人の地位は相続人に承継される。,貸主が死亡しても賃貸借契約は終了せず、賃貸人の地位は相続人に承継される。共同相続の場合、賃料債権は分割債権、解除権の行使は共有物の管理として持分価格の過半数で決める（民法252条）。,賃借権の相続;共同相続,民法896条;判例,B,貸主の死亡と相続とは、貸主が死亡した場合、賃貸人の地位は相続人に承継される。具体的には、貸主が死亡しても賃貸借契約は終了せず、賃貸人の地位は相続人に承継される。共同相続の場合、賃料債権は分割債権、解除権の行使は共有物の管理として持分価格の過半数で決める（民法252条）。試験では、民法896条;判例との関係で、定義・要件・効果を具体例と結び付けて押さえます。関連用語である賃借権の相続・共同相続との違いも合わせて確認します。
貸主の修繕義務,かしぬしのしゅうぜんぎむ,民法,貸主の義務,貸主は使用収益に必要な修繕を行う義務を負う。,貸主は、賃貸物の使用収益に必要な修繕をする義務を負う（民法606条1項）。賃借人の責めに帰すべき事由で修繕が必要となった場合は除く。借主に小修繕の費用を負担させる特約は有効。,必要費;有益費;借主の修繕権,民法606条1項,A,貸主の修繕義務とは、貸主は使用収益に必要な修繕を行う義務を負う。具体的には、貸主は、賃貸物の使用収益に必要な修繕をする義務を負う（民法606条1項）。賃借人の責めに帰すべき事由で修繕が必要となった場合は除く。借主に小修繕の費用を負担させる特約は有効。試験では、民法606条1項との関係で、対象者・時期・手続・違反時の効果を整理して押さえます。関連用語である必要費・有益費との違いも合わせて確認します。
借主の修繕権,かりぬしのしゅうぜんけん,民法,改正民法;自助救済,借主が貸主に代わり修繕できる場面を限定した規定。,①借主が貸主に修繕を通知し、又は貸主が修繕の必要を知ったのに相当期間内に修繕しない場合、②急迫の事情がある場合、借主は自ら修繕することができる（民法607条の2）。,貸主の修繕義務;必要費,民法607条の2,B,借主の修繕権とは、借主が貸主に代わり修繕できる場面を限定した規定です。具体的には、①借主が貸主に修繕を通知し、又は貸主が修繕の必要を知ったのに相当期間内に修繕しない場合、②急迫の事情がある場合、借主は自ら修繕することができる（民法607条の2）。試験では、民法607条の2との関係で、定義・要件・効果を具体例と結び付けて押さえます。関連用語である貸主の修繕義務・必要費との違いも合わせて確認します。
期間内解約条項,きかんないかいやくじょうこう,民法,解約権留保,期間の定めのある賃貸借でも、期間中に解約申入れができる特約。,期間内解約権を留保する特約。借主からの解約は通常自由に認められ、予告期間（1〜3ヵ月）の定めが多い。貸主からの解約は正当事由を要する。,解約申入れ;期間の定めのない賃貸借,民法618条,B,期間内解約条項とは、期間の定めのある賃貸借でも、期間中に解約申入れができる特約です。具体的には、期間内解約権を留保する特約。借主からの解約は通常自由に認められ、予告期間（1〜3ヵ月）の定めが多い。貸主からの解約は正当事由を要する。試験では、民法618条との関係で、定義・要件・効果を具体例と結び付けて押さえます。関連用語である解約申入れ・期間の定めのない賃貸借との違いも合わせて確認します。
期間の定めのない賃貸借,きかんのさだめのないちんたいしゃく,民法,解約申入れ,契約期間の定めがない賃貸借。各当事者がいつでも解約申入れ可能。,建物賃貸借では、貸主からは正当事由のある6ヵ月前の解約申入れにより、借主からは3ヵ月前の解約申入れにより終了する（民法617条・借地借家法27条）。土地は1年前。,解約申入れ;法定更新,民法617条;借地借家法27条,A,期間の定めのない賃貸借とは、契約期間の定めがない賃貸借。各当事者がいつでも解約申入れ可能。具体的には、建物賃貸借では、貸主からは正当事由のある6ヵ月前の解約申入れにより、借主からは3ヵ月前の解約申入れにより終了する（民法617条・借地借家法27条）。土地は1年前。試験では、民法617条;借地借家法27条との関係で、契約当事者・成立要件・終了時の効果を整理して押さえます。関連用語である解約申入れ・法定更新との違いも合わせて確認します。
強行規定,きょうこうきてい,民法,効力;特約無効,当事者の合意で排除・変更できない規定。違反する特約は無効。,公の秩序に関する規定で、当事者の意思に関わらず適用される。借地借家法の借主保護規定（賃料減額請求権の排除不可等）は強行規定の例。違反する特約は無効。,任意規定;借主に不利な特約,民法91条,B,強行規定とは、当事者の合意で排除・変更できない規定。違反する特約は無効。具体的には、公の秩序に関する規定で、当事者の意思に関わらず適用される。借地借家法の借主保護規定（賃料減額請求権の排除不可等）は強行規定の例。違反する特約は無効。試験では、民法91条との関係で、定義・要件・効果を具体例と結び付けて押さえます。関連用語である任意規定・借主に不利な特約との違いも合わせて確認します。
供託,きょうたく,民法,弁済;供託所,弁済の目的物を供託所に供託することで債務を免れる制度。,債権者が受領を拒んだ場合、債権者を確知できない場合、弁済者の過失なく債権者を確知できない場合に、供託所に弁済の目的物を供託することで債務を免れる（民法494条）。賃料供託で実務上頻出。,受領拒絶;債権者不確知,民法494条,B,供託とは、弁済の目的物を供託所に供託することで債務を免れる制度です。具体的には、債権者が受領を拒んだ場合、債権者を確知できない場合、弁済者の過失なく債権者を確知できない場合に、供託所に弁済の目的物を供託することで債務を免れる（民法494条）。賃料供託で実務上頻出。試験では、民法494条との関係で、定義・要件・効果を具体例と結び付けて押さえます。関連用語である受領拒絶・債権者不確知との違いも合わせて確認します。
極度額,きょくどがく,民法,根保証;書面要件,個人根保証契約における保証額の上限。書面で明示が必須。,個人根保証契約で書面により定める必要のある保証責任の上限額。家賃・原状回復費・損害賠償等の総額の上限を意味する。極度額を超える主債務については保証責任を負わない。,個人根保証契約;書面要件,民法465条の2,A,極度額とは、個人根保証契約における保証額の上限。書面で明示が必須。具体的には、個人根保証契約で書面により定める必要のある保証責任の上限額。家賃・原状回復費・損害賠償等の総額の上限を意味する。極度額を超える主債務については保証責任を負わない。試験では、民法465条の2との関係で、定義・要件・効果を具体例と結び付けて押さえます。関連用語である個人根保証契約・書面要件との違いも合わせて確認します。
契約自由の原則,けいやくじゆうのげんそく,民法,契約総論,契約の締結・相手方選択・内容・方式が当事者の自由に委ねられる原則。,近代私法の基本原則の一つ。①契約締結の自由、②相手方選択の自由、③内容決定の自由、④方式の自由を含む。ただし、強行規定（借地借家法等）や公序良俗（民法90条）により制限される。,強行規定;任意規定;公序良俗,民法521条,B,契約自由の原則とは、契約の締結・相手方選択・内容・方式が当事者の自由に委ねられる原則です。具体的には、近代私法の基本原則の一つ。①契約締結の自由、②相手方選択の自由、③内容決定の自由、④方式の自由を含む。ただし、強行規定（借地借家法等）や公序良俗（民法90条）により制限される。試験では、民法521条との関係で、契約当事者・成立要件・終了時の効果を整理して押さえます。関連用語である強行規定・任意規定との違いも合わせて確認します。
検索の抗弁権,けんさくのこうべんけん,民法,普通保証,保証人が、主債務者に弁済資力があり執行が容易なときに、まず執行するよう請求できる権利。,保証人が、債権者から請求を受けたとき、主債務者に弁済の資力があり執行が容易であることを証明して、まず主債務者の財産から執行するよう求める権利（民法453条）。連帯保証人にはこの権利がない。,催告の抗弁権;連帯保証,民法453条,B,検索の抗弁権とは、保証人が、主債務者に弁済資力があり執行が容易なときに、まず執行するよう請求できる権利です。具体的には、保証人が、債権者から請求を受けたとき、主債務者に弁済の資力があり執行が容易であることを証明して、まず主債務者の財産から執行するよう求める権利（民法453条）。連帯保証人にはこの権利がない。試験では、民法453条との関係で、定義・要件・効果を具体例と結び付けて押さえます。関連用語である催告の抗弁権・連帯保証との違いも合わせて確認します。
原状回復義務,げんじょうかいふくぎむ,民法,終了時義務,賃貸借終了時に借主が負う、目的物を入居時の状態に戻す義務（通常損耗等を除く）。,借主は、契約終了時に賃借物を受け取った後に生じた損傷について原状回復義務を負う（民法621条）。通常損耗・経年変化は原状回復義務の対象外。借主の責めに帰すことができない事由による損傷も対象外。,通常損耗;経年変化;ガイドライン,民法621条,A,原状回復義務とは、賃貸借終了時に借主が負う、目的物を入居時の状態に戻す義務（通常損耗等を除く）です。具体的には、借主は、契約終了時に賃借物を受け取った後に生じた損傷について原状回復義務を負う（民法621条）。通常損耗・経年変化は原状回復義務の対象外。借主の責めに帰すことができない事由による損傷も対象外。試験では、民法621条との関係で、対象者・時期・手続・違反時の効果を整理して押さえます。関連用語である通常損耗・経年変化との違いも合わせて確認します。
原賃貸借契約の終了と転貸借,げんちんたいしゃくけいやくのしゅうりょうとてんたいしゃく,民法,サブリース;承継,原賃貸借が終了した場合の転貸借の運命に関する判例ルール。,①債務不履行解除：転借人に対抗可能（転借人は明渡し義務）。②合意解約：原則として転借人に対抗不可。③期間満了：原賃貸人が転借人に通知してから6ヵ月で対抗可能（借地借家法34条）。,転貸借;債務不履行解除,民法613条3項;借地借家法34条,A,原賃貸借契約の終了と転貸借とは、原賃貸借が終了した場合の転貸借の運命に関する判例ルールです。具体的には、①債務不履行解除：転借人に対抗可能（転借人は明渡し義務）。②合意解約：原則として転借人に対抗不可。③期間満了：原賃貸人が転借人に通知してから6ヵ月で対抗可能（借地借家法34条）。試験では、民法613条3項;借地借家法34条との関係で、契約当事者・成立要件・終了時の効果を整理して押さえます。関連用語である転貸借・債務不履行解除との違いも合わせて確認します。
工作物責任,こうさくぶつせきにん,民法,不法行為,土地工作物の設置・保存の瑕疵により他人に損害を与えた場合の責任。,民法717条。土地工作物（建物等）の設置・保存に瑕疵があり他人に損害を与えた場合、第一次的に占有者（借主）が損害賠償責任を負い、占有者が無過失なら所有者（貸主）が無過失でも責任を負う（所有者の責任は無過失責任）。,不法行為;貸主の責任,民法717条,A,工作物責任とは、土地工作物の設置・保存の瑕疵により他人に損害を与えた場合の責任です。根拠条文は民法717条です。土地工作物（建物等）の設置・保存に瑕疵があり他人に損害を与えた場合、第一次的に占有者（借主）が損害賠償責任を負い、占有者が無過失なら所有者（貸主）が無過失でも責任を負う（所有者の責任は無過失責任）。試験では、民法717条との関係で、定義・要件・効果を具体例と結び付けて押さえます。関連用語である不法行為・貸主の責任との違いも合わせて確認します。
更新後の保証,こうしんごのほしょう,民法,保証;更新,賃貸借契約が更新された後も、特段の事情がなければ保証は継続する。,判例上、保証人は反対の特段の事情がない限り、更新後の賃貸借から生ずる債務についても保証責任を負う。ただし、信義則上、保証債務の履行請求が制限されることがある。,保証契約;法定更新,最高裁判例（平9.11.13）,A,更新後の保証とは、賃貸借契約が更新された後も、特段の事情がなければ保証は継続するです。具体的には、判例上、保証人は反対の特段の事情がない限り、更新後の賃貸借から生ずる債務についても保証責任を負う。ただし、信義則上、保証債務の履行請求が制限されることがある。試験では、最高裁判例（平9.11.13）との関係で、定義・要件・効果を具体例と結び付けて押さえます。関連用語である保証契約・法定更新との違いも合わせて確認します。
公序良俗,こうじょりょうぞく,民法,無効事由,公の秩序又は善良の風俗に反する法律行為は無効。,民法90条の規定。公の秩序・善良の風俗に反する法律行為は無効とされる。著しく不当な特約等は公序良俗違反として無効になりうる。,強行規定;暴利行為,民法90条,C,公序良俗とは、公の秩序又は善良の風俗に反する法律行為は無効です。具体的には、民法90条の規定。公の秩序・善良の風俗に反する法律行為は無効とされる。著しく不当な特約等は公序良俗違反として無効になりうる。試験では、民法90条との関係で、定義・要件・効果を具体例と結び付けて押さえます。関連用語である強行規定・暴利行為との違いも合わせて確認します。
公正証書,こうせいしょうしょ,民法,証拠;債務名義,公証人が作成する公文書。執行受諾文言があれば債務名義となる。,公証人が法律に基づき作成する公文書で、高い証拠力を持つ。金銭債務について執行受諾文言を付した公正証書（強制執行認諾文言付公正証書）は、判決と同様に債務名義となり強制執行可能。,債務名義;内容証明郵便,公証人法;民事執行法22条5号,B,公正証書とは、公証人が作成する公文書。執行受諾文言があれば債務名義となる。具体的には、公証人が法律に基づき作成する公文書で、高い証拠力を持つ。金銭債務について執行受諾文言を付した公正証書（強制執行認諾文言付公正証書）は、判決と同様に債務名義となり強制執行可能。試験では、公証人法;民事執行法22条5号との関係で、定義・要件・効果を具体例と結び付けて押さえます。関連用語である債務名義・内容証明郵便との違いも合わせて確認します。
個人根保証契約,こじんねほしょうけいやく,民法,根保証;改正民法,個人が一定範囲の不特定債務を保証する契約。極度額の定めが必須。,個人保証人が、一定範囲に属する不特定の債務を保証する契約。2020年4月施行の改正民法465条の2により、極度額を定めなければ無効。賃貸借契約に伴う保証も対象。,極度額;連帯保証;改正民法,民法465条の2,A,個人根保証契約とは、個人が一定範囲の不特定債務を保証する契約。極度額の定めが必須。具体的には、個人保証人が、一定範囲に属する不特定の債務を保証する契約。2020年4月施行の改正民法465条の2により、極度額を定めなければ無効。賃貸借契約に伴う保証も対象。試験では、民法465条の2との関係で、契約当事者・成立要件・終了時の効果を整理して押さえます。関連用語である極度額・連帯保証との違いも合わせて確認します。
個人根保証契約の極度額,こじんねほしょうけいやくのきょくどがく,民法,保証;改正民法,個人が一定範囲の不特定債務を保証する契約に必須の上限額。,2020年4月施行の改正民法465条の2により、個人による根保証契約は、書面で極度額を定めなければ無効となった。賃貸借契約に伴う保証も対象で、賃借人の負担する家賃・原状回復・損害賠償等の総額の上限を明示する必要がある。,連帯保証;改正民法;書面要件,民法465条の2,A,個人根保証契約の極度額とは、個人が一定範囲の不特定債務を保証する契約に必須の上限額です。具体的には、2020年4月施行の改正民法465条の2により、個人による根保証契約は、書面で極度額を定めなければ無効となった。賃貸借契約に伴う保証も対象で、賃借人の負担する家賃・原状回復・損害賠償等の総額の上限を明示する必要がある。試験では、民法465条の2との関係で、契約当事者・成立要件・終了時の効果を整理して押さえます。関連用語である連帯保証・改正民法との違いも合わせて確認します。
債権譲渡,さいけんじょうと,民法,債権;譲渡,債権を第三者に譲渡すること。原則として通知又は承諾が対抗要件。,民法466条以下。債権は原則として譲渡可能。譲渡の対抗要件は、債務者への通知又は債務者の承諾（債務者への対抗）、確定日付ある証書による通知・承諾（第三者への対抗）。,対抗要件;敷金返還請求権,民法466条;467条,C,債権譲渡とは、債権を第三者に譲渡すること。原則として通知又は承諾が対抗要件。具体的には、民法466条以下。債権は原則として譲渡可能。譲渡の対抗要件は、債務者への通知又は債務者の承諾（債務者への対抗）、確定日付ある証書による通知・承諾（第三者への対抗）。試験では、民法466条;467条との関係で、定義・要件・効果を具体例と結び付けて押さえます。関連用語である対抗要件・敷金返還請求権との違いも合わせて確認します。
催告解除,さいこくかいじょ,民法,解除手続,債務不履行の場合、相当期間を定めて履行を催告し、なお履行がない場合に解除する手続。,民法541条。賃料不払い等の債務不履行があった場合、相当期間を定めて履行を催告し、その期間内に履行がなければ解除できる。賃貸借では、催告と同時に「履行なければ解除する」旨の停止条件付解除も有効。,無催告解除;信頼関係破壊の法理,民法541条,B,催告解除とは、債務不履行の場合、相当期間を定めて履行を催告し、なお履行がない場合に解除する手続です。根拠条文は民法541条です。賃料不払い等の債務不履行があった場合、相当期間を定めて履行を催告し、その期間内に履行がなければ解除できる。賃貸借では、催告と同時に「履行なければ解除する」旨の停止条件付解除も有効。試験では、民法541条との関係で、定義・要件・効果を具体例と結び付けて押さえます。関連用語である無催告解除・信頼関係破壊の法理との違いも合わせて確認します。
催告の抗弁権,さいこくのこうべんけん,民法,普通保証,保証人が、まず主債務者に催告するよう請求できる権利。,保証人が、債権者から請求を受けたとき、まず主債務者に催告すべき旨を請求できる権利（民法452条）。連帯保証人にはこの権利がない。,検索の抗弁権;連帯保証,民法452条,B,催告の抗弁権とは、保証人が、まず主債務者に催告するよう請求できる権利です。具体的には、保証人が、債権者から請求を受けたとき、まず主債務者に催告すべき旨を請求できる権利（民法452条）。連帯保証人にはこの権利がない。試験では、民法452条との関係で、定義・要件・効果を具体例と結び付けて押さえます。関連用語である検索の抗弁権・連帯保証との違いも合わせて確認します。
債務不履行,さいむふりこう,民法,履行遅滞;損害賠償,債務者が債務の本旨に従った履行をしないこと。損害賠償・解除の原因。,債務者が①履行期到来後も履行しない（履行遅滞）、②履行が不可能になった（履行不能）、③不完全な履行をした（不完全履行）こと。債権者は損害賠償・解除を求めうる。,履行遅滞;履行不能;損害賠償,民法415条;541条以下,A,債務不履行とは、債務者が債務の本旨に従った履行をしないこと。損害賠償・解除の原因。具体的には、債務者が①履行期到来後も履行しない（履行遅滞）、②履行が不可能になった（履行不能）、③不完全な履行をした（不完全履行）こと。債権者は損害賠償・解除を求めうる。試験では、民法415条;541条以下との関係で、定義・要件・効果を具体例と結び付けて押さえます。関連用語である履行遅滞・履行不能との違いも合わせて確認します。
詐欺・強迫,さぎ・きょうはく,民法,取消し;意思表示,詐欺・強迫による意思表示は取消可能。,詐欺又は強迫による意思表示は、取り消すことができる。詐欺による取消しは善意・無過失の第三者に対抗できないが、強迫による取消しは第三者にも対抗できる。,錯誤;取消し,民法96条,B,詐欺・強迫とは、詐欺・強迫による意思表示は取消可能です。具体的には、詐欺又は強迫による意思表示は、取り消すことができる。詐欺による取消しは善意・無過失の第三者に対抗できないが、強迫による取消しは第三者にも対抗できる。試験では、民法96条との関係で、定義・要件・効果を具体例と結び付けて押さえます。関連用語である錯誤・取消しとの違いも合わせて確認します。
錯誤,さくご,民法,取消し;意思表示,表意者が真意と異なる表示をしてしまうこと。重要な錯誤は取消可能。,①意思表示に対応する意思を欠く錯誤、②法律行為の基礎とした事情についての錯誤（動機の錯誤）に分類。法律行為の目的及び取引上の社会通念に照らし重要なときは取消可能。改正民法（2020.4.1）で取消事由化された。,詐欺;強迫;意思表示,民法95条,B,錯誤とは、表意者が真意と異なる表示をしてしまうこと。重要な錯誤は取消可能。具体的には、①意思表示に対応する意思を欠く錯誤、②法律行為の基礎とした事情についての錯誤（動機の錯誤）に分類。法律行為の目的及び取引上の社会通念に照らし重要なときは取消可能。改正民法（2020.4.1）で取消事由化された。試験では、民法95条との関係で、定義・要件・効果を具体例と結び付けて押さえます。関連用語である詐欺・強迫との違いも合わせて確認します。
差押え,さしおさえ,民法,強制執行,債権者の申立てに基づき、債務者の財産・債権の処分を制限する手続。,強制執行・保全執行の一態様で、債務者の財産・債権を換価又は転付するために、その処分を禁止する手続。借主の敷金返還請求権の差押え、貸主の賃料債権の差押え等で問題となる。,強制執行;民事執行法,民事執行法,C,差押えとは、債権者の申立てに基づき、債務者の財産・債権の処分を制限する手続です。具体的には、強制執行・保全執行の一態様で、債務者の財産・債権を換価又は転付するために、その処分を禁止する手続。借主の敷金返還請求権の差押え、貸主の賃料債権の差押え等で問題となる。試験では、民事執行法との関係で、定義・要件・効果を具体例と結び付けて押さえます。関連用語である強制執行・民事執行法との違いも合わせて確認します。
敷金,しききん,民法,担保;返還,賃借人の債務を担保するため、賃借人が貸主に交付する金銭。,民法622条の2により定義された、いかなる名目によるかを問わず、賃料債務その他の賃貸借に基づく賃借人の債務を担保する目的で賃借人が貸主に交付する金銭。明渡し時に未払賃料・原状回復費用等を控除した残額を返還する。,敷引;保証金;原状回復,民法622条の2,A,敷金とは、賃借人の債務を担保するため、賃借人が貸主に交付する金銭です。具体的には、民法622条の2により定義された、いかなる名目によるかを問わず、賃料債務その他の賃貸借に基づく賃借人の債務を担保する目的で賃借人が貸主に交付する金銭。明渡し時に未払賃料・原状回復費用等を控除した残額を返還する。試験では、民法622条の2との関係で、定義・要件・効果を具体例と結び付けて押さえます。関連用語である敷引・保証金との違いも合わせて確認します。
敷金返還請求権,しききんへんかんせいきゅうけん,民法,敷金;返還時期,賃貸借終了かつ明渡しにより発生する敷金の返還を請求する権利。,敷金返還請求権は、賃貸借が終了し賃貸物を返還した時に発生する。借主は同時履行や留置権の抗弁を主張できないとされる（明渡しが先履行）。,敷金;同時履行の抗弁,民法622条の2,A,敷金返還請求権とは、賃貸借終了かつ明渡しにより発生する敷金の返還を請求する権利です。具体的には、敷金返還請求権は、賃貸借が終了し賃貸物を返還した時に発生する。借主は同時履行や留置権の抗弁を主張できないとされる（明渡しが先履行）。試験では、民法622条の2との関係で、定義・要件・効果を具体例と結び付けて押さえます。関連用語である敷金・同時履行の抗弁との違いも合わせて確認します。
失火責任法,しっかせきにんほう,民法,失火;重過失,失火による損害賠償責任は、失火者に重過失がある場合に限る特別法。,民法709条の例外。失火による損害賠償責任は失火者に重大な過失があるときに限り認められる。ただし、債務不履行責任には適用されず、賃借人の善管注意義務違反による失火は重過失なくとも貸主に損害賠償責任を負う。,善管注意義務;不法行為,失火ノ責任ニ関スル法律,A,失火責任法とは、失火による損害賠償責任は、失火者に重過失がある場合に限る特別法です。具体的には、民法709条の例外。失火による損害賠償責任は失火者に重大な過失があるときに限り認められる。ただし、債務不履行責任には適用されず、賃借人の善管注意義務違反による失火は重過失なくとも貸主に損害賠償責任を負う。試験では、失火ノ責任ニ関スル法律が何を規律し、賃貸住宅管理のどの場面で関係するかを押さえます。関連用語である善管注意義務・不法行為との違いも合わせて確認します。
消滅時効,しょうめつじこう,民法,債権;時効,債権が一定期間行使されない場合に消滅する制度。,債権は権利行使可能を知った時から5年、又は権利行使可能な時から10年で消滅する（改正民法166条）。賃料債権も同様。時効の更新（旧中断）・完成猶予の制度がある。,改正民法;時効の更新,民法166条,B,消滅時効とは、債権が一定期間行使されない場合に消滅する制度です。具体的には、債権は権利行使可能を知った時から5年、又は権利行使可能な時から10年で消滅する（改正民法166条）。賃料債権も同様。時効の更新（旧中断）・完成猶予の制度がある。試験では、民法166条との関係で、定義・要件・効果を具体例と結び付けて押さえます。関連用語である改正民法・時効の更新との違いも合わせて確認します。
使用貸借,しようたいしゃく,民法,無償;典型契約,目的物を無償で使用収益させる契約。借地借家法の適用なし。,民法593条の無償契約。賃料の支払いがない点で賃貸借と区別される。借地借家法の適用がなく、貸主の死亡や期間満了で終了する。借主の権利は弱い。,賃貸借;無償契約,民法593条以下,B,使用貸借とは、目的物を無償で使用収益させる契約。借地借家法の適用なし。具体的には、民法593条の無償契約。賃料の支払いがない点で賃貸借と区別される。借地借家法の適用がなく、貸主の死亡や期間満了で終了する。借主の権利は弱い。試験では、民法593条以下との関係で、定義・要件・効果を具体例と結び付けて押さえます。関連用語である賃貸借・無償契約との違いも合わせて確認します。
信頼関係破壊の法理,しんらいかんけいはかいのほうり,民法,判例法理;解除,賃貸借の解除には、信頼関係を破壊する程度の不履行が必要とする判例法理。,継続的契約である賃貸借では、債務不履行があっても直ちに解除できず、信頼関係を破壊するに至った場合に解除が認められるとする判例法理。逆に、信頼関係が著しく破壊された場合は無催告解除も認められる。,債務不履行;無催告解除;賃料滞納,民法541条;最高裁判例（昭27.4.25等）,A,信頼関係破壊の法理とは、賃貸借の解除には、信頼関係を破壊する程度の不履行が必要とする判例法理です。具体的には、継続的契約である賃貸借では、債務不履行があっても直ちに解除できず、信頼関係を破壊するに至った場合に解除が認められるとする判例法理。逆に、信頼関係が著しく破壊された場合は無催告解除も認められる。試験では、民法541条;最高裁判例（昭27.4.25等）との関係で、定義・要件・効果を具体例と結び付けて押さえます。関連用語である債務不履行・無催告解除との違いも合わせて確認します。
時効の援用,じこうのえんよう,民法,時効;主張,時効による利益を受けるために、当事者が時効を主張する意思表示。,時効は当事者が援用しなければ、裁判所はこれによって裁判できない（民法145条）。援用権者は時効により直接利益を受ける者（連帯保証人も含む）。,消滅時効,民法145条,C,時効の援用とは、時効による利益を受けるために、当事者が時効を主張する意思表示です。具体的には、時効は当事者が援用しなければ、裁判所はこれによって裁判できない（民法145条）。援用権者は時効により直接利益を受ける者（連帯保証人も含む）。試験では、民法145条との関係で、定義・要件・効果を具体例と結び付けて押さえます。関連用語である消滅時効との違いも合わせて確認します。
占有,せんゆう,民法,物権;事実状態,物を事実上支配している状態。,自己のためにする意思をもって物を所持すること。賃借人も占有者（自主占有ではなく他主占有）。占有訴権により占有侵害から保護される。,占有訴権;自主占有,民法180条以下,C,占有とは、物を事実上支配している状態です。具体的には、自己のためにする意思をもって物を所持すること。賃借人も占有者（自主占有ではなく他主占有）。占有訴権により占有侵害から保護される。試験では、民法180条以下との関係で、定義・要件・効果を具体例と結び付けて押さえます。関連用語である占有訴権・自主占有との違いも合わせて確認します。
善管注意義務,ぜんかんちゅういぎむ,民法,借主の義務;受任者,善良な管理者の注意をもって事務を処理する義務。,民法644条に定める受任者の中核的義務で、自己の財産に対するのと同一の注意より高度な、職業や地位に応じて通常期待される注意義務。借主も賃貸物を保管するにつき善管注意義務を負う。管理業者も貸主に対し善管注意義務を負う。,委任;管理受託契約;債務不履行,民法400条;644条,A,善管注意義務とは、善良な管理者の注意をもって事務を処理する義務です。具体的には、民法644条に定める受任者の中核的義務で、自己の財産に対するのと同一の注意より高度な、職業や地位に応じて通常期待される注意義務。借主も賃貸物を保管するにつき善管注意義務を負う。管理業者も貸主に対し善管注意義務を負う。試験では、民法400条;644条との関係で、対象者・時期・手続・違反時の効果を整理して押さえます。関連用語である委任・管理受託契約との違いも合わせて確認します。
相続,そうぞく,民法,包括承継,被相続人の死亡により、相続人がその財産・債務を承継すること。,民法882条以下。被相続人の死亡時に、相続人は財産・債務を包括的に承継する。賃借権・賃貸人の地位も相続の対象となる。共同相続人がいる場合、賃借権は分割されず準共有となる。,賃借権の相続;準共有,民法882条以下,B,相続とは、被相続人の死亡により、相続人がその財産・債務を承継することです。根拠条文は民法882条以下です。被相続人の死亡時に、相続人は財産・債務を包括的に承継する。賃借権・賃貸人の地位も相続の対象となる。共同相続人がいる場合、賃借権は分割されず準共有となる。試験では、民法882条以下との関係で、定義・要件・効果を具体例と結び付けて押さえます。関連用語である賃借権の相続・準共有との違いも合わせて確認します。
損害賠償,そんがいばいしょう,民法,債務不履行;不法行為,債務不履行又は不法行為により生じた損害の金銭による填補。,債務不履行（民法415条）又は不法行為（同709条）に基づき、被害者が損害の填補を求めうる金銭請求。賃貸借では、賃料不払い・物の損傷・明渡し遅延等で問題となる。,債務不履行;不法行為;賃料相当損害金,民法415条;709条,A,損害賠償とは、債務不履行又は不法行為により生じた損害の金銭による填補です。具体的には、債務不履行（民法415条）又は不法行為（同709条）に基づき、被害者が損害の填補を求めうる金銭請求。賃貸借では、賃料不払い・物の損傷・明渡し遅延等で問題となる。試験では、民法415条;709条との関係で、定義・要件・効果を具体例と結び付けて押さえます。関連用語である債務不履行・不法行為との違いも合わせて確認します。
対抗要件,たいこうようけん,民法,物権;第三者,権利を第三者に主張するために必要な公示手段。,不動産物権変動の対抗要件は登記、動産は引渡し（民法177条・178条）。賃貸借における借主の対抗要件は、借地借家法31条により建物の引渡し（賃貸借契約書ではない）。,登記;建物の引渡し,民法177条;借地借家法31条,A,対抗要件とは、権利を第三者に主張するために必要な公示手段です。具体的には、不動産物権変動の対抗要件は登記、動産は引渡し（民法177条・178条）。賃貸借における借主の対抗要件は、借地借家法31条により建物の引渡し（賃貸借契約書ではない）。試験では、民法177条;借地借家法31条との関係で、定義・要件・効果を具体例と結び付けて押さえます。関連用語である登記・建物の引渡しとの違いも合わせて確認します。
代理,だいり,民法,契約代理,本人に代わって法律行為を行い、その効果が本人に帰属する制度。,代理人が本人のためにすることを示して相手方と法律行為を行い、その効果が直接本人に帰属する制度（顕名主義）。任意代理と法定代理がある。,無権代理;表見代理,民法99条以下,C,代理とは、本人に代わって法律行為を行い、その効果が本人に帰属する制度です。具体的には、代理人が本人のためにすることを示して相手方と法律行為を行い、その効果が直接本人に帰属する制度（顕名主義）。任意代理と法定代理がある。試験では、民法99条以下との関係で、定義・要件・効果を具体例と結び付けて押さえます。関連用語である無権代理・表見代理との違いも合わせて確認します。
調停前置主義,ちょうていぜんちしゅぎ,民法,賃料増減請求,賃料増減請求に関する訴えの提起前に、調停を経なければならない原則。,民事調停法24条の2により、賃料増減請求の事件について訴えを提起するには、まず調停の申立てをしなければならない。家事事件と並ぶ調停前置主義の典型例。,賃料増減請求権,民事調停法24条の2,B,調停前置主義とは、賃料増減請求に関する訴えの提起前に、調停を経なければならない原則です。具体的には、民事調停法24条の2により、賃料増減請求の事件について訴えを提起するには、まず調停の申立てをしなければならない。家事事件と並ぶ調停前置主義の典型例。試験では、民事調停法24条の2との関係で、定義・要件・効果を具体例と結び付けて押さえます。関連用語である賃料増減請求権との違いも合わせて確認します。
賃借権の譲渡,ちんしゃくけんのじょうと,民法,譲渡;承諾,借主が賃借人としての地位を第三者に譲渡すること。原則として貸主の承諾が必要。,借主としての地位を第三者に譲渡することで、譲渡後は譲受人が貸主に対する権利義務を承継する。貸主の承諾が要件で、無断譲渡は解除事由（民法612条）。,無断転貸;信頼関係破壊の法理,民法612条,B,賃借権の譲渡とは、借主が賃借人としての地位を第三者に譲渡すること。原則として貸主の承諾が必要。具体的には、借主としての地位を第三者に譲渡することで、譲渡後は譲受人が貸主に対する権利義務を承継する。貸主の承諾が要件で、無断譲渡は解除事由（民法612条）。試験では、民法612条との関係で、定義・要件・効果を具体例と結び付けて押さえます。関連用語である無断転貸・信頼関係破壊の法理との違いも合わせて確認します。
賃借権の相続,ちんしゃくけんのそうぞく,民法,相続;承継,借主の死亡により、賃借権が相続人に承継される。,借主が死亡した場合、賃借権は相続人に承継される。同居の有無は問わない。相続人が複数いる場合、賃借権は準共有となり、賃料債務は不可分債務として各相続人が連帯して全額を負担。,内縁配偶者の保護;相続人不存在,民法896条,A,賃借権の相続とは、借主の死亡により、賃借権が相続人に承継される。具体的には、借主が死亡した場合、賃借権は相続人に承継される。同居の有無は問わない。相続人が複数いる場合、賃借権は準共有となり、賃料債務は不可分債務として各相続人が連帯して全額を負担。試験では、民法896条との関係で、定義・要件・効果を具体例と結び付けて押さえます。関連用語である内縁配偶者の保護・相続人不存在との違いも合わせて確認します。
賃借物の全部滅失,ちんしゃくぶつのぜんぶめっしつ,民法,改正民法;契約終了,賃借物の全部が滅失したときは、賃貸借は終了する。,民法616条の2により、賃借物の全部が滅失その他の事由により使用収益できなくなったときは、賃貸借は終了する。借主・貸主どちらの責めに帰すかを問わず終了。,履行不能;契約終了,民法616条の2,A,賃借物の全部滅失とは、賃借物の全部が滅失したときは、賃貸借は終了するです。具体的には、民法616条の2により、賃借物の全部が滅失その他の事由により使用収益できなくなったときは、賃貸借は終了する。借主・貸主どちらの責めに帰すかを問わず終了。試験では、民法616条の2との関係で、定義・要件・効果を具体例と結び付けて押さえます。関連用語である履行不能・契約終了との違いも合わせて確認します。
賃借物の返還義務,ちんしゃくぶつのへんかんぎむ,民法,終了時義務,賃貸借終了時に賃借物を貸主に返還する義務。,賃貸借契約の終了により、借主は目的物を貸主に返還しなければならない（民法601条）。返還義務には原状回復義務も含まれる。,原状回復義務;明渡し,民法601条;621条,B,賃借物の返還義務とは、賃貸借終了時に賃借物を貸主に返還する義務です。具体的には、賃貸借契約の終了により、借主は目的物を貸主に返還しなければならない（民法601条）。返還義務には原状回復義務も含まれる。試験では、民法601条;621条との関係で、対象者・時期・手続・違反時の効果を整理して押さえます。関連用語である原状回復義務・明渡しとの違いも合わせて確認します。
賃貸借,ちんたいしゃく,民法,典型契約,目的物を使用収益させ、賃料を支払う双務有償契約。,民法601条の典型契約。貸主が目的物を使用収益させ、借主が賃料を支払い、契約終了時に目的物を返還することを内容とする双務有償契約。借地借家法が一部の特別法として上書きする。,使用貸借;借地借家法,民法601条,A,賃貸借とは、目的物を使用収益させ、賃料を支払う双務有償契約です。具体的には、民法601条の典型契約。貸主が目的物を使用収益させ、借主が賃料を支払い、契約終了時に目的物を返還することを内容とする双務有償契約。借地借家法が一部の特別法として上書きする。試験では、民法601条との関係で、契約当事者・成立要件・終了時の効果を整理して押さえます。関連用語である使用貸借・借地借家法との違いも合わせて確認します。
賃貸借契約の解除,ちんたいしゃくけいやくのかいじょ,民法,解除;債務不履行,債務不履行等を理由として賃貸借契約を解消すること。,賃料不払い等の債務不履行に基づき、原則として催告のうえ解除可能（民法541条）。信頼関係を著しく破壊する場合は無催告解除も可能。賃貸借における解除は将来効（民法620条）。,債務不履行;催告解除;信頼関係破壊の法理,民法541条;620条,A,賃貸借契約の解除とは、債務不履行等を理由として賃貸借契約を解消することです。具体的には、賃料不払い等の債務不履行に基づき、原則として催告のうえ解除可能（民法541条）。信頼関係を著しく破壊する場合は無催告解除も可能。賃貸借における解除は将来効（民法620条）。試験では、民法541条;620条との関係で、契約当事者・成立要件・終了時の効果を整理して押さえます。関連用語である債務不履行・催告解除との違いも合わせて確認します。
賃貸人の地位の移転,ちんたいにんのちいのいてん,民法,所有権移転,賃貸不動産の譲渡に伴い、賃貸人の地位が新所有者に移転すること。,賃借人が対抗要件を備えた賃貸借では、賃貸不動産の譲渡により賃貸人の地位は当然に新所有者に移転する（民法605条の2）。敷金返還義務・賃料請求権も新所有者に承継される。新所有者は所有権移転登記がなければ賃借人に賃料請求できない。,対抗要件;敷金の承継,民法605条の2;605条の3,A,賃貸人の地位の移転とは、賃貸不動産の譲渡に伴い、賃貸人の地位が新所有者に移転することです。具体的には、賃借人が対抗要件を備えた賃貸借では、賃貸不動産の譲渡により賃貸人の地位は当然に新所有者に移転する（民法605条の2）。敷金返還義務・賃料請求権も新所有者に承継される。新所有者は所有権移転登記がなければ賃借人に賃料請求できない。試験では、民法605条の2;605条の3との関係で、定義・要件・効果を具体例と結び付けて押さえます。関連用語である対抗要件・敷金の承継との違いも合わせて確認します。
賃料,ちんりょう,民法,対価;賃貸借,賃貸借契約における借主の貸主に対する対価。,賃貸借において借主が貸主に支払う対価。建物賃貸借の場合、月毎に末日に支払うのが原則（民法614条）。借主は使用収益できなかった部分に応じて減額を請求できる。,賃料増減請求権;賃料の支払い,民法601条;614条,A,賃料とは、賃貸借契約における借主の貸主に対する対価です。具体的には、賃貸借において借主が貸主に支払う対価。建物賃貸借の場合、月毎に末日に支払うのが原則（民法614条）。借主は使用収益できなかった部分に応じて減額を請求できる。試験では、民法601条;614条との関係で、定義・要件・効果を具体例と結び付けて押さえます。関連用語である賃料増減請求権・賃料の支払いとの違いも合わせて確認します。
賃料相当損害金,ちんりょうそうとうそんがいきん,民法,明渡し遅延;損害賠償,賃貸借終了後、借主が明渡しを遅滞した場合に貸主が請求できる賃料相当額。,賃貸借契約が終了したのに借主が明け渡さない場合、貸主は不当利得・不法行為等を理由に、賃料相当額の支払を請求できる。実務上、契約書で倍額の特約が定められることもある。,明渡し;損害賠償,民法703条;709条,B,賃料相当損害金とは、賃貸借終了後、借主が明渡しを遅滞した場合に貸主が請求できる賃料相当額です。具体的には、賃貸借契約が終了したのに借主が明け渡さない場合、貸主は不当利得・不法行為等を理由に、賃料相当額の支払を請求できる。実務上、契約書で倍額の特約が定められることもある。試験では、民法703条;709条との関係で、定義・要件・効果を具体例と結び付けて押さえます。関連用語である明渡し・損害賠償との違いも合わせて確認します。
賃料増減請求権,ちんりょうぞうげんせいきゅうけん,民法,形成権;借地借家法,経済事情の変動等を理由に、当事者が賃料の増額又は減額を請求できる権利。,借地借家法32条に基づく形成権。土地建物に対する租税負担の増減、価格の変動、近傍同種建物の賃料との比較等により不相当となった場合に行使可能。普通建物賃貸借では「減額しない」特約は無効（強行規定）。,形成権;調停前置主義,借地借家法32条,A,賃料増減請求権とは、経済事情の変動等を理由に、当事者が賃料の増額又は減額を請求できる権利です。具体的には、借地借家法32条に基づく形成権。土地建物に対する租税負担の増減、価格の変動、近傍同種建物の賃料との比較等により不相当となった場合に行使可能。普通建物賃貸借では「減額しない」特約は無効（強行規定）。試験では、借地借家法32条との関係で、定義・要件・効果を具体例と結び付けて押さえます。関連用語である形成権・調停前置主義との違いも合わせて確認します。
賃料の支払時期,ちんりょうのしはらいじき,民法,賃料,民法上、建物賃料は毎月末日払いが原則。,民法614条により、建物の賃料は毎月末に支払うのが原則（後払い）。実務上は前月末・当月末払い等の特約で前払いとなる場合が多い。,賃料;特約,民法614条,B,賃料の支払時期とは、民法上、建物賃料は毎月末日払いが原則です。具体的には、民法614条により、建物の賃料は毎月末に支払うのが原則（後払い）。実務上は前月末・当月末払い等の特約で前払いとなる場合が多い。試験では、民法614条との関係で、定義・要件・効果を具体例と結び付けて押さえます。関連用語である賃料・特約との違いも合わせて確認します。
賃料の当然減額,ちんりょうのとうぜんげんがく,民法,改正民法;一部使用不能,借主の責めなしに使用収益できない部分があれば、賃料は当然に減額される。,改正民法611条1項により、賃借物の一部が借主の責めに帰すことができない事由で使用収益できなくなった場合、賃料は使用収益できなくなった部分の割合に応じて当然に減額される。借主からの請求は不要。,改正民法;賃料減額請求,民法611条1項,A,賃料の当然減額とは、借主の責めなしに使用収益できない部分があれば、賃料は当然に減額される。具体的には、改正民法611条1項により、賃借物の一部が借主の責めに帰すことができない事由で使用収益できなくなった場合、賃料は使用収益できなくなった部分の割合に応じて当然に減額される。借主からの請求は不要。試験では、民法611条1項との関係で、定義・要件・効果を具体例と結び付けて押さえます。関連用語である改正民法・賃料減額請求との違いも合わせて確認します。
通知義務,つうちぎむ,民法,借主の義務,借主が修繕の必要・第三者の権利主張等を貸主に遅滞なく通知する義務。,借主は、賃貸物に修繕を要するときや第三者が物に対し権利を主張するときは、遅滞なく貸主に通知しなければならない（民法615条）。貸主が既に知っているときは通知不要。,借主の義務,民法615条,B,通知義務とは、借主が修繕の必要・第三者の権利主張等を貸主に遅滞なく通知する義務です。具体的には、借主は、賃貸物に修繕を要するときや第三者が物に対し権利を主張するときは、遅滞なく貸主に通知しなければならない（民法615条）。貸主が既に知っているときは通知不要。試験では、民法615条との関係で、対象者・時期・手続・違反時の効果を整理して押さえます。関連用語である借主の義務との違いも合わせて確認します。
抵当権,ていとうけん,民法,担保物権,債権の担保として、不動産を担保にするが占有を伴わない約定担保物権。,債務者・第三者が占有を移さずに、不動産を担保とする約定担保物権。抵当権設定登記の前に賃貸借契約が締結され引渡しを受けた借主は、抵当権実行による買受人にも対抗可能。登記後の賃借人は対抗不可。,競売;明渡し猶予制度,民法369条以下,B,抵当権とは、債権の担保として、不動産を担保にするが占有を伴わない約定担保物権です。具体的には、債務者・第三者が占有を移さずに、不動産を担保とする約定担保物権。抵当権設定登記の前に賃貸借契約が締結され引渡しを受けた借主は、抵当権実行による買受人にも対抗可能。登記後の賃借人は対抗不可。試験では、民法369条以下との関係で、定義・要件・効果を具体例と結び付けて押さえます。関連用語である競売・明渡し猶予制度との違いも合わせて確認します。
登記,とうき,民法,対抗要件;不動産,不動産物権の取得・変更・消滅を公示する制度。,不動産に関する物権の得喪及び変更は、原則として登記をしなければ、これをもって第三者に対抗することができない。賃借権の登記は実務上稀で、借地借家法31条による建物引渡しでも対抗できる。,対抗要件;賃借権登記,民法177条,B,登記とは、不動産物権の取得・変更・消滅を公示する制度です。具体的には、不動産に関する物権の得喪及び変更は、原則として登記をしなければ、これをもって第三者に対抗することができない。賃借権の登記は実務上稀で、借地借家法31条による建物引渡しでも対抗できる。試験では、民法177条との関係で、定義・要件・効果を具体例と結び付けて押さえます。関連用語である対抗要件・賃借権登記との違いも合わせて確認します。
同時履行の抗弁権,どうじりこうのこうべんけん,民法,双務契約,双務契約で、相手方の履行があるまで自己の履行を拒める権利。,双務契約において、相手方が履行を提供するまで自己の履行を拒める権利。賃貸借終了時の建物明渡しと敷金返還は同時履行ではなく、明渡しが先履行とされる（判例）。,敷金返還請求権,民法533条,B,同時履行の抗弁権とは、双務契約で、相手方の履行があるまで自己の履行を拒める権利です。具体的には、双務契約において、相手方が履行を提供するまで自己の履行を拒める権利。賃貸借終了時の建物明渡しと敷金返還は同時履行ではなく、明渡しが先履行とされる（判例）。試験では、民法533条との関係で、定義・要件・効果を具体例と結び付けて押さえます。関連用語である敷金返還請求権との違いも合わせて確認します。
内縁配偶者の居住保護,ないえんはいぐうしゃのきょじゅうほご,民法,相続;判例,借主の死亡時、相続人不存在なら同居内縁配偶者が賃借権を承継。,借主が死亡し相続人がいない場合、その死亡当時同居していた内縁の配偶者・事実上の養子は、借家権を承継する（借地借家法36条）。相続人がいる場合は、判例上、相続人の権利の援用が認められている。,賃借権の相続,借地借家法36条;最高裁判例,B,内縁配偶者の居住保護とは、借主の死亡時、相続人不存在なら同居内縁配偶者が賃借権を承継です。具体的には、借主が死亡し相続人がいない場合、その死亡当時同居していた内縁の配偶者・事実上の養子は、借家権を承継する（借地借家法36条）。相続人がいる場合は、判例上、相続人の権利の援用が認められている。試験では、借地借家法36条;最高裁判例との関係で、定義・要件・効果を具体例と結び付けて押さえます。関連用語である賃借権の相続との違いも合わせて確認します。
内容証明郵便,ないようしょうめいゆうびん,民法,証拠;意思表示,差出人・受取人・内容・日付を郵便事業者が証明する郵便。,日本郵便株式会社が、いつ、どのような内容の文書が差し出されたかを証明する制度。文書内容の真実性を証明するものではない。賃料催告・解除通知等で実務的に利用される。配達証明を付すと到達も証明可能。,意思表示の到達;催告;公正証書,郵便法48条等,B,内容証明郵便とは、差出人・受取人・内容・日付を郵便事業者が証明する郵便です。具体的には、日本郵便株式会社が、いつ、どのような内容の文書が差し出されたかを証明する制度。文書内容の真実性を証明するものではない。賃料催告・解除通知等で実務的に利用される。配達証明を付すと到達も証明可能。試験では、郵便法48条等との関係で、定義・要件・効果を具体例と結び付けて押さえます。関連用語である意思表示の到達・催告との違いも合わせて確認します。
任意規定,にんいきてい,民法,効力;特約優先,当事者の特約があればそれが優先される、補充的な規定。,当事者の合意がない場合に補充的に適用される規定。当事者の合意（特約）があれば、合意の方が優先する。賃貸借における原状回復の範囲、修繕の通知方法等の規定は任意規定が多い。,強行規定;特約,民法91条,B,任意規定とは、当事者の特約があればそれが優先される、補充的な規定です。具体的には、当事者の合意がない場合に補充的に適用される規定。当事者の合意（特約）があれば、合意の方が優先する。賃貸借における原状回復の範囲、修繕の通知方法等の規定は任意規定が多い。試験では、民法91条との関係で、定義・要件・効果を具体例と結び付けて押さえます。関連用語である強行規定・特約との違いも合わせて確認します。
必要費,ひつようひ,民法,費用;直ちに償還,賃貸物の保存に必要な費用。借主が支出した場合は直ちに償還請求可能。,雨漏りの修繕、給排水設備の修繕など、目的物の保存に必要な費用。借主が支出した場合は、貸主に直ちに償還を請求できる（民法608条1項）。,有益費;貸主の修繕義務,民法608条1項,A,必要費とは、賃貸物の保存に必要な費用。借主が支出した場合は直ちに償還請求可能。具体的には、雨漏りの修繕、給排水設備の修繕など、目的物の保存に必要な費用。借主が支出した場合は、貸主に直ちに償還を請求できる（民法608条1項）。試験では、民法608条1項との関係で、定義・要件・効果を具体例と結び付けて押さえます。関連用語である有益費・貸主の修繕義務との違いも合わせて確認します。
不法行為,ふほうこうい,民法,損害賠償,故意又は過失により他人の権利・利益を侵害し損害を生じさせた行為。,民法709条。故意又は過失によって他人の権利・法律上の利益を侵害した者は、これによって生じた損害を賠償する責任を負う。賃貸借では借主の用法違反、第三者の建物毀損等で問題となる。,失火責任法;損害賠償,民法709条,B,不法行為とは、故意又は過失により他人の権利・利益を侵害し損害を生じさせた行為です。根拠条文は民法709条です。故意又は過失によって他人の権利・法律上の利益を侵害した者は、これによって生じた損害を賠償する責任を負う。賃貸借では借主の用法違反、第三者の建物毀損等で問題となる。試験では、民法709条との関係で、定義・要件・効果を具体例と結び付けて押さえます。関連用語である失火責任法・損害賠償との違いも合わせて確認します。
保証契約,ほしょうけいやく,民法,保証;書面要件,債権者と保証人との間で締結される、主債務の履行を保証する契約。,債権者と保証人の合意により成立する契約で、主債務者が履行しない場合に保証人が履行する義務を負う。書面（電磁的記録を含む）でしなければ効力を生じない（民法446条2項）。,連帯保証;個人根保証契約;書面要件,民法446条,A,保証契約とは、債権者と保証人との間で締結される、主債務の履行を保証する契約です。具体的には、債権者と保証人の合意により成立する契約で、主債務者が履行しない場合に保証人が履行する義務を負う。書面（電磁的記録を含む）でしなければ効力を生じない（民法446条2項）。試験では、民法446条との関係で、契約当事者・成立要件・終了時の効果を整理して押さえます。関連用語である連帯保証・個人根保証契約との違いも合わせて確認します。
保証人への情報提供義務,ほしょうにんへのじょうほうていきょうぎむ,民法,改正民法;情報提供,改正民法で導入された、保証人への情報提供義務。,改正民法（2020.4.1）で、①主債務者から保証人への情報提供義務（458条の2）、②債権者の保証人への情報提供義務（458条の3）等が導入された。違反すると保証契約の取消事由となりうる。,個人保証;改正民法,民法458条の2;458条の3,B,保証人への情報提供義務とは、改正民法で導入された、保証人への情報提供義務です。具体的には、改正民法（2020.4.1）で、①主債務者から保証人への情報提供義務（458条の2）、②債権者の保証人への情報提供義務（458条の3）等が導入された。違反すると保証契約の取消事由となりうる。試験では、民法458条の2;458条の3との関係で、対象者・時期・手続・違反時の効果を整理して押さえます。関連用語である個人保証・改正民法との違いも合わせて確認します。
無権代理,むけんだいり,民法,代理権なし,代理権を持たない者が代理人として行った行為。本人の追認がなければ無効。,代理権のない者が代理人として行った行為。本人の追認がなければ本人に効果が帰属しない。相手方は本人に追認を催告でき、追認がない場合は無権代理人に履行又は損害賠償を請求できる。,表見代理;追認,民法113条;117条,C,無権代理とは、代理権を持たない者が代理人として行った行為。本人の追認がなければ無効。具体的には、代理権のない者が代理人として行った行為。本人の追認がなければ本人に効果が帰属しない。相手方は本人に追認を催告でき、追認がない場合は無権代理人に履行又は損害賠償を請求できる。試験では、民法113条;117条との関係で、定義・要件・効果を具体例と結び付けて押さえます。関連用語である表見代理・追認との違いも合わせて確認します。
無催告解除,むさいこくかいじょ,民法,解除特則,催告なしに直ちに行う解除。賃貸借では信頼関係著しく破壊された場合のみ認められる。,民法542条で定められた、催告を要しない解除事由（履行不能、定期行為等）。賃貸借では、判例上「信頼関係を著しく破壊する」事情がある場合に限り無催告解除が認められる。契約書に無催告解除条項があっても、信頼関係破壊が要件。,信頼関係破壊の法理;催告解除,民法542条;判例,A,無催告解除とは、催告なしに直ちに行う解除。賃貸借では信頼関係著しく破壊された場合のみ認められる。具体的には、民法542条で定められた、催告を要しない解除事由（履行不能、定期行為等）。賃貸借では、判例上「信頼関係を著しく破壊する」事情がある場合に限り無催告解除が認められる。契約書に無催告解除条項があっても、信頼関係破壊が要件。試験では、民法542条;判例との関係で、定義・要件・効果を具体例と結び付けて押さえます。関連用語である信頼関係破壊の法理・催告解除との違いも合わせて確認します。
無断譲渡・無断転貸,むだんじょうと・むだんてんたい,民法,解除事由,貸主の承諾なく借主が賃借権を譲渡し又は転貸すること。,借主は貸主の承諾を得なければ賃借権を譲渡し又は転貸できず、違反して使用収益させた場合、貸主は契約を解除できる（民法612条）。ただし、信頼関係を破壊するに至らない場合は解除が制限される（信頼関係破壊の法理）。,転貸借;信頼関係破壊の法理,民法612条,A,無断譲渡・無断転貸とは、貸主の承諾なく借主が賃借権を譲渡し又は転貸することです。具体的には、借主は貸主の承諾を得なければ賃借権を譲渡し又は転貸できず、違反して使用収益させた場合、貸主は契約を解除できる（民法612条）。ただし、信頼関係を破壊するに至らない場合は解除が制限される（信頼関係破壊の法理）。試験では、民法612条との関係で、契約当事者・成立要件・終了時の効果を整理して押さえます。関連用語である転貸借・信頼関係破壊の法理との違いも合わせて確認します。
有益費,ゆうえきひ,民法,費用;契約終了時,賃貸物の改良に支出した費用。契約終了時に償還請求可能（価値の増加が現存する場合）。,目的物の改良に支出した費用。借主が支出した場合、契約終了時に価値の増加が現存するときに限り、貸主の選択により支出額又は増加額の償還を請求できる（民法608条2項）。,必要費;造作買取請求権,民法608条2項;196条,A,有益費とは、賃貸物の改良に支出した費用。契約終了時に償還請求可能（価値の増加が現存する場合）。具体的には、目的物の改良に支出した費用。借主が支出した場合、契約終了時に価値の増加が現存するときに限り、貸主の選択により支出額又は増加額の償還を請求できる（民法608条2項）。試験では、民法608条2項;196条との関係で、定義・要件・効果を具体例と結び付けて押さえます。関連用語である必要費・造作買取請求権との違いも合わせて確認します。
用法遵守義務,ようほうじゅんしゅぎむ,民法,借主の義務,契約・目的物の性質により定まる用法に従って使用収益する義務。,借主は、契約又は目的物の性質によって定まる用法に従い、目的物を使用収益しなければならない（民法616条準用594条）。違反は契約解除事由となりうる。,善管注意義務;契約解除,民法616条;594条,B,用法遵守義務とは、契約・目的物の性質により定まる用法に従って使用収益する義務です。具体的には、借主は、契約又は目的物の性質によって定まる用法に従い、目的物を使用収益しなければならない（民法616条準用594条）。違反は契約解除事由となりうる。試験では、民法616条;594条との関係で、対象者・時期・手続・違反時の効果を整理して押さえます。関連用語である善管注意義務・契約解除との違いも合わせて確認します。
履行遅滞,りこうちたい,民法,債務不履行,履行期が到来したのに履行されない状態。,債務の履行が可能なのに、履行期を過ぎても履行されない状態。賃料の支払遅延が典型例。確定期限の場合は期限到来時から、催告を要する場合は催告の翌日から遅滞となる。,債務不履行;履行不能,民法412条,B,履行遅滞とは、履行期が到来したのに履行されない状態です。具体的には、債務の履行が可能なのに、履行期を過ぎても履行されない状態。賃料の支払遅延が典型例。確定期限の場合は期限到来時から、催告を要する場合は催告の翌日から遅滞となる。試験では、民法412条との関係で、定義・要件・効果を具体例と結び付けて押さえます。関連用語である債務不履行・履行不能との違いも合わせて確認します。
履行不能,りこうふのう,民法,債務不履行;消滅,債務の履行が不可能になった状態。,債務の履行が物理的・法律的に不可能になること。賃借物が滅失した場合等。借主の責めに帰すべき事由による履行不能であれば損害賠償・解除事由、貸主等他方の責めに帰すべき事由ならば反対債務の履行を拒める。,債務不履行;危険負担,民法412条の2,B,履行不能とは、債務の履行が不可能になった状態です。具体的には、債務の履行が物理的・法律的に不可能になること。賃借物が滅失した場合等。借主の責めに帰すべき事由による履行不能であれば損害賠償・解除事由、貸主等他方の責めに帰すべき事由ならば反対債務の履行を拒める。試験では、民法412条の2との関係で、定義・要件・効果を具体例と結び付けて押さえます。関連用語である債務不履行・危険負担との違いも合わせて確認します。
留置権,りゅうちけん,民法,担保物権;法定,他人の物を占有する者が、その物に関する債権の弁済を受けるまで占有を続けられる権利。,民法295条。他人の物を占有する者がその物に関して生じた債権を有する場合、弁済を受けるまで占有を継続できる権利。借主の必要費償還請求権について留置権を主張できることがある。,必要費;同時履行の抗弁権,民法295条,C,留置権とは、他人の物を占有する者が、その物に関する債権の弁済を受けるまで占有を続けられる権利です。根拠条文は民法295条です。他人の物を占有する者がその物に関して生じた債権を有する場合、弁済を受けるまで占有を継続できる権利。借主の必要費償還請求権について留置権を主張できることがある。試験では、民法295条との関係で、定義・要件・効果を具体例と結び付けて押さえます。関連用語である必要費・同時履行の抗弁権との違いも合わせて確認します。
連帯保証,れんたいほしょう,民法,保証;抗弁権なし,主たる債務者と連帯して債務を負担する保証。催告・検索の抗弁権を持たない。,保証人が主債務者と連帯して債務を負う保証契約。普通保証と異なり、保証人は催告の抗弁権・検索の抗弁権を有しない。賃貸借契約の保証は実務上ほぼ連帯保証で締結される。書面（電磁的記録を含む）でしなければ効力を生じない。,保証契約;個人根保証契約,民法454条;458条,A,連帯保証とは、主たる債務者と連帯して債務を負担する保証。催告・検索の抗弁権を持たない。具体的には、保証人が主債務者と連帯して債務を負う保証契約。普通保証と異なり、保証人は催告の抗弁権・検索の抗弁権を有しない。賃貸借契約の保証は実務上ほぼ連帯保証で締結される。書面（電磁的記録を含む）でしなければ効力を生じない。試験では、民法454条;458条との関係で、定義・要件・効果を具体例と結び付けて押さえます。関連用語である保証契約・個人根保証契約との違いも合わせて確認します。
一時使用目的の建物賃貸借,いちじしようもくてきのたてものちんたいしゃく,借地借家法,適用除外,短期間の一時使用が明らかな建物賃貸借。借地借家法の適用がない。,選挙事務所、博覧会期間中の宿舎等、一時使用のためであることが明らかな建物賃貸借。借地借家法第3章（建物賃貸借）の適用がなく、民法のみが適用される。判例は「客観的に明らか」であることを要件とする。,建物賃貸借契約,借地借家法40条,B,一時使用目的の建物賃貸借とは、短期間の一時使用が明らかな建物賃貸借。借地借家法の適用がない。具体的には、選挙事務所、博覧会期間中の宿舎等、一時使用のためであることが明らかな建物賃貸借。借地借家法第3章（建物賃貸借）の適用がなく、民法のみが適用される。判例は「客観的に明らか」であることを要件とする。試験では、借地借家法40条との関係で、契約当事者・成立要件・終了時の効果を整理して押さえます。関連用語である建物賃貸借契約との違いも合わせて確認します。
1年未満の期間設定,いちねんみまんのきかんせってい,借地借家法,普通建物賃貸借,普通建物賃貸借で1年未満の期間を定めた場合、期間の定めがないものとみなされる。,借地借家法29条1項により、普通建物賃貸借で1年未満の期間を定めた場合、期間の定めがないものとみなされる。一方、定期建物賃貸借では1年未満の期間も有効。,普通建物賃貸借;定期建物賃貸借,借地借家法29条1項,A,1年未満の期間設定とは、普通建物賃貸借で1年未満の期間を定めた場合、期間の定めがないものとみなされる。具体的には、借地借家法29条1項により、普通建物賃貸借で1年未満の期間を定めた場合、期間の定めがないものとみなされる。一方、定期建物賃貸借では1年未満の期間も有効。試験では、借地借家法29条1項との関係で、定義・要件・効果を具体例と結び付けて押さえます。関連用語である普通建物賃貸借・定期建物賃貸借との違いも合わせて確認します。
一般定期借地権,いっぱんていきしゃくちけん,借地借家法,定期借地権,存続期間50年以上の、更新等のない借地権。書面要件あり。,借地借家法22条。期間50年以上で設定。更新・建物再築による期間延長・建物買取請求がない旨の特約を書面（公正証書等）で締結する。期間満了で確定的に終了する。,定期借地権,借地借家法22条,B,一般定期借地権とは、存続期間50年以上の、更新等のない借地権。書面要件あり。根拠条文は借地借家法22条です。期間50年以上で設定。更新・建物再築による期間延長・建物買取請求がない旨の特約を書面（公正証書等）で締結する。期間満了で確定的に終了する。試験では、借地借家法22条との関係で、定義・要件・効果を具体例と結び付けて押さえます。関連用語である定期借地権との違いも合わせて確認します。
解約申入れ（期間の定めのない建物賃貸借）,かいやくもうしいれ,借地借家法,終了;通知,期間の定めのない建物賃貸借における、貸主6ヵ月前・借主3ヵ月前の解約申入れ。,借地借家法27条により、期間の定めのない建物賃貸借では、貸主からは正当事由ある6ヵ月前の解約申入れ、借主からは3ヵ月前の解約申入れにより終了する。民法617条の特則。,正当事由;期間の定めのない賃貸借,借地借家法27条,A,解約申入れ（期間の定めのない建物賃貸借）とは、期間の定めのない建物賃貸借における、貸主6ヵ月前・借主3ヵ月前の解約申入れです。具体的には、借地借家法27条により、期間の定めのない建物賃貸借では、貸主からは正当事由ある6ヵ月前の解約申入れ、借主からは3ヵ月前の解約申入れにより終了する。民法617条の特則。試験では、借地借家法27条との関係で、契約当事者・成立要件・終了時の効果を整理して押さえます。関連用語である正当事由・期間の定めのない賃貸借との違いも合わせて確認します。
強行規定（借地借家法）,きょうこうきてい,借地借家法,借主保護,借地借家法の借主に不利な特約は無効とする規定。,借地借家法は借主保護のため多くの強行規定を含む。賃借権の更新、賃料増減請求権（普通借家での減額排除）、建物の引渡しによる対抗要件等が代表的。借主に不利な特約は無効。,強行規定;任意規定;特約,借地借家法30条;37条等,A,強行規定（借地借家法）とは、借地借家法の借主に不利な特約は無効とする規定です。具体的には、借地借家法は借主保護のため多くの強行規定を含む。賃借権の更新、賃料増減請求権（普通借家での減額排除）、建物の引渡しによる対抗要件等が代表的。借主に不利な特約は無効。試験では、借地借家法30条;37条等との関係で、定義・要件・効果を具体例と結び付けて押さえます。関連用語である強行規定・任意規定との違いも合わせて確認します。
近傍同種建物の賃料,きんぼうどうしゅたてもののちんりょう,借地借家法,賃料改定;判断要素,賃料増減請求の判断要素となる、近隣の同種建物の賃料水準。,賃料増減請求の合理性を判断する重要な要素。同一エリア・類似グレードの建物の現行賃料を比較し、不相当性を判断する。不動産鑑定評価でも考慮される。,賃料増減請求権;不動産鑑定,借地借家法32条,B,近傍同種建物の賃料とは、賃料増減請求の判断要素となる、近隣の同種建物の賃料水準です。具体的には、賃料増減請求の合理性を判断する重要な要素。同一エリア・類似グレードの建物の現行賃料を比較し、不相当性を判断する。不動産鑑定評価でも考慮される。試験では、借地借家法32条との関係で、定義・要件・効果を具体例と結び付けて押さえます。関連用語である賃料増減請求権・不動産鑑定との違いも合わせて確認します。
更新拒絶通知,こうしんきょぜつつうち,借地借家法,更新;通知義務,貸主が期間満了による契約終了を主張するための通知。,貸主が法定更新を阻止するため、期間満了の1年前から6ヵ月前までの間に行う、契約を更新しない旨の通知。正当事由が必要。借主からの更新拒絶には正当事由は不要。,法定更新;正当事由,借地借家法26条1項,A,更新拒絶通知とは、貸主が期間満了による契約終了を主張するための通知です。具体的には、貸主が法定更新を阻止するため、期間満了の1年前から6ヵ月前までの間に行う、契約を更新しない旨の通知。正当事由が必要。借主からの更新拒絶には正当事由は不要。試験では、借地借家法26条1項との関係で、定義・要件・効果を具体例と結び付けて押さえます。関連用語である法定更新・正当事由との違いも合わせて確認します。
更新料,こうしんりょう,借地借家法,金銭;判例,賃貸借契約の更新時に、借主が貸主に支払う一時金。,更新時に借主が貸主に支払う金銭。法律上の規定はなく、特約による。判例は、契約書に明確な更新料条項があり、金額が高額過ぎない限り有効と判示（最判平23.7.15）。,合意更新;消費者契約法,判例（最判平23.7.15）,A,更新料とは、賃貸借契約の更新時に、借主が貸主に支払う一時金です。具体的には、更新時に借主が貸主に支払う金銭。法律上の規定はなく、特約による。判例は、契約書に明確な更新料条項があり、金額が高額過ぎない限り有効と判示（最判平23.7.15）。試験では、判例（最判平23.7.15）との関係で、定義・要件・効果を具体例と結び付けて押さえます。関連用語である合意更新・消費者契約法との違いも合わせて確認します。
合意更新,ごういこうしん,借地借家法,更新;当事者合意,当事者の合意により契約を更新すること。,期間満了に当たり、当事者の合意により従前の契約を更新すること。期間・賃料等の条件を新たに定められる。実務上は更新合意書を作成。,法定更新;更新料,—,A,合意更新とは、当事者の合意により契約を更新することです。具体的には、期間満了に当たり、当事者の合意により従前の契約を更新すること。期間・賃料等の条件を新たに定められる。実務上は更新合意書を作成。試験では、条文番号そのものよりも、実務上の位置づけ、当事者の負担、似た用語との違いを押さえます。関連用語である法定更新・更新料との違いも合わせて確認します。
再契約,さいけいやく,借地借家法,定期建物賃貸借,定期借家の期間満了後、新たに同条件等で契約を結び直すこと。,定期建物賃貸借は更新されないため、引き続き居住を希望する場合は新たに契約を締結する必要がある。再契約は新規契約と同じ手続（事前説明・書面）が必要。,定期建物賃貸借;更新,借地借家法38条,B,再契約とは、定期借家の期間満了後、新たに同条件等で契約を結び直すことです。具体的には、定期建物賃貸借は更新されないため、引き続き居住を希望する場合は新たに契約を締結する必要がある。再契約は新規契約と同じ手続（事前説明・書面）が必要。試験では、借地借家法38条との関係で、契約当事者・成立要件・終了時の効果を整理して押さえます。関連用語である定期建物賃貸借・更新との違いも合わせて確認します。
サブリース判例（最高裁平成15.10.21判決等）,さぶりーすはんれい,借地借家法,サブリース;判例,サブリース契約への借地借家法32条の適用を肯定した最高裁判例。,サブリース契約（マスターリース）にも借地借家法32条の賃料減額請求権が適用されるとした判例。当事者の合意による「賃料保証」も、経済事情の著しい変動があれば借主（サブリース業者）からの減額請求を妨げない。,サブリース;賃料減額請求権,最判平成15.10.21,A,サブリース判例（最高裁平成15.10.21判決等）とは、サブリース契約への借地借家法32条の適用を肯定した最高裁判例です。具体的には、サブリース契約（マスターリース）にも借地借家法32条の賃料減額請求権が適用されるとした判例。当事者の合意による「賃料保証」も、経済事情の著しい変動があれば借主（サブリース業者）からの減額請求を妨げない。試験では、最判平成15.10.21との関係で、定義・要件・効果を具体例と結び付けて押さえます。関連用語であるサブリース・賃料減額請求権との違いも合わせて確認します。
残置物の処理,ざんちぶつのしょり,借地借家法,明渡し;残置物,借主が明渡し時に残した動産の処理方法。,借主の明渡し後に残された家具・家電等の動産は、原則として貸主が勝手に処分できず、借主の所有権を尊重する必要がある。実務上は契約書に処分条項を設けるが、近年は単身高齢者向けに残置物処理委託契約のひな型が国土交通省より公表された。,明渡し;モデル条項,民法206条;判例,B,残置物の処理とは、借主が明渡し時に残した動産の処理方法です。具体的には、借主の明渡し後に残された家具・家電等の動産は、原則として貸主が勝手に処分できず、借主の所有権を尊重する必要がある。実務上は契約書に処分条項を設けるが、近年は単身高齢者向けに残置物処理委託契約のひな型が国土交通省より公表された。試験では、民法206条;判例との関係で、定義・要件・効果を具体例と結び付けて押さえます。関連用語である明渡し・モデル条項との違いも合わせて確認します。
借地権,しゃくちけん,借地借家法,借地;建物所有目的,建物所有を目的とする地上権又は土地賃借権。,借地借家法2条1号。建物所有を目的とする地上権・土地賃借権を「借地権」と総称し、借地借家法の保護を受ける。建物所有目的でない土地賃借権（駐車場・資材置場等）は借地権ではなく民法のみが適用される。,建物所有目的;借地権者,借地借家法2条,A,借地権とは、建物所有を目的とする地上権又は土地賃借権です。具体的には、借地借家法2条1号。建物所有を目的とする地上権・土地賃借権を「借地権」と総称し、借地借家法の保護を受ける。建物所有目的でない土地賃借権（駐車場・資材置場等）は借地権ではなく民法のみが適用される。試験では、借地借家法2条との関係で、定義・要件・効果を具体例と結び付けて押さえます。関連用語である建物所有目的・借地権者との違いも合わせて確認します。
借地権の存続期間,しゃくちけんのそんぞくきかん,借地借家法,借地;30年,借地権の存続期間は原則30年。,借地借家法3条。借地権の存続期間は原則30年。当事者がそれより長い期間を定めればその期間とする。それより短い期間を定めた場合は30年となる。最初の更新は20年、その後の更新は10年（4条）。,借地権;更新,借地借家法3条;4条,B,借地権の存続期間とは、借地権の存続期間は原則30年です。根拠条文は借地借家法3条です。借地権の存続期間は原則30年。当事者がそれより長い期間を定めればその期間とする。それより短い期間を定めた場合は30年となる。最初の更新は20年、その後の更新は10年（4条）。試験では、借地借家法3条;4条との関係で、定義・要件・効果を具体例と結び付けて押さえます。関連用語である借地権・更新との違いも合わせて確認します。
借地借家法,しゃくちしゃっかほう,借地借家法,特別法;借主保護,建物所有目的の土地賃借権、建物賃貸借に関する特別法。,1991年制定。借地法・借家法・建物保護法を統合した、借地・借家関係を規律する特別法。借主保護の見地から、民法の規定を多く修正している。,民法;強行規定,借地借家法,A,借地借家法とは、建物所有目的の土地賃借権、建物賃貸借に関する特別法です。具体的には、1991年制定。借地法・借家法・建物保護法を統合した、借地・借家関係を規律する特別法。借主保護の見地から、民法の規定を多く修正している。試験では、借地借家法が何を規律し、賃貸住宅管理のどの場面で関係するかを押さえます。関連用語である民法・強行規定との違いも合わせて確認します。
借地借家法の適用除外（土地）,しゃくちしゃっかほうのてきようじょがい,借地借家法,建物所有目的なし,建物所有目的でない土地賃借権は借地借家法の適用がない。,駐車場、資材置場、看板設置等、建物所有目的でない土地の賃貸借は、借地借家法の借地権規定の適用がなく、民法のみが適用される。期間や更新の保護が薄くなる。,借地権;駐車場賃貸借,借地借家法2条,B,借地借家法の適用除外（土地）とは、建物所有目的でない土地賃借権は借地借家法の適用がないです。具体的には、駐車場、資材置場、看板設置等、建物所有目的でない土地の賃貸借は、借地借家法の借地権規定の適用がなく、民法のみが適用される。期間や更新の保護が薄くなる。試験では、借地借家法2条との関係で、定義・要件・効果を具体例と結び付けて押さえます。関連用語である借地権・駐車場賃貸借との違いも合わせて確認します。
終身建物賃貸借,しゅうしんたてものちんたいしゃく,借地借家法,高齢者;特別法,60歳以上の借主の死亡まで存続し、相続人へ承継されない建物賃貸借。,高齢者の居住の安定確保に関する法律（高齢者居住法）に基づく特殊な建物賃貸借。60歳以上の借主の死亡で終了し、相続されない。バリアフリー要件等を満たし都道府県知事の認可を受けた賃貸住宅に限る。書面・事前説明が要件。,高齢者居住法;サービス付き高齢者向け住宅,高齢者居住法52条以下,B,終身建物賃貸借とは、60歳以上の借主の死亡まで存続し、相続人へ承継されない建物賃貸借です。具体的には、高齢者の居住の安定確保に関する法律（高齢者居住法）に基づく特殊な建物賃貸借。60歳以上の借主の死亡で終了し、相続されない。バリアフリー要件等を満たし都道府県知事の認可を受けた賃貸住宅に限る。書面・事前説明が要件。試験では、高齢者居住法52条以下との関係で、契約当事者・成立要件・終了時の効果を整理して押さえます。関連用語である高齢者居住法・サービス付き高齢者向け住宅との違いも合わせて確認します。
終了通知（定期借家）,しゅうりょうつうち,借地借家法,定期建物賃貸借;通知期間,期間1年以上の定期借家で、満了の1年前から6ヵ月前までに必要な通知。,期間1年以上の定期建物賃貸借契約では、貸主は期間満了の1年前から6ヵ月前までの間に、借主に対し期間満了による契約終了を通知しなければ、終了を借主に対抗できない。通知期間経過後の通知でも、通知から6ヵ月経過すれば対抗できる。,定期建物賃貸借;対抗,借地借家法38条6項,A,終了通知（定期借家）とは、期間1年以上の定期借家で、満了の1年前から6ヵ月前までに必要な通知です。具体的には、期間1年以上の定期建物賃貸借契約では、貸主は期間満了の1年前から6ヵ月前までの間に、借主に対し期間満了による契約終了を通知しなければ、終了を借主に対抗できない。通知期間経過後の通知でも、通知から6ヵ月経過すれば対抗できる。試験では、借地借家法38条6項との関係で、定義・要件・効果を具体例と結び付けて押さえます。関連用語である定期建物賃貸借・対抗との違いも合わせて確認します。
使用継続による法定更新,しようけいぞくによるほうていこうしん,借地借家法,黙示の更新,期間満了後、借主が使用継続し貸主が異議を述べない場合の法定更新。,借地借家法26条2項。期間満了後に借主が使用継続し、貸主が遅滞なく異議を述べない場合、従前と同条件で更新したとみなされる。期間は定めのないものとなる。,法定更新;異議,借地借家法26条2項,B,使用継続による法定更新とは、期間満了後、借主が使用継続し貸主が異議を述べない場合の法定更新です。根拠条文は借地借家法26条2項です。期間満了後に借主が使用継続し、貸主が遅滞なく異議を述べない場合、従前と同条件で更新したとみなされる。期間は定めのないものとなる。試験では、借地借家法26条2項との関係で、定義・要件・効果を具体例と結び付けて押さえます。関連用語である法定更新・異議との違いも合わせて確認します。
信頼関係破壊の法理（借地借家）,しんらいかんけいはかいのほうり,借地借家法,解除;判例,建物賃貸借の解除には、信頼関係を破壊する程度の事由が必要。,建物賃貸借においても適用される判例法理。賃料の数ヶ月滞納、無断転貸、用法違反等が解除事由とされるかは、信頼関係を破壊する程度に至ったかで判断される。,債務不履行;無催告解除,判例（最判昭27.4.25等）,A,信頼関係破壊の法理（借地借家）とは、建物賃貸借の解除には、信頼関係を破壊する程度の事由が必要です。具体的には、建物賃貸借においても適用される判例法理。賃料の数ヶ月滞納、無断転貸、用法違反等が解除事由とされるかは、信頼関係を破壊する程度に至ったかで判断される。試験では、判例（最判昭27.4.25等）との関係で、定義・要件・効果を具体例と結び付けて押さえます。関連用語である債務不履行・無催告解除との違いも合わせて確認します。
事業用定期借地権,じぎょうようていきしゃくちけん,借地借家法,事業用;公正証書,事業用建物所有目的の定期借地権。公正証書による設定が必須。,借地借家法23条。専ら事業用建物（居住用は不可）所有目的で、期間10年以上50年未満で設定。公正証書による契約が要件。期間によっては更新・建物買取請求等の規定の適用が認められる類型がある。,定期借地権;公正証書,借地借家法23条,B,事業用定期借地権とは、事業用建物所有目的の定期借地権。公正証書による設定が必須。根拠条文は借地借家法23条です。専ら事業用建物（居住用は不可）所有目的で、期間10年以上50年未満で設定。公正証書による契約が要件。期間によっては更新・建物買取請求等の規定の適用が認められる類型がある。試験では、借地借家法23条との関係で、定義・要件・効果を具体例と結び付けて押さえます。関連用語である定期借地権・公正証書との違いも合わせて確認します。
事前説明（定期借家）,じぜんせつめい,借地借家法,定期建物賃貸借;要件,定期借家契約締結前に、貸主が借主に行う書面交付による説明。,定期建物賃貸借の有効要件。契約とは別個独立の書面を交付し、更新がなく期間満了により終了することを説明する。説明・書面交付がない場合、定期借家としての効力を生じず普通借家になる。,定期建物賃貸借契約;契約書面,借地借家法38条3項,A,事前説明（定期借家）とは、定期借家契約締結前に、貸主が借主に行う書面交付による説明です。具体的には、定期建物賃貸借の有効要件。契約とは別個独立の書面を交付し、更新がなく期間満了により終了することを説明する。説明・書面交付がない場合、定期借家としての効力を生じず普通借家になる。試験では、借地借家法38条3項との関係で、対象者・時期・手続・違反時の効果を整理して押さえます。関連用語である定期建物賃貸借契約・契約書面との違いも合わせて確認します。
正当事由,せいとうじゆう,借地借家法,更新拒絶;解約申入れ,貸主が更新拒絶・解約申入れをするために必要な合理的理由。,借地借家法28条が定める要件。①建物使用を必要とする事情、②賃貸借に関する従前の経過、③建物の利用状況、④建物の現況、⑤立退料の申出、等を総合考慮して判断される。借主保護のため厳格に判断される。,更新拒絶;解約申入れ;立退料,借地借家法28条,A,正当事由とは、貸主が更新拒絶・解約申入れをするために必要な合理的理由です。具体的には、借地借家法28条が定める要件。①建物使用を必要とする事情、②賃貸借に関する従前の経過、③建物の利用状況、④建物の現況、⑤立退料の申出、等を総合考慮して判断される。借主保護のため厳格に判断される。試験では、借地借家法28条との関係で、定義・要件・効果を具体例と結び付けて押さえます。関連用語である更新拒絶・解約申入れとの違いも合わせて確認します。
造作,ぞうさく,借地借家法,建物附属物,建物の使用に客観的便益を与える付加物。,判例上、建物の使用に客観的便益を与え、建物に附加した物件で、賃借人の所有に属する物。畳・建具・空調設備・キッチン設備等が典型例。賃借人の特別な用途に供される付加物（営業用設備等）は造作に該当しない場合がある。,造作買取請求権;有益費,借地借家法33条,B,造作とは、建物の使用に客観的便益を与える付加物です。具体的には、判例上、建物の使用に客観的便益を与え、建物に附加した物件で、賃借人の所有に属する物。畳・建具・空調設備・キッチン設備等が典型例。賃借人の特別な用途に供される付加物（営業用設備等）は造作に該当しない場合がある。試験では、借地借家法33条との関係で、定義・要件・効果を具体例と結び付けて押さえます。関連用語である造作買取請求権・有益費との違いも合わせて確認します。
造作買取請求権,ぞうさくかいとりせいきゅうけん,借地借家法,造作;特約排除可,賃借人が貸主の同意を得て設置した造作を、契約終了時に時価で買い取らせる権利。,借地借家法33条。貸主の同意を得て設置した畳・建具・空調設備等の造作について、契約終了時に時価で買取請求できる。ただし任意規定のため、特約で排除可能（実務上排除されることが多い）。,造作;有益費;特約,借地借家法33条,B,造作買取請求権とは、賃借人が貸主の同意を得て設置した造作を、契約終了時に時価で買い取らせる権利です。根拠条文は借地借家法33条です。貸主の同意を得て設置した畳・建具・空調設備等の造作について、契約終了時に時価で買取請求できる。ただし任意規定のため、特約で排除可能（実務上排除されることが多い）。試験では、借地借家法33条との関係で、定義・要件・効果を具体例と結び付けて押さえます。関連用語である造作・有益費との違いも合わせて確認します。
立退料,たちのきりょう,借地借家法,正当事由;補充,正当事由を補完するため、貸主が借主に支払う金銭。,貸主の正当事由が単独では不十分な場合、立退料の申出により正当事由を補強する制度。立退料は強制ではなく、貸主の任意の申出による。金額は転居費用・営業損失・慰謝料等を考慮して決まる。,正当事由;明渡し,借地借家法28条,A,立退料とは、正当事由を補完するため、貸主が借主に支払う金銭です。具体的には、貸主の正当事由が単独では不十分な場合、立退料の申出により正当事由を補強する制度。立退料は強制ではなく、貸主の任意の申出による。金額は転居費用・営業損失・慰謝料等を考慮して決まる。試験では、借地借家法28条との関係で、定義・要件・効果を具体例と結び付けて押さえます。関連用語である正当事由・明渡しとの違いも合わせて確認します。
建物譲渡特約付借地権,たてものじょうとくとくやくつきしゃくちけん,借地借家法,定期借地権,期間満了時に建物を貸主に譲渡する特約付きの借地権。,借地借家法24条。30年以上の借地権で、期間満了時に建物を貸主に相当の対価で譲渡する特約を付したもの。譲渡により借地権は消滅。建物使用継続を希望する借主は、貸主に対し建物賃貸借契約の締結を請求できる。,定期借地権,借地借家法24条,C,建物譲渡特約付借地権とは、期間満了時に建物を貸主に譲渡する特約付きの借地権です。根拠条文は借地借家法24条です。30年以上の借地権で、期間満了時に建物を貸主に相当の対価で譲渡する特約を付したもの。譲渡により借地権は消滅。建物使用継続を希望する借主は、貸主に対し建物賃貸借契約の締結を請求できる。試験では、借地借家法24条との関係で、定義・要件・効果を具体例と結び付けて押さえます。関連用語である定期借地権との違いも合わせて確認します。
建物賃貸借契約,たてものちんたいしゃくけいやく,借地借家法,適用範囲,建物を目的物とする賃貸借契約。借地借家法第3章の適用を受ける。,建物又は建物の一部を目的物とする賃貸借契約。借地借家法26条以下の適用を受ける。一時使用目的が明らかなものを除く（40条）。事業用建物賃貸借も対象となる。,普通建物賃貸借;定期建物賃貸借;一時使用目的の建物賃貸借,借地借家法26条以下,A,建物賃貸借契約とは、建物を目的物とする賃貸借契約。借地借家法第3章の適用を受ける。具体的には、建物又は建物の一部を目的物とする賃貸借契約。借地借家法26条以下の適用を受ける。一時使用目的が明らかなものを除く（40条）。事業用建物賃貸借も対象となる。試験では、借地借家法26条以下との関係で、契約当事者・成立要件・終了時の効果を整理して押さえます。関連用語である普通建物賃貸借・定期建物賃貸借との違いも合わせて確認します。
建物の引渡しによる対抗要件,たてもののひきわたしによるたいこうようけん,借地借家法,対抗要件;31条,建物賃借権の対抗要件は、建物の引渡し（民法177条の特則）。,借地借家法31条。建物の賃貸借は、登記がなくても建物の引渡しがあれば、その後その建物について物権を取得した者に対し効力を生じる。借主は実際に居住していれば、所有権を取得した第三者に賃借権を主張できる。,対抗要件;賃貸人の地位の移転,借地借家法31条,A,建物の引渡しによる対抗要件とは、建物賃借権の対抗要件は、建物の引渡し（民法177条の特則）です。根拠条文は借地借家法31条です。建物の賃貸借は、登記がなくても建物の引渡しがあれば、その後その建物について物権を取得した者に対し効力を生じる。借主は実際に居住していれば、所有権を取得した第三者に賃借権を主張できる。試験では、借地借家法31条との関係で、定義・要件・効果を具体例と結び付けて押さえます。関連用語である対抗要件・賃貸人の地位の移転との違いも合わせて確認します。
中途解約特約（定期借家）,ちゅうとかいやくとくやく,借地借家法,定期建物賃貸借;借主保護,定期借家でも、特定条件で借主からの中途解約が認められる規定。,床面積200㎡未満の居住用定期建物賃貸借では、転勤・療養・親族介護等のやむを得ない事情により借主が居住困難となった場合、借主は1ヵ月前の解約申入れにより解約できる（38条7項）。,定期建物賃貸借;やむを得ない事情,借地借家法38条7項,A,中途解約特約（定期借家）とは、定期借家でも、特定条件で借主からの中途解約が認められる規定です。具体的には、床面積200㎡未満の居住用定期建物賃貸借では、転勤・療養・親族介護等のやむを得ない事情により借主が居住困難となった場合、借主は1ヵ月前の解約申入れにより解約できる（38条7項）。試験では、借地借家法38条7項との関係で、定義・要件・効果を具体例と結び付けて押さえます。関連用語である定期建物賃貸借・やむを得ない事情との違いも合わせて確認します。
賃借権の譲渡・転貸（建物）,ちんしゃくけんのじょうと・てんたい,借地借家法,承諾,建物賃借権の譲渡・転貸は貸主の承諾が必要（民法612条）。,借地と異なり、建物賃借権の譲渡・転貸については借地借家法に特則はなく、民法612条によって規律される。貸主の承諾が原則として必要で、無断譲渡・転貸は契約解除事由となる。信頼関係破壊の法理が適用される。,無断譲渡・無断転貸;信頼関係破壊の法理,民法612条,B,賃借権の譲渡・転貸（建物）とは、建物賃借権の譲渡・転貸は貸主の承諾が必要（民法612条）です。具体的には、借地と異なり、建物賃借権の譲渡・転貸については借地借家法に特則はなく、民法612条によって規律される。貸主の承諾が原則として必要で、無断譲渡・転貸は契約解除事由となる。信頼関係破壊の法理が適用される。試験では、民法612条との関係で、契約当事者・成立要件・終了時の効果を整理して押さえます。関連用語である無断譲渡・無断転貸・信頼関係破壊の法理との違いも合わせて確認します。
賃借権の登記,ちんしゃくけんのとうき,借地借家法,登記;対抗要件,賃借権を不動産登記簿に登記すること。建物賃借権では実務上少ない。,民法605条により、賃借権も登記すれば対抗力を有する。ただし貸主に登記義務はなく、合意があっても請求権はない（判例）。建物賃借権は、登記がなくても借地借家法31条による建物引渡しで対抗力を取得できるため、実務上登記される例は少ない。,対抗要件;建物の引渡し,民法605条,C,賃借権の登記とは、賃借権を不動産登記簿に登記すること。建物賃借権では実務上少ない。具体的には、民法605条により、賃借権も登記すれば対抗力を有する。ただし貸主に登記義務はなく、合意があっても請求権はない（判例）。建物賃借権は、登記がなくても借地借家法31条による建物引渡しで対抗力を取得できるため、実務上登記される例は少ない。試験では、民法605条との関係で、定義・要件・効果を具体例と結び付けて押さえます。関連用語である対抗要件・建物の引渡しとの違いも合わせて確認します。
賃貸住宅の表示・契約条件の明示,ちんたいじゅうたくのひょうじ・けいやくじょうけんのめいじ,借地借家法,宅建業法;広告,賃貸物件の広告等で、家賃・敷金・契約期間等を明示する義務。,宅地建物取引業法32条・35条・37条により、賃貸物件の広告・契約締結時に、家賃額、敷金、契約期間、契約更新の有無、定期借家の場合の旨等を明示する義務がある。違反は誇大広告等の禁止違反となる。,宅建業法;広告規制,宅地建物取引業法32条等,B,賃貸住宅の表示・契約条件の明示とは、賃貸物件の広告等で、家賃・敷金・契約期間等を明示する義務です。具体的には、宅地建物取引業法32条・35条・37条により、賃貸物件の広告・契約締結時に、家賃額、敷金、契約期間、契約更新の有無、定期借家の場合の旨等を明示する義務がある。違反は誇大広告等の禁止違反となる。試験では、宅地建物取引業法32条等との関係で、契約当事者・成立要件・終了時の効果を整理して押さえます。関連用語である宅建業法・広告規制との違いも合わせて確認します。
賃貸人の地位の移転（借地借家法）,ちんたいにんのちいのいてん,借地借家法,所有権譲渡,対抗要件を備えた借主との関係で、新所有者が当然に賃貸人となる。,対抗要件（建物引渡し）を備えた借主が存在する場合、賃貸不動産の譲渡により賃貸人の地位は当然に新所有者に移転する（民法605条の2）。敷金関係も承継。新所有者は所有権移転登記が借主への賃料請求の要件。,対抗要件;敷金の承継,民法605条の2,A,賃貸人の地位の移転（借地借家法）とは、対抗要件を備えた借主との関係で、新所有者が当然に賃貸人となる。具体的には、対抗要件（建物引渡し）を備えた借主が存在する場合、賃貸不動産の譲渡により賃貸人の地位は当然に新所有者に移転する（民法605条の2）。敷金関係も承継。新所有者は所有権移転登記が借主への賃料請求の要件。試験では、民法605条の2との関係で、定義・要件・効果を具体例と結び付けて押さえます。関連用語である対抗要件・敷金の承継との違いも合わせて確認します。
賃料減額請求,ちんりょうげんがくせいきゅう,借地借家法,賃料改定,借主が経済事情変動等を理由に賃料の減額を請求すること。,借主からの賃料減額の意思表示で成立する形成権。貸主が同意しない場合、貸主は相当と認める額を請求できる（32条3項）。普通借家では特約で減額請求を排除することはできない（強行規定）。,賃料増減請求権;定期建物賃貸借,借地借家法32条;32条3項,B,賃料減額請求とは、借主が経済事情変動等を理由に賃料の減額を請求することです。具体的には、借主からの賃料減額の意思表示で成立する形成権。貸主が同意しない場合、貸主は相当と認める額を請求できる（32条3項）。普通借家では特約で減額請求を排除することはできない（強行規定）。試験では、借地借家法32条;32条3項との関係で、定義・要件・効果を具体例と結び付けて押さえます。関連用語である賃料増減請求権・定期建物賃貸借との違いも合わせて確認します。
賃料増額請求,ちんりょうぞうがくせいきゅう,借地借家法,賃料改定,貸主が経済事情変動等を理由に賃料の増額を請求すること。,貸主からの賃料増額の意思表示で成立する形成権。借主が同意しない場合、貸主は調停・訴訟で確定するまで請求額を支払うよう求められない。借主は相当と認める額を支払えば足りる（32条2項）。,賃料増減請求権;調停前置主義,借地借家法32条;32条2項,B,賃料増額請求とは、貸主が経済事情変動等を理由に賃料の増額を請求することです。具体的には、貸主からの賃料増額の意思表示で成立する形成権。借主が同意しない場合、貸主は調停・訴訟で確定するまで請求額を支払うよう求められない。借主は相当と認める額を支払えば足りる（32条2項）。試験では、借地借家法32条;32条2項との関係で、定義・要件・効果を具体例と結び付けて押さえます。関連用語である賃料増減請求権・調停前置主義との違いも合わせて確認します。
賃料増減請求権の特約排除（定期借家）,ちんりょうぞうげんせいきゅうけんのとくやくはいじょ,借地借家法,定期建物賃貸借,定期借家では、賃料増減請求権を特約で排除可能。,借地借家法38条9項。普通借家では賃料減額しない特約は無効（強行規定）だが、定期借家では特約で賃料増減請求権を排除可能。経営の安定性が要請される事業用借家でしばしば利用される。,賃料増減請求権;強行規定,借地借家法38条9項,A,賃料増減請求権の特約排除（定期借家）とは、定期借家では、賃料増減請求権を特約で排除可能です。根拠条文は借地借家法38条9項です。普通借家では賃料減額しない特約は無効（強行規定）だが、定期借家では特約で賃料増減請求権を排除可能。経営の安定性が要請される事業用借家でしばしば利用される。試験では、借地借家法38条9項との関係で、定義・要件・効果を具体例と結び付けて押さえます。関連用語である賃料増減請求権・強行規定との違いも合わせて確認します。
定期借地権,ていきしゃくちけん,借地借家法,借地;更新なし,更新がなく、期間満了で確定的に終了する借地権。,借地借家法22条以下。①一般定期借地権（50年以上）、②事業用定期借地権（10〜50年）、③建物譲渡特約付借地権（30年以上、貸主が借主から建物を買い取る）の3類型。書面が要件。,一般定期借地権;事業用定期借地権;建物譲渡特約付借地権,借地借家法22〜24条,B,定期借地権とは、更新がなく、期間満了で確定的に終了する借地権です。具体的には、借地借家法22条以下。①一般定期借地権（50年以上）、②事業用定期借地権（10〜50年）、③建物譲渡特約付借地権（30年以上、貸主が借主から建物を買い取る）の3類型。書面が要件。試験では、借地借家法22〜24条との関係で、定義・要件・効果を具体例と結び付けて押さえます。関連用語である一般定期借地権・事業用定期借地権との違いも合わせて確認します。
定期建物賃貸借契約,ていきたてものちんたいしゃくけいやく,借地借家法,書面要件;事前説明,更新がなく、期間満了で確定的に終了する建物賃貸借契約。,借地借家法38条に基づく契約。①書面（電磁的記録を含む）による契約締結、②契約とは別個独立の書面による事前説明、が要件。期間1年未満も可能。期間1年以上の場合、貸主は満了の1年前から6ヵ月前までに終了通知が必要。,事前説明;終了通知;再契約,借地借家法38条,A,定期建物賃貸借契約とは、更新がなく、期間満了で確定的に終了する建物賃貸借契約です。具体的には、借地借家法38条に基づく契約。①書面（電磁的記録を含む）による契約締結、②契約とは別個独立の書面による事前説明、が要件。期間1年未満も可能。期間1年以上の場合、貸主は満了の1年前から6ヵ月前までに終了通知が必要。試験では、借地借家法38条との関係で、契約当事者・成立要件・終了時の効果を整理して押さえます。関連用語である事前説明・終了通知との違いも合わせて確認します。
転借人の保護（借地借家法34条）,てんしゃくにんのほご,借地借家法,転貸借;期間満了,原賃貸借終了時、貸主は転借人への通知から6ヵ月経過後でなければ終了を対抗できない。,借地借家法34条。建物の転貸借がある場合、原賃貸借が期間満了又は解約申入れにより終了したときは、貸主は転借人にその旨を通知した後6ヵ月経過すれば、転貸借も終了したものとみなされる。,原賃貸借;転貸借;サブリース,借地借家法34条,A,転借人の保護（借地借家法34条）とは、原賃貸借終了時、貸主は転借人への通知から6ヵ月経過後でなければ終了を対抗できない。根拠条文は借地借家法34条です。建物の転貸借がある場合、原賃貸借が期間満了又は解約申入れにより終了したときは、貸主は転借人にその旨を通知した後6ヵ月経過すれば、転貸借も終了したものとみなされる。試験では、借地借家法34条との関係で、定義・要件・効果を具体例と結び付けて押さえます。関連用語である原賃貸借・転貸借との違いも合わせて確認します。
取壊し予定の建物の賃貸借,とりこわしよていのたてもののちんたいしゃく,借地借家法,特約;39条,法令・契約により取壊し予定の建物について、その時に終了する旨を定める賃貸借。,借地借家法39条。法令・契約により一定期間後に取り壊すべきことが明らかな建物の賃貸借では、その建物を取り壊すこととなる時に終了する旨を、書面（電磁的記録を含む）で定めることができる。,定期建物賃貸借;書面要件,借地借家法39条,B,取壊し予定の建物の賃貸借とは、法令・契約により取壊し予定の建物について、その時に終了する旨を定める賃貸借です。根拠条文は借地借家法39条です。法令・契約により一定期間後に取り壊すべきことが明らかな建物の賃貸借では、その建物を取り壊すこととなる時に終了する旨を、書面（電磁的記録を含む）で定めることができる。試験では、借地借家法39条との関係で、契約当事者・成立要件・終了時の効果を整理して押さえます。関連用語である定期建物賃貸借・書面要件との違いも合わせて確認します。
内縁配偶者の保護（借地借家法36条）,ないえんはいぐうしゃのほご,借地借家法,相続人不存在;同居,借主死亡時に相続人がいない場合、同居の内縁配偶者等が賃借権を承継する。,借地借家法36条により、借主が相続人なくして死亡した場合、その死亡当時同居していた事実上の配偶者・養子は、建物賃借権を承継できる。承継した者は1ヵ月以内に承継しない旨を貸主に通知すれば承継を放棄できる。,賃借権の相続,借地借家法36条,A,内縁配偶者の保護（借地借家法36条）とは、借主死亡時に相続人がいない場合、同居の内縁配偶者等が賃借権を承継するです。具体的には、借地借家法36条により、借主が相続人なくして死亡した場合、その死亡当時同居していた事実上の配偶者・養子は、建物賃借権を承継できる。承継した者は1ヵ月以内に承継しない旨を貸主に通知すれば承継を放棄できる。試験では、借地借家法36条との関係で、定義・要件・効果を具体例と結び付けて押さえます。関連用語である賃借権の相続との違いも合わせて確認します。
普通建物賃貸借契約,ふつうたてものちんたいしゃくけいやく,借地借家法,更新;法定更新,更新が予定された一般的な建物賃貸借契約。,借地借家法の適用を受ける建物賃貸借契約のうち、定期建物賃貸借契約以外のもの。期間満了時に貸主が正当事由をもって更新拒絶しない限り、原則として更新される。期間1年未満の契約は期間の定めのないものとみなされる（29条1項）。,定期建物賃貸借契約;法定更新;正当事由,借地借家法26〜29条,A,普通建物賃貸借契約とは、更新が予定された一般的な建物賃貸借契約です。具体的には、借地借家法の適用を受ける建物賃貸借契約のうち、定期建物賃貸借契約以外のもの。期間満了時に貸主が正当事由をもって更新拒絶しない限り、原則として更新される。期間1年未満の契約は期間の定めのないものとみなされる（29条1項）。試験では、借地借家法26〜29条との関係で、契約当事者・成立要件・終了時の効果を整理して押さえます。関連用語である定期建物賃貸借契約・法定更新との違いも合わせて確認します。
法定更新,ほうていこうしん,借地借家法,更新;期間満了,期間満了時に貸主が更新拒絶しない場合、契約が更新されたとみなされる制度。,①貸主が期間満了の1年前から6ヵ月前までに更新拒絶通知をしない、又は②期間満了後に借主が使用継続し貸主が遅滞なく異議を述べない場合、従前と同条件で更新したとみなされる（期間は定めなしとなる）。,合意更新;更新拒絶;期間の定めのない賃貸借,借地借家法26条;27条,A,法定更新とは、期間満了時に貸主が更新拒絶しない場合、契約が更新されたとみなされる制度です。具体的には、①貸主が期間満了の1年前から6ヵ月前までに更新拒絶通知をしない、又は②期間満了後に借主が使用継続し貸主が遅滞なく異議を述べない場合、従前と同条件で更新したとみなされる（期間は定めなしとなる）。試験では、借地借家法26条;27条との関係で、定義・要件・効果を具体例と結び付けて押さえます。関連用語である合意更新・更新拒絶との違いも合わせて確認します。
違約金,いやくきん,賃貸借契約,損害賠償の予定,債務不履行時に支払う、損害賠償額の予定としての金銭。,契約違反時に支払うべき金銭。短期解約違約金（契約期間内解約時に賃料1〜2ヵ月分）等が典型。消費者契約法9条により、平均的損害額を超える部分は無効。,短期解約違約金;消費者契約法,民法420条;消費者契約法9条,B,違約金とは、債務不履行時に支払う、損害賠償額の予定としての金銭です。具体的には、契約違反時に支払うべき金銭。短期解約違約金（契約期間内解約時に賃料1〜2ヵ月分）等が典型。消費者契約法9条により、平均的損害額を超える部分は無効。試験では、民法420条;消費者契約法9条との関係で、定義・要件・効果を具体例と結び付けて押さえます。関連用語である短期解約違約金・消費者契約法との違いも合わせて確認します。
鍵交換費用,かぎこうかんひよう,賃貸借契約,契約締結時;特約,新規入居時の鍵交換に要する費用。,前入居者の使用していた鍵を新規入居者の入居前に交換する費用。原状回復ガイドラインでは原則貸主負担とされるが、借主負担の特約も無効ではない。1万円〜2万円程度。,原状回復ガイドライン,—,B,鍵交換費用とは、新規入居時の鍵交換に要する費用です。具体的には、前入居者の使用していた鍵を新規入居者の入居前に交換する費用。原状回復ガイドラインでは原則貸主負担とされるが、借主負担の特約も無効ではない。1万円〜2万円程度。試験では、条文番号そのものよりも、実務上の位置づけ、当事者の負担、似た用語との違いを押さえます。関連用語である原状回復ガイドラインとの違いも合わせて確認します。
借主負担特約,かりぬしふたんとくやく,賃貸借契約,特約;原状回復,本来貸主負担の費用を借主負担とする特約。,通常損耗・経年変化等、本来は貸主負担とされる費用を借主負担とする特約。判例上、①特約の必要性・合理性、②内容の具体的明示、③借主の明確な合意、を要件として有効性が判断される（最判平17.12.16）。,原状回復ガイドライン;消費者契約法,判例（最判平17.12.16）,A,借主負担特約とは、本来貸主負担の費用を借主負担とする特約です。具体的には、通常損耗・経年変化等、本来は貸主負担とされる費用を借主負担とする特約。判例上、①特約の必要性・合理性、②内容の具体的明示、③借主の明確な合意、を要件として有効性が判断される（最判平17.12.16）。試験では、判例（最判平17.12.16）との関係で、定義・要件・効果を具体例と結び付けて押さえます。関連用語である原状回復ガイドライン・消費者契約法との違いも合わせて確認します。
共益費・管理費,きょうえきひ・かんりひ,賃貸借契約,賃料附属,建物の共用部分の維持管理費用として借主が負担する金銭。,建物の共用部分（廊下・階段・エレベーター・共用照明・清掃費等）の維持管理のために借主が貸主に支払う金銭。法律上は賃料の一部とされ、賃料増減請求権の対象となりうる。,賃料;共用部分,—,B,共益費・管理費とは、建物の共用部分の維持管理費用として借主が負担する金銭です。具体的には、建物の共用部分（廊下・階段・エレベーター・共用照明・清掃費等）の維持管理のために借主が貸主に支払う金銭。法律上は賃料の一部とされ、賃料増減請求権の対象となりうる。試験では、条文番号そのものよりも、実務上の位置づけ、当事者の負担、似た用語との違いを押さえます。関連用語である賃料・共用部分との違いも合わせて確認します。
クリーニング費用,くりーにんぐひよう,賃貸借契約,退去時;特約,退去時の専門業者によるクリーニング費用。,退去後に専門業者が室内を清掃する費用。原状回復ガイドラインでは通常損耗は貸主負担だが、借主負担とする特約も、内容を明確に合意していれば有効となりうる（最判平17.12.16）。金額の妥当性も必要。,原状回復;特約の有効性,判例（最判平17.12.16）,A,クリーニング費用とは、退去時の専門業者によるクリーニング費用です。具体的には、退去後に専門業者が室内を清掃する費用。原状回復ガイドラインでは通常損耗は貸主負担だが、借主負担とする特約も、内容を明確に合意していれば有効となりうる（最判平17.12.16）。金額の妥当性も必要。試験では、判例（最判平17.12.16）との関係で、定義・要件・効果を具体例と結び付けて押さえます。関連用語である原状回復・特約の有効性との違いも合わせて確認します。
37条書面,さんじゅうななじょうしょめん,賃貸借契約,宅建業法;契約成立時,宅建業者が契約成立時に交付する書面（一般的には契約書）。,宅地建物取引業法37条の書面。契約成立後、宅建業者は当事者に対し遅滞なく、契約年月日、対象物件、賃料等、契約期間、解除事由等を記載した書面を交付しなければならない。宅地建物取引士の記名が必要。,重要事項説明;宅建業法,宅地建物取引業法37条,B,37条書面とは、宅建業者が契約成立時に交付する書面（一般的には契約書）です。具体的には、宅地建物取引業法37条の書面。契約成立後、宅建業者は当事者に対し遅滞なく、契約年月日、対象物件、賃料等、契約期間、解除事由等を記載した書面を交付しなければならない。宅地建物取引士の記名が必要。試験では、宅地建物取引業法37条との関係で、定義・要件・効果を具体例と結び付けて押さえます。関連用語である重要事項説明・宅建業法との違いも合わせて確認します。
シェアハウス,しぇあはうす,賃貸借契約,共同入居;新業態,個室を貸し共用部分を共有する形態の賃貸住宅。,1棟の建物で各個室を貸し、リビング・キッチン等を共用とする賃貸形態。個別の賃貸借契約を結ぶ場合と、ルームシェアの形式があり、運営方式により法的位置づけが異なる。,ルームシェア;間貸し,—,B,シェアハウスとは、個室を貸し共用部分を共有する形態の賃貸住宅です。具体的には、1棟の建物で各個室を貸し、リビング・キッチン等を共用とする賃貸形態。個別の賃貸借契約を結ぶ場合と、ルームシェアの形式があり、運営方式により法的位置づけが異なる。試験では、条文番号そのものよりも、実務上の位置づけ、当事者の負担、似た用語との違いを押さえます。関連用語であるルームシェア・間貸しとの違いも合わせて確認します。
敷引,しきびき,賃貸借契約,敷金特約,敷金から一定額を控除して借主に返還する特約。,賃貸借契約終了時に敷金の一定額を借主に返還しない特約。関西圏・九州圏で利用されることが多い。判例（最判平23.3.24）は、敷引金額が高額過ぎなければ消費者契約法10条には反しないとした。,敷金;消費者契約法,判例（最判平23.3.24）,B,敷引とは、敷金から一定額を控除して借主に返還する特約です。具体的には、賃貸借契約終了時に敷金の一定額を借主に返還しない特約。関西圏・九州圏で利用されることが多い。判例（最判平23.3.24）は、敷引金額が高額過ぎなければ消費者契約法10条には反しないとした。試験では、判例（最判平23.3.24）との関係で、定義・要件・効果を具体例と結び付けて押さえます。関連用語である敷金・消費者契約法との違いも合わせて確認します。
消費者契約法,しょうひしゃけいやくほう,賃貸借契約,消費者保護,消費者と事業者の契約について、消費者保護の観点から定める法律。,消費者契約法10条により、消費者の利益を一方的に害する条項は無効。賃貸借では、過大な違約金、原状回復義務を借主に過度に負わせる特約、敷引特約等が問題となる。借主が個人で居住目的の場合に適用される。,消費者保護;特約の無効,消費者契約法10条,A,消費者契約法とは、消費者と事業者の契約について、消費者保護の観点から定める法律です。具体的には、消費者契約法10条により、消費者の利益を一方的に害する条項は無効。賃貸借では、過大な違約金、原状回復義務を借主に過度に負わせる特約、敷引特約等が問題となる。借主が個人で居住目的の場合に適用される。試験では、消費者契約法10条が何を規律し、賃貸住宅管理のどの場面で関係するかを押さえます。関連用語である消費者保護・特約の無効との違いも合わせて確認します。
重要事項説明（宅建業法）,じゅうようじこうせつめい,賃貸借契約,宅建業法;契約締結前,宅建業者が契約成立前に、宅地建物取引士に書面交付・説明させる手続。,宅地建物取引業法35条の説明。賃貸借の媒介・代理を行う宅建業者は、契約成立前に重要事項説明書（35条書面）を借主に交付し、宅地建物取引士をして説明させる。物件の状態、契約条件、各種金銭等を説明。,重要事項説明書;宅地建物取引士;IT重説,宅地建物取引業法35条,A,重要事項説明（宅建業法）とは、宅建業者が契約成立前に、宅地建物取引士に書面交付・説明させる手続です。具体的には、宅地建物取引業法35条の説明。賃貸借の媒介・代理を行う宅建業者は、契約成立前に重要事項説明書（35条書面）を借主に交付し、宅地建物取引士をして説明させる。物件の状態、契約条件、各種金銭等を説明。試験では、宅地建物取引業法35条との関係で、対象者・時期・手続・違反時の効果を整理して押さえます。関連用語である重要事項説明書・宅地建物取引士との違いも合わせて確認します。
宅地建物取引士,たくちたてものとりひきし,賃貸借契約,宅建業;資格,宅地建物取引業法に基づく国家資格者。重要事項説明等を独占。,宅地建物取引業法の国家資格者。重要事項説明、35条・37条書面への記名等の独占業務を有する。事務所には5人に1人以上の専任設置義務。賃貸住宅管理業法では、宅建士で指定講習修了者が業務管理者の要件の一つ。,宅地建物取引業;業務管理者,宅地建物取引業法15条以下,A,宅地建物取引士とは、宅地建物取引業法に基づく国家資格者。重要事項説明等を独占。具体的には、宅地建物取引業法の国家資格者。重要事項説明、35条・37条書面への記名等の独占業務を有する。事務所には5人に1人以上の専任設置義務。賃貸住宅管理業法では、宅建士で指定講習修了者が業務管理者の要件の一つ。試験では、宅地建物取引業法15条以下との関係で、定義・要件・効果を具体例と結び付けて押さえます。関連用語である宅地建物取引業・業務管理者との違いも合わせて確認します。
短期解約違約金,たんきかいやくいやくきん,賃貸借契約,違約金;特約,契約期間内の借主からの中途解約時に支払う違約金。,貸主の機会損失補填のため、一定期間内（1〜2年）に借主が中途解約する場合、賃料1〜2ヵ月分の違約金を課す特約。消費者契約法9条で平均的損害を超える部分は無効となる可能性。,違約金;消費者契約法,判例；消費者契約法9条,B,短期解約違約金とは、契約期間内の借主からの中途解約時に支払う違約金です。具体的には、貸主の機会損失補填のため、一定期間内（1〜2年）に借主が中途解約する場合、賃料1〜2ヵ月分の違約金を課す特約。消費者契約法9条で平均的損害を超える部分は無効となる可能性。試験では、判例；消費者契約法9条との関係で、定義・要件・効果を具体例と結び付けて押さえます。関連用語である違約金・消費者契約法との違いも合わせて確認します。
賃借人の地位,ちんしゃくにんのちい,賃貸借契約,地位;権利義務,賃貸借契約上、借主が有する権利義務の総体。,借主は、目的物の使用収益権、賃料支払義務、用法遵守義務、原状回復義務、保管義務（善管注意義務）等を負う。地位の譲渡（賃借権の譲渡）には貸主の承諾が必要。,賃貸人の地位;善管注意義務,民法601条以下,B,賃借人の地位とは、賃貸借契約上、借主が有する権利義務の総体です。具体的には、借主は、目的物の使用収益権、賃料支払義務、用法遵守義務、原状回復義務、保管義務（善管注意義務）等を負う。地位の譲渡（賃借権の譲渡）には貸主の承諾が必要。試験では、民法601条以下との関係で、定義・要件・効果を具体例と結び付けて押さえます。関連用語である賃貸人の地位・善管注意義務との違いも合わせて確認します。
賃貸借契約書,ちんたいしゃくけいやくしょ,賃貸借契約,契約書;書面,賃貸借契約の内容を記載した書面。,賃貸借契約は口頭でも成立するが、トラブル防止のため書面化が一般的。賃料、契約期間、敷金、解除事由、特約等を記載。国土交通省が公表する「賃貸住宅標準契約書」がひな型として広く利用される。,賃貸住宅標準契約書;特約,民法601条等,B,賃貸借契約書とは、賃貸借契約の内容を記載した書面です。具体的には、賃貸借契約は口頭でも成立するが、トラブル防止のため書面化が一般的。賃料、契約期間、敷金、解除事由、特約等を記載。国土交通省が公表する「賃貸住宅標準契約書」がひな型として広く利用される。試験では、民法601条等との関係で、契約当事者・成立要件・終了時の効果を整理して押さえます。関連用語である賃貸住宅標準契約書・特約との違いも合わせて確認します。
賃貸住宅標準契約書,ちんたいじゅうたくひょうじゅんけいやくしょ,賃貸借契約,ひな型;国土交通省,国土交通省が公表する賃貸住宅の標準契約書ひな型。,賃貸借契約の標準的書式。賃料、敷金、修繕、原状回復、解除等を整理。任意の書式だが、実務上広く参考とされる。定期建物賃貸借用の書式、家賃債務保証用、残置物処理委託用なども公表されている。,賃貸借契約書;原状回復ガイドライン,国土交通省公表書式,A,賃貸住宅標準契約書とは、国土交通省が公表する賃貸住宅の標準契約書ひな型です。具体的には、賃貸借契約の標準的書式。賃料、敷金、修繕、原状回復、解除等を整理。任意の書式だが、実務上広く参考とされる。定期建物賃貸借用の書式、家賃債務保証用、残置物処理委託用なども公表されている。試験では、国土交通省公表書式との関係で、契約当事者・成立要件・終了時の効果を整理して押さえます。関連用語である賃貸借契約書・原状回復ガイドラインとの違いも合わせて確認します。
賃貸人の地位,ちんたいにんのちい,賃貸借契約,地位;権利義務,賃貸借契約上、貸主が有する権利義務の総体。,貸主は、目的物の使用収益させる義務、修繕義務、賃料受取権を有する。賃貸不動産の譲渡により対抗要件を備えた借主との関係では地位が当然に移転する（民法605条の2）。,賃借人の地位;賃貸人の地位の移転,民法601条;605条の2,B,賃貸人の地位とは、賃貸借契約上、貸主が有する権利義務の総体です。具体的には、貸主は、目的物の使用収益させる義務、修繕義務、賃料受取権を有する。賃貸不動産の譲渡により対抗要件を備えた借主との関係では地位が当然に移転する（民法605条の2）。試験では、民法601条;605条の2との関係で、定義・要件・効果を具体例と結び付けて押さえます。関連用語である賃借人の地位・賃貸人の地位の移転との違いも合わせて確認します。
特約,とくやく,賃貸借契約,個別合意,民法等の任意規定と異なる、当事者間の特別の合意。,任意規定（民法等）の内容と異なる当事者間の合意。借主に不利な特約でも、内容が明確に合意され、対価関係も妥当であれば原則有効。ただし強行規定違反や公序良俗違反、消費者契約法違反の場合は無効。,任意規定;強行規定;消費者契約法,民法91条,A,特約とは、民法等の任意規定と異なる、当事者間の特別の合意です。具体的には、任意規定（民法等）の内容と異なる当事者間の合意。借主に不利な特約でも、内容が明確に合意され、対価関係も妥当であれば原則有効。ただし強行規定違反や公序良俗違反、消費者契約法違反の場合は無効。試験では、民法91条との関係で、定義・要件・効果を具体例と結び付けて押さえます。関連用語である任意規定・強行規定との違いも合わせて確認します。
反社会的勢力排除条項,はんしゃかいてきせいりょくはいじょじょうこう,賃貸借契約,暴排;特約,暴力団等の反社会的勢力を契約から排除する条項。,借主・連帯保証人が反社会的勢力でないこと、関係しないことを表明保証させ、違反時には無催告解除できる旨を定める条項。標準契約書に盛り込まれている。,暴力団排除条例;表明保証,都道府県暴力団排除条例,B,反社会的勢力排除条項とは、暴力団等の反社会的勢力を契約から排除する条項です。具体的には、借主・連帯保証人が反社会的勢力でないこと、関係しないことを表明保証させ、違反時には無催告解除できる旨を定める条項。標準契約書に盛り込まれている。試験では、都道府県暴力団排除条例との関係で、定義・要件・効果を具体例と結び付けて押さえます。関連用語である暴力団排除条例・表明保証との違いも合わせて確認します。
媒介契約,ばいかいけいやく,賃貸借契約,宅建業;仲介,宅建業者が不動産取引の仲介を依頼者から受託する契約。,宅建業者が売買・賃貸の仲介を行う際の依頼契約。賃貸の媒介では、貸主との媒介契約と借主との媒介契約の2系統がある。媒介報酬の上限は宅建業法46条による。,媒介報酬;宅建業法,宅建業法34条の2,B,媒介契約とは、宅建業者が不動産取引の仲介を依頼者から受託する契約です。具体的には、宅建業者が売買・賃貸の仲介を行う際の依頼契約。賃貸の媒介では、貸主との媒介契約と借主との媒介契約の2系統がある。媒介報酬の上限は宅建業法46条による。試験では、宅建業法34条の2との関係で、契約当事者・成立要件・終了時の効果を整理して押さえます。関連用語である媒介報酬・宅建業法との違いも合わせて確認します。
媒介報酬,ばいかいほうしゅう,賃貸借契約,宅建業法;上限,賃貸の媒介で宅建業者が受領できる報酬の上限。,宅建業法に基づき、賃貸の媒介報酬は貸主・借主双方からの合計で家賃の1ヵ月分（税別）以内。居住用建物の場合、原則として依頼者からの承諾なくして一方から0.5ヵ月分を超える額は受領できない（46条）。,媒介契約;宅建業法,宅建業法46条;告示,A,媒介報酬とは、賃貸の媒介で宅建業者が受領できる報酬の上限です。具体的には、宅建業法に基づき、賃貸の媒介報酬は貸主・借主双方からの合計で家賃の1ヵ月分（税別）以内。居住用建物の場合、原則として依頼者からの承諾なくして一方から0.5ヵ月分を超える額は受領できない（46条）。試験では、宅建業法46条;告示との関係で、定義・要件・効果を具体例と結び付けて押さえます。関連用語である媒介契約・宅建業法との違いも合わせて確認します。
日割賃料,ひわりちんりょう,賃貸借契約,賃料計算,月途中の入退去で、日数に応じて計算される賃料。,契約開始日・終了日が月の途中の場合、暦日按分で計算される賃料。日割計算するかどうかは契約特約による。月割で清算する契約もある。,前家賃;賃料,—,C,日割賃料とは、月途中の入退去で、日数に応じて計算される賃料です。具体的には、契約開始日・終了日が月の途中の場合、暦日按分で計算される賃料。日割計算するかどうかは契約特約による。月割で清算する契約もある。試験では、条文番号そのものよりも、実務上の位置づけ、当事者の負担、似た用語との違いを押さえます。関連用語である前家賃・賃料との違いも合わせて確認します。
ペット飼育特約,ぺっとしいくとくやく,賃貸借契約,用法;特約,ペット飼育の可否・条件を定める特約。,ペット飼育を許可・禁止・条件付き許可とする特約。違反は契約解除事由となりうる。ペット可物件では、退去時原状回復・敷金増額・追加共益費等の条件を付すことが多い。,用法遵守義務;原状回復,—,B,ペット飼育特約とは、ペット飼育の可否・条件を定める特約です。具体的には、ペット飼育を許可・禁止・条件付き許可とする特約。違反は契約解除事由となりうる。ペット可物件では、退去時原状回復・敷金増額・追加共益費等の条件を付すことが多い。試験では、条文番号そのものよりも、実務上の位置づけ、当事者の負担、似た用語との違いを押さえます。関連用語である用法遵守義務・原状回復との違いも合わせて確認します。
保証金,ほしょうきん,賃貸借契約,敷金類似,事業用建物賃貸借等で、敷金的性質と権利金的性質を併せ持つ金銭。,事業用建物賃貸借や関西圏の居住用賃貸借で見られる。敷金部分と償却部分（返還不要部分）からなるのが一般的。多額の保証金により借主の地位保護が問題となりやすい。,敷金;敷引,—,B,保証金とは、事業用建物賃貸借等で、敷金的性質と権利金的性質を併せ持つ金銭です。具体的には、事業用建物賃貸借や関西圏の居住用賃貸借で見られる。敷金部分と償却部分（返還不要部分）からなるのが一般的。多額の保証金により借主の地位保護が問題となりやすい。試験では、条文番号そのものよりも、実務上の位置づけ、当事者の負担、似た用語との違いを押さえます。関連用語である敷金・敷引との違いも合わせて確認します。
保証金償却,ほしょうきんしょうきゃく,賃貸借契約,事業用;返還不要,事業用賃貸借等で、保証金の一部を返還しない仕組み。,事業用賃貸借や関西圏の居住用賃貸借で見られる仕組み。保証金の一部（10〜20%等）を契約終了時に返還せず、貸主のものとする特約。敷引と類似。消費者契約法10条による無効判断の対象となりうる。,敷引;保証金,—,B,保証金償却とは、事業用賃貸借等で、保証金の一部を返還しない仕組みです。具体的には、事業用賃貸借や関西圏の居住用賃貸借で見られる仕組み。保証金の一部（10〜20%等）を契約終了時に返還せず、貸主のものとする特約。敷引と類似。消費者契約法10条による無効判断の対象となりうる。試験では、条文番号そのものよりも、実務上の位置づけ、当事者の負担、似た用語との違いを押さえます。関連用語である敷引・保証金との違いも合わせて確認します。
暴力団排除条例,ぼうりょくだんはいじょじょうれい,賃貸借契約,暴排;条例,都道府県が制定する、暴力団排除に関する条例。,各都道府県が制定。事業者は、契約締結時に相手方が暴力団員でないかを確認し、契約に暴力団排除条項を盛り込むよう努める義務を負う。違反した場合の罰則がある条例もある。,反社会的勢力排除条項,各都道府県暴力団排除条例,B,暴力団排除条例とは、都道府県が制定する、暴力団排除に関する条例です。具体的には、各都道府県が制定。事業者は、契約締結時に相手方が暴力団員でないかを確認し、契約に暴力団排除条項を盛り込むよう努める義務を負う。違反した場合の罰則がある条例もある。試験では、各都道府県暴力団排除条例が何を規律し、賃貸住宅管理のどの場面で関係するかを押さえます。関連用語である反社会的勢力排除条項との違いも合わせて確認します。
前家賃,まえやちん,賃貸借契約,賃料;契約時支払,契約締結時に支払う、契約初月の家賃。,契約締結時に、契約日の属する月（又は翌月）の家賃を前払いとして支払うもの。賃料の前払い特約として一般的。月途中の契約開始の場合、日割計算が行われることが多い。,賃料の支払時期;日割賃料,民法614条（任意規定）,B,前家賃とは、契約締結時に支払う、契約初月の家賃です。具体的には、契約締結時に、契約日の属する月（又は翌月）の家賃を前払いとして支払うもの。賃料の前払い特約として一般的。月途中の契約開始の場合、日割計算が行われることが多い。試験では、民法614条（任意規定）との関係で、定義・要件・効果を具体例と結び付けて押さえます。関連用語である賃料の支払時期・日割賃料との違いも合わせて確認します。
民泊禁止特約,みんぱくきんしとくやく,賃貸借契約,用法;住宅宿泊事業,借りた住宅を民泊（住宅宿泊事業）に転用することを禁止する特約。,借主が住宅宿泊事業法等に基づき民泊として転貸することを禁止する特約。違反は無断転貸として解除事由となる。住宅宿泊事業法では民泊実施に貸主の承諾が必要とされる。,無断転貸;住宅宿泊事業法,—,B,民泊禁止特約とは、借りた住宅を民泊（住宅宿泊事業）に転用することを禁止する特約です。具体的には、借主が住宅宿泊事業法等に基づき民泊として転貸することを禁止する特約。違反は無断転貸として解除事由となる。住宅宿泊事業法では民泊実施に貸主の承諾が必要とされる。試験では、条文番号そのものよりも、実務上の位置づけ、当事者の負担、似た用語との違いを押さえます。関連用語である無断転貸・住宅宿泊事業法との違いも合わせて確認します。
申込金,もうしこみきん,賃貸借契約,契約締結前,申込時に預ける金銭。契約不成立時は返還が原則。,申込時に借主が貸主・仲介業者に預ける金銭（預り金）。契約成立時に敷金等に充当されるが、契約不成立時は全額返還が原則。宅地建物取引業者が受領する場合の返還義務が法定。,申込書;手付金,宅建業法47条の2,B,申込金とは、申込時に預ける金銭。契約不成立時は返還が原則。具体的には、申込時に借主が貸主・仲介業者に預ける金銭（預り金）。契約成立時に敷金等に充当されるが、契約不成立時は全額返還が原則。宅地建物取引業者が受領する場合の返還義務が法定。試験では、宅建業法47条の2との関係で、定義・要件・効果を具体例と結び付けて押さえます。関連用語である申込書・手付金との違いも合わせて確認します。
申込書,もうしこみしょ,賃貸借契約,契約締結前,借受希望者が賃貸物件の契約を申し込む書面。,借受希望者の氏名・勤務先・年収・連帯保証人情報等を記載する書面。入居審査の基礎資料となる。申込みは契約の予約ではなく、貸主の承諾で契約成立。申込金は契約成立前に返還義務がある。,入居審査;申込金,—,B,申込書とは、借受希望者が賃貸物件の契約を申し込む書面です。具体的には、借受希望者の氏名・勤務先・年収・連帯保証人情報等を記載する書面。入居審査の基礎資料となる。申込みは契約の予約ではなく、貸主の承諾で契約成立。申込金は契約成立前に返還義務がある。試験では、条文番号そのものよりも、実務上の位置づけ、当事者の負担、似た用語との違いを押さえます。関連用語である入居審査・申込金との違いも合わせて確認します。
ルームシェア,るーむしぇあ,賃貸借契約,共同入居,複数人が1つの賃貸住宅を共同利用する形態。,複数の借主が一つの住宅を共同で借りる入居形態。契約は連名（共同賃借人）又は代表者1名と他は同居人の形式が一般的。連名契約の場合、賃料支払いは不可分債務として全員が連帯して全額を負担。,シェアハウス;共同賃借人,民法428条以下,B,ルームシェアとは、複数人が1つの賃貸住宅を共同利用する形態です。具体的には、複数の借主が一つの住宅を共同で借りる入居形態。契約は連名（共同賃借人）又は代表者1名と他は同居人の形式が一般的。連名契約の場合、賃料支払いは不可分債務として全員が連帯して全額を負担。試験では、民法428条以下との関係で、定義・要件・効果を具体例と結び付けて押さえます。関連用語であるシェアハウス・共同賃借人との違いも合わせて確認します。
礼金,れいきん,賃貸借契約,金銭;返還不要,契約締結時に貸主に支払う、返還されない金銭。,契約締結時に借主が貸主に支払い、契約終了時にも返還されない金銭。法的根拠はなく、慣習的な性質を持つ。減少傾向にあるが、首都圏では1〜2ヵ月分が一般的。消費者契約法10条による無効主張は難しい。,敷金;敷引,—,A,礼金とは、契約締結時に貸主に支払う、返還されない金銭です。具体的には、契約締結時に借主が貸主に支払い、契約終了時にも返還されない金銭。法的根拠はなく、慣習的な性質を持つ。減少傾向にあるが、首都圏では1〜2ヵ月分が一般的。消費者契約法10条による無効主張は難しい。試験では、条文番号そのものよりも、実務上の位置づけ、当事者の負担、似た用語との違いを押さえます。関連用語である敷金・敷引との違いも合わせて確認します。
連帯保証人,れんたいほしょうにん,賃貸借契約,保証;個人,借主と連帯して債務を負う、個人の保証人。,借主の親族・知人等が連帯保証人となるのが伝統的形態。近年は家賃債務保証会社の利用が一般化。改正民法（2020.4）により、個人の連帯保証契約には極度額の書面明示が義務付けられた。,連帯保証;個人根保証契約;極度額,民法446条;465条の2,A,連帯保証人とは、借主と連帯して債務を負う、個人の保証人です。具体的には、借主の親族・知人等が連帯保証人となるのが伝統的形態。近年は家賃債務保証会社の利用が一般化。改正民法（2020.4）により、個人の連帯保証契約には極度額の書面明示が義務付けられた。試験では、民法446条;465条の2との関係で、定義・要件・効果を具体例と結び付けて押さえます。関連用語である連帯保証・個人根保証契約との違いも合わせて確認します。
ITによる重要事項説明,あいてぃーによるじゅうようじこうせつめい,管理実務,オンライン;IT重説,テレビ会議システム等を利用して行う重要事項説明。,賃貸借契約の重要事項説明をテレビ会議システム等のITを用いて行う方式。賃貸住宅管理業法でも管理受託契約・特定賃貸借契約の重要事項説明でIT利用が認められる。事前書面交付・相手方の承諾が要件。,IT重説;重要事項説明,宅建業法施行規則;賃管業法施行規則,B,ITによる重要事項説明とは、テレビ会議システム等を利用して行う重要事項説明です。具体的には、賃貸借契約の重要事項説明をテレビ会議システム等のITを用いて行う方式。賃貸住宅管理業法でも管理受託契約・特定賃貸借契約の重要事項説明でIT利用が認められる。事前書面交付・相手方の承諾が要件。試験では、宅建業法施行規則;賃管業法施行規則との関係で、対象者・時期・手続・違反時の効果を整理して押さえます。関連用語であるIT重説・重要事項説明との違いも合わせて確認します。
明渡し,あけわたし,管理実務,終了時;返還,賃貸借終了に伴い、借主が貸主に賃借物を引き渡すこと。,賃貸借契約終了後、借主が貸主に建物を引き渡し、現実に占有を移転する手続。退去・荷物搬出・鍵返却を含む。明渡しが完了しなければ、敷金返還請求権は発生しない（民法622条の2）。,原状回復;敷金返還,民法601条;622条の2,A,明渡しとは、賃貸借終了に伴い、借主が貸主に賃借物を引き渡すことです。具体的には、賃貸借契約終了後、借主が貸主に建物を引き渡し、現実に占有を移転する手続。退去・荷物搬出・鍵返却を含む。明渡しが完了しなければ、敷金返還請求権は発生しない（民法622条の2）。試験では、民法601条;622条の2との関係で、定義・要件・効果を具体例と結び付けて押さえます。関連用語である原状回復・敷金返還との違いも合わせて確認します。
明渡し訴訟,あけわたしそしょう,管理実務,強制執行;訴訟,賃借人が任意に明け渡さない場合に提起する建物明渡請求訴訟。,賃料不払いや契約終了後の不退去等に対し、貸主が借主に建物の明渡しを求める訴訟。判決確定後も借主が明け渡さなければ強制執行（民事執行法に基づく断行）が可能。,強制執行;不退去,民事執行法,B,明渡し訴訟とは、賃借人が任意に明け渡さない場合に提起する建物明渡請求訴訟です。具体的には、賃料不払いや契約終了後の不退去等に対し、貸主が借主に建物の明渡しを求める訴訟。判決確定後も借主が明け渡さなければ強制執行（民事執行法に基づく断行）が可能。試験では、民事執行法との関係で、定義・要件・効果を具体例と結び付けて押さえます。関連用語である強制執行・不退去との違いも合わせて確認します。
違法な追い出し行為,いほうなおいだしこうい,管理実務,違法;自力救済,賃料滞納借主に対する違法な明渡し強要行為。,鍵を勝手に交換する、家財を運び出す、電気水道ガスを止める、深夜訪問する、職場・親族に連絡する等の自力救済的行為は違法。損害賠償・刑事責任の対象となりうる。家賃債務保証業者登録制度では禁止行為として明示。,自力救済の禁止;家賃債務保証業者登録制度,民法709条;家賃債務保証業登録規程,A,違法な追い出し行為とは、賃料滞納借主に対する違法な明渡し強要行為です。具体的には、鍵を勝手に交換する、家財を運び出す、電気水道ガスを止める、深夜訪問する、職場・親族に連絡する等の自力救済的行為は違法。損害賠償・刑事責任の対象となりうる。家賃債務保証業者登録制度では禁止行為として明示。試験では、民法709条;家賃債務保証業登録規程との関係で、定義・要件・効果を具体例と結び付けて押さえます。関連用語である自力救済の禁止・家賃債務保証業者登録制度との違いも合わせて確認します。
解約通知,かいやくつうち,管理実務,解約;通知,借主・貸主が賃貸借契約を解約する旨の通知。,期間の定めのない契約での解約申入れ、又は期間の定めある契約で中途解約権を行使する場合の通知。書面で行うのが一般的で、特約により1ヵ月前等の予告期間を要するのが通常。,解約申入れ;期間内解約条項,民法617条;借地借家法27条,B,解約通知とは、借主・貸主が賃貸借契約を解約する旨の通知です。具体的には、期間の定めのない契約での解約申入れ、又は期間の定めある契約で中途解約権を行使する場合の通知。書面で行うのが一般的で、特約により1ヵ月前等の予告期間を要するのが通常。試験では、民法617条;借地借家法27条との関係で、定義・要件・効果を具体例と結び付けて押さえます。関連用語である解約申入れ・期間内解約条項との違いも合わせて確認します。
鍵の管理,かぎのかんり,管理実務,防犯;入居者管理,賃貸住宅の鍵の保管・授受・交換等の業務。,入居時の鍵の引渡し、退去時の返却受領、紛失時の対応、空室時の保管等。管理業者が複製鍵を保管する場合は厳重管理が必要。シリンダー交換のタイミング、ICカード・スマートロックの導入も検討される。,鍵交換費用;スマートロック,—,B,鍵の管理とは、賃貸住宅の鍵の保管・授受・交換等の業務です。具体的には、入居時の鍵の引渡し、退去時の返却受領、紛失時の対応、空室時の保管等。管理業者が複製鍵を保管する場合は厳重管理が必要。シリンダー交換のタイミング、ICカード・スマートロックの導入も検討される。試験では、条文番号そのものよりも、実務上の位置づけ、当事者の負担、似た用語との違いを押さえます。関連用語である鍵交換費用・スマートロックとの違いも合わせて確認します。
火災保険,かさいほけん,管理実務,保険;貸主・借主,火災・落雷・水濡れ等による建物・家財の損害を補償する保険。,建物に対するものは貸主が、家財に対するものは借主が加入するのが一般的。借主の火災保険は契約締結時に加入を義務付けるのが慣行。失火責任法により失火が重過失でない場合の隣家の損害は補償対象外となるため、隣家側の保険でカバーする。,失火責任法;借家人賠償責任保険,保険業法,A,火災保険とは、火災・落雷・水濡れ等による建物・家財の損害を補償する保険です。具体的には、建物に対するものは貸主が、家財に対するものは借主が加入するのが一般的。借主の火災保険は契約締結時に加入を義務付けるのが慣行。失火責任法により失火が重過失でない場合の隣家の損害は補償対象外となるため、隣家側の保険でカバーする。試験では、保険業法との関係で、定義・要件・効果を具体例と結び付けて押さえます。関連用語である失火責任法・借家人賠償責任保険との違いも合わせて確認します。
瑕疵担保責任から契約不適合責任へ,かしたんぽせきにんからけいやくふてきごうせきにんへ,管理実務,改正民法,改正民法により売買・賃貸借でも瑕疵担保責任が契約不適合責任に変更。,2020年4月施行の改正民法で、売主・貸主の責任根拠が「瑕疵」から「契約不適合」に変更。賃貸借でも、契約の内容に適合しない場合の修繕請求権・代金（賃料）減額請求権が明文化された。,改正民法;賃料の当然減額,改正民法562条以下,B,この項目は、2020年4月施行の改正民法により、従来の「瑕疵担保責任」が「契約不適合責任」に整理された変更点です。具体的には、売主・貸主の責任根拠が「隠れた瑕疵」ではなく、契約内容に適合しているかどうかで判断されるようになった。賃貸借でも、契約の内容に適合しない場合の修繕請求権や賃料減額の考え方が問題となる。試験では、改正民法562条以下との関係で、旧制度との違いと賃貸借への影響を押さえます。関連用語である改正民法・賃料の当然減額との違いも合わせて確認します。
管理委託方式とサブリース方式,かんりいたくほうしきとさぶりーすほうしき,管理実務,管理方式,管理業者と賃貸人の関係には委託方式とサブリース方式がある。,①管理委託方式：貸主と管理業者の間で管理受託契約を結び、貸主が借主と直接契約する。②サブリース方式：管理業者が貸主から建物を一括借り上げ（マスターリース）し、借主に転貸する。サブリースの場合、管理業者が借主としての地位も持つ。,管理受託契約;マスターリース契約,賃管業法,A,管理委託方式とサブリース方式とは、管理業者と賃貸人の関係には、委託方式とサブリース方式があります。具体的には、①管理委託方式：貸主と管理業者の間で管理受託契約を結び、貸主が借主と直接契約する。②サブリース方式：管理業者が貸主から建物を一括借り上げ（マスターリース）し、借主に転貸する。サブリースの場合、管理業者が借主としての地位も持つ。試験では、賃管業法との関係で、定義・要件・効果を具体例と結び付けて押さえます。関連用語である管理受託契約・マスターリース契約との違いも合わせて確認します。
管理員,かんりいん,管理実務,現地常駐,賃貸物件・分譲マンションに常駐又は通勤して管理業務を行う者。,受付、清掃、点検、入居者対応、共用部の管理等を行う者。常駐型、日勤型、巡回型等のパターン。賃貸住宅管理業者の従業者として、又は外部委託で配置される。,巡回点検;ビルマネジメント,—,C,管理員とは、賃貸物件・分譲マンションに常駐又は通勤して管理業務を行う者です。具体的には、受付、清掃、点検、入居者対応、共用部の管理等を行う者。常駐型、日勤型、巡回型等のパターン。賃貸住宅管理業者の従業者として、又は外部委託で配置される。試験では、条文番号そのものよりも、実務上の位置づけ、当事者の負担、似た用語との違いを押さえます。関連用語である巡回点検・ビルマネジメントとの違いも合わせて確認します。
管理規約・使用細則,かんりきやく・しようさいそく,管理実務,区分所有;マンション,分譲マンション等の運営ルール。賃貸住戸の借主も遵守する。,区分所有建物（分譲マンション）の管理規約・使用細則は、賃貸住戸の借主にも適用される。ペット飼育、楽器使用、専有部のリフォーム等を規制。借主に管理規約を遵守させる義務は貸主にある。,区分所有法;規約,区分所有法,B,管理規約・使用細則とは、分譲マンション等の運営ルール。賃貸住戸の借主も遵守する。具体的には、区分所有建物（分譲マンション）の管理規約・使用細則は、賃貸住戸の借主にも適用される。ペット飼育、楽器使用、専有部のリフォーム等を規制。借主に管理規約を遵守させる義務は貸主にある。試験では、区分所有法との関係で、定義・要件・効果を具体例と結び付けて押さえます。関連用語である区分所有法・規約との違いも合わせて確認します。
管理業者の役割,かんりぎょうしゃのやくわり,管理実務,概論,賃貸住宅管理業者が貸主・借主・社会に対して果たす役割。,①貸主の代理として賃貸経営をサポート、②借主に対し適正な居住環境を提供、③地域社会の良好な住環境の維持、を主な役割とする。法令遵守と高い職業倫理が求められる。,業務処理の原則;倫理憲章,賃貸住宅管理業法10条,B,管理業者の役割とは、賃貸住宅管理業者が貸主・借主・社会に対して果たす役割です。具体的には、①貸主の代理として賃貸経営をサポート、②借主に対し適正な居住環境を提供、③地域社会の良好な住環境の維持、を主な役割とする。法令遵守と高い職業倫理が求められる。試験では、賃貸住宅管理業法10条との関係で、定義・要件・効果を具体例と結び付けて押さえます。関連用語である業務処理の原則・倫理憲章との違いも合わせて確認します。
求償権,きゅうしょうけん,管理実務,保証;立替,代位弁済者が、本来の債務者に対して支払を求める権利。,保証人・保証会社が代位弁済した場合に、本来の債務者（借主）に対し弁済額の支払を求める権利。家賃債務保証会社は借主に求償する立場となる。求償権の行使も法に則って行う必要がある。,代位弁済,民法459条以下,C,求償権とは、代位弁済者が、本来の債務者に対して支払を求める権利です。具体的には、保証人・保証会社が代位弁済した場合に、本来の債務者（借主）に対し弁済額の支払を求める権利。家賃債務保証会社は借主に求償する立場となる。求償権の行使も法に則って行う必要がある。試験では、民法459条以下との関係で、定義・要件・効果を具体例と結び付けて押さえます。関連用語である代位弁済との違いも合わせて確認します。
強制執行,きょうせいしっこう,管理実務,民事執行;強制,債務名義に基づき、債務者の意思によらず権利を実現する手続。,判決等の債務名義に基づき、裁判所執行官が借主の意思によらず建物を明け渡させる手続。家財の保管・処分も伴う。費用は債権者（貸主）が予納するが、後に債務者に求償可能。,明渡し訴訟;債務名義,民事執行法,C,強制執行とは、債務名義に基づき、債務者の意思によらず権利を実現する手続です。具体的には、判決等の債務名義に基づき、裁判所執行官が借主の意思によらず建物を明け渡させる手続。家財の保管・処分も伴う。費用は債権者（貸主）が予納するが、後に債務者に求償可能。試験では、民事執行法との関係で、定義・要件・効果を具体例と結び付けて押さえます。関連用語である明渡し訴訟・債務名義との違いも合わせて確認します。
緊急対応,きんきゅうたいおう,管理実務,夜間休日;トラブル,夜間休日の水漏れ・鍵忘れ等の緊急トラブルへの対応。,24時間体制での緊急対応（水漏れ、停電、鍵忘れ、近隣トラブル等）。管理業者の付加価値サービスとして提供されることが多く、コールセンター業者への外部委託も一般的。,苦情処理;鍵の管理,—,B,緊急対応とは、夜間休日の水漏れ・鍵忘れ等の緊急トラブルへの対応です。具体的には、24時間体制での緊急対応（水漏れ、停電、鍵忘れ、近隣トラブル等）。管理業者の付加価値サービスとして提供されることが多く、コールセンター業者への外部委託も一般的。試験では、条文番号そのものよりも、実務上の位置づけ、当事者の負担、似た用語との違いを押さえます。関連用語である苦情処理・鍵の管理との違いも合わせて確認します。
緊急連絡先,きんきゅうれんらくさき,管理実務,入居者管理,借主の所在不明・緊急時に連絡を取るための借主以外の連絡先。,保証人とは異なり、緊急時の連絡用として登録される連絡先（親族等）。法的義務はなく契約条件として求められる。単身高齢者の見守り、孤独死対応等の観点で重要性が高まっている。,見守りサービス;孤独死,—,C,緊急連絡先とは、借主の所在不明・緊急時に連絡を取るための借主以外の連絡先です。具体的には、保証人とは異なり、緊急時の連絡用として登録される連絡先（親族等）。法的義務はなく契約条件として求められる。単身高齢者の見守り、孤独死対応等の観点で重要性が高まっている。試験では、条文番号そのものよりも、実務上の位置づけ、当事者の負担、似た用語との違いを押さえます。関連用語である見守りサービス・孤独死との違いも合わせて確認します。
近隣対応・周辺対応,きんりんたいおう・しゅうへんたいおう,管理実務,苦情;近隣関係,物件周辺の近隣住民・自治会等への対応業務。,建物の影響（騒音・日照・電波等）に関する苦情、自治会との関係構築、ゴミ集積所のルール対応等。賃貸物件は地域コミュニティの一員として近隣との関係構築が経営の安定に寄与する。,苦情処理;近隣トラブル,—,B,近隣対応・周辺対応とは、物件周辺の近隣住民・自治会等への対応業務です。具体的には、建物の影響（騒音・日照・電波等）に関する苦情、自治会との関係構築、ゴミ集積所のルール対応等。賃貸物件は地域コミュニティの一員として近隣との関係構築が経営の安定に寄与する。試験では、条文番号そのものよりも、実務上の位置づけ、当事者の負担、似た用語との違いを押さえます。関連用語である苦情処理・近隣トラブルとの違いも合わせて確認します。
近隣トラブル,きんりんとらぶる,管理実務,苦情;対応,騒音・ペット・ゴミ等、隣人間の生活上のトラブル。,騒音、振動、悪臭、ペット、共用部分の使い方、ゴミ出しマナー、駐車駐輪、迷惑行為等。第一次的には当事者間で解決すべきだが、悪化時は管理業者が間に入り注意喚起・警告等を行う。,苦情処理;用法遵守義務,—,B,近隣トラブルとは、騒音・ペット・ゴミ等、隣人間の生活上のトラブルです。具体的には、騒音、振動、悪臭、ペット、共用部分の使い方、ゴミ出しマナー、駐車駐輪、迷惑行為等。第一次的には当事者間で解決すべきだが、悪化時は管理業者が間に入り注意喚起・警告等を行う。試験では、条文番号そのものよりも、実務上の位置づけ、当事者の負担、似た用語との違いを押さえます。関連用語である苦情処理・用法遵守義務との違いも合わせて確認します。
空室対策,くうしつたいさく,管理実務,賃貸経営,空室率低下のための募集・改善等の総合的活動。,賃料・敷礼の見直し、リフォーム・リノベーション、設備グレードアップ、フリーレント等のキャンペーン、ターゲット層の見直し、媒介業者との連携強化等を組み合わせて実施。,募集賃料;リノベーション,—,A,空室対策とは、空室率低下のための募集・改善等の総合的活動です。具体的には、賃料・敷礼の見直し、リフォーム・リノベーション、設備グレードアップ、フリーレント等のキャンペーン、ターゲット層の見直し、媒介業者との連携強化等を組み合わせて実施。試験では、条文番号そのものよりも、実務上の位置づけ、当事者の負担、似た用語との違いを押さえます。関連用語である募集賃料・リノベーションとの違いも合わせて確認します。
苦情処理,くじょうしょり,管理実務,クレーム対応,借主・近隣からの苦情を受け、対応・解決を図る業務。,騒音・水漏れ・設備不具合・隣室トラブル等の苦情について、当事者間の調整、修繕手配、警察・自治体連携等を行う業務。記録の保存が重要。,クレーム対応;近隣トラブル,—,A,苦情処理とは、借主・近隣からの苦情を受け、対応・解決を図る業務です。具体的には、騒音・水漏れ・設備不具合・隣室トラブル等の苦情について、当事者間の調整、修繕手配、警察・自治体連携等を行う業務。記録の保存が重要。試験では、条文番号そのものよりも、実務上の位置づけ、当事者の負担、似た用語との違いを押さえます。関連用語であるクレーム対応・近隣トラブルとの違いも合わせて確認します。
個人賠償責任保険,こじんばいしょうせきにんほけん,管理実務,借主の保険,日常生活上の事故で他人に損害を与えた場合の賠償責任を補償する保険。,借主が日常生活で第三者（隣人等）に損害を与えた場合の賠償責任を補償する保険。火災保険の特約や自動車保険の特約として付帯するのが一般的。,火災保険,—,B,個人賠償責任保険とは、日常生活上の事故で他人に損害を与えた場合の賠償責任を補償する保険です。具体的には、借主が日常生活で第三者（隣人等）に損害を与えた場合の賠償責任を補償する保険。火災保険の特約や自動車保険の特約として付帯するのが一般的。試験では、条文番号そのものよりも、実務上の位置づけ、当事者の負担、似た用語との違いを押さえます。関連用語である火災保険との違いも合わせて確認します。
孤独死,こどくし,管理実務,高齢者;事故物件,賃借人が誰にも看取られず室内で死亡する事象。,近年、単身高齢者の増加で発生件数が増加。発見遅れによる特殊清掃・原状回復費用、心理的瑕疵による賃料下落リスクがある。残置物処理委託契約、見守りサービス、家財保険等の備えが重要。,残置物処理委託契約;心理的瑕疵;事故物件ガイドライン,—,A,孤独死とは、賃借人が誰にも看取られず室内で死亡する事象です。具体的には、近年、単身高齢者の増加で発生件数が増加。発見遅れによる特殊清掃・原状回復費用、心理的瑕疵による賃料下落リスクがある。残置物処理委託契約、見守りサービス、家財保険等の備えが重要。試験では、条文番号そのものよりも、実務上の位置づけ、当事者の負担、似た用語との違いを押さえます。関連用語である残置物処理委託契約・心理的瑕疵との違いも合わせて確認します。
サブリースガイドライン,さぶりーすがいどらいん,管理実務,サブリース;指針,国土交通省がサブリース事業の適正化のために公表した指針。,「サブリース事業に係る適正な業務のためのガイドライン」（2020年）。賃貸住宅管理業法のサブリース規制（誇大広告・不当勧誘の禁止等）の運用について、具体的事例を示す。,誇大広告等の禁止;不当な勧誘等の禁止,国土交通省ガイドライン,B,サブリースガイドラインとは、国土交通省がサブリース事業の適正化のために公表した指針です。具体的には、「サブリース事業に係る適正な業務のためのガイドライン」（2020年）。賃貸住宅管理業法のサブリース規制（誇大広告・不当勧誘の禁止等）の運用について、具体的事例を示す。試験では、国土交通省ガイドラインが何を規律し、賃貸住宅管理のどの場面で関係するかを押さえます。関連用語である誇大広告等の禁止・不当な勧誘等の禁止との違いも合わせて確認します。
借家人賠償責任保険,しゃくやにんばいしょうせきにんほけん,管理実務,借主の保険,借主の過失で賃借物に損害を与えた場合の賠償責任を補償する保険。,火災保険の特約として加入する。借主の善管注意義務違反による失火・水漏れ・破損等で貸主への損害賠償責任を負った場合に補償。,火災保険;失火責任法,—,A,借家人賠償責任保険とは、借主の過失で賃借物に損害を与えた場合の賠償責任を補償する保険です。具体的には、火災保険の特約として加入する。借主の善管注意義務違反による失火・水漏れ・破損等で貸主への損害賠償責任を負った場合に補償。試験では、条文番号そのものよりも、実務上の位置づけ、当事者の負担、似た用語との違いを押さえます。関連用語である火災保険・失火責任法との違いも合わせて確認します。
修繕計画,しゅうぜんけいかく,管理実務,維持保全;計画修繕,建物・設備の中長期的な修繕予定をまとめた計画。,建物各部の劣化予測、修繕周期、概算費用を踏まえた長期修繕計画。屋根・外壁・給排水・電気設備等の周期的修繕に対応。賃貸経営の収支計画の基礎となる重要文書。,計画修繕;長期修繕計画,—,A,修繕計画とは、建物・設備の中長期的な修繕予定をまとめた計画です。具体的には、建物各部の劣化予測、修繕周期、概算費用を踏まえた長期修繕計画。屋根・外壁・給排水・電気設備等の周期的修繕に対応。賃貸経営の収支計画の基礎となる重要文書。試験では、条文番号そのものよりも、実務上の位置づけ、当事者の負担、似た用語との違いを押さえます。関連用語である計画修繕・長期修繕計画との違いも合わせて確認します。
心理的瑕疵,しんりてきかし,管理実務,告知義務,心理的な抵抗を生む建物の状態・履歴。,事件・自殺等の発生、近隣の嫌悪施設等、入居判断に影響を与える心理的要因。借主の合理的判断に重要な事項として、貸主・宅建業者は告知義務を負う場合がある。,事故物件;告知義務,宅建業法;判例,B,心理的瑕疵とは、心理的な抵抗を生む建物の状態・履歴です。具体的には、事件・自殺等の発生、近隣の嫌悪施設等、入居判断に影響を与える心理的要因。借主の合理的判断に重要な事項として、貸主・宅建業者は告知義務を負う場合がある。試験では、宅建業法;判例との関係で、定義・要件・効果を具体例と結び付けて押さえます。関連用語である事故物件・告知義務との違いも合わせて確認します。
事故物件,じこぶっけん,管理実務,心理的瑕疵;告知義務,自殺・殺人・事故死等が発生した物件。心理的瑕疵を伴う。,前入居者の自殺・殺人・事故死等で心理的瑕疵がある物件。宅建業法上、重要事項として告知義務の対象となりうる。2021年に国土交通省「人の死の告知に関するガイドライン」公表。,心理的瑕疵;告知義務;事故物件ガイドライン,宅建業法47条;ガイドライン,A,事故物件とは、自殺・殺人・事故死等が発生した物件。心理的瑕疵を伴う。具体的には、前入居者の自殺・殺人・事故死等で心理的瑕疵がある物件。宅建業法上、重要事項として告知義務の対象となりうる。2021年に国土交通省「人の死の告知に関するガイドライン」公表。試験では、宅建業法47条;ガイドラインとの関係で、定義・要件・効果を具体例と結び付けて押さえます。関連用語である心理的瑕疵・告知義務との違いも合わせて確認します。
事後保全,じごほぜん,管理実務,維持保全,故障発生後に対応する維持管理。,予防保全と対比される概念で、設備故障・損傷の発生後に修理を行う方式。緊急性が高く、計画的予算化が難しい。安全に関わる設備は予防保全が望ましい。,予防保全;緊急修繕,—,C,事後保全とは、故障発生後に対応する維持管理です。具体的には、予防保全と対比される概念で、設備故障・損傷の発生後に修理を行う方式。緊急性が高く、計画的予算化が難しい。安全に関わる設備は予防保全が望ましい。試験では、条文番号そのものよりも、実務上の位置づけ、当事者の負担、似た用語との違いを押さえます。関連用語である予防保全・緊急修繕との違いも合わせて確認します。
地震保険,じしんほけん,管理実務,保険,地震・噴火・津波による損害を補償する保険。火災保険とセットで加入。,"地震保険法に基づく官民共同制度。単独契約はできず、火災保険に付帯して加入。建物の場合5,000万円、家財1,000万円が補償限度。",火災保険;地震保険法,地震保険法,B,"地震保険とは、地震・噴火・津波による損害を補償する保険。火災保険とセットで加入。具体的には、地震保険法に基づく官民共同制度。単独契約はできず、火災保険に付帯して加入。建物の場合5,000万円、家財1,000万円が補償限度。試験では、地震保険法との関係で、定義・要件・効果を具体例と結び付けて押さえます。関連用語である火災保険・地震保険法との違いも合わせて確認します。"
巡回点検,じゅんかいてんけん,管理実務,維持保全,管理業者が定期的に物件を訪問し、状態を点検する業務。,週次・月次等の頻度で物件を訪問し、共用部の汚れ・破損、設備の異常、ゴミ集積所の状態、違法駐車等を確認する。点検記録の作成・貸主への報告が望ましい。,予防保全;管理事務報告書,—,B,巡回点検とは、管理業者が定期的に物件を訪問し、状態を点検する業務です。具体的には、週次・月次等の頻度で物件を訪問し、共用部の汚れ・破損、設備の異常、ゴミ集積所の状態、違法駐車等を確認する。点検記録の作成・貸主への報告が望ましい。試験では、条文番号そのものよりも、実務上の位置づけ、当事者の負担、似た用語との違いを押さえます。関連用語である予防保全・管理事務報告書との違いも合わせて確認します。
自力救済の禁止,じりききゅうさいのきんし,管理実務,違法行為,法的手続によらず実力で権利を実現することの禁止。,近代法の大原則。貸主が借主の同意なく勝手に鍵を交換する、家財を運び出す、ガス水道を止める等の行為は違法。損害賠償責任を負う。建物明渡しは判決と強制執行手続による必要がある。,強制執行;追い出し屋,民法709条;判例,A,自力救済の禁止とは、法的手続によらず実力で権利を実現することの禁止です。具体的には、近代法の大原則。貸主が借主の同意なく勝手に鍵を交換する、家財を運び出す、ガス水道を止める等の行為は違法。損害賠償責任を負う。建物明渡しは判決と強制執行手続による必要がある。試験では、民法709条;判例との関係で、対象者・時期・手続・違反時の効果を整理して押さえます。関連用語である強制執行・追い出し屋との違いも合わせて確認します。
成約家賃,せいやくやちん,管理実務,市場,実際に契約された家賃。市場相場の指標。,募集賃料に対し、実際に契約成立した賃料。フリーレント・敷礼の有無を考慮した実質賃料も重要。市場相場の把握、賃料増減請求の根拠資料として用いる。,募集賃料;近傍同種建物の賃料,—,B,成約家賃とは、実際に契約された家賃。市場相場の指標。具体的には、募集賃料に対し、実際に契約成立した賃料。フリーレント・敷礼の有無を考慮した実質賃料も重要。市場相場の把握、賃料増減請求の根拠資料として用いる。試験では、条文番号そのものよりも、実務上の位置づけ、当事者の負担、似た用語との違いを押さえます。関連用語である募集賃料・近傍同種建物の賃料との違いも合わせて確認します。
騒音問題,そうおんもんだい,管理実務,近隣トラブル,上階・隣室等からの音による生活トラブル。,足音・楽器・テレビ・話し声等による近隣トラブル。受忍限度を超えるかどうかが法的争点。管理業者は当事者間の調整役を担うが、強い権限はない。具体的事実関係を記録・整理することが重要。,受忍限度論;近隣トラブル,判例,B,騒音問題とは、上階・隣室等からの音による生活トラブルです。具体的には、足音・楽器・テレビ・話し声等による近隣トラブル。受忍限度を超えるかどうかが法的争点。管理業者は当事者間の調整役を担うが、強い権限はない。具体的事実関係を記録・整理することが重要。試験では、判例との関係で、定義・要件・効果を具体例と結び付けて押さえます。関連用語である受忍限度論・近隣トラブルとの違いも合わせて確認します。
滞納督促,たいのうとくそく,管理実務,賃料滞納;督促,賃料滞納借主に対する支払催促・督促業務。,賃料滞納時に管理業者が借主に対し、電話・文書等で支払を催促する業務。早期対応が重要。連帯保証人・家賃債務保証会社への通知、内容証明での催告等を段階的に行う。督促時間帯・方法は適切に。,賃料滞納;催告;違法な督促,—,A,滞納督促とは、賃料滞納借主に対する支払催促・督促業務です。具体的には、賃料滞納時に管理業者が借主に対し、電話・文書等で支払を催促する業務。早期対応が重要。連帯保証人・家賃債務保証会社への通知、内容証明での催告等を段階的に行う。督促時間帯・方法は適切に。試験では、条文番号そのものよりも、実務上の位置づけ、当事者の負担、似た用語との違いを押さえます。関連用語である賃料滞納・催告との違いも合わせて確認します。
代位弁済,だいいべんさい,管理実務,保証;立替,保証人・保証会社等が、債務者に代わって債務を弁済すること。,民法499条以下。保証人や家賃債務保証会社が、借主に代わって賃料を貸主に支払うこと。弁済者は債務者に対し求償権を取得する。家賃保証会社の業務はこの代位弁済とその後の求償からなる。,求償権;家賃債務保証会社,民法499条以下,B,代位弁済とは、保証人・保証会社等が、債務者に代わって債務を弁済することです。根拠条文は民法499条以下です。保証人や家賃債務保証会社が、借主に代わって賃料を貸主に支払うこと。弁済者は債務者に対し求償権を取得する。家賃保証会社の業務はこの代位弁済とその後の求償からなる。試験では、民法499条以下との関係で、定義・要件・効果を具体例と結び付けて押さえます。関連用語である求償権・家賃債務保証会社との違いも合わせて確認します。
賃料改定の協議,ちんりょうかいていのきょうぎ,管理実務,賃料増減,賃料変更を当事者間で話し合う手続。,賃料増減請求権の行使前に、当事者間で改定協議を行うのが実務的。経済情勢、近傍同種建物の賃料、修繕費負担等の資料を示し、合意による改定を目指す。合意できない場合は調停・訴訟へ。,賃料増減請求権;調停前置主義,借地借家法32条,B,賃料改定の協議とは、賃料変更を当事者間で話し合う手続です。具体的には、賃料増減請求権の行使前に、当事者間で改定協議を行うのが実務的。経済情勢、近傍同種建物の賃料、修繕費負担等の資料を示し、合意による改定を目指す。合意できない場合は調停・訴訟へ。試験では、借地借家法32条との関係で、定義・要件・効果を具体例と結び付けて押さえます。関連用語である賃料増減請求権・調停前置主義との違いも合わせて確認します。
賃料の改定特約,ちんりょうのかいていとくやく,管理実務,賃料;特約,賃料改定の方法・タイミングを特約で定めること。,「契約更新時に賃料の見直しを協議する」「2年経過時に消費者物価指数の上昇分賃料を増額する」等の特約。普通借家では借主に不利な特約は無効になりうる。定期借家では賃料増減請求権を排除可能。,賃料増減請求権;特約,借地借家法32条;38条9項,B,賃料の改定特約とは、賃料改定の方法・タイミングを特約で定めることです。具体的には、「契約更新時に賃料の見直しを協議する」「2年経過時に消費者物価指数の上昇分賃料を増額する」等の特約。普通借家では借主に不利な特約は無効になりうる。定期借家では賃料増減請求権を排除可能。試験では、借地借家法32条;38条9項との関係で、定義・要件・効果を具体例と結び付けて押さえます。関連用語である賃料増減請求権・特約との違いも合わせて確認します。
賃料の集金代行,ちんりょうのしゅうきんだいこう,管理実務,金銭管理,管理業者が貸主に代わって借主から賃料を集金する業務。,管理業者が貸主の代理で借主から賃料を受領し、貸主に送金する業務。管理業務の重要な要素。借主に貸主への直接支払を避けさせ、滞納督促等もスムーズに行える。固有財産との分別管理が必要。,金銭管理;分別管理義務,賃貸住宅管理業法施行規則等,A,賃料の集金代行とは、管理業者が貸主に代わって借主から賃料を集金する業務です。具体的には、管理業者が貸主の代理で借主から賃料を受領し、貸主に送金する業務。管理業務の重要な要素。借主に貸主への直接支払を避けさせ、滞納督促等もスムーズに行える。固有財産との分別管理が必要。試験では、賃貸住宅管理業法施行規則等との関係で、定義・要件・効果を具体例と結び付けて押さえます。関連用語である金銭管理・分別管理義務との違いも合わせて確認します。
テナントリレーション,てなんとりれーしょん,管理実務,入居者対応,入居者との良好な関係を維持する活動。,入居者の満足度を高め、長期入居・更新・口コミ評価を促進するための関係構築活動。苦情への迅速対応、定期的なコミュニケーション、付帯サービスの提供等。,苦情処理;入居者満足度,—,B,テナントリレーションとは、入居者との良好な関係を維持する活動です。具体的には、入居者の満足度を高め、長期入居・更新・口コミ評価を促進するための関係構築活動。苦情への迅速対応、定期的なコミュニケーション、付帯サービスの提供等。試験では、条文番号そのものよりも、実務上の位置づけ、当事者の負担、似た用語との違いを押さえます。関連用語である苦情処理・入居者満足度との違いも合わせて確認します。
電子契約,でんしけいやく,管理実務,デジタル化,電磁的記録による契約締結。賃貸借契約でも導入が進む。,電子署名・電子サインを用いた契約締結。賃貸住宅管理業法の各種書面交付も、相手方の承諾を得れば電磁的方法で代替可能。デジタル化進展で実務上の利用が拡大。,電磁的方法;電子署名,電子署名法;賃管業法等,B,電子契約とは、電磁的記録による契約締結。賃貸借契約でも導入が進む。具体的には、電子署名・電子サインを用いた契約締結。賃貸住宅管理業法の各種書面交付も、相手方の承諾を得れば電磁的方法で代替可能。デジタル化進展で実務上の利用が拡大。試験では、電子署名法;賃管業法等との関係で、契約当事者・成立要件・終了時の効果を整理して押さえます。関連用語である電磁的方法・電子署名との違いも合わせて確認します。
入居審査,にゅうきょしんさ,管理実務,募集;契約締結前,賃貸借契約締結前に、借受希望者の属性・支払能力等を確認する手続。,申込者が物件に入居するにふさわしいか、入居条件が妥当かを確認する手続。本人確認、勤務先・収入確認、反社会的勢力でないかの確認、保証人・家賃債務保証会社の利用等を審査する。差別的取扱いは避ける必要がある。,本人確認;反社チェック;家賃債務保証会社,個人情報保護法;住宅セーフティネット法等,A,入居審査とは、賃貸借契約締結前に、借受希望者の属性・支払能力等を確認する手続です。具体的には、申込者が物件に入居するにふさわしいか、入居条件が妥当かを確認する手続。本人確認、勤務先・収入確認、反社会的勢力でないかの確認、保証人・家賃債務保証会社の利用等を審査する。差別的取扱いは避ける必要がある。試験では、個人情報保護法;住宅セーフティネット法等との関係で、定義・要件・効果を具体例と結び付けて押さえます。関連用語である本人確認・反社チェックとの違いも合わせて確認します。
人の死の告知に関するガイドライン,ひとのしのこくちにかんするがいどらいん,管理実務,告知義務;事故物件,前入居者等の死亡について、告知義務の範囲を示した国交省ガイドライン。,2021年公表の国土交通省ガイドライン。①自然死・事故死は原則告知義務なし、②自殺・他殺等は告知が必要、③自然死でも特殊清掃を要するケースは告知必要、④賃貸借では事案発生から概ね3年間が目安等を示す。,事故物件;心理的瑕疵,国土交通省ガイドライン（2021年）,A,人の死の告知に関するガイドラインとは、前入居者等の死亡について、告知義務の範囲を示した国交省ガイドラインです。具体的には、2021年公表の国土交通省ガイドライン。①自然死・事故死は原則告知義務なし、②自殺・他殺等は告知が必要、③自然死でも特殊清掃を要するケースは告知必要、④賃貸借では事案発生から概ね3年間が目安等を示す。試験では、国土交通省ガイドライン（2021年）が何を規律し、賃貸住宅管理のどの場面で関係するかを押さえます。関連用語である事故物件・心理的瑕疵との違いも合わせて確認します。
ビルマネジメント（BM）,びるまねじめんと,管理実務,BM;建物管理,建物の物理的維持管理業務。設備点検・清掃・警備等。,建物の物理的な維持管理。設備管理、保守点検、清掃、警備、衛生管理等を含む。PMの一部として位置づけられる場合もあるが、専門のビルメンテナンス業者が担うことが多い。,プロパティマネジメント;設備点検,—,B,ビルマネジメント（BM）とは、建物の物理的維持管理業務。設備点検・清掃・警備等。具体的には、建物の物理的な維持管理。設備管理、保守点検、清掃、警備、衛生管理等を含む。PMの一部として位置づけられる場合もあるが、専門のビルメンテナンス業者が担うことが多い。試験では、条文番号そのものよりも、実務上の位置づけ、当事者の負担、似た用語との違いを押さえます。関連用語であるプロパティマネジメント・設備点検との違いも合わせて確認します。
フリーレント,ふりーれんと,管理実務,募集;キャンペーン,入居後一定期間の賃料を無料とするキャンペーン。,入居後1〜3ヵ月程度の賃料を無料とする募集条件。実質的な家賃調整手段として、表面賃料を下げずに入居促進する効果がある。短期解約違約金を組み合わせるのが一般的。,短期解約違約金;募集条件,—,B,フリーレントとは、入居後一定期間の賃料を無料とするキャンペーンです。具体的には、入居後1〜3ヵ月程度の賃料を無料とする募集条件。実質的な家賃調整手段として、表面賃料を下げずに入居促進する効果がある。短期解約違約金を組み合わせるのが一般的。試験では、条文番号そのものよりも、実務上の位置づけ、当事者の負担、似た用語との違いを押さえます。関連用語である短期解約違約金・募集条件との違いも合わせて確認します。
分別管理義務,ぶんべつかんりぎむ,管理実務,金銭管理;預り金,管理業者が、預かり金を自己固有財産と区別して管理する義務。,賃貸住宅管理業法施行規則36条等。管理業者が貸主から預かる家賃・敷金・修繕積立金等を、自己固有の財産と明確に分別して管理する義務。預金口座の分別、帳簿上の区分等の方法による。違反は監督処分対象。,金銭管理;預り金口座,賃貸住宅管理業法施行規則36条,A,分別管理義務とは、管理業者が、預かり金を自己固有財産と区別して管理する義務です。具体的には、賃貸住宅管理業法施行規則36条等。管理業者が貸主から預かる家賃・敷金・修繕積立金等を、自己固有の財産と明確に分別して管理する義務。預金口座の分別、帳簿上の区分等の方法による。違反は監督処分対象。試験では、賃貸住宅管理業法施行規則36条との関係で、対象者・時期・手続・違反時の効果を整理して押さえます。関連用語である金銭管理・預り金口座との違いも合わせて確認します。
プロパティマネジメント（PM）,ぷろぱてぃまねじめんと,管理実務,PM;運営管理,賃貸不動産の運営管理。賃貸経営の収益最大化を目的とする業務。,賃貸不動産の運営管理全般。リーシング（テナント募集）、入居者対応、家賃徴収、修繕計画、テナントリレーション、収支報告等を行い、所有者のための賃貸経営最適化を図る。日本では管理受託の高度化形態として発展。,アセットマネジメント;BM,—,A,プロパティマネジメント（PM）とは、賃貸不動産の運営管理。賃貸経営の収益最大化を目的とする業務。具体的には、賃貸不動産の運営管理全般。リーシング（テナント募集）、入居者対応、家賃徴収、修繕計画、テナントリレーション、収支報告等を行い、所有者のための賃貸経営最適化を図る。日本では管理受託の高度化形態として発展。試験では、条文番号そのものよりも、実務上の位置づけ、当事者の負担、似た用語との違いを押さえます。関連用語であるアセットマネジメント・BMとの違いも合わせて確認します。
保険,ほけん,管理実務,リスク管理,火災・地震・賠償等のリスクに備える保険。,賃貸経営に関わる各種保険。建物に対する火災保険・地震保険、家財保険、施設賠償責任保険、家賃補償保険等。貸主・借主それぞれが必要な保険を選択。,火災保険;地震保険;家財保険,保険業法;保険法,B,保険とは、火災・地震・賠償等のリスクに備える保険です。具体的には、賃貸経営に関わる各種保険。建物に対する火災保険・地震保険、家財保険、施設賠償責任保険、家賃補償保険等。貸主・借主それぞれが必要な保険を選択。試験では、保険業法;保険法との関係で、定義・要件・効果を具体例と結び付けて押さえます。関連用語である火災保険・地震保険との違いも合わせて確認します。
本人確認,ほんにんかくにん,管理実務,犯罪収益移転防止法,顧客の身分証等を確認する手続。犯罪収益移転防止法上必要となる。,顧客の本人特定事項（氏名・住所・生年月日）を運転免許証・マイナンバーカード・住民票等で確認する手続。宅建業者・賃貸住宅管理業者には、犯罪収益移転防止法に基づく取引時確認義務がある場合がある。,犯罪収益移転防止法,犯罪収益移転防止法4条,B,本人確認とは、顧客の身分証等を確認する手続。犯罪収益移転防止法上必要となる。具体的には、顧客の本人特定事項（氏名・住所・生年月日）を運転免許証・マイナンバーカード・住民票等で確認する手続。宅建業者・賃貸住宅管理業者には、犯罪収益移転防止法に基づく取引時確認義務がある場合がある。試験では、犯罪収益移転防止法4条との関係で、定義・要件・効果を具体例と結び付けて押さえます。関連用語である犯罪収益移転防止法との違いも合わせて確認します。
募集賃料,ぼしゅうちんりょう,管理実務,募集,新規入居者を募集する際に提示する賃料。,賃貸物件の新規募集時に提示する賃料。市場相場・物件特性・経営方針を踏まえて設定する。フリーレント・敷礼ゼロ等のキャンペーンと組み合わせることもある。,フリーレント;市場賃料,—,B,募集賃料とは、新規入居者を募集する際に提示する賃料です。具体的には、賃貸物件の新規募集時に提示する賃料。市場相場・物件特性・経営方針を踏まえて設定する。フリーレント・敷礼ゼロ等のキャンペーンと組み合わせることもある。試験では、条文番号そのものよりも、実務上の位置づけ、当事者の負担、似た用語との違いを押さえます。関連用語であるフリーレント・市場賃料との違いも合わせて確認します。
家賃債務保証会社,やちんさいむほしょうがいしゃ,管理実務,保証会社;機関保証,借主の家賃債務を保証する事業者。連帯保証人に代わる仕組み。,借主から保証料を受領し、借主の家賃支払いを保証する事業者。賃料滞納時に立替払いする仕組み。国土交通省の任意登録制度（家賃債務保証業者登録制度）あり。連帯保証人を確保しにくい高齢者・外国人等への入居機会拡大に寄与。,家賃債務保証業者登録制度;連帯保証,家賃債務保証業者登録規程,A,家賃債務保証会社とは、借主の家賃債務を保証する事業者。連帯保証人に代わる仕組み。具体的には、借主から保証料を受領し、借主の家賃支払いを保証する事業者。賃料滞納時に立替払いする仕組み。国土交通省の任意登録制度（家賃債務保証業者登録制度）あり。連帯保証人を確保しにくい高齢者・外国人等への入居機会拡大に寄与。試験では、家賃債務保証業者登録規程との関係で、定義・要件・効果を具体例と結び付けて押さえます。関連用語である家賃債務保証業者登録制度・連帯保証との違いも合わせて確認します。
家賃債務保証業者登録制度,やちんさいむほしょうぎょうしゃとうろくせいど,管理実務,保証会社;任意登録,家賃債務保証会社の任意登録制度（国土交通省告示）。,2017年告示で創設された国土交通省の任意登録制度。求償権の不当な行使、過剰な追い出し行為等を抑制し、適正業者を可視化する。住宅セーフティネット制度における入居円滑化のため、登録業者の利用が推進されている。,家賃債務保証会社;住宅セーフティネット法,国土交通省告示,B,家賃債務保証業者登録制度とは、家賃債務保証会社の任意登録制度（国土交通省告示）です。具体的には、2017年告示で創設された国土交通省の任意登録制度。求償権の不当な行使、過剰な追い出し行為等を抑制し、適正業者を可視化する。住宅セーフティネット制度における入居円滑化のため、登録業者の利用が推進されている。試験では、国土交通省告示との関係で、対象者・時期・手続・違反時の効果を整理して押さえます。関連用語である家賃債務保証会社・住宅セーフティネット法との違いも合わせて確認します。
家賃保証会社のトラブル,やちんほしょうがいしゃのとらぶる,管理実務,保証会社,家賃保証会社の過剰な督促等のトラブル。,保証会社の代位弁済後の求償において、過剰な督促、追い出し行為等が社会問題化。最判平30.12.21は、保証会社の追い出し条項を消費者契約法10条違反として無効とした。,家賃債務保証会社;違法な追い出し行為,最判平30.12.21,B,家賃保証会社のトラブルとは、家賃保証会社の過剰な督促等のトラブルです。具体的には、保証会社の代位弁済後の求償において、過剰な督促、追い出し行為等が社会問題化。最判平30.12.21は、保証会社の追い出し条項を消費者契約法10条違反として無効とした。試験では、最判平30.12.21との関係で、定義・要件・効果を具体例と結び付けて押さえます。関連用語である家賃債務保証会社・違法な追い出し行為との違いも合わせて確認します。
予防保全,よぼうほぜん,管理実務,維持保全;事前対応,故障・劣化発生前に行う、計画的な維持管理活動。,事後保全（壊れてから直す）に対し、定期点検・計画修繕等により故障発生前に対応する考え方。長期的にはコスト削減・建物寿命延長・入居率維持に寄与する。賃貸経営の重要概念。,事後保全;修繕計画,—,B,予防保全とは、故障・劣化発生前に行う、計画的な維持管理活動です。具体的には、事後保全（壊れてから直す）に対し、定期点検・計画修繕等により故障発生前に対応する考え方。長期的にはコスト削減・建物寿命延長・入居率維持に寄与する。賃貸経営の重要概念。試験では、条文番号そのものよりも、実務上の位置づけ、当事者の負担、似た用語との違いを押さえます。関連用語である事後保全・修繕計画との違いも合わせて確認します。
リテンション,りてんしょん,管理実務,更新;継続入居,既存入居者の継続入居を促進する活動。,退去抑止・更新促進のための活動。原状回復費用の予測共有、修繕の迅速対応、感謝の表現等を通じ、長期入居を促す。退去後の新規募集コスト・空室期間を抑制する観点で経営的に重要。,テナントリレーション;更新料,—,B,リテンションとは、既存入居者の継続入居を促進する活動です。具体的には、退去抑止・更新促進のための活動。原状回復費用の予測共有、修繕の迅速対応、感謝の表現等を通じ、長期入居を促す。退去後の新規募集コスト・空室期間を抑制する観点で経営的に重要。試験では、条文番号そのものよりも、実務上の位置づけ、当事者の負担、似た用語との違いを押さえます。関連用語であるテナントリレーション・更新料との違いも合わせて確認します。
リノベーション,りのべーしょん,管理実務,改修;付加価値,建物の用途・機能を大幅に変更・付加価値を高める改修。,間取り変更、内装の刷新、設備の高機能化、デザイン性向上等により、新築時を超える付加価値を生み出す改修。賃料アップ・空室率改善を期待。修繕費（経費）扱いか資本的支出（資産計上）かの税務判断も伴う。,リフォーム;バリューアップ,—,A,リノベーションとは、建物の用途・機能を大幅に変更・付加価値を高める改修です。具体的には、間取り変更、内装の刷新、設備の高機能化、デザイン性向上等により、新築時を超える付加価値を生み出す改修。賃料アップ・空室率改善を期待。修繕費（経費）扱いか資本的支出（資産計上）かの税務判断も伴う。試験では、条文番号そのものよりも、実務上の位置づけ、当事者の負担、似た用語との違いを押さえます。関連用語であるリフォーム・バリューアップとの違いも合わせて確認します。
リフォーム,りふぉーむ,管理実務,改修;原状回復,建物・設備の修繕・更新による原状復元的な改修。,経年劣化や損傷の修繕、設備の機能維持のための更新工事。退去後の原状回復工事を含む。リノベーションが付加価値向上を目的とするのに対し、リフォームは現状機能の維持・回復が中心。,リノベーション;修繕計画,—,B,リフォームとは、建物・設備の修繕・更新による原状復元的な改修です。具体的には、経年劣化や損傷の修繕、設備の機能維持のための更新工事。退去後の原状回復工事を含む。リノベーションが付加価値向上を目的とするのに対し、リフォームは現状機能の維持・回復が中心。試験では、条文番号そのものよりも、実務上の位置づけ、当事者の負担、似た用語との違いを押さえます。関連用語であるリノベーション・修繕計画との違いも合わせて確認します。
リーシング,りーしんぐ,管理実務,募集;空室対策,賃貸物件への入居者誘致活動。,テナント募集活動。物件広告、内見対応、賃料設定、契約交渉等を含む。空室期間の短縮、賃料の最大化、優良入居者の確保が目的。仲介業者との連携が不可欠。,プロパティマネジメント;空室対策,—,B,リーシングとは、賃貸物件への入居者誘致活動です。具体的には、テナント募集活動。物件広告、内見対応、賃料設定、契約交渉等を含む。空室期間の短縮、賃料の最大化、優良入居者の確保が目的。仲介業者との連携が不可欠。試験では、条文番号そのものよりも、実務上の位置づけ、当事者の負担、似た用語との違いを押さえます。関連用語であるプロパティマネジメント・空室対策との違いも合わせて確認します。
壁紙（クロス）の張替,かべがみ（くろす）のはりかえ,原状回復,具体例,壁紙の全面又は部分張替。耐用年数6年で按分。,クロスの汚損・破損による張替。原状回復ガイドラインで耐用年数6年。借主負担となるのはタバコのヤニ・落書き等の特別損耗の場合のみ。6年経過すれば残存価値1円として借主負担は最小。,耐用年数;特別損耗,ガイドライン,B,壁紙（クロス）の張替とは、壁紙の全面又は部分張替。耐用年数6年で按分。具体的には、クロスの汚損・破損による張替。原状回復ガイドラインで耐用年数6年。借主負担となるのはタバコのヤニ・落書き等の特別損耗の場合のみ。6年経過すれば残存価値1円として借主負担は最小。試験では、ガイドラインとの関係で、定義・要件・効果を具体例と結び付けて押さえます。関連用語である耐用年数・特別損耗との違いも合わせて確認します。
グレードアップ禁止,ぐれーどあっぷきんし,原状回復,ガイドライン,原状回復は契約時の状態への復元であり、グレードアップは負担対象外。,ガイドラインの基本理念の一つ。原状回復は新品同様の状態に戻すことではなく、契約時の状態への復元。借主の負担で建物・設備を新しくする義務はない。,原状回復ガイドライン,ガイドライン,B,グレードアップ禁止とは、原状回復は契約時の状態への復元であり、グレードアップは負担対象外です。具体的には、ガイドラインの基本理念の一つ。原状回復は新品同様の状態に戻すことではなく、契約時の状態への復元。借主の負担で建物・設備を新しくする義務はない。試験では、ガイドラインとの関係で、対象者・時期・手続・違反時の効果を整理して押さえます。関連用語である原状回復ガイドラインとの違いも合わせて確認します。
経年変化,けいねんへんか,原状回復,貸主負担,時間経過による自然な劣化。原則として貸主負担。,建物・設備の自然劣化。クロスの黄ばみ、フローリングの色落ち、設備の経年劣化等。賃料に含まれて支払われているとされ、原則貸主負担。借主の意思で生じたものではないため。,通常損耗;耐用年数,民法621条;ガイドライン,A,経年変化とは、時間経過による自然な劣化。原則として貸主負担。具体的には、建物・設備の自然劣化。クロスの黄ばみ、フローリングの色落ち、設備の経年劣化等。賃料に含まれて支払われているとされ、原則貸主負担。借主の意思で生じたものではないため。試験では、民法621条;ガイドラインとの関係で、定義・要件・効果を具体例と結び付けて押さえます。関連用語である通常損耗・耐用年数との違いも合わせて確認します。
原状回復,げんじょうかいふく,原状回復,退去時;返還,賃貸借終了時に、賃借物を契約時の状態に戻すこと。,民法621条により、借主は契約終了時に賃借物の損傷を原状に復する義務を負う。通常損耗・経年変化は対象外。借主の故意・過失・善管注意義務違反等による損耗のみが対象。,通常損耗;経年変化;ガイドライン,民法621条,A,原状回復とは、賃貸借終了時に、賃借物を契約時の状態に戻すことです。具体的には、民法621条により、借主は契約終了時に賃借物の損傷を原状に復する義務を負う。通常損耗・経年変化は対象外。借主の故意・過失・善管注意義務違反等による損耗のみが対象。試験では、民法621条との関係で、定義・要件・効果を具体例と結び付けて押さえます。関連用語である通常損耗・経年変化との違いも合わせて確認します。
原状回復費用の精算,げんじょうかいふくひようのせいさん,原状回復,敷金;清算,退去時に原状回復費用を計算し、敷金との差引で清算する手続。,退去時の立会確認に基づき、借主負担分の原状回復費用を見積もり、敷金から控除して残額を返還する手続。借主への精算書交付が望ましい。借主負担分が敷金を超過する場合は追加請求となる。,敷金;立会い,民法622条の2,A,原状回復費用の精算とは、退去時に原状回復費用を計算し、敷金との差引で清算する手続です。具体的には、退去時の立会確認に基づき、借主負担分の原状回復費用を見積もり、敷金から控除して残額を返還する手続。借主への精算書交付が望ましい。借主負担分が敷金を超過する場合は追加請求となる。試験では、民法622条の2との関係で、定義・要件・効果を具体例と結び付けて押さえます。関連用語である敷金・立会いとの違いも合わせて確認します。
原状回復をめぐるトラブルとガイドライン,げんじょうかいふくをめぐるとらぶるとがいどらいん,原状回復,ガイドライン;国交省,退去時の原状回復費用の負担区分を示した国土交通省のガイドライン。,国土交通省が公表する原状回復の負担区分の指針。借主負担は故意・過失・善管注意義務違反等による損耗等に限定し、通常損耗・経年変化は貸主負担とする。耐用年数を超えた設備等は残存価値1円とし借主負担を軽減する。2023年再々改訂版が公表。,通常損耗;経年変化;耐用年数,国土交通省ガイドライン,A,原状回復をめぐるトラブルとガイドラインとは、退去時の原状回復費用の負担区分を示した国土交通省のガイドラインです。具体的には、国土交通省が公表する原状回復の負担区分の指針。借主負担は故意・過失・善管注意義務違反等による損耗等に限定し、通常損耗・経年変化は貸主負担とする。耐用年数を超えた設備等は残存価値1円とし借主負担を軽減する。2023年再々改訂版が公表。試験では、国土交通省ガイドラインが何を規律し、賃貸住宅管理のどの場面で関係するかを押さえます。関連用語である通常損耗・経年変化との違いも合わせて確認します。
残存価値1円,ざんぞんかちいちえん,原状回復,ガイドライン;耐用年数,耐用年数経過後の物の経済的価値を1円と評価する考え方。,原状回復ガイドラインの考え方で、耐用年数を経過した設備・建材等の経済的価値は1円とする。借主に故意過失があっても、借主負担は1円のみとなり、原状回復費用負担が大幅に軽減される。,耐用年数;借主負担,ガイドライン,A,残存価値1円とは、耐用年数経過後の物の経済的価値を1円と評価する考え方です。具体的には、原状回復ガイドラインの考え方で、耐用年数を経過した設備・建材等の経済的価値は1円とする。借主に故意過失があっても、借主負担は1円のみとなり、原状回復費用負担が大幅に軽減される。試験では、ガイドラインとの関係で、定義・要件・効果を具体例と結び付けて押さえます。関連用語である耐用年数・借主負担との違いも合わせて確認します。
残置物,ざんちぶつ,原状回復,退去時;放置物,退去後に借主が置き残した動産。,退去後に借主が残した家具・家電・私物等。貸主が勝手に処分すると損害賠償責任を問われうる。明渡しと一体的に処理すべきだが、近年は単身高齢者の急増を受け国土交通省より「残置物の処理等に関するモデル契約条項」が公表されている。,残置物処理委託契約;明渡し,民法206条;判例,B,残置物とは、退去後に借主が置き残した動産です。具体的には、退去後に借主が残した家具・家電・私物等。貸主が勝手に処分すると損害賠償責任を問われうる。明渡しと一体的に処理すべきだが、近年は単身高齢者の急増を受け国土交通省より「残置物の処理等に関するモデル契約条項」が公表されている。試験では、民法206条;判例との関係で、定義・要件・効果を具体例と結び付けて押さえます。関連用語である残置物処理委託契約・明渡しとの違いも合わせて確認します。
残置物処理委託契約,ざんちぶつしょりいたくけいやく,原状回復,高齢者;モデル契約条項,借主死亡時の残置物処理を、受任者に委託する契約。,国土交通省「残置物の処理等に関するモデル契約条項」（2021年）に基づく契約。借主が死亡時の残置物処理を受任者（親族・専門家等）に委託することで、貸主が死亡借主の動産処分にリスクなく対応できるようにする仕組み。,残置物;モデル契約条項,国土交通省モデル契約条項,A,残置物処理委託契約とは、借主死亡時の残置物処理を、受任者に委託する契約です。具体的には、国土交通省「残置物の処理等に関するモデル契約条項」（2021年）に基づく契約。借主が死亡時の残置物処理を受任者（親族・専門家等）に委託することで、貸主が死亡借主の動産処分にリスクなく対応できるようにする仕組み。試験では、国土交通省モデル契約条項との関係で、契約当事者・成立要件・終了時の効果を整理して押さえます。関連用語である残置物・モデル契約条項との違いも合わせて確認します。
退去立会い,たいきょたちあい,原状回復,明渡し;確認,退去時に貸主・借主が立ち会って室内の状態を確認すること。,明渡し時に、室内の損耗状態、設備の動作、鍵の本数等を貸主（管理業者）と借主が共同で確認する手続。チェックシートで記録し、原状回復費用の精算根拠とする。,原状回復費用の精算;明渡し,—,B,退去立会いとは、退去時に貸主・借主が立ち会って室内の状態を確認することです。具体的には、明渡し時に、室内の損耗状態、設備の動作、鍵の本数等を貸主（管理業者）と借主が共同で確認する手続。チェックシートで記録し、原状回復費用の精算根拠とする。試験では、条文番号そのものよりも、実務上の位置づけ、当事者の負担、似た用語との違いを押さえます。関連用語である原状回復費用の精算・明渡しとの違いも合わせて確認します。
耐用年数,たいようねんすう,原状回復,減価償却;負担区分,資産が経済的に使用可能な期間。原状回復費用の按分基準。,原状回復ガイドラインでは、借主負担分について耐用年数経過に応じ按分する考え方を採用。クロス6年、フローリング15年（部分補修は耐用年数考慮なし）、エアコン6年等。耐用年数経過後は残存価値1円となる。,原状回復ガイドライン;残存価値,ガイドライン,A,耐用年数とは、資産が経済的に使用可能な期間。原状回復費用の按分基準。具体的には、原状回復ガイドラインでは、借主負担分について耐用年数経過に応じ按分する考え方を採用。クロス6年、フローリング15年（部分補修は耐用年数考慮なし）、エアコン6年等。耐用年数経過後は残存価値1円となる。試験では、ガイドラインとの関係で、定義・要件・効果を具体例と結び付けて押さえます。関連用語である原状回復ガイドライン・残存価値との違いも合わせて確認します。
畳の張替,たたみのはりかえ,原状回復,具体例;畳,畳表・畳床の補修・交換。日焼け等は通常損耗で貸主負担。,畳の日焼けは経年変化（貸主負担）。借主の故意・過失による焦げ跡・しみは特別損耗（借主負担）。畳表・縁の交換は1枚単位、畳床の交換は耐用年数を考慮する。,通常損耗;特別損耗,ガイドライン,B,畳の張替とは、畳表・畳床の補修・交換。日焼け等は通常損耗で貸主負担。具体的には、畳の日焼けは経年変化（貸主負担）。借主の故意・過失による焦げ跡・しみは特別損耗（借主負担）。畳表・縁の交換は1枚単位、畳床の交換は耐用年数を考慮する。試験では、ガイドラインとの関係で、定義・要件・効果を具体例と結び付けて押さえます。関連用語である通常損耗・特別損耗との違いも合わせて確認します。
通常損耗,つうじょうそんもう,原状回復,貸主負担,通常の使用方法で生じる損耗。原則として貸主負担。,通常の住まい方をしていれば必然的に生じる損耗（家具設置による床のへこみ、日焼けによる畳・クロスの変色、画鋲跡等）。賃料には通常損耗の補修費が含まれているとされ、貸主負担。,経年変化;特別損耗;特約,民法621条;ガイドライン,A,通常損耗とは、通常の使用方法で生じる損耗。原則として貸主負担。具体的には、通常の住まい方をしていれば必然的に生じる損耗（家具設置による床のへこみ、日焼けによる畳・クロスの変色、画鋲跡等）。賃料には通常損耗の補修費が含まれているとされ、貸主負担。試験では、民法621条;ガイドラインとの関係で、定義・要件・効果を具体例と結び付けて押さえます。関連用語である経年変化・特別損耗との違いも合わせて確認します。
通常損耗・経年変化,つうじょうそんもう・けいねんへんか,原状回復,貸主負担;ガイドライン,通常の使用や時間経過により自然に生じる損耗。原則として貸主負担。,建物・設備の自然劣化や、借主が通常の住まい方をすることで生じる損耗。これらの修繕費は減価償却費・修繕費として賃料に含まれて支払われているとされ、原則として貸主負担。借主負担とする特約は、内容を明確に合意した場合に限り有効となる場合がある。,原状回復ガイドライン;特別損耗;特約,民法621条;ガイドライン,A,通常損耗・経年変化とは、通常の使用や時間経過により自然に生じる損耗。原則として貸主負担。具体的には、建物・設備の自然劣化や、借主が通常の住まい方をすることで生じる損耗。これらの修繕費は減価償却費・修繕費として賃料に含まれて支払われているとされ、原則として貸主負担。借主負担とする特約は、内容を明確に合意した場合に限り有効となる場合がある。試験では、民法621条;ガイドラインとの関係で、定義・要件・効果を具体例と結び付けて押さえます。関連用語である原状回復ガイドライン・特別損耗との違いも合わせて確認します。
特別損耗,とくべつそんもう,原状回復,借主負担,借主の故意・過失・善管注意義務違反による損耗。借主負担。,通常の使用を超えた使い方や、注意義務違反による損耗。タバコのヤニ汚れ、ペットによる傷、結露を放置したカビ等。借主負担で原状回復する対象。,通常損耗;借主負担特約,民法621条;ガイドライン,A,特別損耗とは、借主の故意・過失・善管注意義務違反による損耗。借主負担。具体的には、通常の使用を超えた使い方や、注意義務違反による損耗。タバコのヤニ汚れ、ペットによる傷、結露を放置したカビ等。借主負担で原状回復する対象。試験では、民法621条;ガイドラインとの関係で、定義・要件・効果を具体例と結び付けて押さえます。関連用語である通常損耗・借主負担特約との違いも合わせて確認します。
入居時のチェックシート,にゅうきょじのちぇっくしーと,原状回復,入居時;記録,入居時に既存の損耗状態を記録する書面。,入居時の既存の傷・汚れ等を貸主・借主間で記録するための書面。退去時の原状回復精算で、入居時から存在した損耗を借主負担としないための重要な証拠資料。写真・動画併用も有効。,退去立会い;原状回復精算,—,A,入居時のチェックシートとは、入居時に既存の損耗状態を記録する書面です。具体的には、入居時の既存の傷・汚れ等を貸主・借主間で記録するための書面。退去時の原状回復精算で、入居時から存在した損耗を借主負担としないための重要な証拠資料。写真・動画併用も有効。試験では、条文番号そのものよりも、実務上の位置づけ、当事者の負担、似た用語との違いを押さえます。関連用語である退去立会い・原状回復精算との違いも合わせて確認します。
ハウスクリーニング,はうすくりーにんぐ,原状回復,退去時;清掃,退去時に専門業者が室内を清掃すること。,退去後に専門業者が浴室・キッチン・トイレ等を清掃する作業。原則は貸主負担だが、退去時クリーニング費用を借主負担とする特約は、内容を明確に合意し金額が妥当な場合は有効（最判平17.12.16）。,クリーニング費用特約;最判平17.12.16,判例,A,ハウスクリーニングとは、退去時に専門業者が室内を清掃することです。具体的には、退去後に専門業者が浴室・キッチン・トイレ等を清掃する作業。原則は貸主負担だが、退去時クリーニング費用を借主負担とする特約は、内容を明確に合意し金額が妥当な場合は有効（最判平17.12.16）。試験では、判例との関係で、定義・要件・効果を具体例と結び付けて押さえます。関連用語であるクリーニング費用特約・最判平17.12.16との違いも合わせて確認します。
フローリングの補修,ふろーりんぐのほしゅう,原状回復,具体例,フローリングの傷・汚損の補修。部分補修は耐用年数を考慮しない。,フローリングは部分補修が原則で、その場合は耐用年数を考慮しない（経過年数で減価しない）。全体張替の場合は建物の耐用年数を踏まえる。重歩行による傷・凹みは通常損耗とされる。,部分補修;耐用年数,ガイドライン,B,フローリングの補修とは、フローリングの傷・汚損の補修。部分補修は耐用年数を考慮しない。具体的には、フローリングは部分補修が原則で、その場合は耐用年数を考慮しない（経過年数で減価しない）。全体張替の場合は建物の耐用年数を踏まえる。重歩行による傷・凹みは通常損耗とされる。試験では、ガイドラインとの関係で、定義・要件・効果を具体例と結び付けて押さえます。関連用語である部分補修・耐用年数との違いも合わせて確認します。
部分補修,ぶぶんほしゅう,原状回復,原状回復方式,損傷部分のみを補修する方式。原則として全面交換は不要。,クロスの一部破れ、フローリングの一部傷等、損傷部分のみを補修するのが原状回復の基本。全面交換を借主負担とすることは過剰負担となり、特約があっても無効とされる場合がある。,原状回復ガイドライン;グレードアップ禁止,ガイドライン,B,部分補修とは、損傷部分のみを補修する方式。原則として全面交換は不要。具体的には、クロスの一部破れ、フローリングの一部傷等、損傷部分のみを補修するのが原状回復の基本。全面交換を借主負担とすることは過剰負担となり、特約があっても無効とされる場合がある。試験では、ガイドラインとの関係で、定義・要件・効果を具体例と結び付けて押さえます。関連用語である原状回復ガイドライン・グレードアップ禁止との違いも合わせて確認します。
アスベスト,あすべすと,建物・設備,有害物質;建材,建材に使用された繊維状鉱物。健康被害から使用が禁止された。,石綿。耐火性が高く建材として広く使用されたが、繊維を吸入すると中皮腫・肺がん等の原因となる。1975年以降段階的に規制、2006年に全面禁止。既存建物の解体時に飛散防止対策が必要。,石綿障害予防規則,石綿障害予防規則;大気汚染防止法,B,アスベストとは、建材に使用された繊維状鉱物。健康被害から使用が禁止された。具体的には、石綿。耐火性が高く建材として広く使用されたが、繊維を吸入すると中皮腫・肺がん等の原因となる。1975年以降段階的に規制、2006年に全面禁止。既存建物の解体時に飛散防止対策が必要。試験では、石綿障害予防規則;大気汚染防止法との関係で、定義・要件・効果を具体例と結び付けて押さえます。関連用語である石綿障害予防規則との違いも合わせて確認します。
雨漏り,あまもり,建物・設備,トラブル;修繕,屋根・外壁等から雨水が室内に侵入する事象。,屋根・外壁・防水・サッシ等の劣化・施工不良で発生。借主に通知義務（民法615条）。原則として貸主の修繕義務。借主は使用収益できない部分について賃料減額を主張できる。,貸主の修繕義務;通知義務;賃料の当然減額,民法606条;611条,A,雨漏りとは、屋根・外壁等から雨水が室内に侵入する事象です。具体的には、屋根・外壁・防水・サッシ等の劣化・施工不良で発生。借主に通知義務（民法615条）。原則として貸主の修繕義務。借主は使用収益できない部分について賃料減額を主張できる。試験では、民法606条;611条との関係で、定義・要件・効果を具体例と結び付けて押さえます。関連用語である貸主の修繕義務・通知義務との違いも合わせて確認します。
インターネット完備物件,いんたーねっとかんびぶっけん,建物・設備,通信,建物全体でインターネット回線が利用可能な賃貸物件。,貸主が一括契約し、借主は無料又は共益費に含む形で利用可能。1人暮らし向け物件の標準装備に近づいている。回線速度・有線/無線・複数同時接続可否等が訴求ポイント。,インターネット対応;Wi-Fi,—,B,インターネット完備物件とは、建物全体でインターネット回線が利用可能な賃貸物件です。具体的には、貸主が一括契約し、借主は無料又は共益費に含む形で利用可能。1人暮らし向け物件の標準装備に近づいている。回線速度・有線/無線・複数同時接続可否等が訴求ポイント。試験では、条文番号そのものよりも、実務上の位置づけ、当事者の負担、似た用語との違いを押さえます。関連用語であるインターネット対応・Wi-Fiとの違いも合わせて確認します。
ウォシュレット（温水洗浄便座）,うぉっしゅれっと,建物・設備,トイレ,温水で洗浄機能を備えた便座。,TOTOの登録商標だが温水洗浄便座の通称として広く使用。コンセント・水栓が必要。賃貸物件でも標準化が進み、未設置物件では入居率に影響。便座のみ交換できる場合、入居者持ち込みも可能。,温水洗浄便座,—,C,ウォシュレット（温水洗浄便座）とは、温水で洗浄機能を備えた便座です。具体的には、TOTOの登録商標だが温水洗浄便座の通称として広く使用。コンセント・水栓が必要。賃貸物件でも標準化が進み、未設置物件では入居率に影響。便座のみ交換できる場合、入居者持ち込みも可能。試験では、条文番号そのものよりも、実務上の位置づけ、当事者の負担、似た用語との違いを押さえます。関連用語である温水洗浄便座との違いも合わせて確認します。
エアコン,えあこん,建物・設備,空調;原状回復,冷暖房空調設備。原状回復ガイドラインで耐用年数6年。,ルームエアコンが一般的。原状回復ガイドラインでは耐用年数6年。エアコン使用時のドレン水漏れ、フィルタ清掃不足によるカビ等が借主側の管理事項。,耐用年数;空調設備,ガイドライン,B,エアコンとは、冷暖房空調設備。原状回復ガイドラインで耐用年数6年。具体的には、ルームエアコンが一般的。原状回復ガイドラインでは耐用年数6年。エアコン使用時のドレン水漏れ、フィルタ清掃不足によるカビ等が借主側の管理事項。試験では、ガイドラインとの関係で、定義・要件・効果を具体例と結び付けて押さえます。関連用語である耐用年数・空調設備との違いも合わせて確認します。
LPガス（プロパンガス）,えるぴーがす,建物・設備,ガス,液化石油ガス。ボンベで供給するガス。,液化石油ガス（プロパン・ブタン）。ガスボンベを建物外に設置して供給。都市ガスの未整備地域・地方部で広く普及。災害時の復旧が比較的早い。料金は事業者により異なり、都市ガスより一般に高い。,都市ガス;液化石油ガス法,液化石油ガスの保安の確保及び取引の適正化に関する法律,A,LPガス（プロパンガス）とは、液化石油ガス。ボンベで供給するガス。具体的には、液化石油ガス（プロパン・ブタン）。ガスボンベを建物外に設置して供給。都市ガスの未整備地域・地方部で広く普及。災害時の復旧が比較的早い。料金は事業者により異なり、都市ガスより一般に高い。試験では、液化石油ガスの保安の確保及び取引の適正化に関する法律との関係で、定義・要件・効果を具体例と結び付けて押さえます。関連用語である都市ガス・液化石油ガス法との違いも合わせて確認します。
エレベーター,えれべーたー,建物・設備,昇降機;法定点検,人や荷物を運ぶ昇降機。法定点検が必要。,建築基準法に基づく定期検査（1年に1回）、保守点検（一般に月1回）が必要。耐用年数20〜30年、リニューアル工事も含む。地震時には地震感知器による自動停止・自動運転が標準。,定期報告制度;特定行政庁,建築基準法12条;施行令129条の3,B,エレベーターとは、人や荷物を運ぶ昇降機。法定点検が必要。具体的には、建築基準法に基づく定期検査（1年に1回）、保守点検（一般に月1回）が必要。耐用年数20〜30年、リニューアル工事も含む。地震時には地震感知器による自動停止・自動運転が標準。試験では、建築基準法12条;施行令129条の3との関係で、定義・要件・効果を具体例と結び付けて押さえます。関連用語である定期報告制度・特定行政庁との違いも合わせて確認します。
オートロック,おーとろっく,建物・設備,防犯;共用部,共同玄関で自動施錠される防犯設備。,暗証番号・鍵・カード・通話による解錠で共同玄関を施錠。防犯性向上と訴求ポイントとして普及。古い建物では後付けも可能。配達員・郵便配達への対応として宅配ボックスとセットで普及。,宅配ボックス;防犯設備,—,B,オートロックとは、共同玄関で自動施錠される防犯設備です。具体的には、暗証番号・鍵・カード・通話による解錠で共同玄関を施錠。防犯性向上と訴求ポイントとして普及。古い建物では後付けも可能。配達員・郵便配達への対応として宅配ボックスとセットで普及。試験では、条文番号そのものよりも、実務上の位置づけ、当事者の負担、似た用語との違いを押さえます。関連用語である宅配ボックス・防犯設備との違いも合わせて確認します。
瑕疵保険,かしほけん,建物・設備,新築住宅;品確法,新築住宅の構造・防水の瑕疵を補償する保険。,品確法（住宅の品質確保の促進等に関する法律）に基づき、新築住宅の売主・請負人に10年間の瑕疵担保責任が義務付けられる。これを担保する保険・供託制度。,品確法;瑕疵担保責任,住宅瑕疵担保履行法,C,瑕疵保険とは、新築住宅の構造・防水の瑕疵を補償する保険です。具体的には、品確法（住宅の品質確保の促進等に関する法律）に基づき、新築住宅の売主・請負人に10年間の瑕疵担保責任が義務付けられる。これを担保する保険・供託制度。試験では、住宅瑕疵担保履行法との関係で、定義・要件・効果を具体例と結び付けて押さえます。関連用語である品確法・瑕疵担保責任との違いも合わせて確認します。
壁式構造,かべしきこうぞう,建物・設備,構造形式,壁面で建物を支える構造。低層RC造に多い。,柱・梁ではなく壁面が荷重を支える構造。一般に5階建て以下の低層RC造に採用される。柱型・梁型が出ず室内がすっきりするが、間取り変更は困難。,ラーメン構造;低層共同住宅,—,B,壁式構造とは、壁面で建物を支える構造。低層RC造に多い。具体的には、柱・梁ではなく壁面が荷重を支える構造。一般に5階建て以下の低層RC造に採用される。柱型・梁型が出ず室内がすっきりするが、間取り変更は困難。試験では、条文番号そのものよりも、実務上の位置づけ、当事者の負担、似た用語との違いを押さえます。関連用語であるラーメン構造・低層共同住宅との違いも合わせて確認します。
簡易専用水道,かんいせんようすいどう,建物・設備,水道法,水道事業の供給水のみを水源とし、受水槽の有効容量が10㎥超の水道。,水道法34条の2に基づく。設置者は1年に1回以上の水槽清掃、水質検査、定期検査（登録検査機関による）等の義務がある。違反は30万円以下の罰金。,受水槽;水道法,水道法34条の2,A,簡易専用水道とは、水道事業の供給水のみを水源とし、受水槽の有効容量が10㎥超の水道です。具体的には、水道法34条の2に基づく。設置者は1年に1回以上の水槽清掃、水質検査、定期検査（登録検査機関による）等の義務がある。違反は30万円以下の罰金。試験では、水道法34条の2との関係で、定義・要件・効果を具体例と結び付けて押さえます。関連用語である受水槽・水道法との違いも合わせて確認します。
換気設備,かんきせつび,建物・設備,換気;シックハウス,室内の空気を入れ替える設備。,自然換気と機械換気に大別。機械換気には①第1種（給排気とも機械）、②第2種（給気のみ機械）、③第3種（排気のみ機械）がある。住宅の居室は2003年7月以降、24時間換気設備の設置が義務化（シックハウス対策）。,24時間換気;シックハウス症候群,建築基準法28条の2,A,換気設備とは、室内の空気を入れ替える設備です。具体的には、自然換気と機械換気に大別。機械換気には①第1種（給排気とも機械）、②第2種（給気のみ機械）、③第3種（排気のみ機械）がある。住宅の居室は2003年7月以降、24時間換気設備の設置が義務化（シックハウス対策）。試験では、建築基準法28条の2との関係で、定義・要件・効果を具体例と結び付けて押さえます。関連用語である24時間換気・シックハウス症候群との違いも合わせて確認します。
外壁塗装,がいへきとそう,建物・設備,修繕;外装,建物外壁の塗装。一般に10〜15年周期で実施。,外壁を塗装することで、防水性能の維持、美観の維持を図る。塗料の種類（ウレタン、シリコン、フッ素等）で耐久性が異なる。賃貸物件の競争力維持に重要な大規模修繕項目。,修繕計画;大規模修繕,—,B,外壁塗装とは、建物外壁の塗装。一般に10〜15年周期で実施。具体的には、外壁を塗装することで、防水性能の維持、美観の維持を図る。塗料の種類（ウレタン、シリコン、フッ素等）で耐久性が異なる。賃貸物件の競争力維持に重要な大規模修繕項目。試験では、条文番号そのものよりも、実務上の位置づけ、当事者の負担、似た用語との違いを押さえます。関連用語である修繕計画・大規模修繕との違いも合わせて確認します。
ガス設備,がすせつび,建物・設備,ガス;設備,都市ガス・LPガスの供給・使用設備。,ガスメーター、配管、ガス機器（給湯器・コンロ等）。都市ガス（13A・12A等）とLPガス（プロパン）で機器・配管が異なる。ガス機器の交換・修理は有資格者の作業が必要。,都市ガス;LPガス,ガス事業法;液化石油ガス法,B,ガス設備とは、都市ガス・LPガスの供給・使用設備です。具体的には、ガスメーター、配管、ガス機器（給湯器・コンロ等）。都市ガス（13A・12A等）とLPガス（プロパン）で機器・配管が異なる。ガス機器の交換・修理は有資格者の作業が必要。試験では、ガス事業法;液化石油ガス法との関係で、定義・要件・効果を具体例と結び付けて押さえます。関連用語である都市ガス・LPガスとの違いも合わせて確認します。
ガス漏れ事故,がすもれじこ,建物・設備,事故;ガス,ガス設備からガスが漏出する事故。,爆発・火災・酸欠の危険があり、緊急性の高い事故。発生時はガス会社・消防への連絡、火気使用禁止、換気が原則。CO（一酸化炭素）中毒の予防のため、燃焼器具の不完全燃焼防止装置義務化が進んでいる。,ガス設備;緊急対応,ガス事業法;液化石油ガス法,B,ガス漏れ事故とは、ガス設備からガスが漏出する事故です。具体的には、爆発・火災・酸欠の危険があり、緊急性の高い事故。発生時はガス会社・消防への連絡、火気使用禁止、換気が原則。CO（一酸化炭素）中毒の予防のため、燃焼器具の不完全燃焼防止装置義務化が進んでいる。試験では、ガス事業法;液化石油ガス法との関係で、定義・要件・効果を具体例と結び付けて押さえます。関連用語であるガス設備・緊急対応との違いも合わせて確認します。
給水方式,きゅうすいほうしき,建物・設備,給水,建物への水道水の供給方式。,①直結直圧方式（水道本管から直接供給、低層）、②直結増圧方式（増圧ポンプ使用、中層）、③高置水槽方式（屋上水槽から重力供給）、④加圧給水方式（ポンプから直接供給）等。建物規模・水圧で選択。,高置水槽;直結増圧方式,水道法,A,給水方式とは、建物への水道水の供給方式です。具体的には、①直結直圧方式（水道本管から直接供給、低層）、②直結増圧方式（増圧ポンプ使用、中層）、③高置水槽方式（屋上水槽から重力供給）、④加圧給水方式（ポンプから直接供給）等。建物規模・水圧で選択。試験では、水道法との関係で、定義・要件・効果を具体例と結び付けて押さえます。関連用語である高置水槽・直結増圧方式との違いも合わせて確認します。
旧耐震基準,きゅうたいしんきじゅん,建物・設備,1981年以前,1981年5月以前の建築基準法の耐震基準。,1981年5月31日以前の建築確認に適用された耐震基準。震度5強程度の中地震で倒壊しない設計水準。新耐震基準より低い。1981年5月以前の建物は耐震診断・耐震改修の検討が必要。,新耐震基準;耐震診断,建築基準法（旧）,A,旧耐震基準とは、1981年5月以前の建築基準法の耐震基準です。具体的には、1981年5月31日以前の建築確認に適用された耐震基準。震度5強程度の中地震で倒壊しない設計水準。新耐震基準より低い。1981年5月以前の建物は耐震診断・耐震改修の検討が必要。試験では、建築基準法（旧）との関係で、定義・要件・効果を具体例と結び付けて押さえます。関連用語である新耐震基準・耐震診断との違いも合わせて確認します。
給湯設備,きゅうとうせつび,建物・設備,給湯,湯を供給する設備。ガス・電気・石油等の方式がある。,ガス給湯器、電気温水器、エコキュート（ヒートポンプ式）、石油給湯器等。都市ガス・LPガス・電気等によりエネルギー源が異なる。耐用年数は10〜15年程度。,エコキュート;ガス給湯器,—,B,給湯設備とは、湯を供給する設備。ガス・電気・石油等の方式がある。具体的には、ガス給湯器、電気温水器、エコキュート（ヒートポンプ式）、石油給湯器等。都市ガス・LPガス・電気等によりエネルギー源が異なる。耐用年数は10〜15年程度。試験では、条文番号そのものよりも、実務上の位置づけ、当事者の負担、似た用語との違いを押さえます。関連用語であるエコキュート・ガス給湯器との違いも合わせて確認します。
共用部,きょうようぶ,建物・設備,共用部分,建物のうち、複数の借主・入居者が共同で使用する部分。,エントランス、廊下、階段、エレベーター、共用照明、外壁、屋上、駐車場、ゴミ置場等。維持管理は貸主の責任。共益費・管理費として借主から徴収する。,共益費・管理費;専有部,区分所有法;民法,B,共用部とは、建物のうち、複数の借主・入居者が共同で使用する部分です。具体的には、エントランス、廊下、階段、エレベーター、共用照明、外壁、屋上、駐車場、ゴミ置場等。維持管理は貸主の責任。共益費・管理費として借主から徴収する。試験では、区分所有法;民法との関係で、定義・要件・効果を具体例と結び付けて押さえます。関連用語である共益費・管理費・専有部との違いも合わせて確認します。
結露,けつろ,建物・設備,湿気;トラブル,空気中の水蒸気が冷えた面に水滴として付着する現象。,気温と表面温度の差により発生。窓ガラス、壁、押入れ等で発生し、放置するとカビの原因となる。換気不足、断熱性能不足、洗濯物の室内干し等が要因。借主の使用方法による結露・カビは特別損耗とされる場合がある。,カビ;断熱;換気,—,A,結露とは、空気中の水蒸気が冷えた面に水滴として付着する現象です。具体的には、気温と表面温度の差により発生。窓ガラス、壁、押入れ等で発生し、放置するとカビの原因となる。換気不足、断熱性能不足、洗濯物の室内干し等が要因。借主の使用方法による結露・カビは特別損耗とされる場合がある。試験では、条文番号そのものよりも、実務上の位置づけ、当事者の負担、似た用語との違いを押さえます。関連用語であるカビ・断熱との違いも合わせて確認します。
検査済証,けんさずみしょう,建物・設備,建築基準法,建物完成後、建築基準法に適合していることを証明する書面。,工事完了検査を受けて適合と認められた場合に交付される証明書。検査済証がない建物は、増改築・売却時等で取り扱いに支障を生じることがある。,建築確認;違反建築物,建築基準法7条,B,検査済証とは、建物完成後、建築基準法に適合していることを証明する書面です。具体的には、工事完了検査を受けて適合と認められた場合に交付される証明書。検査済証がない建物は、増改築・売却時等で取り扱いに支障を生じることがある。試験では、建築基準法7条との関係で、定義・要件・効果を具体例と結び付けて押さえます。関連用語である建築確認・違反建築物との違いも合わせて確認します。
建築確認,けんちくかくにん,建物・設備,建築基準法,建築工事着工前に、計画が法令に適合するかを確認する手続。,建築基準法6条。建築主は工事着工前に、確認申請を行い、特定行政庁・指定確認検査機関の確認を受けなければならない。確認済証の交付なくして工事着工不可。,建築基準法;検査済証,建築基準法6条,B,建築確認とは、建築工事着工前に、計画が法令に適合するかを確認する手続です。根拠条文は建築基準法6条です。建築主は工事着工前に、確認申請を行い、特定行政庁・指定確認検査機関の確認を受けなければならない。確認済証の交付なくして工事着工不可。試験では、建築基準法6条との関係で、定義・要件・効果を具体例と結び付けて押さえます。関連用語である建築基準法・検査済証との違いも合わせて確認します。
建ぺい率,けんぺいりつ,建物・設備,用途地域;建築規制,敷地面積に対する建築面積の割合。用途地域ごとに上限が定まる。,敷地面積に占める建築面積の割合。用途地域・防火地域等により30〜80%の上限が定まる。建物の密集を防ぐための規制。,容積率;用途地域,建築基準法53条,B,建ぺい率とは、敷地面積に対する建築面積の割合。用途地域ごとに上限が定まる。具体的には、敷地面積に占める建築面積の割合。用途地域・防火地域等により30〜80%の上限が定まる。建物の密集を防ぐための規制。試験では、建築基準法53条との関係で、定義・要件・効果を具体例と結び付けて押さえます。関連用語である容積率・用途地域との違いも合わせて確認します。
高置水槽方式,こうちすいそうほうしき,建物・設備,給水,屋上等の高置水槽から重力で給水する方式。,受水槽→揚水ポンプ→高置水槽→各住戸の順で給水。停電時も短時間は給水可能、水圧が安定する利点。水槽の定期清掃（年1回以上）が法定義務。近年は直結方式への切り替えが進む。,受水槽;清掃義務,建築物衛生法,A,高置水槽方式とは、屋上等の高置水槽から重力で給水する方式です。具体的には、受水槽→揚水ポンプ→高置水槽→各住戸の順で給水。停電時も短時間は給水可能、水圧が安定する利点。水槽の定期清掃（年1回以上）が法定義務。近年は直結方式への切り替えが進む。試験では、建築物衛生法との関係で、定義・要件・効果を具体例と結び付けて押さえます。関連用語である受水槽・清掃義務との違いも合わせて確認します。
ゴミ集積所,ごみしゅうせきしょ,建物・設備,共用部,ゴミの一時集積を行う共用部の場所。,建物の敷地内又は周辺道路上に設置。自治体ルールに従った分別、収集日のルール周知、清掃、不法投棄対応等が管理業者の業務。近隣トラブルの種となりやすい。,近隣トラブル;管理実務,廃棄物処理法等,B,ゴミ集積所とは、ゴミの一時集積を行う共用部の場所です。具体的には、建物の敷地内又は周辺道路上に設置。自治体ルールに従った分別、収集日のルール周知、清掃、不法投棄対応等が管理業者の業務。近隣トラブルの種となりやすい。試験では、廃棄物処理法等との関係で、定義・要件・効果を具体例と結び付けて押さえます。関連用語である近隣トラブル・管理実務との違いも合わせて確認します。
在来工法,ざいらいこうほう,建物・設備,木造,柱と梁で建物を支える伝統的な木造工法。,木造軸組工法とも呼ぶ。柱・梁・筋交いで構造を支える日本の伝統的工法。間取りの自由度が高く、後の増改築も比較的容易。耐震性は耐力壁の配置と量で決まる。,木造;ツーバイフォー工法,建築基準法,B,在来工法とは、柱と梁で建物を支える伝統的な木造工法です。具体的には、木造軸組工法とも呼ぶ。柱・梁・筋交いで構造を支える日本の伝統的工法。間取りの自由度が高く、後の増改築も比較的容易。耐震性は耐力壁の配置と量で決まる。試験では、建築基準法が何を規律し、賃貸住宅管理のどの場面で関係するかを押さえます。関連用語である木造・ツーバイフォー工法との違いも合わせて確認します。
システムキッチン,しすてむきっちん,建物・設備,キッチン,シンク・コンロ・収納等が一体化したキッチンユニット。,ワークトップが一体的になったキッチン。I型、L型、対面型、アイランド型等。賃貸物件では清掃しやすい一体型が一般的。コンロ口数、レンジフード性能、収納量等が住み心地を左右。,IHコンロ;ガスコンロ,—,B,システムキッチンとは、シンク・コンロ・収納等が一体化したキッチンユニットです。具体的には、ワークトップが一体的になったキッチン。I型、L型、対面型、アイランド型等。賃貸物件では清掃しやすい一体型が一般的。コンロ口数、レンジフード性能、収納量等が住み心地を左右。試験では、条文番号そのものよりも、実務上の位置づけ、当事者の負担、似た用語との違いを押さえます。関連用語であるIHコンロ・ガスコンロとの違いも合わせて確認します。
シックハウス症候群,しっくはうすしょうこうぐん,建物・設備,化学物質;健康障害,建材の化学物質等により生じる健康障害。,建材・家具・接着剤等から放散される揮発性化学物質（ホルムアルデヒド・トルエン等）を原因として生じる、頭痛・めまい・喉の痛み等の健康障害。建築基準法・厚生労働省指針で対策が義務付けられている。,ホルムアルデヒド;24時間換気;VOC,建築基準法,A,シックハウス症候群とは、建材の化学物質等により生じる健康障害です。具体的には、建材・家具・接着剤等から放散される揮発性化学物質（ホルムアルデヒド・トルエン等）を原因として生じる、頭痛・めまい・喉の痛み等の健康障害。建築基準法・厚生労働省指針で対策が義務付けられている。試験では、建築基準法との関係で、定義・要件・効果を具体例と結び付けて押さえます。関連用語であるホルムアルデヒド・24時間換気との違いも合わせて確認します。
修繕積立金,しゅうぜんつみたてきん,建物・設備,修繕資金,将来の大規模修繕に備え、毎月積み立てる資金。,分譲マンションでは管理組合が徴収するのが一般的。賃貸物件の貸主も、自発的に修繕積立金を確保することが推奨される。長期修繕計画に基づく金額設定が望ましい。,長期修繕計画;大規模修繕,—,B,修繕積立金とは、将来の大規模修繕に備え、毎月積み立てる資金です。具体的には、分譲マンションでは管理組合が徴収するのが一般的。賃貸物件の貸主も、自発的に修繕積立金を確保することが推奨される。長期修繕計画に基づく金額設定が望ましい。試験では、条文番号そのものよりも、実務上の位置づけ、当事者の負担、似た用語との違いを押さえます。関連用語である長期修繕計画・大規模修繕との違いも合わせて確認します。
省エネ基準,しょうえねきじゅん,建物・設備,省エネ,建物の省エネルギー性能の基準。建築物省エネ法に基づく。,建築物省エネ法に基づき、外皮性能基準と一次エネルギー消費量基準の2項目を評価。2025年4月から、原則すべての新築住宅・非住宅について省エネ基準適合義務が課されている。,建築物省エネ法;断熱性能,建築物省エネ法,B,省エネ基準とは、建物の省エネルギー性能の基準。建築物省エネ法に基づく。具体的には、建築物省エネ法に基づき、外皮性能基準と一次エネルギー消費量基準の2項目を評価。2025年4月から、原則すべての新築住宅・非住宅について省エネ基準適合義務が課されている。試験では、建築物省エネ法との関係で、定義・要件・効果を具体例と結び付けて押さえます。関連用語である建築物省エネ法・断熱性能との違いも合わせて確認します。
消火器,しょうかき,建物・設備,消防,初期消火に用いる携帯型消火具。,延べ面積150㎡以上の共同住宅等で設置義務。各階に歩行距離20m以下で配置。耐用年数（リサイクル年数）があり、定期点検・更新が必要。,消防用設備,消防法施行令10条,B,消火器とは、初期消火に用いる携帯型消火具です。具体的には、延べ面積150㎡以上の共同住宅等で設置義務。各階に歩行距離20m以下で配置。耐用年数（リサイクル年数）があり、定期点検・更新が必要。試験では、消防法施行令10条との関係で、定義・要件・効果を具体例と結び付けて押さえます。関連用語である消防用設備との違いも合わせて確認します。
消防法,しょうぼうほう,建物・設備,消防;法令,火災予防・消防活動・救急業務等を定める法律。,消防用設備等の設置・点検義務、防火管理者の選任、用途別の規制等を定める。賃貸住宅は防火対象物として規制対象となり、収容人員・規模に応じて消防用設備の設置義務がある。,防火対象物;消防用設備,消防法,B,消防法とは、火災予防・消防活動・救急業務等を定める法律です。具体的には、消防用設備等の設置・点検義務、防火管理者の選任、用途別の規制等を定める。賃貸住宅は防火対象物として規制対象となり、収容人員・規模に応じて消防用設備の設置義務がある。試験では、消防法が何を規律し、賃貸住宅管理のどの場面で関係するかを押さえます。関連用語である防火対象物・消防用設備との違いも合わせて確認します。
消防用設備等点検,しょうぼうようせつびとうてんけん,建物・設備,点検義務,消防用設備等の点検と消防長への報告義務。,消防法に基づき、機器点検（6ヵ月に1回）、総合点検（1年に1回）が義務。点検結果は3年に1回、消防長等に報告。共同住宅の管理権原者が責任を負う。,自動火災報知設備;防火管理者,消防法17条の3の3,B,消防用設備等点検とは、消防用設備等の点検と消防長への報告義務です。具体的には、消防法に基づき、機器点検（6ヵ月に1回）、総合点検（1年に1回）が義務。点検結果は3年に1回、消防長等に報告。共同住宅の管理権原者が責任を負う。試験では、消防法17条の3の3との関係で、定義・要件・効果を具体例と結び付けて押さえます。関連用語である自動火災報知設備・防火管理者との違いも合わせて確認します。
シロアリ,しろあり,建物・設備,害虫;木造,木材を食害する害虫。木造建物の構造体に被害を及ぼす。,ヤマトシロアリ・イエシロアリ等。木造の柱・土台・床下を食害し、建物の構造耐力を損なう。定期的な予防処理（5年程度）が推奨される。発見時は専門業者による駆除と被害箇所の補修。,防蟻処理;木造,—,B,シロアリとは、木材を食害する害虫。木造建物の構造体に被害を及ぼす。具体的には、ヤマトシロアリ・イエシロアリ等。木造の柱・土台・床下を食害し、建物の構造耐力を損なう。定期的な予防処理（5年程度）が推奨される。発見時は専門業者による駆除と被害箇所の補修。試験では、条文番号そのものよりも、実務上の位置づけ、当事者の負担、似た用語との違いを押さえます。関連用語である防蟻処理・木造との違いも合わせて確認します。
新耐震基準,しんたいしんきじゅん,建物・設備,1981年;耐震,1981年6月に施行された改正建築基準法の耐震基準。,1981年6月1日以降の建築確認申請に適用される耐震基準。震度6強〜7程度の大地震で倒壊しないことを目標。1981年5月以前の旧耐震基準の建物との区別の指標として重要。,旧耐震基準;耐震診断,建築基準法,A,新耐震基準とは、1981年6月に施行された改正建築基準法の耐震基準です。具体的には、1981年6月1日以降の建築確認申請に適用される耐震基準。震度6強〜7程度の大地震で倒壊しないことを目標。1981年5月以前の旧耐震基準の建物との区別の指標として重要。試験では、建築基準法との関係で、定義・要件・効果を具体例と結び付けて押さえます。関連用語である旧耐震基準・耐震診断との違いも合わせて確認します。
事故発生時の対応,じこはっせいじのたいおう,建物・設備,緊急対応,火災・水漏れ・地震等の事故発生時の初動対応。,①人命・安全の確保、②被害拡大の防止、③貸主・保険会社への連絡、④原因調査・修繕、⑤関係者への報告。記録の作成・保存も重要。マニュアル整備が望ましい。,緊急対応;保険,—,B,事故発生時の対応とは、火災・水漏れ・地震等の事故発生時の初動対応です。具体的には、①人命・安全の確保、②被害拡大の防止、③貸主・保険会社への連絡、④原因調査・修繕、⑤関係者への報告。記録の作成・保存も重要。マニュアル整備が望ましい。試験では、条文番号そのものよりも、実務上の位置づけ、当事者の負担、似た用語との違いを押さえます。関連用語である緊急対応・保険との違いも合わせて確認します。
自動火災報知設備,じどうかさいほうちせつび,建物・設備,消防;建物全体,建物内の火災を自動感知し、警報する設備。,感知器・発信機・受信機・音響装置で構成される建物全体の火災報知設備。延べ面積500㎡以上の共同住宅等で設置義務。住宅用火災警報器とは別。年2回の点検と1年に1回の総合点検が義務。,住宅用火災警報器;消防用設備等点検,消防法施行令21条,B,自動火災報知設備とは、建物内の火災を自動感知し、警報する設備です。具体的には、感知器・発信機・受信機・音響装置で構成される建物全体の火災報知設備。延べ面積500㎡以上の共同住宅等で設置義務。住宅用火災警報器とは別。年2回の点検と1年に1回の総合点検が義務。試験では、消防法施行令21条との関係で、定義・要件・効果を具体例と結び付けて押さえます。関連用語である住宅用火災警報器・消防用設備等点検との違いも合わせて確認します。
住宅性能表示制度,じゅうたくせいのうひょうじせいど,建物・設備,品確法;表示,住宅の性能を等級等で表示する任意の制度。,品確法に基づき、住宅の構造の安定（耐震等級）、火災時の安全、劣化の軽減、温熱環境（断熱性能）等を10分野で評価・表示。客観的な性能比較を可能にする。,品確法;耐震等級,品確法,C,住宅性能表示制度とは、住宅の性能を等級等で表示する任意の制度です。具体的には、品確法に基づき、住宅の構造の安定（耐震等級）、火災時の安全、劣化の軽減、温熱環境（断熱性能）等を10分野で評価・表示。客観的な性能比較を可能にする。試験では、品確法との関係で、定義・要件・効果を具体例と結び付けて押さえます。関連用語である品確法・耐震等級との違いも合わせて確認します。
住宅用火災警報器,じゅうたくようかさいけいほうき,建物・設備,消防;個別住戸,住宅の寝室・階段等に設置が義務付けられる火災警報器。,全ての住宅で2011年6月までに設置が義務化（既存住宅も含む）。寝室・寝室がある階の階段に設置。煙式・熱式があるが、寝室は煙式が原則。電池切れに注意。,煙感知器;熱感知器,消防法9条の2,A,住宅用火災警報器とは、住宅の寝室・階段等に設置が義務付けられる火災警報器です。具体的には、全ての住宅で2011年6月までに設置が義務化（既存住宅も含む）。寝室・寝室がある階の階段に設置。煙式・熱式があるが、寝室は煙式が原則。電池切れに注意。試験では、消防法9条の2との関係で、定義・要件・効果を具体例と結び付けて押さえます。関連用語である煙感知器・熱感知器との違いも合わせて確認します。
受水槽,じゅすいそう,建物・設備,給水;貯水,水道水を一時貯水するタンク。,建物への給水を貯水するタンク。容量10㎥超は「簡易専用水道」として水道法の規制対象。年1回以上の清掃、定期検査が義務。容量に余裕があれば災害時の非常用水としても利用可能。,簡易専用水道;高置水槽方式,水道法34条の2,B,受水槽とは、水道水を一時貯水するタンクです。具体的には、建物への給水を貯水するタンク。容量10㎥超は「簡易専用水道」として水道法の規制対象。年1回以上の清掃、定期検査が義務。容量に余裕があれば災害時の非常用水としても利用可能。試験では、水道法34条の2との関係で、定義・要件・効果を具体例と結び付けて押さえます。関連用語である簡易専用水道・高置水槽方式との違いも合わせて確認します。
スプリンクラー設備,すぷりんくらーせつび,建物・設備,消防;消火,火災時に天井から自動的に放水する消火設備。,高層建物等で設置義務。火災時に天井のヘッドから自動放水する。一般的な共同住宅では11階以上の階に設置義務（消防法施行令12条）。,消防用設備,消防法施行令12条,C,スプリンクラー設備とは、火災時に天井から自動的に放水する消火設備です。具体的には、高層建物等で設置義務。火災時に天井のヘッドから自動放水する。一般的な共同住宅では11階以上の階に設置義務（消防法施行令12条）。試験では、消防法施行令12条との関係で、定義・要件・効果を具体例と結び付けて押さえます。関連用語である消防用設備との違いも合わせて確認します。
スマートロック,すまーとろっく,建物・設備,鍵;IT,スマートフォン等で施解錠できる電子錠。,スマホアプリ・暗証番号・カード等で施解錠する電子錠。鍵交換コスト削減、入居者ごとの開錠コード設定が可能、入退室記録の取得など利点がある。電池切れには注意。,鍵の管理;鍵交換費用,—,B,スマートロックとは、スマートフォン等で施解錠できる電子錠です。具体的には、スマホアプリ・暗証番号・カード等で施解錠する電子錠。鍵交換コスト削減、入居者ごとの開錠コード設定が可能、入退室記録の取得など利点がある。電池切れには注意。試験では、条文番号そのものよりも、実務上の位置づけ、当事者の負担、似た用語との違いを押さえます。関連用語である鍵の管理・鍵交換費用との違いも合わせて確認します。
制震構造,せいしんこうぞう,建物・設備,地震対策,制震装置で揺れを吸収する構造。,建物にダンパー等の制震装置を組み込み、地震エネルギーを吸収する構造。中高層建物で採用される。耐震構造より上層階の揺れを軽減できる。,耐震構造;免震構造,—,B,制震構造とは、制震装置で揺れを吸収する構造です。具体的には、建物にダンパー等の制震装置を組み込み、地震エネルギーを吸収する構造。中高層建物で採用される。耐震構造より上層階の揺れを軽減できる。試験では、条文番号そのものよりも、実務上の位置づけ、当事者の負担、似た用語との違いを押さえます。関連用語である耐震構造・免震構造との違いも合わせて確認します。
セパレートバス,せぱれーとばす,建物・設備,浴室;バストイレ別,風呂とトイレが別室に設置されている浴室。,風呂・洗面・トイレを別室にした構成。日本の居住者好みに合致し、賃料への影響も大きい。1Rでもセパレートを設置することで競争力を高めることができる。,ユニットバス;3点ユニット,—,B,セパレートバスとは、風呂とトイレが別室に設置されている浴室です。具体的には、風呂・洗面・トイレを別室にした構成。日本の居住者好みに合致し、賃料への影響も大きい。1Rでもセパレートを設置することで競争力を高めることができる。試験では、条文番号そのものよりも、実務上の位置づけ、当事者の負担、似た用語との違いを押さえます。関連用語であるユニットバス・3点ユニットとの違いも合わせて確認します。
専有部,せんゆうぶ,建物・設備,区分所有,区分所有建物のうち、各区分所有者の所有・賃借対象となる部分。,各住戸の内部（壁の内側）。共用部との境界は管理規約で定まる（一般に上塗り部分から内側が専有部）。借主は専有部について善管注意義務を負う。,共用部;区分所有法,区分所有法2条;3条,B,専有部とは、区分所有建物のうち、各区分所有者の所有・賃借対象となる部分です。具体的には、各住戸の内部（壁の内側）。共用部との境界は管理規約で定まる（一般に上塗り部分から内側が専有部）。借主は専有部について善管注意義務を負う。試験では、区分所有法2条;3条との関係で、定義・要件・効果を具体例と結び付けて押さえます。関連用語である共用部・区分所有法との違いも合わせて確認します。
ZEH（ネット・ゼロ・エネルギー・ハウス）,ぜっち,建物・設備,省エネ;太陽光,年間の一次エネルギー消費量がゼロ以下となる住宅。,断熱性能の向上、高効率設備、太陽光発電等の創エネを組み合わせ、年間のエネルギー収支がゼロ以下となる住宅。国の補助金対象。賃貸住宅でも対応物件が増えている（ZEH-M）。,省エネ基準;太陽光発電,—,C,ZEH（ネット・ゼロ・エネルギー・ハウス）とは、年間の一次エネルギー消費量がゼロ以下となる住宅です。具体的には、断熱性能の向上、高効率設備、太陽光発電等の創エネを組み合わせ、年間のエネルギー収支がゼロ以下となる住宅。国の補助金対象。賃貸住宅でも対応物件が増えている（ZEH-M）。試験では、条文番号そのものよりも、実務上の位置づけ、当事者の負担、似た用語との違いを押さえます。関連用語である省エネ基準・太陽光発電との違いも合わせて確認します。
耐震構造,たいしんこうぞう,建物・設備,地震対策,建物自体の強度で地震に耐える構造。,柱・梁・壁等の剛性と粘り強さで地震力に耐える構造。日本の建物の標準的構造。建築基準法上は新耐震基準（1981年6月以降）が要求される。,新耐震基準;制震構造,建築基準法,A,耐震構造とは、建物自体の強度で地震に耐える構造です。具体的には、柱・梁・壁等の剛性と粘り強さで地震力に耐える構造。日本の建物の標準的構造。建築基準法上は新耐震基準（1981年6月以降）が要求される。試験では、建築基準法との関係で、定義・要件・効果を具体例と結び付けて押さえます。関連用語である新耐震基準・制震構造との違いも合わせて確認します。
耐震診断,たいしんしんだん,建物・設備,耐震性評価,既存建物の耐震性能を調査・評価すること。,旧耐震基準の建物等について、現行基準で必要とされる耐震性を有しているかを評価する調査。Is値（構造耐震指標）等で評価。診断結果に応じ耐震改修が必要。,耐震改修;旧耐震基準,耐震改修促進法,B,耐震診断とは、既存建物の耐震性能を調査・評価することです。具体的には、旧耐震基準の建物等について、現行基準で必要とされる耐震性を有しているかを評価する調査。Is値（構造耐震指標）等で評価。診断結果に応じ耐震改修が必要。試験では、耐震改修促進法との関係で、定義・要件・効果を具体例と結び付けて押さえます。関連用語である耐震改修・旧耐震基準との違いも合わせて確認します。
宅配ボックス,たくはいぼっくす,建物・設備,共用設備,不在時の宅配物を受け取れる集合ボックス。,不在時に宅配業者が荷物を預けられる集合型ロッカー。機械式・電気式があり、暗証番号・電子キー・物理キーで受領。共働き世帯・1人暮らし向け物件で人気。,オートロック,—,B,宅配ボックスとは、不在時の宅配物を受け取れる集合ボックスです。具体的には、不在時に宅配業者が荷物を預けられる集合型ロッカー。機械式・電気式があり、暗証番号・電子キー・物理キーで受領。共働き世帯・1人暮らし向け物件で人気。試験では、条文番号そのものよりも、実務上の位置づけ、当事者の負担、似た用語との違いを押さえます。関連用語であるオートロックとの違いも合わせて確認します。
建物診断（インスペクション）,たてものしんだん,建物・設備,建物調査,建築士等が建物の劣化状況・性能を調査・診断すること。,屋根・外壁・基礎・設備等の劣化を専門家が調査し、補修・改修の必要性を判定する。中古不動産取引、長期修繕計画作成等で活用。宅建業法では媒介契約時の説明・斡旋が義務付けられる。,長期修繕計画;ホームインスペクション,宅建業法等,B,建物診断（インスペクション）とは、建築士等が建物の劣化状況・性能を調査・診断することです。具体的には、屋根・外壁・基礎・設備等の劣化を専門家が調査し、補修・改修の必要性を判定する。中古不動産取引、長期修繕計画作成等で活用。宅建業法では媒介契約時の説明・斡旋が義務付けられる。試験では、宅建業法等との関係で、定義・要件・効果を具体例と結び付けて押さえます。関連用語である長期修繕計画・ホームインスペクションとの違いも合わせて確認します。
大規模修繕,だいきぼしゅうぜん,建物・設備,修繕計画,建物全体に及ぶ、計画的・大規模な修繕工事。,12〜15年周期で行う、外壁塗装・屋上防水・鉄部塗装・給排水管更新等を含む大規模工事。賃貸経営の収支計画の最重要項目の一つ。長期修繕計画に基づき、修繕積立金で資金準備する。,修繕計画;修繕積立金,—,A,大規模修繕とは、建物全体に及ぶ、計画的・大規模な修繕工事です。具体的には、12〜15年周期で行う、外壁塗装・屋上防水・鉄部塗装・給排水管更新等を含む大規模工事。賃貸経営の収支計画の最重要項目の一つ。長期修繕計画に基づき、修繕積立金で資金準備する。試験では、条文番号そのものよりも、実務上の位置づけ、当事者の負担、似た用語との違いを押さえます。関連用語である修繕計画・修繕積立金との違いも合わせて確認します。
断熱性能,だんねつせいのう,建物・設備,省エネ;断熱,建物が熱の出入りを抑える性能。,外壁・屋根・床・窓の断熱で評価される。UA値（外皮平均熱貫流率）等の指標で表される。省エネ基準で水準が規定。賃貸物件でも快適性・光熱費に影響し、訴求ポイントとなる。,省エネ基準;ペアガラス,建築物省エネ法,B,断熱性能とは、建物が熱の出入りを抑える性能です。具体的には、外壁・屋根・床・窓の断熱で評価される。UA値（外皮平均熱貫流率）等の指標で表される。省エネ基準で水準が規定。賃貸物件でも快適性・光熱費に影響し、訴求ポイントとなる。試験では、建築物省エネ法との関係で、定義・要件・効果を具体例と結び付けて押さえます。関連用語である省エネ基準・ペアガラスとの違いも合わせて確認します。
駐車場・駐輪場,ちゅうしゃじょう・ちゅうりんじょう,建物・設備,附属施設,賃貸物件に附属する駐車・駐輪設備。,賃貸借契約の対象としては、建物本体と別契約とすることが多い。駐車場の賃貸借は借地借家法の適用がない。違法駐車・無断駐車の対応は管理業者の重要業務。,駐車場法,—,C,駐車場・駐輪場とは、賃貸物件に附属する駐車・駐輪設備です。具体的には、賃貸借契約の対象としては、建物本体と別契約とすることが多い。駐車場の賃貸借は借地借家法の適用がない。違法駐車・無断駐車の対応は管理業者の重要業務。試験では、条文番号そのものよりも、実務上の位置づけ、当事者の負担、似た用語との違いを押さえます。関連用語である駐車場法との違いも合わせて確認します。
長期修繕計画,ちょうきしゅうぜんけいかく,建物・設備,修繕計画,将来の修繕工事の時期・内容・費用を計画した文書。,建物・設備各部について、20〜30年程度の長期にわたる修繕の時期と費用を予測した計画。賃貸経営の資金計画、修繕積立金の設定根拠となる。定期的な見直しが重要。,大規模修繕;修繕積立金,—,A,長期修繕計画とは、将来の修繕工事の時期・内容・費用を計画した文書です。具体的には、建物・設備各部について、20〜30年程度の長期にわたる修繕の時期と費用を予測した計画。賃貸経営の資金計画、修繕積立金の設定根拠となる。定期的な見直しが重要。試験では、条文番号そのものよりも、実務上の位置づけ、当事者の負担、似た用語との違いを押さえます。関連用語である大規模修繕・修繕積立金との違いも合わせて確認します。
直通階段,ちょくつうかいだん,建物・設備,避難施設,建物の各階から避難階・地上に直接通じる階段。,建築基準法上、共同住宅の各居室から直通階段までの距離は構造・階数に応じ規制される。避難の安全性確保のため重要。一定規模以上の共同住宅では2以上の直通階段が必要。,避難施設;2方向避難,建築基準法施行令120条;121条,B,直通階段とは、建物の各階から避難階・地上に直接通じる階段です。具体的には、建築基準法上、共同住宅の各居室から直通階段までの距離は構造・階数に応じ規制される。避難の安全性確保のため重要。一定規模以上の共同住宅では2以上の直通階段が必要。試験では、建築基準法施行令120条;121条との関係で、定義・要件・効果を具体例と結び付けて押さえます。関連用語である避難施設・2方向避難との違いも合わせて確認します。
ツーバイフォー工法,つーばいふぉーこうほう,建物・設備,木造;枠組壁,壁・床・屋根の面で建物を支える、北米発祥の木造工法。,木造枠組壁工法。2×4インチ材を使用し、壁・床等の面で建物を支える。耐震性・気密性に優れる。日本では1970年代から普及。間取り変更が比較的難しい。,木造;在来工法,建築基準法,B,ツーバイフォー工法とは、壁・床・屋根の面で建物を支える、北米発祥の木造工法です。具体的には、木造枠組壁工法。2×4インチ材を使用し、壁・床等の面で建物を支える。耐震性・気密性に優れる。日本では1970年代から普及。間取り変更が比較的難しい。試験では、建築基準法が何を規律し、賃貸住宅管理のどの場面で関係するかを押さえます。関連用語である木造・在来工法との違いも合わせて確認します。
鉄筋コンクリート造（RC造）,てっきんこんくりーとぞう,建物・設備,構造;RC,鉄筋とコンクリートを組み合わせた構造。耐久性・耐火性に優れる。,鉄筋（引張力に強い）とコンクリート（圧縮力に強い）を組み合わせた構造。耐震性・耐火性・遮音性に優れる。耐用年数47年。マンションで広く採用される。建設コストは高い。,SRC造;ラーメン構造,建築基準法,A,鉄筋コンクリート造（RC造）とは、鉄筋とコンクリートを組み合わせた構造。耐久性・耐火性に優れる。具体的には、鉄筋（引張力に強い）とコンクリート（圧縮力に強い）を組み合わせた構造。耐震性・耐火性・遮音性に優れる。耐用年数47年。マンションで広く採用される。建設コストは高い。試験では、建築基準法との関係で、定義・要件・効果を具体例と結び付けて押さえます。関連用語であるSRC造・ラーメン構造との違いも合わせて確認します。
鉄骨造（S造）,てっこつぞう,建物・設備,構造;鉄骨,主要構造部に鉄骨を用いた建物構造。,鉄骨材で柱・梁を構成する構造。重量鉄骨造と軽量鉄骨造に大別。耐用年数34年（厚さ4mm以下）〜38年（4mm超）等。耐震性は良いが耐火被覆が必要。アパート・低層共同住宅に多く採用。,重量鉄骨造;軽量鉄骨造,建築基準法,A,鉄骨造（S造）とは、主要構造部に鉄骨を用いた建物構造です。具体的には、鉄骨材で柱・梁を構成する構造。重量鉄骨造と軽量鉄骨造に大別。耐用年数34年（厚さ4mm以下）〜38年（4mm超）等。耐震性は良いが耐火被覆が必要。アパート・低層共同住宅に多く採用。試験では、建築基準法との関係で、定義・要件・効果を具体例と結び付けて押さえます。関連用語である重量鉄骨造・軽量鉄骨造との違いも合わせて確認します。
鉄骨鉄筋コンクリート造（SRC造）,てっこつてっきんこんくりーとぞう,建物・設備,構造;SRC,鉄骨をRCで包んだ複合構造。高層建物に多い。,鉄骨の周囲を鉄筋コンクリートで覆った構造。RC造より強度が高く、高層建物に適する。耐用年数47年。コストはさらに高い。,RC造;高層建物,建築基準法,B,鉄骨鉄筋コンクリート造（SRC造）とは、鉄骨をRCで包んだ複合構造。高層建物に多い。具体的には、鉄骨の周囲を鉄筋コンクリートで覆った構造。RC造より強度が高く、高層建物に適する。耐用年数47年。コストはさらに高い。試験では、建築基準法との関係で、定義・要件・効果を具体例と結び付けて押さえます。関連用語であるRC造・高層建物との違いも合わせて確認します。
電気事故,でんきじこ,建物・設備,事故;電気,漏電・感電・電気火災等の電気関連事故。,電気火災、漏電による感電、停電トラブル等。電気工事の有資格者による定期点検と早期対応が重要。建物の電気設備は貸主、室内の家電は借主の責任範囲が原則。,電気設備;緊急対応,電気事業法,B,電気事故とは、漏電・感電・電気火災等の電気関連事故です。具体的には、電気火災、漏電による感電、停電トラブル等。電気工事の有資格者による定期点検と早期対応が重要。建物の電気設備は貸主、室内の家電は借主の責任範囲が原則。試験では、電気事業法との関係で、定義・要件・効果を具体例と結び付けて押さえます。関連用語である電気設備・緊急対応との違いも合わせて確認します。
電気設備,でんきせつび,建物・設備,電気;設備,建物内の受変電・配電・照明等の電気関連設備。,受変電設備、分電盤、配線、コンセント、照明等。共同住宅では各戸への引き込み・契約アンペアが居住性に影響。共用部の電気は管理組合・貸主の負担。,受変電設備;契約アンペア,電気事業法,B,電気設備とは、建物内の受変電・配電・照明等の電気関連設備です。具体的には、受変電設備、分電盤、配線、コンセント、照明等。共同住宅では各戸への引き込み・契約アンペアが居住性に影響。共用部の電気は管理組合・貸主の負担。試験では、電気事業法との関係で、定義・要件・効果を具体例と結び付けて押さえます。関連用語である受変電設備・契約アンペアとの違いも合わせて確認します。
都市ガス,としがす,建物・設備,ガス,ガス会社が管路で供給するガス。,ガス事業者が地中の本管・配管を通じて供給するガス。13A（主に大都市圏）、12A、6A、5C等の種類がある。LPガスより一般に安価。,LPガス;ガス事業法,ガス事業法,B,都市ガスとは、ガス会社が管路で供給するガスです。具体的には、ガス事業者が地中の本管・配管を通じて供給するガス。13A（主に大都市圏）、12A、6A、5C等の種類がある。LPガスより一般に安価。試験では、ガス事業法との関係で、定義・要件・効果を具体例と結び付けて押さえます。関連用語であるLPガス・ガス事業法との違いも合わせて確認します。
24時間換気,にじゅうよじかんかんき,建物・設備,シックハウス対策,居室を常時換気する機械換気設備。シックハウス対策で義務化。,2003年7月の改正建築基準法でシックハウス対策として導入。居室全体を1時間に0.5回以上換気できる機械換気設備の設置が義務。常時運転する必要があり、入居者には電源を切らないよう周知が重要。,シックハウス症候群;ホルムアルデヒド,建築基準法28条の2,A,24時間換気とは、居室を常時換気する機械換気設備。シックハウス対策で義務化。具体的には、2003年7月の改正建築基準法でシックハウス対策として導入。居室全体を1時間に0.5回以上換気できる機械換気設備の設置が義務。常時運転する必要があり、入居者には電源を切らないよう周知が重要。試験では、建築基準法28条の2との関係で、定義・要件・効果を具体例と結び付けて押さえます。関連用語であるシックハウス症候群・ホルムアルデヒドとの違いも合わせて確認します。
排水トラップ,はいすいとらっぷ,建物・設備,排水;臭気防止,排水管内に水を溜めて、下水からの臭気・害虫の侵入を防ぐ装置。,S字形・P字形等の形状で常時水を溜め、下水からの臭気・ガス・害虫の侵入を防ぐ。Sトラップ、Pトラップ、ドラムトラップ等。長期不使用で水が蒸発し封水が切れると臭気が侵入。,封水;排水管,—,B,排水トラップとは、排水管内に水を溜めて、下水からの臭気・害虫の侵入を防ぐ装置です。具体的には、S字形・P字形等の形状で常時水を溜め、下水からの臭気・ガス・害虫の侵入を防ぐ。Sトラップ、Pトラップ、ドラムトラップ等。長期不使用で水が蒸発し封水が切れると臭気が侵入。試験では、条文番号そのものよりも、実務上の位置づけ、当事者の負担、似た用語との違いを押さえます。関連用語である封水・排水管との違いも合わせて確認します。
排水方式,はいすいほうしき,建物・設備,排水,建物からの汚水・雑排水を排出する方式。,①合流式（汚水と雨水を同一管で排水）、②分流式（汚水と雨水を別管で排水）。下水道の方式に合わせる。汚水と雑排水（風呂・洗面）は建物内では分流するのが一般的。,合流式下水道;分流式下水道,下水道法,B,排水方式とは、建物からの汚水・雑排水を排出する方式です。具体的には、①合流式（汚水と雨水を同一管で排水）、②分流式（汚水と雨水を別管で排水）。下水道の方式に合わせる。汚水と雑排水（風呂・洗面）は建物内では分流するのが一般的。試験では、下水道法との関係で、定義・要件・効果を具体例と結び付けて押さえます。関連用語である合流式下水道・分流式下水道との違いも合わせて確認します。
バリアフリー,ばりあふりー,建物・設備,高齢者・障害者対応,高齢者・障害者の生活上の障壁を取り除いた建物の設計・設備。,段差解消、手すり設置、車椅子対応の幅員、ヒートショック対策等。バリアフリー新法（高齢者・障害者等の移動等円滑化促進法）で公共施設等の基準が定まる。高齢者向け賃貸住宅では重要要素。,サービス付き高齢者向け住宅;バリアフリー新法,バリアフリー新法,B,バリアフリーとは、高齢者・障害者の生活上の障壁を取り除いた建物の設計・設備です。具体的には、段差解消、手すり設置、車椅子対応の幅員、ヒートショック対策等。バリアフリー新法（高齢者・障害者等の移動等円滑化促進法）で公共施設等の基準が定まる。高齢者向け賃貸住宅では重要要素。試験では、バリアフリー新法との関係で、定義・要件・効果を具体例と結び付けて押さえます。関連用語であるサービス付き高齢者向け住宅・バリアフリー新法との違いも合わせて確認します。
避難施設,ひなんしせつ,建物・設備,避難;階段,火災・地震時の避難に用いる階段・通路等。,建築基準法・消防法で規制。直通階段、避難階段（特別避難階段含む）、屋外階段、避難はしご、避難用バルコニー等。共同住宅では2方向避難の確保が原則。,直通階段;2方向避難,建築基準法施行令120条以下,B,避難施設とは、火災・地震時の避難に用いる階段・通路等です。具体的には、建築基準法・消防法で規制。直通階段、避難階段（特別避難階段含む）、屋外階段、避難はしご、避難用バルコニー等。共同住宅では2方向避難の確保が原則。試験では、建築基準法施行令120条以下との関係で、定義・要件・効果を具体例と結び付けて押さえます。関連用語である直通階段・2方向避難との違いも合わせて確認します。
PCB（ポリ塩化ビフェニル）,ぴーしーびー,建物・設備,有害物質,古い変圧器・コンデンサ等に含まれる有害物質。,1970年代以前の電気機器に使用された絶縁油。健康被害が判明し製造禁止。古い建物の変圧器等に残存する場合があり、廃棄には特別管理が必要。,PCB特別措置法,PCB特別措置法,C,PCB（ポリ塩化ビフェニル）とは、古い変圧器・コンデンサ等に含まれる有害物質です。具体的には、1970年代以前の電気機器に使用された絶縁油。健康被害が判明し製造禁止。古い建物の変圧器等に残存する場合があり、廃棄には特別管理が必要。試験では、PCB特別措置法との関係で、定義・要件・効果を具体例と結び付けて押さえます。関連用語であるPCB特別措置法との違いも合わせて確認します。
封水切れ,ふうすいぎれ,建物・設備,排水トラブル,排水トラップの水が失われ、臭気が逆流する現象。,長期不使用、サイホン作用、毛細管現象、誘導サイホン作用、蒸発、跳ね出し等により排水トラップ内の水（封水）が失われる現象。下水臭・害虫侵入の原因。通水で改善することが多い。,排水トラップ,—,B,封水切れとは、排水トラップの水が失われ、臭気が逆流する現象です。具体的には、長期不使用、サイホン作用、毛細管現象、誘導サイホン作用、蒸発、跳ね出し等により排水トラップ内の水（封水）が失われる現象。下水臭・害虫侵入の原因。通水で改善することが多い。試験では、条文番号そのものよりも、実務上の位置づけ、当事者の負担、似た用語との違いを押さえます。関連用語である排水トラップとの違いも合わせて確認します。
ベランダ・バルコニー,べらんだ・ばるこにー,建物・設備,専用使用部分,住戸専用の屋外スペース。区分所有上は共用部分の専用使用権。,区分所有建物では共用部分とされ、各住戸の専用使用権が認められるのが一般的。緊急時の避難経路となるため、物を置くこと等は制限される。修繕は管理組合・貸主の負担。,共用部;専有部;避難施設,区分所有法,B,ベランダ・バルコニーとは、住戸専用の屋外スペース。区分所有上は共用部分の専用使用権。具体的には、区分所有建物では共用部分とされ、各住戸の専用使用権が認められるのが一般的。緊急時の避難経路となるため、物を置くこと等は制限される。修繕は管理組合・貸主の負担。試験では、区分所有法との関係で、定義・要件・効果を具体例と結び付けて押さえます。関連用語である共用部・専有部との違いも合わせて確認します。
ペアガラス（複層ガラス）,ぺあがらす,建物・設備,断熱;窓,2枚のガラスで構成され、間に空気層を持つ断熱性の高いガラス。,断熱・遮音・結露防止に効果あり。Low-E（低放射）膜を併用したLow-E複層ガラスはさらに高性能。新築物件で標準化が進む。,断熱性能;結露,—,B,ペアガラス（複層ガラス）とは、2枚のガラスで構成され、間に空気層を持つ断熱性の高いガラスです。具体的には、断熱・遮音・結露防止に効果あり。Low-E（低放射）膜を併用したLow-E複層ガラスはさらに高性能。新築物件で標準化が進む。試験では、条文番号そのものよりも、実務上の位置づけ、当事者の負担、似た用語との違いを押さえます。関連用語である断熱性能・結露との違いも合わせて確認します。
ホルムアルデヒド,ほるむあるでひど,建物・設備,化学物質;シックハウス,シックハウスの原因となる揮発性化学物質の代表。,合板・接着剤等に含まれる揮発性化学物質。F☆☆☆☆（フォースター）等の等級で放散量を規制。建築基準法で内装仕上げの規制対象。,シックハウス症候群;Fスター,建築基準法28条の2,B,ホルムアルデヒドとは、シックハウスの原因となる揮発性化学物質の代表です。具体的には、合板・接着剤等に含まれる揮発性化学物質。F☆☆☆☆（フォースター）等の等級で放散量を規制。建築基準法で内装仕上げの規制対象。試験では、建築基準法28条の2との関係で、定義・要件・効果を具体例と結び付けて押さえます。関連用語であるシックハウス症候群・Fスターとの違いも合わせて確認します。
防火管理者,ぼうかかんりしゃ,建物・設備,消防;管理者,防火対象物の防火管理を担う者。一定規模の建物で選任義務。,共同住宅では収容人員50人以上で選任義務。消防計画作成、消火・通報・避難訓練、消防用設備の点検監督等を担う。資格は防火管理講習修了。,消防計画;消防法,消防法8条,B,防火管理者とは、防火対象物の防火管理を担う者。一定規模の建物で選任義務。具体的には、共同住宅では収容人員50人以上で選任義務。消防計画作成、消火・通報・避難訓練、消防用設備の点検監督等を担う。資格は防火管理講習修了。試験では、消防法8条との関係で、定義・要件・効果を具体例と結び付けて押さえます。関連用語である消防計画・消防法との違いも合わせて確認します。
防水工事,ぼうすいこうじ,建物・設備,修繕;屋上,屋根・屋上・ベランダ等の防水処理工事。,アスファルト防水、シート防水、塗膜防水（ウレタン・FRP等）等の工法がある。耐用年数10〜15年程度。雨漏り発生前の予防的な改修が重要。長期修繕計画の主要項目。,雨漏り;修繕計画,—,B,防水工事とは、屋根・屋上・ベランダ等の防水処理工事です。具体的には、アスファルト防水、シート防水、塗膜防水（ウレタン・FRP等）等の工法がある。耐用年数10〜15年程度。雨漏り発生前の予防的な改修が重要。長期修繕計画の主要項目。試験では、条文番号そのものよりも、実務上の位置づけ、当事者の負担、似た用語との違いを押さえます。関連用語である雨漏り・修繕計画との違いも合わせて確認します。
防犯カメラ,ぼうはんかめら,建物・設備,防犯;個人情報,防犯目的で共用部等に設置するカメラ。,エントランス・廊下・駐車場等に設置。犯罪抑止と事案発生時の証拠保全が目的。個人情報保護法上、撮影目的の明示、記録の管理に注意が必要。データ保存期間は概ね1〜2週間が一般的。,個人情報保護法;防犯,個人情報保護法,B,防犯カメラとは、防犯目的で共用部等に設置するカメラです。具体的には、エントランス・廊下・駐車場等に設置。犯罪抑止と事案発生時の証拠保全が目的。個人情報保護法上、撮影目的の明示、記録の管理に注意が必要。データ保存期間は概ね1〜2週間が一般的。試験では、個人情報保護法との関係で、定義・要件・効果を具体例と結び付けて押さえます。関連用語である個人情報保護法・防犯との違いも合わせて確認します。
間取り表示,まどりひょうじ,建物・設備,募集;広告,賃貸物件の部屋数・配置を簡略表現したもの。,1R、1K、1DK、1LDK、2LDK等の表記。「不動産の表示に関する公正競争規約」により、表示基準が定められている（DKは4.5畳以上、LDKは8畳以上等）。借主の物件選択の基本指標。,公正競争規約;広告規制,不動産の表示に関する公正競争規約,B,間取り表示とは、賃貸物件の部屋数・配置を簡略表現したものです。具体的には、1R、1K、1DK、1LDK、2LDK等の表記。「不動産の表示に関する公正競争規約」により、表示基準が定められている（DKは4.5畳以上、LDKは8畳以上等）。借主の物件選択の基本指標。試験では、不動産の表示に関する公正競争規約との関係で、定義・要件・効果を具体例と結び付けて押さえます。関連用語である公正競争規約・広告規制との違いも合わせて確認します。
免震構造,めんしんこうぞう,建物・設備,地震対策,免震装置で建物自体を地震動から切り離す構造。,建物と基礎の間に免震装置（積層ゴム等）を設置し、地震エネルギーを建物に伝えにくくする構造。最も地震に強いが、コストも高い。タワーマンション等で採用例が増加。,制震構造;耐震構造,—,B,免震構造とは、免震装置で建物自体を地震動から切り離す構造です。具体的には、建物と基礎の間に免震装置（積層ゴム等）を設置し、地震エネルギーを建物に伝えにくくする構造。最も地震に強いが、コストも高い。タワーマンション等で採用例が増加。試験では、条文番号そのものよりも、実務上の位置づけ、当事者の負担、似た用語との違いを押さえます。関連用語である制震構造・耐震構造との違いも合わせて確認します。
木造（W造）,もくぞう,建物・設備,構造;木造,柱・梁等の主要構造部に木材を使用した建物構造。,日本で最も普及している住宅構造。在来工法（軸組工法）、2×4工法（枠組壁工法）、木質パネル工法等。耐用年数22年（住宅用木造）。コストが比較的安く、設計の自由度が高いが、耐火性・遮音性に難点。,在来工法;ツーバイフォー工法,建築基準法,A,木造（W造）とは、柱・梁等の主要構造部に木材を使用した建物構造です。具体的には、日本で最も普及している住宅構造。在来工法（軸組工法）、2×4工法（枠組壁工法）、木質パネル工法等。耐用年数22年（住宅用木造）。コストが比較的安く、設計の自由度が高いが、耐火性・遮音性に難点。試験では、建築基準法との関係で、定義・要件・効果を具体例と結び付けて押さえます。関連用語である在来工法・ツーバイフォー工法との違いも合わせて確認します。
床暖房,ゆかだんぼう,建物・設備,暖房;設備,床下に熱源を設置し、輻射熱で部屋を暖める暖房設備。,温水式（ボイラー）と電気式がある。空気を汚さず、足元から暖まる利点。コストは高いが、高級賃貸物件・分譲マンションで導入が進む。,輻射熱;空調,—,C,床暖房とは、床下に熱源を設置し、輻射熱で部屋を暖める暖房設備です。具体的には、温水式（ボイラー）と電気式がある。空気を汚さず、足元から暖まる利点。コストは高いが、高級賃貸物件・分譲マンションで導入が進む。試験では、条文番号そのものよりも、実務上の位置づけ、当事者の負担、似た用語との違いを押さえます。関連用語である輻射熱・空調との違いも合わせて確認します。
床面積,ゆかめんせき,建物・設備,面積表示,建物の床部分の面積。建築基準法に基づく算定方法あり。,壁芯・内法（うちのり）のいずれかで測定。賃貸住宅では壁芯面積で募集することが多い。専有面積、共用面積を区別する。一定の面積で借主保護規定の適用範囲が変わる場合がある（定期借家200㎡基準等）。,間取り表示;定期建物賃貸借,建築基準法施行令2条;不動産表示規則,B,床面積とは、建物の床部分の面積。建築基準法に基づく算定方法あり。具体的には、壁芯・内法（うちのり）のいずれかで測定。賃貸住宅では壁芯面積で募集することが多い。専有面積、共用面積を区別する。一定の面積で借主保護規定の適用範囲が変わる場合がある（定期借家200㎡基準等）。試験では、建築基準法施行令2条;不動産表示規則との関係で、定義・要件・効果を具体例と結び付けて押さえます。関連用語である間取り表示・定期建物賃貸借との違いも合わせて確認します。
ユニットバス,ゆにっとばす,建物・設備,浴室,工場で部材を成形し、現場で組み立てる浴室。,天井・壁・床・浴槽が一体的に成形される浴室ユニット。施工が早く、防水性能が高い。トイレ・洗面台と一体の3点ユニットバス、独立洗面台付きセパレートタイプ等のバリエーション。,セパレートバス;3点ユニット,—,B,ユニットバスとは、工場で部材を成形し、現場で組み立てる浴室です。具体的には、天井・壁・床・浴槽が一体的に成形される浴室ユニット。施工が早く、防水性能が高い。トイレ・洗面台と一体の3点ユニットバス、独立洗面台付きセパレートタイプ等のバリエーション。試験では、条文番号そのものよりも、実務上の位置づけ、当事者の負担、似た用語との違いを押さえます。関連用語であるセパレートバス・3点ユニットとの違いも合わせて確認します。
容積率,ようせきりつ,建物・設備,用途地域;建築規制,敷地面積に対する延べ床面積の割合。用途地域ごとに上限が定まる。,敷地面積に占める延べ床面積の割合。用途地域により50〜1300%の上限が定まる。建物の高さ・大きさを規制する。,建ぺい率;用途地域,建築基準法52条,B,容積率とは、敷地面積に対する延べ床面積の割合。用途地域ごとに上限が定まる。具体的には、敷地面積に占める延べ床面積の割合。用途地域により50〜1300%の上限が定まる。建物の高さ・大きさを規制する。試験では、建築基準法52条との関係で、定義・要件・効果を具体例と結び付けて押さえます。関連用語である建ぺい率・用途地域との違いも合わせて確認します。
用途地域,ようとちいき,建物・設備,都市計画法,都市計画法による地域区分。地域ごとに建築可能な用途・規模が定まる。,都市計画法に基づき、市街地を13種類に区分。住居系・商業系・工業系等。賃貸住宅の建築可能性、近隣の用途、住環境の特性に影響する。,建ぺい率;容積率;都市計画法,都市計画法8条,B,用途地域とは、都市計画法による地域区分。地域ごとに建築可能な用途・規模が定まる。具体的には、都市計画法に基づき、市街地を13種類に区分。住居系・商業系・工業系等。賃貸住宅の建築可能性、近隣の用途、住環境の特性に影響する。試験では、都市計画法8条との関係で、定義・要件・効果を具体例と結び付けて押さえます。関連用語である建ぺい率・容積率との違いも合わせて確認します。
ラーメン構造,らーめんこうぞう,建物・設備,構造形式,柱と梁を剛接合した骨組構造。,柱と梁を剛接合（一体的に）した構造形式。RC造・S造で広く採用。柱・梁の太さが目立つが、間取りの自由度が高い。,壁式構造;RC造,—,B,ラーメン構造とは、柱と梁を剛接合した骨組構造です。具体的には、柱と梁を剛接合（一体的に）した構造形式。RC造・S造で広く採用。柱・梁の太さが目立つが、間取りの自由度が高い。試験では、条文番号そのものよりも、実務上の位置づけ、当事者の負担、似た用語との違いを押さえます。関連用語である壁式構造・RC造との違いも合わせて確認します。
漏水事故,ろうすいじこ,建物・設備,事故;水漏れ,給排水管・設備等から水が漏れる事故。,建物の漏水事故。①上階からの漏水（給排水管・洗濯機等の借主行為由来も）、②外壁・屋上からの漏水。原因と責任主体（貸主・借主・上階借主）の調査が必要。階下住戸の家財損害につき個人賠償責任保険等で対応。,雨漏り;個人賠償責任保険,民法606条;709条,A,漏水事故とは、給排水管・設備等から水が漏れる事故です。具体的には、建物の漏水事故。①上階からの漏水（給排水管・洗濯機等の借主行為由来も）、②外壁・屋上からの漏水。原因と責任主体（貸主・借主・上階借主）の調査が必要。階下住戸の家財損害につき個人賠償責任保険等で対応。試験では、民法606条;709条との関係で、定義・要件・効果を具体例と結び付けて押さえます。関連用語である雨漏り・個人賠償責任保険との違いも合わせて確認します。
青色申告,あおいろしんこく,会計・税務・保険,所得税;特別控除,正規の帳簿に基づく所得税の申告制度。各種特典がある。,事業所得・不動産所得等を有する者が、税務署の事前承認を受け、複式簿記による帳簿を備えて行う申告。最大65万円の特別控除、損失の繰越控除、専従者給与等の特典がある。,白色申告;事業的規模,所得税法143条,B,青色申告とは、正規の帳簿に基づく所得税の申告制度。各種特典がある。具体的には、事業所得・不動産所得等を有する者が、税務署の事前承認を受け、複式簿記による帳簿を備えて行う申告。最大65万円の特別控除、損失の繰越控除、専従者給与等の特典がある。試験では、所得税法143条との関係で、定義・要件・効果を具体例と結び付けて押さえます。関連用語である白色申告・事業的規模との違いも合わせて確認します。
印紙税,いんしぜい,会計・税務・保険,国税;契約書,契約書等の文書に課される国税。,賃貸借契約書、売買契約書等に対する課税。住宅の賃貸借契約書は印紙税の課税対象外だが、建物賃貸借に係る権利金・敷金・保証金等の契約書は記載金額に応じ課税。電子契約は課税対象外。,賃貸借契約書;電子契約,印紙税法,C,印紙税とは、契約書等の文書に課される国税です。具体的には、賃貸借契約書、売買契約書等に対する課税。住宅の賃貸借契約書は印紙税の課税対象外だが、建物賃貸借に係る権利金・敷金・保証金等の契約書は記載金額に応じ課税。電子契約は課税対象外。試験では、印紙税法との関係で、定義・要件・効果を具体例と結び付けて押さえます。関連用語である賃貸借契約書・電子契約との違いも合わせて確認します。
貸家建付地,かしやたてつけち,会計・税務・保険,相続税;評価減,貸家の敷地。借家権を考慮した相続税評価額。,自用地評価額 ×（1 − 借地権割合 × 借家権割合 × 賃貸割合）で評価。借家権割合は通常30%。賃貸経営で相続税対策となる主要な仕組み。,貸家;借家権割合;相続税,財産評価基本通達,B,貸家建付地とは、貸家の敷地。借家権を考慮した相続税評価額。具体的には、自用地評価額 ×（1 − 借地権割合 × 借家権割合 × 賃貸割合）で評価。借家権割合は通常30%。賃貸経営で相続税対策となる主要な仕組み。試験では、財産評価基本通達との関係で、定義・要件・効果を具体例と結び付けて押さえます。関連用語である貸家・借家権割合との違いも合わせて確認します。
減価償却,げんかしょうきゃく,会計・税務・保険,税務;費用配分,建物等の取得価額を耐用年数にわたって費用化する会計処理。,建物・設備の取得価額を、税法上の耐用年数に応じて毎年費用計上する処理。賃貸経営では大きな費用要素。建物本体と設備で耐用年数が異なる（建物附属設備15年、給排水15年等）。土地は減価償却の対象外。,耐用年数;不動産所得,所得税法;法人税法,A,減価償却とは、建物等の取得価額を耐用年数にわたって費用化する会計処理です。具体的には、建物・設備の取得価額を、税法上の耐用年数に応じて毎年費用計上する処理。賃貸経営では大きな費用要素。建物本体と設備で耐用年数が異なる（建物附属設備15年、給排水15年等）。土地は減価償却の対象外。試験では、所得税法;法人税法との関係で、定義・要件・効果を具体例と結び付けて押さえます。関連用語である耐用年数・不動産所得との違いも合わせて確認します。
源泉徴収,げんせんちょうしゅう,会計・税務・保険,所得税;非居住者,賃料支払時に源泉所得税を控除して納付する制度。,非居住者の貸主に賃料を支払う場合、20.42%の源泉所得税を控除して納付する必要がある（住宅用で月15万円以下等の例外あり）。法人借主の場合に問題となることが多い。,非居住者;源泉所得税,所得税法212条,C,源泉徴収とは、賃料支払時に源泉所得税を控除して納付する制度です。具体的には、非居住者の貸主に賃料を支払う場合、20.42%の源泉所得税を控除して納付する必要がある（住宅用で月15万円以下等の例外あり）。法人借主の場合に問題となることが多い。試験では、所得税法212条との関係で、定義・要件・効果を具体例と結び付けて押さえます。関連用語である非居住者・源泉所得税との違いも合わせて確認します。
固定資産税,こていしさんぜい,会計・税務・保険,地方税;土地建物,土地・建物等の固定資産に課される地方税。,市町村税で、毎年1月1日時点の所有者に課される。標準税率1.4%（市町村により異なる）。住宅用地・新築住宅で各種軽減措置がある（小規模住宅用地は1/6）。,都市計画税;住宅用地,地方税法,B,固定資産税とは、土地・建物等の固定資産に課される地方税です。具体的には、市町村税で、毎年1月1日時点の所有者に課される。標準税率1.4%（市町村により異なる）。住宅用地・新築住宅で各種軽減措置がある（小規模住宅用地は1/6）。試験では、地方税法との関係で、定義・要件・効果を具体例と結び付けて押さえます。関連用語である都市計画税・住宅用地との違いも合わせて確認します。
孤独死保険,こどくしほけん,会計・税務・保険,保険;事故物件,孤独死による特殊清掃費・賃料減額損失等を補償する保険。,孤独死発生時の特殊清掃費用、原状回復費用、空室期間中の賃料損失等を補償する保険。単身高齢者向け賃貸経営のリスク対応として重要性が増している。,孤独死;事故物件,—,B,孤独死保険とは、孤独死による特殊清掃費・賃料減額損失等を補償する保険です。具体的には、孤独死発生時の特殊清掃費用、原状回復費用、空室期間中の賃料損失等を補償する保険。単身高齢者向け賃貸経営のリスク対応として重要性が増している。試験では、条文番号そのものよりも、実務上の位置づけ、当事者の負担、似た用語との違いを押さえます。関連用語である孤独死・事故物件との違いも合わせて確認します。
施設賠償責任保険,しせつばいしょうせきにんほけん,会計・税務・保険,保険;賠償,建物の維持管理不備で他人に損害を与えた場合の賠償責任を補償する保険。,建物の外壁落下、看板落下、給排水管の破損による水漏れ事故等で第三者に損害を与えた場合の賠償責任を補償。貸主・管理業者の必須保険。工作物責任に対応する備え。,工作物責任;火災保険,—,A,施設賠償責任保険とは、建物の維持管理不備で他人に損害を与えた場合の賠償責任を補償する保険です。具体的には、建物の外壁落下、看板落下、給排水管の破損による水漏れ事故等で第三者に損害を与えた場合の賠償責任を補償。貸主・管理業者の必須保険。工作物責任に対応する備え。試験では、条文番号そのものよりも、実務上の位置づけ、当事者の負担、似た用語との違いを押さえます。関連用語である工作物責任・火災保険との違いも合わせて確認します。
資本的支出,しほんてきししゅつ,会計・税務・保険,税務;修繕費,資産の価値増加・耐用年数延長のための支出。資産計上し減価償却。,建物の改良・グレードアップ等、原状回復を超える支出。資産計上し減価償却で費用化。1件30万円未満等の場合は即時経費化可能。修繕費（経費）との区別は税務上の重要論点。,減価償却;修繕費,所得税法施行令181条;通達,B,資本的支出とは、資産の価値増加・耐用年数延長のための支出。資産計上し減価償却。具体的には、建物の改良・グレードアップ等、原状回復を超える支出。資産計上し減価償却で費用化。1件30万円未満等の場合は即時経費化可能。修繕費（経費）との区別は税務上の重要論点。試験では、所得税法施行令181条;通達との関係で、定義・要件・効果を具体例と結び付けて押さえます。関連用語である減価償却・修繕費との違いも合わせて確認します。
小規模宅地等の特例,しょうきぼたくちとうのとくれい,会計・税務・保険,相続税;軽減,一定の宅地等について相続税評価額を大幅減額する特例。,貸付事業用宅地等は200㎡まで50%減額。被相続人の事業継続等の要件あり。賃貸不動産の相続税対策で重要。,貸家建付地;相続税,租税特別措置法69条の4,B,小規模宅地等の特例とは、一定の宅地等について相続税評価額を大幅減額する特例です。具体的には、貸付事業用宅地等は200㎡まで50%減額。被相続人の事業継続等の要件あり。賃貸不動産の相続税対策で重要。試験では、租税特別措置法69条の4との関係で、定義・要件・効果を具体例と結び付けて押さえます。関連用語である貸家建付地・相続税との違いも合わせて確認します。
消費税（賃貸借）,しょうひぜい,会計・税務・保険,消費税;住宅非課税,居住用建物の賃貸借は消費税非課税。事業用は課税。,住宅用建物の貸付は消費税非課税（消費税法6条・別表第二）。事業用建物（事務所・店舗）の貸付は課税。礼金・更新料も住宅用なら非課税、事業用なら課税。駐車場の貸付は原則課税。,住宅用;事業用,消費税法6条;別表第二13号,A,消費税（賃貸借）とは、居住用建物の賃貸借は消費税非課税。事業用は課税。具体的には、住宅用建物の貸付は消費税非課税（消費税法6条・別表第二）。事業用建物（事務所・店舗）の貸付は課税。礼金・更新料も住宅用なら非課税、事業用なら課税。駐車場の貸付は原則課税。試験では、消費税法6条;別表第二13号との関係で、契約当事者・成立要件・終了時の効果を整理して押さえます。関連用語である住宅用・事業用との違いも合わせて確認します。
事業的規模,じぎょうてききぼ,会計・税務・保険,所得税;5棟10室基準,不動産貸付業が事業的規模に該当する基準（5棟10室）。,5棟10室基準（建物の貸付では、独立家屋の場合5棟以上、アパート等の場合10室以上）が一般的指標。青色申告特別控除（最大65万円）や、専従者給与の経費算入等で有利な取扱い。,不動産所得;青色申告,所得税法基本通達,B,事業的規模とは、不動産貸付業が事業的規模に該当する基準（5棟10室）です。具体的には、5棟10室基準（建物の貸付では、独立家屋の場合5棟以上、アパート等の場合10室以上）が一般的指標。青色申告特別控除（最大65万円）や、専従者給与の経費算入等で有利な取扱い。試験では、所得税法基本通達との関係で、定義・要件・効果を具体例と結び付けて押さえます。関連用語である不動産所得・青色申告との違いも合わせて確認します。
譲渡所得,じょうとしょとく,会計・税務・保険,売却;税務,不動産売却による所得。所得税の所得区分の一つ。,不動産売却時の譲渡対価 − 取得費 − 譲渡費用。所有期間5年超は長期譲渡所得（税率20.315%）、5年以内は短期譲渡所得（39.63%）。賃貸不動産の出口戦略の重要要素。,出口戦略;長期・短期譲渡所得,所得税法33条,B,譲渡所得とは、不動産売却による所得。所得税の所得区分の一つ。具体的には、不動産売却時の譲渡対価 − 取得費 − 譲渡費用。所有期間5年超は長期譲渡所得（税率20.315%）、5年以内は短期譲渡所得（39.63%）。賃貸不動産の出口戦略の重要要素。試験では、所得税法33条との関係で、定義・要件・効果を具体例と結び付けて押さえます。関連用語である出口戦略・長期・短期譲渡所得との違いも合わせて確認します。
相続税,そうぞくぜい,会計・税務・保険,相続;節税,相続によって取得した財産に課される国税。,基礎控除（3000万円 + 600万円×法定相続人数）を超える部分が課税対象。賃貸不動産は貸家建付地・貸家として一定の評価減があり、相続税対策で活用される。小規模宅地等の特例で更なる減額も。,貸家建付地;小規模宅地等の特例,相続税法,B,相続税とは、相続によって取得した財産に課される国税です。具体的には、基礎控除（3000万円 + 600万円×法定相続人数）を超える部分が課税対象。賃貸不動産は貸家建付地・貸家として一定の評価減があり、相続税対策で活用される。小規模宅地等の特例で更なる減額も。試験では、相続税法との関係で、定義・要件・効果を具体例と結び付けて押さえます。関連用語である貸家建付地・小規模宅地等の特例との違いも合わせて確認します。
登録免許税,とうろくめんきょぜい,会計・税務・保険,国税;登記,登記等を受ける際に課される国税。,所有権移転登記、抵当権設定登記等に課税。固定資産税評価額×税率（売買による所有権移転2%等）で算出。住宅用建物の所有権保存登記等で軽減措置あり。,登記;不動産取得税,登録免許税法,C,登録免許税とは、登記等を受ける際に課される国税です。具体的には、所有権移転登記、抵当権設定登記等に課税。固定資産税評価額×税率（売買による所有権移転2%等）で算出。住宅用建物の所有権保存登記等で軽減措置あり。試験では、登録免許税法との関係で、対象者・時期・手続・違反時の効果を整理して押さえます。関連用語である登記・不動産取得税との違いも合わせて確認します。
都市計画税,としけいかくぜい,会計・税務・保険,地方税;市街化区域,市街化区域内の土地・家屋に課される地方税。,都市計画事業等の費用に充てるための市町村税。市街化区域内の土地・家屋の所有者に課される。標準税率0.3%（上限）。住宅用地の軽減措置あり。,固定資産税;市街化区域,地方税法702条,C,都市計画税とは、市街化区域内の土地・家屋に課される地方税です。具体的には、都市計画事業等の費用に充てるための市町村税。市街化区域内の土地・家屋の所有者に課される。標準税率0.3%（上限）。住宅用地の軽減措置あり。試験では、地方税法702条との関係で、定義・要件・効果を具体例と結び付けて押さえます。関連用語である固定資産税・市街化区域との違いも合わせて確認します。
必要経費,ひつようけいひ,会計・税務・保険,所得税,所得を得るために必要な支出。所得から控除可能。,不動産所得では、固定資産税・修繕費・管理料・損害保険料・支払利息・減価償却費・専従者給与等。資本的支出（資産計上）と修繕費（経費）の区分が重要。,不動産所得;資本的支出,所得税法37条,B,必要経費とは、所得を得るために必要な支出。所得から控除可能。具体的には、不動産所得では、固定資産税・修繕費・管理料・損害保険料・支払利息・減価償却費・専従者給与等。資本的支出（資産計上）と修繕費（経費）の区分が重要。試験では、所得税法37条との関係で、定義・要件・効果を具体例と結び付けて押さえます。関連用語である不動産所得・資本的支出との違いも合わせて確認します。
不動産取得税,ふどうさんしゅとくぜい,会計・税務・保険,地方税;取得時,不動産取得時に課される地方税（都道府県税）。,土地・家屋の取得時に1回限り課税。標準税率4%（住宅・土地は3%の特例）。新築住宅等で各種軽減措置あり。賃貸物件の取得時にも課税対象となる。,登録免許税;不動産取得,地方税法73条,C,不動産取得税とは、不動産取得時に課される地方税（都道府県税）です。具体的には、土地・家屋の取得時に1回限り課税。標準税率4%（住宅・土地は3%の特例）。新築住宅等で各種軽減措置あり。賃貸物件の取得時にも課税対象となる。試験では、地方税法73条との関係で、定義・要件・効果を具体例と結び付けて押さえます。関連用語である登録免許税・不動産取得との違いも合わせて確認します。
不動産所得,ふどうさんしょとく,会計・税務・保険,所得税;税務,不動産の貸付による所得。所得税の所得区分の一つ。,土地・建物等の貸付による所得（事業的規模に達しない場合）。総収入金額（賃料・礼金・更新料等）− 必要経費（管理費・修繕費・減価償却費・支払利息等）で算出。事業的規模では事業所得となる。,事業所得;減価償却費;必要経費,所得税法26条,A,不動産所得とは、不動産の貸付による所得。所得税の所得区分の一つ。具体的には、土地・建物等の貸付による所得（事業的規模に達しない場合）。総収入金額（賃料・礼金・更新料等）− 必要経費（管理費・修繕費・減価償却費・支払利息等）で算出。事業的規模では事業所得となる。試験では、所得税法26条との関係で、定義・要件・効果を具体例と結び付けて押さえます。関連用語である事業所得・減価償却費との違いも合わせて確認します。
家賃補償保険,やちんほしょうほけん,会計・税務・保険,保険;家賃,火災等で建物使用不能になった場合の家賃損失を補償する保険。,火災・自然災害等で建物が使用できなくなり賃料収入を得られない期間の損失を補償する保険。建物の火災保険に特約として付帯することが多い。,火災保険;事業中断,—,B,家賃補償保険とは、火災等で建物使用不能になった場合の家賃損失を補償する保険です。具体的には、火災・自然災害等で建物が使用できなくなり賃料収入を得られない期間の損失を補償する保険。建物の火災保険に特約として付帯することが多い。試験では、条文番号そのものよりも、実務上の位置づけ、当事者の負担、似た用語との違いを押さえます。関連用語である火災保険・事業中断との違いも合わせて確認します。
IRR（内部収益率）,あいあーるあーる,賃貸経営・PM/AM,投資指標,投資のキャッシュフローの現在価値合計がゼロとなる割引率。,Internal Rate of Return。物件取得から売却まで一連のキャッシュフローを基に算出する投資収益率。複数物件・投資商品の比較に有用。,DCF法;割引率,—,C,IRR（内部収益率）とは、投資のキャッシュフローの現在価値合計がゼロとなる割引率です。具体的には、Internal Rate of Return。物件取得から売却まで一連のキャッシュフローを基に算出する投資収益率。複数物件・投資商品の比較に有用。試験では、条文番号そのものよりも、実務上の位置づけ、当事者の負担、似た用語との違いを押さえます。関連用語であるDCF法・割引率との違いも合わせて確認します。
空き家問題,あきやもんだい,賃貸経営・PM/AM,社会問題;空き家対策,増加する空き家の管理不全・地域への影響等の社会問題。,日本の空き家率は約13.6%（2018年調査）。倒壊危険、防犯・防災・衛生上の問題、地域価値の低下等を引き起こす。空家対策特別措置法による対応が進む。,空家対策特別措置法;特定空家,空家等対策特別措置法,B,空き家問題とは、増加する空き家の管理不全・地域への影響等の社会問題です。具体的には、日本の空き家率は約13.6%（2018年調査）。倒壊危険、防犯・防災・衛生上の問題、地域価値の低下等を引き起こす。空家対策特別措置法による対応が進む。試験では、空家等対策特別措置法との関係で、定義・要件・効果を具体例と結び付けて押さえます。関連用語である空家対策特別措置法・特定空家との違いも合わせて確認します。
アセットマネジメント（AM）,あせっとまねじめんと,賃貸経営・PM/AM,AM;資産運用,不動産投資家の代わりに、不動産資産を運用管理する業務。,不動産を投資資産として運用する業務。投資戦略立案、取得・売却判断、PMの監督等を行う。証券化不動産（J-REIT等）では特に重要な役割。PMより上位の運用判断を担う。,プロパティマネジメント;不動産証券化,—,A,アセットマネジメント（AM）とは、不動産投資家の代わりに、不動産資産を運用管理する業務です。具体的には、不動産を投資資産として運用する業務。投資戦略立案、取得・売却判断、PMの監督等を行う。証券化不動産（J-REIT等）では特に重要な役割。PMより上位の運用判断を担う。試験では、条文番号そのものよりも、実務上の位置づけ、当事者の負担、似た用語との違いを押さえます。関連用語であるプロパティマネジメント・不動産証券化との違いも合わせて確認します。
SPC（特別目的会社）,えすぴーしー,賃貸経営・PM/AM,証券化,資産流動化等の特定目的のために設立される会社。,Special Purpose Company。不動産証券化のスキームで、不動産の所有・管理を担う。倒産隔離（オリジネーターとの分離）の機能を持つ。,不動産証券化;倒産隔離,資産流動化法等,C,SPC（特別目的会社）とは、資産流動化等の特定目的のために設立される会社です。具体的には、Special Purpose Company。不動産証券化のスキームで、不動産の所有・管理を担う。倒産隔離（オリジネーターとの分離）の機能を持つ。試験では、資産流動化法等との関係で、定義・要件・効果を具体例と結び付けて押さえます。関連用語である不動産証券化・倒産隔離との違いも合わせて確認します。
NOI（純営業収益）,えぬおーあい,賃貸経営・PM/AM,収益;キャッシュフロー,賃料収入から運営経費を控除した純営業収益。,Net Operating Income。年間賃料収入 − 運営経費（管理費・修繕費・固定資産税・損害保険料等）。ローン返済・減価償却前の数値。不動産投資の収益力を示す中核指標。,実質利回り;キャップレート;DCF法,—,A,NOI（純営業収益）とは、賃料収入から運営経費を控除した純営業収益です。具体的には、Net Operating Income。年間賃料収入 − 運営経費（管理費・修繕費・固定資産税・損害保険料等）。ローン返済・減価償却前の数値。不動産投資の収益力を示す中核指標。試験では、条文番号そのものよりも、実務上の位置づけ、当事者の負担、似た用語との違いを押さえます。関連用語である実質利回り・キャップレートとの違いも合わせて確認します。
LTV（Loan to Value）,えるてぃーぶい,賃貸経営・PM/AM,融資;負債比率,物件価値に対する借入金額の割合。,Loan to Value Ratio。借入金額 ÷ 物件評価額。物件購入時のローン比率。高いほどレバレッジが効くがリスクも増大。融資審査の重要指標。,アパートローン;DSCR,—,B,LTV（Loan to Value）とは、物件価値に対する借入金額の割合です。具体的には、Loan to Value Ratio。借入金額 ÷ 物件評価額。物件購入時のローン比率。高いほどレバレッジが効くがリスクも増大。融資審査の重要指標。試験では、条文番号そのものよりも、実務上の位置づけ、当事者の負担、似た用語との違いを押さえます。関連用語であるアパートローン・DSCRとの違いも合わせて確認します。
稼働率,かどうりつ,賃貸経営・PM/AM,経営指標,総戸数のうち入居中の戸数の割合。,稼働戸数 ÷ 総戸数 × 100。賃貸経営の重要な指標。賃貸住宅市場の標準稼働率は90〜95%程度。100%は望ましくない場合もある（家賃改定機会逃失等）。,空室率;空室対策,—,B,稼働率とは、総戸数のうち入居中の戸数の割合です。具体的には、稼働戸数 ÷ 総戸数 × 100。賃貸経営の重要な指標。賃貸住宅市場の標準稼働率は90〜95%程度。100%は望ましくない場合もある（家賃改定機会逃失等）。試験では、条文番号そのものよりも、実務上の位置づけ、当事者の負担、似た用語との違いを押さえます。関連用語である空室率・空室対策との違いも合わせて確認します。
外国人の入居,がいこくじんのにゅうきょ,賃貸経営・PM/AM,多文化;入居者,外国人借主の入居に関する課題と対応。,外国人の入居増加に伴い、契約書の多言語化、文化・生活習慣の違いの説明、保証人問題、本人確認等が課題。住宅セーフティネット法の住宅確保要配慮者にも含まれる。,住宅確保要配慮者;入居審査,住宅セーフティネット法,B,外国人の入居とは、外国人借主の入居に関する課題と対応です。具体的には、外国人の入居増加に伴い、契約書の多言語化、文化・生活習慣の違いの説明、保証人問題、本人確認等が課題。住宅セーフティネット法の住宅確保要配慮者にも含まれる。試験では、住宅セーフティネット法との関係で、定義・要件・効果を具体例と結び付けて押さえます。関連用語である住宅確保要配慮者・入居審査との違いも合わせて確認します。
キャップレート（還元利回り）,きゃっぷれーと,賃貸経営・PM/AM,投資指標;評価,NOI ÷ 物件価格。物件の収益還元評価に用いる利回り。,Capitalization Rate。NOIを物件価格で割った値。又はNOI ÷ 不動産価値。市場のキャップレートを基に、NOIから不動産価値を算出する評価手法（直接還元法）で用いる。,NOI;直接還元法;DCF法,—,A,キャップレート（還元利回り）とは、NOI ÷ 物件価格。物件の収益還元評価に用いる利回り。具体的には、Capitalization Rate。NOIを物件価格で割った値。又はNOI ÷ 不動産価値。市場のキャップレートを基に、NOIから不動産価値を算出する評価手法（直接還元法）で用いる。試験では、条文番号そのものよりも、実務上の位置づけ、当事者の負担、似た用語との違いを押さえます。関連用語であるNOI・直接還元法との違いも合わせて確認します。
空室率,くうしつりつ,賃貸経営・PM/AM,経営指標,総戸数のうち空室の戸数の割合。稼働率の裏面。,空室戸数 ÷ 総戸数 × 100。日本の賃貸住宅の平均空室率は20%程度（住宅・土地統計調査）。地域差が大きい。空室率の上昇は賃料下落・経営悪化の兆候。,稼働率;空室対策,—,A,空室率とは、総戸数のうち空室の戸数の割合。稼働率の裏面。具体的には、空室戸数 ÷ 総戸数 × 100。日本の賃貸住宅の平均空室率は20%程度（住宅・土地統計調査）。地域差が大きい。空室率の上昇は賃料下落・経営悪化の兆候。試験では、条文番号そのものよりも、実務上の位置づけ、当事者の負担、似た用語との違いを押さえます。関連用語である稼働率・空室対策との違いも合わせて確認します。
継続賃料,けいぞくちんりょう,賃貸経営・PM/AM,賃料;継続中,既存契約で支払われている賃料。,賃貸借契約継続中の現行賃料。新規賃料（市場家賃）との乖離が経済情勢の変動等で生じた場合、賃料増減請求の対象となる。鑑定評価では新規賃料・継続賃料を区別。,市場家賃;賃料増減請求権,—,B,継続賃料とは、既存契約で支払われている賃料です。具体的には、賃貸借契約継続中の現行賃料。新規賃料（市場家賃）との乖離が経済情勢の変動等で生じた場合、賃料増減請求の対象となる。鑑定評価では新規賃料・継続賃料を区別。試験では、条文番号そのものよりも、実務上の位置づけ、当事者の負担、似た用語との違いを押さえます。関連用語である市場家賃・賃料増減請求権との違いも合わせて確認します。
公営住宅,こうえいじゅうたく,賃貸経営・PM/AM,市場区分,公営住宅法に基づき、地方公共団体が建設・管理する低所得者向け賃貸住宅。,国の補助で地方公共団体が建設・管理。家賃は応能応益方式で、入居資格に所得制限あり。住宅セーフティネットの中核。,応能応益家賃;UR賃貸住宅,公営住宅法,C,公営住宅とは、公営住宅法に基づき、地方公共団体が建設・管理する低所得者向け賃貸住宅です。具体的には、国の補助で地方公共団体が建設・管理。家賃は応能応益方式で、入居資格に所得制限あり。住宅セーフティネットの中核。試験では、公営住宅法との関係で、定義・要件・効果を具体例と結び付けて押さえます。関連用語である応能応益家賃・UR賃貸住宅との違いも合わせて確認します。
高齢者の居住,こうれいしゃのきょじゅう,賃貸経営・PM/AM,高齢者;市場,高齢者の賃貸住宅居住に関する諸課題。,高齢者の入居拒否、孤独死リスク、認知症対応、見守りサービス等の課題。住宅セーフティネット制度、サービス付き高齢者向け住宅、終身建物賃貸借、残置物処理委託契約等の対応策。,サービス付き高齢者向け住宅;残置物処理委託契約;孤独死,高齢者居住法等,A,高齢者の居住とは、高齢者の賃貸住宅居住に関する諸課題です。具体的には、高齢者の入居拒否、孤独死リスク、認知症対応、見守りサービス等の課題。住宅セーフティネット制度、サービス付き高齢者向け住宅、終身建物賃貸借、残置物処理委託契約等の対応策。試験では、高齢者居住法等との関係で、定義・要件・効果を具体例と結び付けて押さえます。関連用語であるサービス付き高齢者向け住宅・残置物処理委託契約との違いも合わせて確認します。
コミュニティ・地域連携,こみゅにてぃ・ちいきれんけい,賃貸経営・PM/AM,地域;コミュニティ,賃貸物件と地域社会との関係構築。,自治会への参加、地域行事への協力、住民同士の交流促進等。長期入居・物件価値維持に寄与する。シェアハウス・コレクティブハウジング等の新しい形態でも重要。,近隣対応;シェアハウス,—,C,コミュニティ・地域連携とは、賃貸物件と地域社会との関係構築です。具体的には、自治会への参加、地域行事への協力、住民同士の交流促進等。長期入居・物件価値維持に寄与する。シェアハウス・コレクティブハウジング等の新しい形態でも重要。試験では、条文番号そのものよりも、実務上の位置づけ、当事者の負担、似た用語との違いを押さえます。関連用語である近隣対応・シェアハウスとの違いも合わせて確認します。
コンストラクションマネジメント（CM）,こんすとらくしょんまねじめんと,賃貸経営・PM/AM,建設;管理,建築工事のプロセスを発注者側で管理する業務。,建築主の代理として、設計者・施工者の選定、工程・品質・コスト管理を行う業務。第三者性により、設計施工分離発注などで透明性・コスト削減効果が期待される。,プロパティマネジメント,—,C,コンストラクションマネジメント（CM）とは、建築工事のプロセスを発注者側で管理する業務です。具体的には、建築主の代理として、設計者・施工者の選定、工程・品質・コスト管理を行う業務。第三者性により、設計施工分離発注などで透明性・コスト削減効果が期待される。試験では、条文番号そのものよりも、実務上の位置づけ、当事者の負担、似た用語との違いを押さえます。関連用語であるプロパティマネジメントとの違いも合わせて確認します。
サブリーススキーム,さぶりーすすきーむ,賃貸経営・PM/AM,サブリース,サブリースを利用した賃貸住宅経営の仕組み。,建物所有者がサブリース業者に建物を一括賃貸し、サブリース業者が転貸入居者を募集・管理する仕組み。所有者は空室リスク・管理負担を軽減できる一方、賃料水準・契約変更リスクに注意が必要。,マスターリース契約;特定賃貸借契約,賃貸住宅管理業法,A,サブリーススキームとは、サブリースを利用した賃貸住宅経営の仕組みです。具体的には、建物所有者がサブリース業者に建物を一括賃貸し、サブリース業者が転貸入居者を募集・管理する仕組み。所有者は空室リスク・管理負担を軽減できる一方、賃料水準・契約変更リスクに注意が必要。試験では、賃貸住宅管理業法との関係で、定義・要件・効果を具体例と結び付けて押さえます。関連用語であるマスターリース契約・特定賃貸借契約との違いも合わせて確認します。
市場家賃,しじょうやちん,賃貸経営・PM/AM,賃料;市場,近隣同種物件の取引賃料の市場水準。,立地・グレード・面積・築年数等の条件で類似する物件の実際の取引賃料。賃料設定・賃料改定の判断基準。継続賃料との乖離が大きい場合、賃料増減請求の根拠となりうる。,近傍同種建物の賃料;賃料増減請求権,—,B,市場家賃とは、近隣同種物件の取引賃料の市場水準です。具体的には、立地・グレード・面積・築年数等の条件で類似する物件の実際の取引賃料。賃料設定・賃料改定の判断基準。継続賃料との乖離が大きい場合、賃料増減請求の根拠となりうる。試験では、条文番号そのものよりも、実務上の位置づけ、当事者の負担、似た用語との違いを押さえます。関連用語である近傍同種建物の賃料・賃料増減請求権との違いも合わせて確認します。
J-REIT（不動産投資信託）,じぇいりーと,賃貸経営・PM/AM,REIT;投資信託,日本の不動産投資信託。上場・非上場がある。,投資法人が投資家から集めた資金で不動産を取得・運用し、収益を分配する金融商品。東京証券取引所に上場するREITが主流。賃貸住宅特化型J-REITも存在。,不動産証券化;投資法人,投資信託法,B,J-REIT（不動産投資信託）とは、日本の不動産投資信託。上場・非上場がある。具体的には、投資法人が投資家から集めた資金で不動産を取得・運用し、収益を分配する金融商品。東京証券取引所に上場するREITが主流。賃貸住宅特化型J-REITも存在。試験では、投資信託法との関係で、定義・要件・効果を具体例と結び付けて押さえます。関連用語である不動産証券化・投資法人との違いも合わせて確認します。
実質利回り（ネット利回り）,じっしつりまわり,賃貸経営・PM/AM,投資指標,経費・空室を控除した実際の収益を物件価格で割った利回り。,（年間賃料収入 − 諸経費）÷ 物件取得価格。又は（NOI ÷ 取得価格）。空室、修繕費、管理料、固定資産税等を控除した実態に近い指標。,表面利回り;NOI;キャップレート,—,A,実質利回り（ネット利回り）とは、経費・空室を控除した実際の収益を物件価格で割った利回りです。具体的には、（年間賃料収入 − 諸経費）÷ 物件取得価格。又は（NOI ÷ 取得価格）。空室、修繕費、管理料、固定資産税等を控除した実態に近い指標。試験では、条文番号そのものよりも、実務上の位置づけ、当事者の負担、似た用語との違いを押さえます。関連用語である表面利回り・NOIとの違いも合わせて確認します。
若年単身者,じゃくねんたんしんしゃ,賃貸経営・PM/AM,市場;若者,賃貸住宅の主要利用者層の一つ。学生・若年社会人。,賃貸住宅市場の主要顧客層。ワンルーム・1Kの需要が中心。共働き世帯・DINKsの増加で、1〜2LDK需要も拡大。立地（駅近・大学近）が選択の重要要素。,間取り表示;市場家賃,—,B,若年単身者とは、賃貸住宅の主要利用者層の一つ。学生・若年社会人。具体的には、賃貸住宅市場の主要顧客層。ワンルーム・1Kの需要が中心。共働き世帯・DINKsの増加で、1〜2LDK需要も拡大。立地（駅近・大学近）が選択の重要要素。試験では、条文番号そのものよりも、実務上の位置づけ、当事者の負担、似た用語との違いを押さえます。関連用語である間取り表示・市場家賃との違いも合わせて確認します。
住宅・土地統計調査,じゅうたく・とちとうけいちょうさ,賃貸経営・PM/AM,統計;住宅市場,総務省が5年ごとに実施する住宅・土地の総合的統計調査。,総住宅数、空き家数、賃貸住宅数、居住状況等が把握できる。賃貸経営の市場分析の基礎資料。賃貸住宅市場の動向は試験でも頻出。,空き家;空室率,統計法,A,住宅・土地統計調査とは、総務省が5年ごとに実施する住宅・土地の総合的統計調査です。具体的には、総住宅数、空き家数、賃貸住宅数、居住状況等が把握できる。賃貸経営の市場分析の基礎資料。賃貸住宅市場の動向は試験でも頻出。試験では、統計法との関係で、定義・要件・効果を具体例と結び付けて押さえます。関連用語である空き家・空室率との違いも合わせて確認します。
建替え,たてかえ,賃貸経営・PM/AM,出口戦略,既存建物を取り壊し、新たに建築すること。,老朽化・収益性低下に対応するため、既存建物を解体し新築建物を建てる。借家人への退去交渉（正当事由・立退料）、解体費、新築費等の負担。長期的な収益性回復が期待できる場合に検討。,正当事由;立退料;出口戦略,借地借家法28条,B,建替えとは、既存建物を取り壊し、新たに建築することです。具体的には、老朽化・収益性低下に対応するため、既存建物を解体し新築建物を建てる。借家人への退去交渉（正当事由・立退料）、解体費、新築費等の負担。長期的な収益性回復が期待できる場合に検討。試験では、借地借家法28条との関係で、定義・要件・効果を具体例と結び付けて押さえます。関連用語である正当事由・立退料との違いも合わせて確認します。
直接還元法,ちょくせつかんげんほう,賃貸経営・PM/AM,評価;鑑定,一期間のNOIをキャップレートで還元して不動産価値を算出する方法。,不動産価値 = NOI ÷ キャップレート。最も簡易な収益還元法。安定収益物件の評価に適する。DCF法と並び、不動産鑑定評価の主要手法。,DCF法;キャップレート,不動産鑑定評価基準,B,直接還元法とは、一期間のNOIをキャップレートで還元して不動産価値を算出する方法です。具体的には、不動産価値 = NOI ÷ キャップレート。最も簡易な収益還元法。安定収益物件の評価に適する。DCF法と並び、不動産鑑定評価の主要手法。試験では、不動産鑑定評価基準が何を規律し、賃貸住宅管理のどの場面で関係するかを押さえます。関連用語であるDCF法・キャップレートとの違いも合わせて確認します。
賃貸経営,ちんたいけいえい,賃貸経営・PM/AM,経営;総論,賃貸不動産の取得・運営・売却を含む経営活動。,賃貸物件を投資・運用対象として経営する活動全般。物件選定、ファイナンス、リーシング、PM、修繕、税務、出口戦略までを含む。賃貸住宅管理業者・賃貸不動産経営管理士は経営パートナーとして貸主を支援。,プロパティマネジメント;リーシング,—,A,賃貸経営とは、賃貸不動産の取得・運営・売却を含む経営活動です。具体的には、賃貸物件を投資・運用対象として経営する活動全般。物件選定、ファイナンス、リーシング、PM、修繕、税務、出口戦略までを含む。賃貸住宅管理業者・賃貸不動産経営管理士は経営パートナーとして貸主を支援。試験では、条文番号そのものよりも、実務上の位置づけ、当事者の負担、似た用語との違いを押さえます。関連用語であるプロパティマネジメント・リーシングとの違いも合わせて確認します。
賃貸住宅経営,ちんたいじゅうたくけいえい,賃貸経営・PM/AM,経営;総合,賃貸住宅を投資・経営対象として運営する活動。,土地・建物を活用した賃貸事業。新築・既存物件の運営、サブリース、リノベーション、相続税対策等の様々な目的・形態がある。賃貸不動産経営管理士は所有者の経営パートナー。,賃貸経営;プロパティマネジメント,—,B,賃貸住宅経営とは、賃貸住宅を投資・経営対象として運営する活動です。具体的には、土地・建物を活用した賃貸事業。新築・既存物件の運営、サブリース、リノベーション、相続税対策等の様々な目的・形態がある。賃貸不動産経営管理士は所有者の経営パートナー。試験では、条文番号そのものよりも、実務上の位置づけ、当事者の負担、似た用語との違いを押さえます。関連用語である賃貸経営・プロパティマネジメントとの違いも合わせて確認します。
賃貸住宅経営のリスク,ちんたいじゅうたくけいえいのりすく,賃貸経営・PM/AM,リスク管理,賃貸経営に伴う各種リスクの総称。,①空室リスク、②賃料下落リスク、③修繕費発生リスク、④滞納・家賃トラブルリスク、⑤災害リスク、⑥金利リスク、⑦事故物件化リスク等。各種保険・予防保全・PMで軽減可能。,保険;予防保全;空室対策,—,A,賃貸住宅経営のリスクとは、賃貸経営に伴う各種リスクの総称です。具体的には、①空室リスク、②賃料下落リスク、③修繕費発生リスク、④滞納・家賃トラブルリスク、⑤災害リスク、⑥金利リスク、⑦事故物件化リスク等。各種保険・予防保全・PMで軽減可能。試験では、条文番号そのものよりも、実務上の位置づけ、当事者の負担、似た用語との違いを押さえます。関連用語である保険・予防保全との違いも合わせて確認します。
賃貸住宅市場,ちんたいじゅうたくしじょう,賃貸経営・PM/AM,市場;統計,賃貸住宅の供給・需要・賃料等を含む市場全般。,日本の総住宅数約6240万戸のうち、賃貸住宅は約1900万戸（民営賃貸）。人口減少・世帯数減少・空き家率上昇等の構造要因により、賃貸経営は競争激化。立地・グレードによる二極化が進む。,住宅・土地統計調査;人口動態,—,A,賃貸住宅市場とは、賃貸住宅の供給・需要・賃料等を含む市場全般です。具体的には、日本の総住宅数約6240万戸のうち、賃貸住宅は約1900万戸（民営賃貸）。人口減少・世帯数減少・空き家率上昇等の構造要因により、賃貸経営は競争激化。立地・グレードによる二極化が進む。試験では、条文番号そのものよりも、実務上の位置づけ、当事者の負担、似た用語との違いを押さえます。関連用語である住宅・土地統計調査・人口動態との違いも合わせて確認します。
賃料の改定方式,ちんりょうのかいていほうしき,賃貸経営・PM/AM,賃料,賃料を見直す方式（スライド・利回り・差額配分等）。,①スライド方式（消費者物価指数等に連動）、②利回り方式（不動産価値の変動を反映）、③差額配分方式（新規賃料と継続賃料の差額を一定割合で配分）等。不動産鑑定評価で用いられる手法。,賃料増減請求権;市場家賃,不動産鑑定評価基準,C,賃料の改定方式とは、賃料を見直す方式（スライド・利回り・差額配分等）です。具体的には、①スライド方式（消費者物価指数等に連動）、②利回り方式（不動産価値の変動を反映）、③差額配分方式（新規賃料と継続賃料の差額を一定割合で配分）等。不動産鑑定評価で用いられる手法。試験では、不動産鑑定評価基準との関係で、定義・要件・効果を具体例と結び付けて押さえます。関連用語である賃料増減請求権・市場家賃との違いも合わせて確認します。
DSCR（債務償還能力比率）,でぃーえすしーあーる,賃貸経営・PM/AM,融資指標,NOI ÷ 年間ローン返済額。返済能力を測る指標。,Debt Service Coverage Ratio。NOI ÷ 元利金返済額。1.0で返済額とNOIが一致、1.2〜1.3以上が安定とされる。融資審査で重要。,LTV;NOI,—,C,DSCR（債務償還能力比率）とは、NOI ÷ 年間ローン返済額。返済能力を測る指標。具体的には、Debt Service Coverage Ratio。NOI ÷ 元利金返済額。1.0で返済額とNOIが一致、1.2〜1.3以上が安定とされる。融資審査で重要。試験では、条文番号そのものよりも、実務上の位置づけ、当事者の負担、似た用語との違いを押さえます。関連用語であるLTV・NOIとの違いも合わせて確認します。
DXによる賃貸住宅経営,でぃーえっくすによるちんたいじゅうたくけいえい,賃貸経営・PM/AM,DX;IT化,デジタル技術を活用した賃貸住宅経営の変革。,IT重説、電子契約、スマートロック、IoT設備、AIによる入居審査・賃料設定、不動産テック（PropTech）等の活用。業務効率化と入居者満足度向上の両立を目指す。,IT重説;電子契約;スマートロック,—,B,DXによる賃貸住宅経営とは、デジタル技術を活用した賃貸住宅経営の変革です。具体的には、IT重説、電子契約、スマートロック、IoT設備、AIによる入居審査・賃料設定、不動産テック（PropTech）等の活用。業務効率化と入居者満足度向上の両立を目指す。試験では、条文番号そのものよりも、実務上の位置づけ、当事者の負担、似た用語との違いを押さえます。関連用語であるIT重説・電子契約との違いも合わせて確認します。
DCF法（割引現在価値法）,でぃーしーえふほう,賃貸経営・PM/AM,評価;鑑定,将来のキャッシュフローを現在価値に割り引いて不動産価値を評価する方法。,Discounted Cash Flow法。各年のNOI及び売却時の予想売却価格を、適切な割引率で現在価値に割り引いて合計する評価方法。不動産鑑定評価の収益還元法の一つ。,直接還元法;NOI;割引率,不動産鑑定評価基準,B,DCF法（割引現在価値法）とは、将来のキャッシュフローを現在価値に割り引いて不動産価値を評価する方法です。具体的には、Discounted Cash Flow法。各年のNOI及び売却時の予想売却価格を、適切な割引率で現在価値に割り引いて合計する評価方法。不動産鑑定評価の収益還元法の一つ。試験では、不動産鑑定評価基準との関係で、定義・要件・効果を具体例と結び付けて押さえます。関連用語である直接還元法・NOIとの違いも合わせて確認します。
出口戦略,でぐちせんりゃく,賃貸経営・PM/AM,売却;経営,投資物件の最終的な売却・処分戦略。,保有期間中の運営方針だけでなく、何年後にいくらで売却するか、相続・建替えするかという長期計画。賃貸経営の収支シミュレーションに不可欠。,賃貸経営;DCF法,—,B,出口戦略とは、投資物件の最終的な売却・処分戦略です。具体的には、保有期間中の運営方針だけでなく、何年後にいくらで売却するか、相続・建替えするかという長期計画。賃貸経営の収支シミュレーションに不可欠。試験では、条文番号そのものよりも、実務上の位置づけ、当事者の負担、似た用語との違いを押さえます。関連用語である賃貸経営・DCF法との違いも合わせて確認します。
バリューアップ,ばりゅーあっぷ,賃貸経営・PM/AM,改修;収益性向上,改修・運営改善により不動産の収益性・価値を高めること。,リノベーション、設備更新、共用部充実、サービス追加、用途変更等で建物の競争力を高め、賃料・稼働率を向上させ、不動産価値を高める総合的な施策。,リノベーション;NOI向上,—,B,バリューアップとは、改修・運営改善により不動産の収益性・価値を高めることです。具体的には、リノベーション、設備更新、共用部充実、サービス追加、用途変更等で建物の競争力を高め、賃料・稼働率を向上させ、不動産価値を高める総合的な施策。試験では、条文番号そのものよりも、実務上の位置づけ、当事者の負担、似た用語との違いを押さえます。関連用語であるリノベーション・NOI向上との違いも合わせて確認します。
表面利回り（グロス利回り）,ひょうめんりまわり,賃貸経営・PM/AM,投資指標,年間賃料収入を物件価格で割った利回り。経費考慮なし。,年間賃料収入 ÷ 物件取得価格。簡易な指標で、空室・諸経費を考慮しない。物件比較の初期段階で使用。実態より高めに算出される。,実質利回り;NOI利回り,—,A,表面利回り（グロス利回り）とは、年間賃料収入を物件価格で割った利回り。経費考慮なし。具体的には、年間賃料収入 ÷ 物件取得価格。簡易な指標で、空室・諸経費を考慮しない。物件比較の初期段階で使用。実態より高めに算出される。試験では、条文番号そのものよりも、実務上の位置づけ、当事者の負担、似た用語との違いを押さえます。関連用語である実質利回り・NOI利回りとの違いも合わせて確認します。
ファミリー世帯,ふぁみりーせたい,賃貸経営・PM/AM,市場;家族,夫婦と子からなる世帯。賃貸住宅市場の重要セグメント。,2LDK〜3LDKの需要層。立地（保育園・学校近）、間取り、収納、駐車場、安全性等を重視。家族構成の変化に伴う退去リスクも特徴。子育て支援住宅・住宅セーフティネット制度の対象でもある。,市場家賃;住宅確保要配慮者,—,C,ファミリー世帯とは、夫婦と子からなる世帯。賃貸住宅市場の重要セグメント。具体的には、2LDK〜3LDKの需要層。立地（保育園・学校近）、間取り、収納、駐車場、安全性等を重視。家族構成の変化に伴う退去リスクも特徴。子育て支援住宅・住宅セーフティネット制度の対象でもある。試験では、条文番号そのものよりも、実務上の位置づけ、当事者の負担、似た用語との違いを押さえます。関連用語である市場家賃・住宅確保要配慮者との違いも合わせて確認します。
不動産鑑定評価,ふどうさんかんていひょうか,賃貸経営・PM/AM,鑑定;評価,不動産鑑定士による不動産の経済価値の評価。,不動産鑑定評価基準に基づく専門的評価。原価法、取引事例比較法、収益還元法（DCF法・直接還元法）を組み合わせて評価。賃料増減請求訴訟、相続税申告、売買等で利用される。,DCF法;直接還元法;不動産鑑定士,不動産の鑑定評価に関する法律,C,不動産鑑定評価とは、不動産鑑定士による不動産の経済価値の評価です。具体的には、不動産鑑定評価基準に基づく専門的評価。原価法、取引事例比較法、収益還元法（DCF法・直接還元法）を組み合わせて評価。賃料増減請求訴訟、相続税申告、売買等で利用される。試験では、不動産の鑑定評価に関する法律との関係で、定義・要件・効果を具体例と結び付けて押さえます。関連用語であるDCF法・直接還元法との違いも合わせて確認します。
不動産証券化,ふどうさんしょうけんか,賃貸経営・PM/AM,金融;証券化,不動産を裏付けとする金融商品を組成し、投資家に販売する仕組み。,不動産（賃貸ビル・賃貸住宅等）を特別目的会社（SPC）等に移転し、その持分を証券化して投資家に販売。J-REIT、私募ファンド、不動産特定共同事業等の形態がある。,J-REIT;SPC;不動産特定共同事業法,金融商品取引法;資産流動化法等,B,不動産証券化とは、不動産を裏付けとする金融商品を組成し、投資家に販売する仕組みです。具体的には、不動産（賃貸ビル・賃貸住宅等）を特別目的会社（SPC）等に移転し、その持分を証券化して投資家に販売。J-REIT、私募ファンド、不動産特定共同事業等の形態がある。試験では、金融商品取引法;資産流動化法等との関係で、定義・要件・効果を具体例と結び付けて押さえます。関連用語であるJ-REIT・SPCとの違いも合わせて確認します。
不動産テック（PropTech）,ふどうさんてっく,賃貸経営・PM/AM,PropTech;IT,不動産業界のIT・テクノロジー活用の総称。,Property Technology。物件検索プラットフォーム、ARによる内見、AI査定、IoT設備、ブロックチェーンによる契約等。賃貸経営のあらゆる場面で導入が進む。,DX;IT重説;電子契約,—,B,不動産テック（PropTech）とは、不動産業界のIT・テクノロジー活用の総称です。具体的には、Property Technology。物件検索プラットフォーム、ARによる内見、AI査定、IoT設備、ブロックチェーンによる契約等。賃貸経営のあらゆる場面で導入が進む。試験では、条文番号そのものよりも、実務上の位置づけ、当事者の負担、似た用語との違いを押さえます。関連用語であるDX・IT重説との違いも合わせて確認します。
民間賃貸住宅,みんかんちんたいじゅうたく,賃貸経営・PM/AM,市場区分,民間（個人・法人）が所有する賃貸住宅。公営賃貸住宅と区別。,全賃貸住宅の約75%を占める。個人オーナーが多く、専門的管理ノウハウが不足するケースも多い。賃貸住宅管理業者・賃貸不動産経営管理士の活躍の場。,公営住宅;UR賃貸住宅,—,B,民間賃貸住宅とは、民間（個人・法人）が所有する賃貸住宅。公営賃貸住宅と区別。具体的には、全賃貸住宅の約75%を占める。個人オーナーが多く、専門的管理ノウハウが不足するケースも多い。賃貸住宅管理業者・賃貸不動産経営管理士の活躍の場。試験では、条文番号そのものよりも、実務上の位置づけ、当事者の負担、似た用語との違いを押さえます。関連用語である公営住宅・UR賃貸住宅との違いも合わせて確認します。
UR賃貸住宅,ゆーあーるちんたいじゅうたく,賃貸経営・PM/AM,市場区分,都市再生機構（UR都市機構）が運営する賃貸住宅。,都市再生機構が管理する賃貸住宅。礼金・更新料・仲介手数料・保証人不要。所得基準等の入居資格あり。約74万戸を保有する大規模賃貸事業者。,公営住宅;民間賃貸住宅,独立行政法人都市再生機構法,C,UR賃貸住宅とは、都市再生機構（UR都市機構）が運営する賃貸住宅です。具体的には、都市再生機構が管理する賃貸住宅。礼金・更新料・仲介手数料・保証人不要。所得基準等の入居資格あり。約74万戸を保有する大規模賃貸事業者。試験では、独立行政法人都市再生機構法との関係で、定義・要件・効果を具体例と結び付けて押さえます。関連用語である公営住宅・民間賃貸住宅との違いも合わせて確認します。
レンタブル比,れんたぶるひ,賃貸経営・PM/AM,経営指標,賃貸可能面積 ÷ 延べ床面積。賃貸可能性の効率指標。,建物全体の延べ床面積に対する、賃貸可能面積（共用部を除く専有面積の合計）の割合。70〜80%が一般的。共用部を最小化することで賃貸可能面積を増やせるが、設備充実度とのトレードオフ。,共用部;専有部,—,B,レンタブル比とは、賃貸可能面積 ÷ 延べ床面積。賃貸可能性の効率指標。具体的には、建物全体の延べ床面積に対する、賃貸可能面積（共用部を除く専有面積の合計）の割合。70〜80%が一般的。共用部を最小化することで賃貸可能面積を増やせるが、設備充実度とのトレードオフ。試験では、条文番号そのものよりも、実務上の位置づけ、当事者の負担、似た用語との違いを押さえます。関連用語である共用部・専有部との違いも合わせて確認します。
空家対策特別措置法,あきやたいさくとくべつそちほう,関連法令,空き家;対策,空き家の適正管理・利活用を促進する法律。,2014年制定。市町村は空家等の実態調査、特定空家等への助言・指導・勧告・命令・代執行が可能。「特定空家等」に指定されると固定資産税の住宅用地特例から除外される。,空き家問題;特定空家,空家等対策特別措置法,B,空家対策特別措置法とは、空き家の適正管理・利活用を促進する法律です。具体的には、2014年制定。市町村は空家等の実態調査、特定空家等への助言・指導・勧告・命令・代執行が可能。「特定空家等」に指定されると固定資産税の住宅用地特例から除外される。試験では、空家等対策特別措置法が何を規律し、賃貸住宅管理のどの場面で関係するかを押さえます。関連用語である空き家問題・特定空家との違いも合わせて確認します。
ADR（裁判外紛争解決手続）,えーでぃーあーる,関連法令,紛争解決,裁判によらない紛争解決手続。,Alternative Dispute Resolution。調停、仲裁、和解あっせん等。賃貸借紛争では、宅建協会、賃貸住宅紛争防止条例（東京）、各種ADR機関が活用される。,民事調停;紛争解決,ADR法（裁判外紛争解決手続の利用の促進に関する法律）,C,ADR（裁判外紛争解決手続）とは、裁判によらない紛争解決手続です。具体的には、Alternative Dispute Resolution。調停、仲裁、和解あっせん等。賃貸借紛争では、宅建協会、賃貸住宅紛争防止条例（東京）、各種ADR機関が活用される。試験では、ADR法（裁判外紛争解決手続の利用の促進に関する法律）との関係で、定義・要件・効果を具体例と結び付けて押さえます。関連用語である民事調停・紛争解決との違いも合わせて確認します。
管理組合,かんりくみあい,関連法令,区分所有,区分所有建物の管理を行う、区分所有者の団体。,区分所有法に基づき、区分所有者全員で構成される団体。共用部分の維持管理、長期修繕計画の決定、管理規約の制定・変更等を行う。賃貸住戸の貸主も区分所有者として組合員となる。,区分所有法;管理規約,区分所有法3条,B,管理組合とは、区分所有建物の管理を行う、区分所有者の団体です。具体的には、区分所有法に基づき、区分所有者全員で構成される団体。共用部分の維持管理、長期修繕計画の決定、管理規約の制定・変更等を行う。賃貸住戸の貸主も区分所有者として組合員となる。試験では、区分所有法3条との関係で、定義・要件・効果を具体例と結び付けて押さえます。関連用語である区分所有法・管理規約との違いも合わせて確認します。
ガイドライン,がいどらいん,関連法令,指針,国・自治体・業界団体が公表する運用指針。,「原状回復をめぐるトラブルとガイドライン」「人の死の告知に関するガイドライン」「サブリース事業に係る適正な業務のためのガイドライン」「賃管業法解釈・運用の考え方」等。法令ではないが実務指針として重要。,原状回復ガイドライン;サブリースガイドライン;人の死の告知ガイドライン,—,B,ガイドラインとは、国・自治体・業界団体が公表する運用指針です。具体的には、「原状回復をめぐるトラブルとガイドライン」「人の死の告知に関するガイドライン」「サブリース事業に係る適正な業務のためのガイドライン」「賃管業法解釈・運用の考え方」等。法令ではないが実務指針として重要。試験では、条文番号そのものよりも、実務上の位置づけ、当事者の負担、似た用語との違いを押さえます。関連用語である原状回復ガイドライン・サブリースガイドラインとの違いも合わせて確認します。
居住支援法人,きょじゅうしえんほうじん,関連法令,セーフティネット,住宅確保要配慮者の民間賃貸住宅への円滑な入居を支援する法人。,都道府県知事の指定を受け、住宅確保要配慮者に賃貸住宅の情報提供、入居相談、家賃債務保証、見守り等を提供する法人。住宅セーフティネット制度の重要な担い手。,住宅セーフティネット法;居住支援協議会,住宅セーフティネット法40条,B,居住支援法人とは、住宅確保要配慮者の民間賃貸住宅への円滑な入居を支援する法人です。具体的には、都道府県知事の指定を受け、住宅確保要配慮者に賃貸住宅の情報提供、入居相談、家賃債務保証、見守り等を提供する法人。住宅セーフティネット制度の重要な担い手。試験では、住宅セーフティネット法40条との関係で、定義・要件・効果を具体例と結び付けて押さえます。関連用語である住宅セーフティネット法・居住支援協議会との違いも合わせて確認します。
区分所有法,くぶんしょゆうほう,関連法令,マンション法,分譲マンション等の区分所有関係を規律する法律。,「建物の区分所有等に関する法律」。マンションの専有部分・共用部分の権利関係、管理組合、管理規約等を定める。賃貸住戸でも管理規約の適用がある点で賃貸経営にも影響する。,管理規約;管理組合,建物の区分所有等に関する法律,B,区分所有法とは、分譲マンション等の区分所有関係を規律する法律です。具体的には、「建物の区分所有等に関する法律」。マンションの専有部分・共用部分の権利関係、管理組合、管理規約等を定める。賃貸住戸でも管理規約の適用がある点で賃貸経営にも影響する。試験では、建物の区分所有等に関する法律が何を規律し、賃貸住宅管理のどの場面で関係するかを押さえます。関連用語である管理規約・管理組合との違いも合わせて確認します。
建築基準法,けんちくきじゅんほう,関連法令,建築;法令,建物の敷地・構造・設備・用途等の最低基準を定める法律。,国民の生命・健康・財産の保護を目的に、建物の安全基準を定める。建ぺい率・容積率、用途地域、構造耐力、防火、避難、採光、換気等の基準を含む。,建ぺい率;容積率;新耐震基準,建築基準法,B,建築基準法とは、建物の敷地・構造・設備・用途等の最低基準を定める法律です。具体的には、国民の生命・健康・財産の保護を目的に、建物の安全基準を定める。建ぺい率・容積率、用途地域、構造耐力、防火、避難、採光、換気等の基準を含む。試験では、建築基準法が何を規律し、賃貸住宅管理のどの場面で関係するかを押さえます。関連用語である建ぺい率・容積率との違いも合わせて確認します。
建築物省エネ法,けんちくぶつしょうえねほう,関連法令,省エネ,建築物の省エネ性能の向上を促進する法律。,「建築物のエネルギー消費性能の向上に関する法律」。建築物の省エネ性能の向上を図る法律で、2025年4月から、原則すべての新築住宅・非住宅について省エネ基準適合義務が課されている。,省エネ基準;ZEH,建築物省エネ法,B,建築物省エネ法とは、建築物の省エネ性能の向上を促進する法律です。具体的には、「建築物のエネルギー消費性能の向上に関する法律」。建築物の省エネ性能の向上を図る法律で、2025年4月から、原則すべての新築住宅・非住宅について省エネ基準適合義務が課されている。試験では、建築物省エネ法が何を規律し、賃貸住宅管理のどの場面で関係するかを押さえます。関連用語である省エネ基準・ZEHとの違いも合わせて確認します。
下水道法,げすいどうほう,関連法令,下水道,下水道の整備・管理を定める法律。,公共下水道、流域下水道、都市下水路等の整備・管理を規律。建物所有者は供用開始区域では下水道への接続義務がある。賃貸住宅の排水設備の根拠法。,排水方式,下水道法,C,下水道法とは、下水道の整備・管理を定める法律です。具体的には、公共下水道、流域下水道、都市下水路等の整備・管理を規律。建物所有者は供用開始区域では下水道への接続義務がある。賃貸住宅の排水設備の根拠法。試験では、下水道法が何を規律し、賃貸住宅管理のどの場面で関係するかを押さえます。関連用語である排水方式との違いも合わせて確認します。
高齢者居住法（高齢者住まい法）,こうれいしゃきょじゅうほう,関連法令,高齢者;住まい,高齢者の居住の安定を確保するための法律。,「高齢者の居住の安定確保に関する法律」。サービス付き高齢者向け住宅の登録制度、終身建物賃貸借制度等を定める。高齢化対応の中核法令。,サービス付き高齢者向け住宅;終身建物賃貸借,高齢者居住法,B,高齢者居住法（高齢者住まい法）とは、高齢者の居住の安定を確保するための法律です。具体的には、「高齢者の居住の安定確保に関する法律」。サービス付き高齢者向け住宅の登録制度、終身建物賃貸借制度等を定める。高齢化対応の中核法令。試験では、高齢者居住法との関係で、定義・要件・効果を具体例と結び付けて押さえます。関連用語であるサービス付き高齢者向け住宅・終身建物賃貸借との違いも合わせて確認します。
国土交通省,こくどこうつうしょう,関連法令,所管省庁,賃貸住宅管理業・宅地建物取引業等を所管する省庁。,賃貸住宅管理業法、宅地建物取引業法、建築基準法、借地借家法等を所管。賃貸住宅管理業者の登録、各種ガイドラインの策定等を行う。,賃貸住宅管理業法;宅建業法,—,B,国土交通省とは、賃貸住宅管理業・宅地建物取引業等を所管する省庁です。具体的には、賃貸住宅管理業法、宅地建物取引業法、建築基準法、借地借家法等を所管。賃貸住宅管理業者の登録、各種ガイドラインの策定等を行う。試験では、条文番号そのものよりも、実務上の位置づけ、当事者の負担、似た用語との違いを押さえます。関連用語である賃貸住宅管理業法・宅建業法との違いも合わせて確認します。
個人情報保護法,こじんじょうほうほごほう,関連法令,個人情報;管理,個人情報の適正な取扱いを定める法律。管理業者にも適用。,個人情報取扱事業者として、利用目的の特定・通知、安全管理措置、第三者提供制限、保有個人データの開示請求対応等の義務がある。賃貸借に伴う借主情報（氏名・連絡先・収入情報等）は個人情報として保護対象。,本人確認;秘密保持義務,個人情報の保護に関する法律,B,個人情報保護法とは、個人情報の適正な取扱いを定める法律。管理業者にも適用。具体的には、個人情報取扱事業者として、利用目的の特定・通知、安全管理措置、第三者提供制限、保有個人データの開示請求対応等の義務がある。賃貸借に伴う借主情報（氏名・連絡先・収入情報等）は個人情報として保護対象。試験では、個人情報の保護に関する法律が何を規律し、賃貸住宅管理のどの場面で関係するかを押さえます。関連用語である本人確認・秘密保持義務との違いも合わせて確認します。
サービス付き高齢者向け住宅,さーびすつきこうれいしゃむけじゅうたく,関連法令,高齢者居住;サ高住,状況把握・生活相談サービスを提供する高齢者向け賃貸住宅。,高齢者の居住の安定確保に関する法律に基づき登録される、バリアフリー構造で安否確認・生活相談等を提供する賃貸住宅。賃貸借方式と利用権方式があり、賃貸借方式の場合は借地借家法の適用がある。,高齢者居住法;終身建物賃貸借,高齢者居住法,B,サービス付き高齢者向け住宅とは、状況把握・生活相談サービスを提供する高齢者向け賃貸住宅です。具体的には、高齢者の居住の安定確保に関する法律に基づき登録される、バリアフリー構造で安否確認・生活相談等を提供する賃貸住宅。賃貸借方式と利用権方式があり、賃貸借方式の場合は借地借家法の適用がある。試験では、高齢者居住法との関係で、定義・要件・効果を具体例と結び付けて押さえます。関連用語である高齢者居住法・終身建物賃貸借との違いも合わせて確認します。
障害者差別解消法,しょうがいしゃさべつかいしょうほう,関連法令,差別禁止,障害を理由とする差別の禁止と合理的配慮の提供を定める法律。,賃貸借でも、障害を理由とする入居拒否、契約条件の差別的取扱いの禁止、合理的配慮の提供義務が問題となる。2024年4月1日から、民間事業者による合理的配慮の提供も義務化されている。賃貸住宅管理業者・宅建業者にも適用される。,住宅セーフティネット法;入居審査,障害者差別解消法,B,障害者差別解消法とは、障害を理由とする差別の禁止と合理的配慮の提供を定める法律です。具体的には、賃貸借でも、障害を理由とする入居拒否、契約条件の差別的取扱いの禁止、合理的配慮の提供義務が問題となる。2024年4月1日から、民間事業者による合理的配慮の提供も義務化されている。賃貸住宅管理業者・宅建業者にも適用される。試験では、障害者差別解消法が何を規律し、賃貸住宅管理のどの場面で関係するかを押さえます。関連用語である住宅セーフティネット法・入居審査との違いも合わせて確認します。
住宅確保要配慮者,じゅうたくかくほようはいりょしゃ,関連法令,セーフティネット,住宅の確保に特に配慮を要する者。,住宅セーフティネット法2条に定義される、高齢者、障害者、子育て世帯、低額所得者、被災者、外国人、児童虐待を受けた者、生活困窮者、犯罪被害者、ハンセン病療養所入所者等を含む。,住宅セーフティネット法,住宅セーフティネット法2条,A,住宅確保要配慮者とは、住宅の確保に特に配慮を要する者です。具体的には、住宅セーフティネット法2条に定義される、高齢者、障害者、子育て世帯、低額所得者、被災者、外国人、児童虐待を受けた者、生活困窮者、犯罪被害者、ハンセン病療養所入所者等を含む。試験では、住宅セーフティネット法2条との関係で、定義・要件・効果を具体例と結び付けて押さえます。関連用語である住宅セーフティネット法との違いも合わせて確認します。
住宅宿泊事業法（民泊新法）,じゅうたくしゅくはくじぎょうほう,関連法令,民泊,住宅を活用した宿泊事業を規律する法律。,2018年6月施行。年間180日以下で住宅を旅行者に宿泊させる事業を届出制で認める。賃借人による民泊実施には貸主の承諾が必要。住宅専用地域でも可能（条例で制限）。,民泊;無断転貸,住宅宿泊事業法,B,住宅宿泊事業法（民泊新法）とは、住宅を活用した宿泊事業を規律する法律です。具体的には、2018年6月施行。年間180日以下で住宅を旅行者に宿泊させる事業を届出制で認める。賃借人による民泊実施には貸主の承諾が必要。住宅専用地域でも可能（条例で制限）。試験では、住宅宿泊事業法との関係で、定義・要件・効果を具体例と結び付けて押さえます。関連用語である民泊・無断転貸との違いも合わせて確認します。
住宅セーフティネット法,じゅうたくせーふてぃねっとほう,関連法令,住宅確保要配慮者,住宅確保要配慮者の民間賃貸住宅への入居円滑化を目的とする法律。,正式名称「住宅確保要配慮者に対する賃貸住宅の供給の促進に関する法律」。高齢者・障害者・子育て世帯・低所得者・外国人等の住宅確保要配慮者の入居拒否を抑制し、住宅セーフティネット登録住宅制度を設ける。,住宅確保要配慮者;セーフティネット住宅,住宅セーフティネット法,A,住宅セーフティネット法とは、住宅確保要配慮者の民間賃貸住宅への入居円滑化を目的とする法律です。具体的には、正式名称「住宅確保要配慮者に対する賃貸住宅の供給の促進に関する法律」。高齢者・障害者・子育て世帯・低所得者・外国人等の住宅確保要配慮者の入居拒否を抑制し、住宅セーフティネット登録住宅制度を設ける。試験では、住宅セーフティネット法が何を規律し、賃貸住宅管理のどの場面で関係するかを押さえます。関連用語である住宅確保要配慮者・セーフティネット住宅との違いも合わせて確認します。
水道法,すいどうほう,関連法令,水道,水道事業の運営と水質保全を定める法律。,水道事業の認可、水質基準、簡易専用水道の管理等を規律。賃貸住宅の受水槽・高置水槽の管理は水道法の規制対象となる。,簡易専用水道;水質検査,水道法,C,水道法とは、水道事業の運営と水質保全を定める法律です。具体的には、水道事業の認可、水質基準、簡易専用水道の管理等を規律。賃貸住宅の受水槽・高置水槽の管理は水道法の規制対象となる。試験では、水道法が何を規律し、賃貸住宅管理のどの場面で関係するかを押さえます。関連用語である簡易専用水道・水質検査との違いも合わせて確認します。
セーフティネット住宅,せーふてぃねっとじゅうたく,関連法令,登録住宅,住宅確保要配慮者の入居を拒まない、登録された賃貸住宅。,住宅確保要配慮者の入居を拒まないことを条件に都道府県・市町村等に登録された賃貸住宅。耐震性、面積等の基準を満たすことが要件。専用住宅型は要配慮者にしか貸せない代わりに補助対象。,住宅セーフティネット法;住宅確保要配慮者,住宅セーフティネット法,B,セーフティネット住宅とは、住宅確保要配慮者の入居を拒まない、登録された賃貸住宅です。具体的には、住宅確保要配慮者の入居を拒まないことを条件に都道府県・市町村等に登録された賃貸住宅。耐震性、面積等の基準を満たすことが要件。専用住宅型は要配慮者にしか貸せない代わりに補助対象。試験では、住宅セーフティネット法との関係で、定義・要件・効果を具体例と結び付けて押さえます。関連用語である住宅セーフティネット法・住宅確保要配慮者との違いも合わせて確認します。
宅地建物取引業,たくちたてものとりひきぎょう,関連法令,宅建業法,宅地建物の売買・交換・賃貸の媒介又は代理を業として行うこと。,宅地建物取引業法2条2号。賃貸の媒介・代理が含まれる。賃貸の媒介を行うには宅建業の免許が必要。賃貸住宅管理業とは別個の規制体系。,宅地建物取引士;媒介契約,宅地建物取引業法,B,宅地建物取引業とは、宅地建物の売買・交換・賃貸の媒介又は代理を業として行うことです。具体的には、宅地建物取引業法2条2号。賃貸の媒介・代理が含まれる。賃貸の媒介を行うには宅建業の免許が必要。賃貸住宅管理業とは別個の規制体系。試験では、宅地建物取引業法との関係で、定義・要件・効果を具体例と結び付けて押さえます。関連用語である宅地建物取引士・媒介契約との違いも合わせて確認します。
宅地建物取引業法,たくちたてものとりひきぎょうほう,関連法令,宅建業;法令,宅地建物取引業の規制を定める法律。,宅地建物取引業の免許制、宅地建物取引士、重要事項説明、媒介報酬、誇大広告等の禁止等を定める。賃貸の媒介を行う事業者の規律根拠法。,宅地建物取引士;重要事項説明,宅地建物取引業法,B,宅地建物取引業法とは、宅地建物取引業の規制を定める法律です。具体的には、宅地建物取引業の免許制、宅地建物取引士、重要事項説明、媒介報酬、誇大広告等の禁止等を定める。賃貸の媒介を行う事業者の規律根拠法。試験では、宅地建物取引業法が何を規律し、賃貸住宅管理のどの場面で関係するかを押さえます。関連用語である宅地建物取引士・重要事項説明との違いも合わせて確認します。
賃貸住宅紛争防止条例（東京ルール）,ちんたいじゅうたくふんそうぼうしじょうれい,関連法令,東京ルール;原状回復,原状回復・契約条件等の説明を義務付ける東京都条例。,通称「東京ルール」。東京都の宅建業者に対し、契約締結時に原状回復ガイドラインに沿った負担区分、修繕の特約等の説明義務を課す条例。賃貸借トラブル予防の先進例。,原状回復ガイドライン,東京における住宅の賃貸借に係る紛争の防止に関する条例,B,賃貸住宅紛争防止条例（東京ルール）とは、原状回復・契約条件等の説明を義務付ける東京都条例です。具体的には、通称「東京ルール」。東京都の宅建業者に対し、契約締結時に原状回復ガイドラインに沿った負担区分、修繕の特約等の説明義務を課す条例。賃貸借トラブル予防の先進例。試験では、東京における住宅の賃貸借に係る紛争の防止に関する条例が何を規律し、賃貸住宅管理のどの場面で関係するかを押さえます。関連用語である原状回復ガイドラインとの違いも合わせて確認します。
賃貸不動産経営管理士協議会,ちんたいふどうさんけいえいかんりしきょうぎかい,関連法令,資格団体,賃貸不動産経営管理士の指定試験機関。,公益財団法人日本賃貸住宅管理協会等が組織。賃貸不動産経営管理士試験の実施、登録、研修、倫理憲章の制定等を担う。賃貸不動産経営管理士の中核団体。,賃貸不動産経営管理士;倫理憲章,—,B,賃貸不動産経営管理士協議会とは、賃貸不動産経営管理士の指定試験機関です。具体的には、公益財団法人日本賃貸住宅管理協会等が組織。賃貸不動産経営管理士試験の実施、登録、研修、倫理憲章の制定等を担う。賃貸不動産経営管理士の中核団体。試験では、条文番号そのものよりも、実務上の位置づけ、当事者の負担、似た用語との違いを押さえます。関連用語である賃貸不動産経営管理士・倫理憲章との違いも合わせて確認します。
賃貸不動産経営管理士登録制度,ちんたいふどうさんけいえいかんりしとうろくせいど,関連法令,資格登録,試験合格後の登録手続。実務経験等が要件。,賃貸不動産経営管理士試験に合格後、実務経験2年以上又は指定講習修了が登録要件。5年ごとの更新が必要。登録により業務管理者となる資格を得る。,賃貸不動産経営管理士;業務管理者,賃貸不動産経営管理士登録規程,A,賃貸不動産経営管理士登録制度とは、試験合格後の登録手続。実務経験等が要件。具体的には、賃貸不動産経営管理士試験に合格後、実務経験2年以上又は指定講習修了が登録要件。5年ごとの更新が必要。登録により業務管理者となる資格を得る。試験では、賃貸不動産経営管理士登録規程との関係で、対象者・時期・手続・違反時の効果を整理して押さえます。関連用語である賃貸不動産経営管理士・業務管理者との違いも合わせて確認します。
電気事業法,でんきじぎょうほう,関連法令,電気;法令,電気の供給・電気工事の安全等を定める法律。,電気事業の運営、電気工作物の保安、電気工事の規制等を定める。賃貸住宅の電気設備は、年次点検等の保安規制を受ける。,電気設備;PSE法,電気事業法,C,電気事業法とは、電気の供給・電気工事の安全等を定める法律です。具体的には、電気事業の運営、電気工作物の保安、電気工事の規制等を定める。賃貸住宅の電気設備は、年次点検等の保安規制を受ける。試験では、電気事業法が何を規律し、賃貸住宅管理のどの場面で関係するかを押さえます。関連用語である電気設備・PSE法との違いも合わせて確認します。
特定空家等,とくていあきやとう,関連法令,空き家,倒壊危険・衛生上有害等の状態にある空家として指定されたもの。,①倒壊等の危険、②衛生上著しく有害、③著しく景観を損なう、④周辺生活環境保全上不適切等の状態。市町村による特定空家指定後、所有者は助言・指導・勧告・命令・代執行の対象となる。,空家対策特別措置法;住宅用地特例,空家対策特別措置法2条,B,特定空家等とは、倒壊危険・衛生上有害等の状態にある空家として指定されたものです。具体的には、①倒壊等の危険、②衛生上著しく有害、③著しく景観を損なう、④周辺生活環境保全上不適切等の状態。市町村による特定空家指定後、所有者は助言・指導・勧告・命令・代執行の対象となる。試験では、空家対策特別措置法2条との関係で、定義・要件・効果を具体例と結び付けて押さえます。関連用語である空家対策特別措置法・住宅用地特例との違いも合わせて確認します。
廃棄物処理法,はいきぶつしょりほう,関連法令,廃棄物;ゴミ,廃棄物の処理・清掃を定める法律。,「廃棄物の処理及び清掃に関する法律」。一般廃棄物（家庭ゴミ等）と産業廃棄物の処理方法を規律。賃貸住宅のゴミ集積所運営、解体工事の廃棄物処理等で関係。,ゴミ集積所,廃棄物処理法,C,廃棄物処理法とは、廃棄物の処理・清掃を定める法律です。具体的には、「廃棄物の処理及び清掃に関する法律」。一般廃棄物（家庭ゴミ等）と産業廃棄物の処理方法を規律。賃貸住宅のゴミ集積所運営、解体工事の廃棄物処理等で関係。試験では、廃棄物処理法が何を規律し、賃貸住宅管理のどの場面で関係するかを押さえます。関連用語であるゴミ集積所との違いも合わせて確認します。
犯罪収益移転防止法,はんざいしゅうえきいてんぼうしほう,関連法令,本人確認;マネロン,マネーロンダリング防止のための、特定取引における本人確認義務を定める法律。,2007年制定。特定事業者（宅建業者・賃貸住宅管理業者の一部等）は、特定取引時の取引時確認、確認記録・取引記録の作成保存、疑わしい取引の届出等が義務付けられる。,本人確認;疑わしい取引,犯罪収益移転防止法,C,犯罪収益移転防止法とは、マネーロンダリング防止のための、特定取引における本人確認義務を定める法律です。具体的には、2007年制定。特定事業者（宅建業者・賃貸住宅管理業者の一部等）は、特定取引時の取引時確認、確認記録・取引記録の作成保存、疑わしい取引の届出等が義務付けられる。試験では、犯罪収益移転防止法が何を規律し、賃貸住宅管理のどの場面で関係するかを押さえます。関連用語である本人確認・疑わしい取引との違いも合わせて確認します。
品確法（住宅の品質確保の促進等に関する法律）,ひんかくほう,関連法令,新築住宅,新築住宅の瑕疵担保責任・住宅性能表示制度等を定める法律。,①新築住宅の基本構造部分について10年間の瑕疵担保責任、②住宅性能表示制度（任意）、③住宅紛争処理体制等を定める。賃貸住宅でも対象範囲がある。,瑕疵保険;住宅性能表示制度,住宅の品質確保の促進等に関する法律,C,品確法（住宅の品質確保の促進等に関する法律）とは、新築住宅の瑕疵担保責任・住宅性能表示制度等を定める法律です。具体的には、①新築住宅の基本構造部分について10年間の瑕疵担保責任、②住宅性能表示制度（任意）、③住宅紛争処理体制等を定める。賃貸住宅でも対象範囲がある。試験では、住宅の品質確保の促進等に関する法律との関係で、定義・要件・効果を具体例と結び付けて押さえます。関連用語である瑕疵保険・住宅性能表示制度との違いも合わせて確認します。
不動産登記法,ふどうさんとうきほう,関連法令,登記;法令,不動産の権利関係の公示制度を定める法律。,不動産の表題部（所在・地番・面積等）、権利部（甲区：所有権、乙区：抵当権等）の登記制度を定める。所有権移転登記、賃借権登記等の手続を規律する。,登記;対抗要件,不動産登記法,C,不動産登記法とは、不動産の権利関係の公示制度を定める法律です。具体的には、不動産の表題部（所在・地番・面積等）、権利部（甲区：所有権、乙区：抵当権等）の登記制度を定める。所有権移転登記、賃借権登記等の手続を規律する。試験では、不動産登記法が何を規律し、賃貸住宅管理のどの場面で関係するかを押さえます。関連用語である登記・対抗要件との違いも合わせて確認します。
不動産特定共同事業法,ふどうさんとくていきょうどうじぎょうほう,関連法令,証券化;クラウドファンディング,不動産特定共同事業を規律する法律。クラウドファンディングの根拠法。,1995年制定。複数の投資家から資金を集めて不動産投資を行う事業を規律。許可制（特例事業者は届出制）。近年は小口投資・クラウドファンディング型の事業が拡大。,不動産証券化;クラウドファンディング,不動産特定共同事業法,C,不動産特定共同事業法とは、不動産特定共同事業を規律する法律。クラウドファンディングの根拠法。具体的には、1995年制定。複数の投資家から資金を集めて不動産投資を行う事業を規律。許可制（特例事業者は届出制）。近年は小口投資・クラウドファンディング型の事業が拡大。試験では、不動産特定共同事業法が何を規律し、賃貸住宅管理のどの場面で関係するかを押さえます。関連用語である不動産証券化・クラウドファンディングとの違いも合わせて確認します。
民間住宅活用型住宅セーフティネット整備推進事業,みんかんじゅうたくかつようがたじゅうたくせーふてぃねっとせいびすいしんじぎょう,関連法令,セーフティネット;補助,セーフティネット住宅の改修・家賃補助等を行う国の事業。,住宅確保要配慮者の入居を拒まないセーフティネット住宅の改修費補助、家賃低廉化、入居円滑化等を実施。住宅セーフティネット制度の主要施策。,住宅セーフティネット法;セーフティネット住宅,住宅セーフティネット法,C,民間住宅活用型住宅セーフティネット整備推進事業とは、セーフティネット住宅の改修・家賃補助等を行う国の事業です。具体的には、住宅確保要配慮者の入居を拒まないセーフティネット住宅の改修費補助、家賃低廉化、入居円滑化等を実施。住宅セーフティネット制度の主要施策。試験では、住宅セーフティネット法との関係で、定義・要件・効果を具体例と結び付けて押さえます。関連用語である住宅セーフティネット法・セーフティネット住宅との違いも合わせて確認します。
民事執行法,みんじしっこうほう,関連法令,強制執行,強制執行・担保権実行の手続を定める法律。,判決等に基づく強制執行、不動産競売、賃料債権の差押え等の手続を規律。明渡し執行・賃料差押え等で関係。,強制執行;明渡し訴訟,民事執行法,C,民事執行法とは、強制執行・担保権実行の手続を定める法律です。具体的には、判決等に基づく強制執行、不動産競売、賃料債権の差押え等の手続を規律。明渡し執行・賃料差押え等で関係。試験では、民事執行法が何を規律し、賃貸住宅管理のどの場面で関係するかを押さえます。関連用語である強制執行・明渡し訴訟との違いも合わせて確認します。
民事訴訟法,みんじそしょうほう,関連法令,訴訟手続,民事訴訟の手続を定める法律。,建物明渡し訴訟、賃料請求訴訟、敷金返還訴訟等の手続根拠法。少額訴訟（60万円以下）、簡易裁判所（140万円以下）等の手続きを使い分ける。,明渡し訴訟;少額訴訟,民事訴訟法,C,民事訴訟法とは、民事訴訟の手続を定める法律です。具体的には、建物明渡し訴訟、賃料請求訴訟、敷金返還訴訟等の手続根拠法。少額訴訟（60万円以下）、簡易裁判所（140万円以下）等の手続きを使い分ける。試験では、民事訴訟法が何を規律し、賃貸住宅管理のどの場面で関係するかを押さえます。関連用語である明渡し訴訟・少額訴訟との違いも合わせて確認します。
民事調停法,みんじちょうていほう,関連法令,調停,民事の調停手続を定める法律。,話合いによる紛争解決手続を規律。賃料増減請求は調停前置主義の対象。簡易裁判所で実施され、調停成立は確定判決と同一の効力。,調停前置主義;賃料増減請求権,民事調停法,B,民事調停法とは、民事の調停手続を定める法律です。具体的には、話合いによる紛争解決手続を規律。賃料増減請求は調停前置主義の対象。簡易裁判所で実施され、調停成立は確定判決と同一の効力。試験では、民事調停法が何を規律し、賃貸住宅管理のどの場面で関係するかを押さえます。関連用語である調停前置主義・賃料増減請求権との違いも合わせて確認します。
民泊（住宅宿泊事業）,みんぱく,関連法令,住宅宿泊事業法,住宅を活用して旅行者に宿泊サービスを提供する事業。,住宅宿泊事業法に基づき、年間180日以下で住宅を旅行者に宿泊させる事業。届出により実施可能。賃借人が民泊を行う場合は賃貸人の承諾が必要。無断民泊は無断転貸として解除事由。,住宅宿泊事業法;無断転貸,住宅宿泊事業法,B,民泊（住宅宿泊事業）とは、住宅を活用して旅行者に宿泊サービスを提供する事業です。具体的には、住宅宿泊事業法に基づき、年間180日以下で住宅を旅行者に宿泊させる事業。届出により実施可能。賃借人が民泊を行う場合は賃貸人の承諾が必要。無断民泊は無断転貸として解除事由。試験では、住宅宿泊事業法との関係で、定義・要件・効果を具体例と結び付けて押さえます。関連用語である住宅宿泊事業法・無断転貸との違いも合わせて確認します。
