slug,genre,title,meta_description,lead,priority,tags,author_name,author_profile,reviewer_name,reviewer_profile,fact_checked_at,primary_sources,original_note,user_intent,action_items,update_policy,last_reviewed_at,next_review_at,source_checked_at,content_status,revision_note,section_1_heading,section_1_body,section_2_heading,section_2_body,section_3_heading,section_3_body,section_4_heading,section_4_body,section_5_heading,section_5_body,section_6_heading,section_6_body,section_7_heading,section_7_body,faq_1_question,faq_1_answer,faq_2_question,faq_2_answer,related_links,faq_3_question,faq_3_answer,faq_4_question,faq_4_answer,key_points
exam-overview,試験概要,賃貸不動産経営管理士試験とは？概要・出題分野・学習の進め方,賃貸不動産経営管理士試験の全体像を協議会・試験センター公表情報で整理。3分野・50問120分の構成、令和8年度11月15日試験向けの学習優先順位と独学の進め方を解説します。,"賃貸不動産経営管理士試験は、賃貸住宅管理の実務に必要な法令・契約・設備の知識を測る年1回の学科試験です。令和8年度は50問・120分・3分野、試験日は2026年11月15日（日）13:00〜15:00、受験料12,000円（要項どおり）です。本記事では一般財団法人 賃貸不動産経営管理士協議会および試験センター要項を正本として試験形式を表に整理し、公式情報確認から科目別学習・過去問・用語の往復までの導線を説明します。最新の日程・申込は申込前に必ず公式サイトで確認してください。",10,試験概要,賃管マスター編集部,賃貸不動産経営管理士試験の過去問形式演習、用語解説、学習導線を整理する編集チームです。,賃管マスター確認担当,公開前に公式情報への誘導、断定表現、内部リンク、FAQ、更新日の有無を確認します。,2026-06-04,賃貸不動産経営管理士協議会（公式）|https://www.chintaikanrishi.jp/,手書きリライト 2026-06-04。自動prose差し替え 2026-06-04（要手書き）。試験概要の学習導線と、過去問・用語集・科目別ハブへの内部リンクを整理した記事です。,本記事を読むと、試験形式と3分野の関係が分かり、公式要項確認から学習循環・復習の回し方までを迷わず設計できるようになります。,試験センター要項と協議会公表資料で当年度の試験日・受験要件を確認する;3分野ごとの学習時間配分を決め、1週間単位の学習枠を先に固定する;50問120分の形式を前提に月2回の通し演習を予定へ組み込む;誤答ノートを作成し、分野別に再発しやすい論点を記録する;受験手続きの期限と学習計画を同じカレンダーで管理する,試験要項や公式ページ、関係法令が更新されたタイミングで本文と参照元を見直します。,2026-06-04,2026-06-29,2026-06-04,published,2026-06-04: 編集合格（手書きリライト）,試験形式と3分野の早見表,"試験の正本は試験センターが公表する受験要項です。下表は令和8年度の公表内容を整理したもので、学習計画の前に要項で上書き確認してください。

| 項目 | 令和8年度（要項・公式案内） | 学習への影響 |
| --- | --- | --- |
| 試験日 | 2026年11月15日（日）13:00〜15:00 | 逆算した週次演習量の基準日 |
| 問題数・時間 | 50問・120分（約2.4分/問） | 通し演習で時間配分を練習 |
| 出題分野 | 3分野（法令・制度／契約・実務／設備・税務・その他） | 分野別の弱点管理が必須 |
| 受験料 | 12,000円 | 申込と学習開始のタイミングを同期 |
| 情報源 | 協議会 https://www.chintaikanrishi.jp/ ・試験センター要項 | 非公式まとめは参考のみ |

合格は総合得点が要項の基準以上であることが条件です。分野ごとの配点感覚を持ち、1分野だけ極端に弱い状態を演習で可視化してください。",3分野を分けて理解する理由,"3分野は独立した暗記科目ではなく、同じ賃貸管理の場面を別角度から問う構成です。

| 分野 | 主な論点の例 | 他分野との接続 |
| --- | --- | --- |
| 法令・制度 | 賃貸住宅管理業法の登録・業務・監督 | 契約条項の根拠・重説義務 |
| 契約・実務 | 契約書・更新・原状回復・管理委託 | 法令上の説明義務・書面交付 |
| 設備・税務・その他 | 設備管理・税務・その他横断 | 契約上の修繕・費用負担の判断 |

条文だけを覚えても、設問が事例形式に変わると手が止まりやすいため、「同じ物件・同じ入居者」を想定して3分野を往復する学習が効率的です。",独学の進め方（平日・週末の役割分担）,"独学では教材を少数に固定し、復習回数を増やす方が成果につながりやすいです。

| 曜日 | 目安時間 | 内容 |
| --- | --- | --- |
| 平日 | 30〜45分×3日 | 分野別の基礎・用語確認 |
| 週末 | 2〜3時間 | 50問に近い演習＋誤答分析 |
| 月1回 | 通し120分 | 時間配分・マークミスの確認 |

演習後は正答率だけで終えず、誤答を知識不足・読解不足・時間不足に分類し、翌週の学習枠に「再演習日」を必ず1日入れてください。科目別の入口は法令ハブ・契約ハブ・設備ハブの各ページから辿れます。",復習と公式情報の確認サイクル,"復習は1回で完璧を狙わず、短周期の反復が定着に効きます。

| タイミング | 作業 |
| --- | --- |
| 演習当日 | 誤答の条文・用語をメモ（3語以内で理由を書く） |
| 翌日 | 同じ論点を関連する分野から1問ずつ確認 |
| 1週間後 | 同系統の問題を解き直し、再発有無を記録 |
| 月1回 | 要項・協議会サイトで日程・範囲の更新有無を確認 |

制度や試験運用は年度で変わるため、体験談を学習方針の起点にせず、最終判断は必ず要項に戻してください。",学習初期に避けたい判断,"次の判断は、独学でも得点が伸び悩む典型パターンです。

1. 教材を増やしすぎて復習日が消える
2. 過去問を解くだけで用語定義に戻らない
3. 受験申込を直前まで延ばし、直前期の演習量が落ちる
4. 3分野のうち1分野だけを長期間放置する

不安が強い時期ほど新しい参考書ではなく、既習範囲の解き直しと50問120分の通し演習を優先してください。日程・申込の具体手順は「日程・申込の確認手順」、週次計画は「学習計画の立て方」で補完できます。",つまずきやすいポイント,"とは？概要・出題分野・学習の進め方では、「賃管受験者が診断する」「休職勧奨＝解雇」「ストレスチェック結果を個別に上司が全部見る」など、現場イメージと制度のズレが誤答の温床になります。特に敷金返還と原状回復、更新と再契約の混同は四択で頻出です。

誤解を解くには、用語解説で定義を確認したうえで、比較表タブの「混同しやすい組み合わせ」を読み、演習問題で引っかけ肢を体験してください。数値・日程・合格基準は年度で更新されるため、学習前と申込前には賃貸不動産経営管理士試験センター（公式）の最新案内を確認してください。",次にやること,"このサイトでのおすすめの流れ：①試験ガイドで制度の全体像 ②用語解説で重要語を章ごとに確認 ③一問一答で知識の穴を洗い出し ④演習問題一覧から分野別に四択演習 ⑤間違えた問題は復習機能に残す。

直前期は新しい教材を増やしすぎず、とは？概要・出題分野・学習の進め方で誤答した分野と頻出用語に絞って解き直してください。比較表・数値早見・よくある誤答タブは、短時間の確認向きです。",賃貸不動産経営管理士試験は何問・何分ですか？,令和8年度要項では、四肢択一50問・120分・3分野の学科試験と公表されています。講習修了等による問題数の特例がある場合は要項の該当章で別途確認してください。本番形式に近い演習を月2回以上入れると、時間配分の感覚が安定しやすくなります。,3分野はどの順番で学ぶのがよいですか？,固定の正解順はありませんが、初学者は法令・制度で枠組みを作り、契約・実務で条文の使われ方を確認し、設備・税務で横断論点を足す流れが組みやすいです。どの順でも、週1回は3分野を横断する復習日を入れると設問の言い換えに強くなります。,study-plan:学習計画の立て方;past-questions-how-to-use:過去問の効果的な使い方;schedule-application:日程・申込の確認手順,この記事だけで受験準備は完了しますか？,いいえ。本記事は学習導線の整理であり、受験資格・申込期限・試験日の最終確認は要項が正本です。申込前に試験センター要項を開き、カレンダーに締切と試験日を登録したうえで学習を始めてください。資格・登録の違いは「受験資格・登録制度」の記事でも表形式で整理しています。,,,最初に確認すること;全体像・前提を分けて理解する;具体的な進め方;復習・確認方法;注意点
study-plan,試験対策,賃貸不動産経営管理士の独学・初学者向け学習計画の立て方,賃貸不動産経営管理士試験の独学学習計画を、3分野・50問120分・令和8年度11月15日試験向けに解説。週次配分・復習間隔・誤答ノートの運用まで表で整理します。,独学で合格するには、勉強時間の総量より「週次で回せる計画」が重要です。賃貸不動産経営管理士試験は3分野・50問120分、令和8年度の試験日は2026年11月15日（日）です。本記事では試験センター要項を前提に、基礎期・演習期・直前期の区切り、平日30分と週末まとめ時間の使い方、誤答を用語記事へ戻す運用を表にまとめます。申込締切は要項どおり（WEBは9月30日23:59等）—手続きと学習を同じカレンダーで管理してください。,20,学習計画;独学,賃管マスター編集部,賃貸不動産経営管理士試験の過去問形式演習、用語解説、学習導線を整理する編集チームです。,賃管マスター確認担当,公開前に公式情報への誘導、断定表現、内部リンク、FAQ、更新日の有無を確認します。,2026-06-04,賃貸不動産経営管理士協議会（公式）|https://www.chintaikanrishi.jp/,手書きリライト 2026-06-04。自動prose差し替え 2026-06-04（要手書き）。学習計画テンプレートと科目別ハブへの導線を整備した記事です。,本記事を読むと、独学で学習計画を作るときの優先順位と改善手順が分かり、分野バランスと時間配分の両方を管理できる実践的な運用法を身につけられます。,要項で試験日・申込期間を確認し、残り週数から週あたり学習時間を逆算する;3分野それぞれに週次の最低時間を設定し、実績との差分を毎週記録する;過去問演習を定例化し、誤答理由を分類して再発を管理する;月2回は50問120分の通し演習で時間配分を調整する;直前期は復習対象を絞り、頻出誤答の解き直しへ集中する,試験要項や公式ページ、関係法令が更新されたタイミングで本文と参照元を見直します。,2026-06-04,2026-06-29,2026-06-04,published,2026-06-04: 編集合格（手書きリライト）,学習計画の3つの区切り,"計画は「いつまでに」「何を」「どの精度で」を先に書くとぶれません。

| 期間 | 目安（11月15日試験・6月開始の例） | 目的 |
| --- | --- | --- |
| 基礎期 | 6月〜8月（約12週） | 3分野のテキスト通読と用語定着 |
| 演習期 | 9月〜10月（約8週） | 50問120分の通し演習と弱点特定 |
| 直前期 | 11月前半（約2週） | 誤答の解き直し・時間配分の固定 |

週あたり8時間なら総量約180時間。忙しい週は最低ライン（平日30分×3）を守り、翌週に巻き返す設計にすると挫折しにくくなります。",3分野の時間配分の目安,"配分は得意不得意で変えてよいですが、初学者向けの初期比率の一例です。

| 分野 | 週あたりの目安比率 | 配分の考え方 |
| --- | --- | --- |
| 法令・制度 | 35% | 条文・登録制度の骨格を先に固める |
| 契約・実務 | 35% | 事例形式の読解に時間を使う |
| 設備・税務・その他 | 30% | 横断論点は演習で拾い直す |

演習結果で1分野の正答率が50%を下回った週は、翌週その分野に+2時間を上乗せし、他分野は維持学習に留めてください。",教材と演習の順序,"教材は公式テキスト1冊＋問題集1冊に絞るのが管理しやすいです。

| ステップ | 作業 | 完了の目安 |
| --- | --- | --- |
| 1 | テキストを分野ごとに章単位で読む | 章末の確認問題が8割理解 |
| 2 | 同章の演習を10〜20問 | 誤答理由を3語で記録 |
| 3 | 誤答語を用語解説で定義確認 | 自分の言葉で1文要約 |
| 4 | 1週間後に同章を10問解き直し | 再発誤答が半減 |

新しい問題集を増やすより、同じセットの解き直しで正答率を上げる方が、50問120分の本番再現性につながりやすいです。",誤答ノートと週次レビュー,"誤答ノートは長文不要です。次の列だけで運用できます。

| 列 | 記入例 |
| --- | --- |
| 日付 | 6/10 |
| 分野 | 契約・実務 |
| 論点 | 原状回復の範囲 |
| 原因 | 条文未確認 / 読み違え / 時間切れ |
| 次アクション | 用語○○を読む・同類10問 |

毎週日曜に「今週の再発誤答トップ3」を選び、翌週の平日30分枠に優先配置してください。",申込・試験日と計画の同期,"学習計画と受験実務は別カレンダーにしないでください。

| 手続き | 令和8年度の目安 | 計画上の注意 |
| --- | --- | --- |
| WEB申込締切 | 9月30日（水）23:59 | 9月は演習期—申込は8月中に完了推奨 |
| 郵送申込 | 9月24日（木）消印 | 願書請求は9月14日12:00まで |
| 試験日 | 11月15日（日） | 直前2週は新規範囲を増やさない |

申込が終わるまで学習が止まるのを防ぐため、写真データ・受験料・受験地は申込開始週（8月3日12:00以降）に先に準備してください。",本番形式への対応,賃管 examの本番対応では、50q/120minの配分設計が必須です。通し演習で全問を丁寧に解く練習だけを続けると、実戦で時間不足を起こしやすくなります。取りやすい問題を先に処理し、迷う問題は後回しにする手順を明確にしてください。見直し時間を最後に確保し、マークミスと読み違いを優先点検する流れが効果的です。時間管理は知識と同じく訓練で改善するため、早い時期から実戦形式に慣れましょう。,計画修正の判断基準,計画修正の判断基準を事前に決めると、迷いが減って継続しやすくなります。例えば2週連続で同じ分野の正答率が停滞したら、学習時間を追加するなどのルールを置きます。逆に改善している分野は時間を戻し、弱点へ再配分することで効率が上がります。計画は固定ではなく運用するものなので、修正を前提に作ることが独学成功の鍵です。最終的には、得点再現性が高い状態を目標に調整してください。,平日しか時間が取れない場合の目安は？,平日30分×4日＋週末2時間でも週4時間前後になり、6月開始なら試験日までに十分な総量が確保できます。短時間は「1章の確認問題＋誤答1件の見直し」に限定し、週末にまとめて50問形式の演習を入れるとバランスが取りやすくなります。,何週間前から過去問中心に切り替えますか？,目安は試験日の8〜10週前（9月頃）から過去問・模試比重を上げる方法です。それ以前はテキストと分野別演習で土台を作り、切り替え後も新規範囲の追加は控え、誤答の解き直しを週の半分に充ててください。要項の試験日が変わった年は、その時点で切り替え週を再計算してください。,exam-overview:試験概要・出題分野;past-questions-how-to-use:過去問の効果的な使い方;schedule-application:日程・申込の確認手順,独学で計画が崩れたときの立て直し方は？,まず今週の最低ライン（平日30分×2＋誤答3件の見直し）だけを実行し、来週の週次レビューで「削る範囲」と「残す範囲」を1枚に書き出してください。教材を増やすより、既習章の解き直しと通し演習1回を優先すると得点が戻りやすいです。,直前期の学習量は増やすべきですか？,単純な増量より、復習密度の向上を優先する方が安全です。直前は新規論点を追うほど不安が増えるため、頻出誤答と重要テーマに絞って解き直してください。学習量より得点再現性を基準に調整すると、本番での取りこぼしを減らせます。,最初に確認すること;全体像・前提を分けて理解する;具体的な進め方;復習・確認方法;注意点
past-questions-how-to-use,過去問活用,賃管試験の過去問の効果的な使い方（演習モード・復習の回し方）,賃貸不動産経営管理士試験の過去問活用法を、3分野・50問120分・協議会要項正本前提で解説。演習の質・誤答記録・用語への戻し方を表で整理します。,過去問は「解いた回数」より「1問ごとに何を直したか」で効きます。賃貸不動産経営管理士試験は50問120分・3分野、令和8年度試験日は2026年11月15日（日）です。本記事では試験センター要項を正本として、演習前の前提確認、誤り理由を3語で残す記録法、用語解説へ戻る復習サイクルを表にまとめます。出題範囲の更新は要項と協議会サイトで随時確認してください。,30,過去問;復習,賃管マスター編集部,賃貸不動産経営管理士試験の過去問形式演習、用語解説、学習導線を整理する編集チームです。,賃管マスター確認担当,公開前に公式情報への誘導、断定表現、内部リンク、FAQ、更新日の有無を確認します。,2026-06-04,賃貸不動産経営管理士協議会（公式）|https://www.chintaikanrishi.jp/,手書きリライト 2026-06-04。自動prose差し替え 2026-06-04（要手書き）。過去問一覧・用語記事の関連過去問ブロックへの導線を強化する記事です。,本記事を読むと、過去問を軸にした学習サイクルを自分で組み立てられ、知識整理と時間管理を同時に進められるようになります。,要項で当年度の出題範囲・試験形式を確認してから演習を始める;3分野の現状得点を診断し、優先分野を1つに絞る;50問120分の演習日を月2回カレンダーに固定する;誤答の原因分類ノートを作り毎回更新する;用語確認と再演習を1セットで週1回以上回す,試験要項や公式ページ、関係法令が更新されたタイミングで本文と参照元を見直します。,2026-06-04,2026-06-29,2026-06-04,published,2026-06-04: 編集合格（手書きリライト）,演習を始める前の確認,"過去問に入る前に、要項で学習前提を固定します。

| 確認項目 | 理由 |
| --- | --- |
| 50問・120分・3分野 | 時間配分の練習単位が変わる |
| 試験日（令和8年度は11月15日） | 演習ペースの逆算 |
| 出題範囲の改定有無 | 古い問題集だけで回すリスクを下げる |
| 受験資格・申込 | 手続き不安が演習の集中を削る |

協議会 https://www.chintaikanrishi.jp/ と試験センター要項をセットで開き、確認日をノートに書いてから演習に進んでください。",1回の演習の進め方,"おすすめは「通し→即復習→1週間後」の3段階です。

| 段階 | 時間の目安 | 作業 |
| --- | --- | --- |
| 通し | 120分（本番同様） | マークミス防止のため問題冊子に印 |
| 即復習 | 30〜45分 | 誤答のみ：正解理由を自分の言葉で1文 |
| 1週間後 | 30分 | 誤答と同類の問題を10問 |

正答率だけを記録せず、各誤答に「条文未読」「用語混同」「ケアレス」のいずれかを付け、翌週の学習枠に反映してください。",誤答記録のテンプレート,"記録は次の5項目で十分です。

| 項目 | 例 |
| --- | --- |
| 分野 | 設備・税務 |
| 論点キーワード | 修繕費用負担 |
| 誤った理由（3語以内） | 用語混同 |
| 参照 | 用語解説の該当見出し |
| 再演習日 | 6/17 |

論点を言語化できない誤答は、正解を覚える前に用語定義から入ると再発が減ります。サイト内の演習モードと解説を往復すると、記録と復習がつながりやすくなります。",3分野バランスの見方,"通し演習のあと、分野別の正答数を表にします。

| 分野 | 今回正答/出題 | 前回比 | 次のアクション |
| --- | --- | --- | --- |
| 法令・制度 | 例 12/17 | +2 | 維持 |
| 契約・実務 | 例 10/17 | -1 | +2時間 |
| 設備・税務 | 例 11/16 | ±0 | 用語10語 |

1分野だけ極端に低い週は、翌週その分野に演習20問を追加し、他分野は誤答の解き直しのみに留めると効率が良いです。",直前期の過去問の使い方,"試験2週間前は「新規の長いセット」より「誤答の再演習」に寄せます。

| やること | やらないこと |
| --- | --- |
| 再発誤答トップ30の解き直し | 未読の別問題集を追加 |
| 50問の時間配分だけ再確認 | 分野を1つだけ捨てる |
| 持ち物・会場の最終確認 | 夜更かしで演習量を増やす |

本番は50問120分・3分野です。直前に通しを1回受け、マークミスと未解答数を数字で残して終えてください。",つまずきやすいポイント,つまずきやすいのは、似た選択肢の違いを説明できない状態で先へ進んでしまう場面です。この状態では、同じ論点で何度も失点します。対策として、誤答した問題は正解肢の根拠だけでなく、誤り肢のどの語が不適切かまで書き出してください。さらに3分野の関連用語を併記すると、知識が断片化せず、次回演習で判断基準を再現しやすくなります。確認した内容は学習ノートに日付付きで残し、次回演習前にもう一度要項と照合してください。,次にやること,次の一歩として、直近1週間の学習枠を先に確保し、過去問運用を日程へ落とし込んでください。平日2回の分野別演習、週末1回の通し演習、翌週の解き直し枠まで一括で設定すると、学習が止まりにくくなります。そのうえで、試験センターの更新確認日も同じカレンダーに入れ、賃貸不動産経営管理士試験の最新条件に合わせて計画を継続的に更新してください。確認した内容は学習ノートに日付付きで残し、次回演習前にもう一度要項と照合してください。,過去問は何年分やれば十分ですか？,年数より「同じ論点を解き直せるか」が重要です。直近3年分を通しで回し、誤答論点を用語と条文で補完できれば十分なことが多いです。古い年度は範囲改定に注意し、協議会・試験センター要項の出題範囲と照合してから使ってください。,正答率が伸びないときはどうしますか？,新しい問題を増やさず、誤答ノートの上位10論点だけを1週間かけて解き直してください。原因が「用語混同」に偏る場合は用語解説から、「条文未読」に偏る場合は法令ハブの該当章に戻ると改善しやすいです。2週間後に同じ10問を再演習し、正答率の伸びを数字で確認してください。,exam-overview:試験概要・出題分野;study-plan:学習計画の立て方;law-subject:法令・制度の学習ハブ,演習と申込準備を両立するコツは？,平日は短い演習・復習、週末の30分で申込進捗と写真・受験料を確認する形が安定します。令和8年度はWEB申込が9月30日23:59までなので、8月中の申込完了を目標にすると、9月以降は過去問の通し演習に集中できます。,,,最初に確認すること;全体像・前提を分けて理解する;具体的な進め方;復習・確認方法;注意点
law-subject,科目別対策,【科目別ハブ】賃管法令・制度の学習導線（用語・過去問・関連記事）,賃貸不動産経営管理士試験の法令・制度分野の学習ハブ。賃管業法・登録・重説を3分野接続で整理し、50問120分・令和8年度11月15日試験向けの演習導線を解説します。,法令・制度分野は、賃貸住宅管理業法の骨格から契約・実務・設備分野へつながる「土台」です。試験は50問・120分・3分野、令和8年度の試験日は2026年11月15日（日）です。本ハブでは一般財団法人 賃貸不動産経営管理士協議会および試験センター要項を前提に、用語解説・過去問演習・深掘り記事を往復する週次ルートと、分野別の弱点の見つけ方を表で整理します。出題範囲の最終確認は https://www.chintaikanrishi.jp/ の要項で行ってください。,40,科目別;賃管法令;ハブ,賃管マスター編集部,賃貸不動産経営管理士試験の過去問形式演習、用語解説、学習導線を整理する編集チームです。,賃管マスター確認担当,公開前に公式情報への誘導、断定表現、内部リンク、FAQ、更新日の有無を確認します。,2026-06-04,賃貸不動産経営管理士協議会（公式）|https://www.chintaikanrishi.jp/,手書きリライト 2026-06-04。自動prose差し替え 2026-06-04（要手書き）。科目別ハブ（law）として用語索引・過去問・試験ガイドを横断リンクする設計の記事です。,本記事を読むと、法令・制度分野を起点に他2分野へ接続する学習ルートが分かり、用語・演習・関連記事を同じ週で往復できるようになります。,試験センター要項で法令・制度の出題範囲を確認する;賃管業法は2条→10条台→13条台の順で条文マップを作る;用語解説で定義確認後、同テーマの演習を5問解く;誤答を条文未読・読解ミスに分類して再演習日を入れる;週1回は契約・実務分野の設問で使う条文を戻る,試験要項や公式ページ、関係法令が更新されたタイミングで本文と参照元を見直します。,2026-06-04,2026-06-29,2026-06-04,published,2026-06-04: 編集合格（手書きリライト）,このハブでできること,"法令・制度分野を単独の暗記科目で終わらせず、3分野を接続した計画を作る入口です。

| できること | 具体的な使い方 |
| --- | --- |
| 論点の地図 | 登録・業務・重説・監督の骨格を一覧 |
| 用語との往復 | 定義確認→演習→解き直し |
| 深掘り記事 | 業法・重説などテーマ別に遷移 |
| 弱点の可視化 | 分野別正答数を週次で記録 |

50問120分の本番では、条文番号だけでなく事例文に読み替えられるかが問われます。同じ管理物件を想定して、契約・設備分野の設問と往復してください。",押さえる論点の整理,"出題されやすい骨格を、学習順の目安とともに整理します（詳細は要項・テキストで確認）。

| テーマ | 内容の例 | 接続先 |
| --- | --- | --- |
| 登録制度 | 目的・登録事項・業者の義務 | 管理受託の主体整理 |
| 管理業務 | 業務範囲・体制・遵守 | 契約条項・重説 |
| 説明・書面 | 重要事項説明・締結時書面 | 宅建35条との比較 |
| 監督 | 指示・報告・処分 | コンプライアンス系演習 |

条文は番号順に読むより、2条で目的を押さえてから10条台・13条台へ進むと、後半の設問で迷いにくくなります。",週次の学習ルート（独学向け）,"平日短時間・週末まとめ時間の例です。総量より「同じ論点に週2回触れる」ことを優先します。

| 曜日 | 目安 | 内容 |
| --- | --- | --- |
| 火・木 | 30〜40分 | 条文メモ＋用語3語 |
| 土 | 2時間 | 法令系演習10問＋誤答分析 |
| 翌週火 | 30分 | 同じ10問の解き直し |
| 月1回 | 120分 | 50問通しで法令分野の正答数を記録 |

誤答は「条文を開いていない」「読み替えミス」に分類し、翌週の枠に再演習日を必ず1日入れてください。",用語・演習・関連記事の往復,"知識が断片化しないよう、次の順で1テーマを1週間完結させます。

| 順番 | リソース | 目的 |
| --- | --- | --- |
| 1 | 用語解説（当該語） | 定義・主体を固定 |
| 2 | 演習（同テーマ） | 四肢択一の言い換えに慣れる |
| 3 | 深掘り記事（業法・重説等） | 条文のつながりを補強 |
| 4 | 比較表・よくある誤答 | 混同語を整理 |
| 5 | 解き直し | 再発有無を記録 |

宅建業法との比較が出る論点は、条文の「適用される場面」の違いまで書き分けると安定します。",他分野との接続と直前の注意,"法令だけ強くても、契約・設備で失点すると総合得点が伸びません。

| 接続 | 例 |
| --- | --- |
| 法令→契約 | 重説義務と契約条項の整合 |
| 法令→設備 | 監督・報告と設備管理の役割 |
| 3分野横断 | 同一物件の事例で往復 |

直前期は新規範囲を広げず、誤答ノートの上位論点と50問通しの時間配分に集中してください。試験日・申込は「日程・申込の確認手順」、全体像は「試験概要・出題分野」で確認できます。",他分野とのつながり,他分野とのつながりは、法令論点を契約実務や設備税務の問題へ当日中に接続することで強化できます。同じテーマを分野横断で確認すると、本番での判断速度と安定性が向上します。加えて、賃貸不動産経営管理士試験の3分野を往復しながら、試験センター・協議会の公式情報で前提を確認する運用を続けると、50問120分の本番でも判断の再現性を維持しやすくなります。加えて、賃貸不動産経営管理士試験の3分野を往復しながら、試験センター・協議会の公式情報で前提を確認する運用を続けると、50問120分の本番でも判断の再現性を維持しやすくなります。,次のステップ,次のステップは、法令ハブで誤答率の高いテーマを3つ選び、用語確認と過去問演習を1週間で2周することです。週次レビューで時間超過要因も確認し、解答順を最適化してください。加えて、賃貸不動産経営管理士試験の3分野を往復しながら、試験センター・協議会の公式情報で前提を確認する運用を続けると、50問120分の本番でも判断の再現性を維持しやすくなります。加えて、賃貸不動産経営管理士試験の3分野を往復しながら、試験センター・協議会の公式情報で前提を確認する運用を続けると、50問120分の本番でも判断の再現性を維持しやすくなります。,法令・制度分野はどの順番で学ぶとよいですか？,登録制度の目的→管理業務の枠組み→重説・書面→監督の順が組みやすいです。各ブロックのあとに演習5〜10問を入れ、誤答語は用語解説で定義から確認してください。週1回は契約分野の設問で使う条文を戻すと、事例形式の設問にも強くなります。,用語解説と演習はどちらを先に見ますか？,初見の論点は用語解説で定義と主体を固定し、その週中に同テーマの演習へ進む流れが効率的です。すでに演習で誤答した語がある場合は、誤答ログの語から用語解説を開き、直後に解き直しを入れてください。比較表・よくある誤答は、混同が続くときの短時間確認向きです。,exam-overview:試験概要・出題分野;rights-subject:契約・実務の学習導線;chintai-gyoho-basics:賃貸住宅管理業法の押さえ方,このハブだけで試験対策は足りますか？,入口と導線の整理であり、出題範囲・試験日・合格基準の最終確認は試験センター要項が正本です。3分野バランスのため、契約・実務・設備の各ハブと50問120分の通し演習を組み合わせてください。令和8年度の試験日は2026年11月15日（日）、最新情報は協議会公式サイトで確認してください。,,,法令分野は3分野の土台;用語→演習→解き直しの往復;賃管業法は条文マップで学ぶ;50問120分で正答数を記録;要項で出題範囲を確認
rights-subject,科目別対策,【科目別ハブ】契約・実務の学習導線（用語・過去問・関連記事）,賃貸不動産経営管理士試験の契約・実務分野の学習ハブ。借地借家法・原状回復・管理受託を3分野接続で整理し、50問120分向けの演習導線を解説します。,契約・実務分野は、当事者・契約条件・期限・例外の順で整理すると、長文設問でも手が止まりにくくなります。試験は50問・120分・3分野、令和8年度は2026年11月15日（日）13:00〜15:00です。本ハブでは試験センター要項と協議会公表情報を前提に、借地借家法・敷金・原状回復・管理受託などのテーマを、用語・演習・深掘り記事で往復する手順を表にまとめます。範囲の最終確認は https://www.chintaikanrishi.jp/ の要項で行ってください。,50,科目別;契約実務;ハブ,賃管マスター編集部,賃貸不動産経営管理士試験の過去問形式演習、用語解説、学習導線を整理する編集チームです。,賃管マスター確認担当,公開前に公式情報への誘導、断定表現、内部リンク、FAQ、更新日の有無を確認します。,2026-06-04,賃貸不動産経営管理士協議会（公式）|https://www.chintaikanrishi.jp/,手書きリライト 2026-06-04。自動prose差し替え 2026-06-04（要手書き）。科目別ハブ（rights）として用語・過去問を束ねる設計の記事です。,本記事を読むと、契約・実務の判断軸を時系列で整理でき、法令根拠と現場の手順を往復しながら50問演習の得点を安定させられます。,要項で契約・実務の出題範囲を確認する;普通借家と定期借家の比較表を先に完成させる;事例問題は当事者→条件→期限の順でメモする;誤答を条件読み違い・主体誤認に分類する;週1回は法令分野の関連条文を戻る,試験要項や公式ページ、関係法令が更新されたタイミングで本文と参照元を見直します。,2026-06-04,2026-06-29,2026-06-04,published,2026-06-04: 編集合格（手書きリライト）,このハブでできること,"契約・実務を条文暗記だけで終わらせず、判断手順として再現するための入口です。

| できること | 具体的な使い方 |
| --- | --- |
| 類型の整理 | 普通借家・定期借家・管理受託の違い |
| 金銭の流れ | 敷金・賃料・費用負担の整理 |
| 終了場面 | 更新・解除・明渡し・原状回復 |
| 演習接続 | 長文設問の読解訓練 |

50問120分では、1問あたり約2.4分です。図や表を先に作っておくと、本番で書き直す時間を削れます。",押さえる論点の整理,"頻出テーマを、学習のつながりとともに一覧します（詳細は要項・テキストで確認）。

| テーマ | 内容の例 | 接続先 |
| --- | --- | --- |
| 借地借家法 | 更新・立退・正当事由 | 定期借家との比較 |
| 金銭管理 | 敷金・礼金・明細書 | 原状回復の費用負担 |
| 管理実務 | 受託・サブリース・分別管理 | 業法上の業務範囲 |
| トラブル | 滞納・ADR・修繕 | 設備・保険分野 |

当事者（貸主・借主・管理会社）を図に書いてから条文に入ると、主体の取り違えミスが減りやすくなります。",週次の学習ルート（独学向け）,"契約・実務は事例の反復が効きます。次の週次例をベースに調整してください。

| 曜日 | 目安 | 内容 |
| --- | --- | --- |
| 水・金 | 30〜40分 | 比較表・用語2〜3語 |
| 日 | 2時間 | 契約系演習10問＋誤答分析 |
| 翌週水 | 30分 | 同じ10問の解き直し |
| 月1回 | 120分 | 50問通しで契約分野の正答数を記録 |

誤答は「条件の読み飛ばし」「主体の誤認」「数字の単位ミス」に分け、再発した分類にだけ翌週の時間を追加してください。",用語・演習・深掘り記事の往復,"1テーマを1週間で完結させる手順です。

| 順番 | リソース | 目的 |
| --- | --- | --- |
| 1 | 用語解説 | 定義・効果を固定 |
| 2 | 比較表（借家類型等） | 違いを一覧化 |
| 3 | 演習 | 言い換え・長文に慣れる |
| 4 | 深掘り記事（原状回復・借地借家法等） | 判断手順を補強 |
| 5 | 解き直し | 再発記録 |

原状回復は特約・通常損耗・ガイドラインを同じ退去事例に当てはめると、似た選択肢の比較が安定します。",法令・設備分野との接続,"契約だけ強くても、法令・設備で失点すると合格ラインに届きません。

| 接続 | 例 |
| --- | --- |
| 契約→法令 | 重説・書面交付の根拠 |
| 契約→設備 | 修繕義務・費用負担 |
| 3分野横断 | 入居〜退去の時系列で一案例 |

直前期は新規テーマを増やさず、誤答上位の契約論点と50問通しの時間配分に絞ってください。法令の入口は「法令・制度の学習導線」、設備は「設備・税務・その他の学習導線」から辿れます。",他分野とのつながり,他分野とのつながりは、契約論点を法令分野と設備税務分野へ同日に接続することで強化できます。分野横断で復習すると、似た語句の取り違えが減り、得点の安定性が高まります。加えて、賃貸不動産経営管理士試験の3分野を往復しながら、試験センター・協議会の公式情報で前提を確認する運用を続けると、50問120分の本番でも判断の再現性を維持しやすくなります。加えて、賃貸不動産経営管理士試験の3分野を往復しながら、試験センター・協議会の公式情報で前提を確認する運用を続けると、50問120分の本番でも判断の再現性を維持しやすくなります。,次のステップ,次のステップは、契約実務ハブで再発率の高いテーマを選び、用語確認と事例演習を短周期で回すことです。週末に通し演習で時間配分を点検し、次週へ反映してください。加えて、賃貸不動産経営管理士試験の3分野を往復しながら、試験センター・協議会の公式情報で前提を確認する運用を続けると、50問120分の本番でも判断の再現性を維持しやすくなります。加えて、賃貸不動産経営管理士試験の3分野を往復しながら、試験センター・協議会の公式情報で前提を確認する運用を続けると、50問120分の本番でも判断の再現性を維持しやすくなります。,契約・実務分野で最初に作るべき表は？,普通借家と定期借家の比較表を先に完成させることを推奨します。更新の有無・契約方式・終了時手続の三点を固定すると、その後の立退・明渡し論点が組みやすくなります。表は手書きでも可。週末演習の前に5分だけ見直す習慣をつけてください。,長文の設問が苦手なときはどうしますか？,設問文を読む前に、メモ欄に当事者・契約類型・争点の3行を書く練習をしてください。演習は10問単位で時間を計り、2分を超えた問題は保留ルールを先に決めます。解き直しでは正解肢の根拠だけでなく、誤り肢のどの語が不適切かまで書くと改善が早いです。,law-subject:法令・制度の学習導線;limit-subject:設備・税務・その他の学習導線;genjo-kaifuku-guide:原状回復の試験対策,管理受託とサブリースは同じように勉強してよいですか？,別物として整理してください。当事者構造と金銭の流れが異なるため、関係図（貸主・管理会社・転貸人・借主）を描いてから演習に入ると混同が減ります。深掘りは管理受託・サブリース・金銭管理の試験対策の記事で、主体と手続きを確認してください。,,,当事者・条件・期限で整理;普通借家と定期借家を比較;用語→演習→解き直し;50問120分で記録;3分野を時系列で接続
limit-subject,科目別対策,【科目別ハブ】設備・税務・その他の学習導線（用語・過去問・関連記事）,賃貸不動産経営管理士試験の設備・税務・その他分野の学習ハブ。建物設備・税務・保険を3分野接続で整理し、50問120分・令和8年度11月15日試験向けの演習導線を解説します。,設備・税務・その他分野は、数値と手続きが混在しやすく、暗記だけでは本番で判断がぶれます。賃貸不動産経営管理士試験は50問・120分・3分野、令和8年度は2026年11月15日（日）13:00〜15:00です。本ハブでは一般財団法人 賃貸不動産経営管理士協議会および試験センター要項を正本として、設備管理・税務・保険などを用語・演習・深掘り記事で往復する手順を表にまとめます。出題範囲の最終確認は https://www.chintaikanrishi.jp/ の要項で行ってください。,60,科目別;設備税務;ハブ,賃管マスター編集部,賃貸不動産経営管理士試験の過去問形式演習、用語解説、学習導線を整理する編集チームです。,賃管マスター確認担当,公開前に公式情報への誘導、断定表現、内部リンク、FAQ、更新日の有無を確認します。,2026-06-04,賃貸不動産経営管理士協議会（公式）|https://www.chintaikanrishi.jp/,手書きリライト 2026-06-04。自動prose差し替え 2026-06-04（要手書き）。科目別ハブ（limit）として用語・過去問を束ねる設計の記事です。,本記事を読むと、設備・税務分野の弱点をテーマ別に切り分けられ、法令・契約分野と接続しながら50問演習の得点を安定させる学習ルートを作れます。,試験センター要項で設備・税務の出題範囲を確認する;数値系と手続系の論点を別ノートに分ける;用語解説で定義確認後、同テーマの演習へ進む;法令・契約分野へ戻る復習日を週1回入れる;誤答を単位ミスと主体ミスに分類して再演習日を設定する,試験要項や公式ページ、関係法令が更新されたタイミングで本文と参照元を見直します。,2026-06-04,2026-06-29,2026-06-04,published,2026-06-04: 編集合格（手書きリライト）,このハブでできること,"設備・税務・その他を断片暗記で終わらせず、判断手順として再現するための入口です。

| できること | 具体的な使い方 |
| --- | --- |
| テーマの地図 | 設備・税務・保険・区分の骨格を一覧 |
| 用語との往復 | 定義確認→演習→解き直し |
| 深掘り記事 | 建物設備・会計税務などへ遷移 |
| 弱点の可視化 | 分野別正答数を週次で記録 |

50問120分では、設備名だけでなく「誰が・何の目的で・どの手続きか」を先に固定できるかが問われます。同一物件を想定し、契約・法令の設問と往復してください。",押さえる論点の整理,"頻出テーマを、学習のつながりとともに一覧します（詳細は要項・テキストで確認）。

| テーマ | 内容の例 | 接続先 |
| --- | --- | --- |
| 建物・設備 | 維持保全・点検・共用部分 | 修繕費用・管理業務 |
| 税務・会計 | 収支・損益・減価償却 | オーナー報告・管理料 |
| 保険・リスク | 火災・賠償・区分 | トラブル対応 |
| その他 | 消防・区分所有等 | 法令・契約の横断 |

数値問題は「単位」と「前提条件」をメモ欄に書いてから計算に入ると、ケアレスミスが減りやすくなります。",週次の学習ルート（独学向け）,"設備・税務は短時間の反復が効きます。次の週次例をベースに調整してください。

| 曜日 | 目安 | 内容 |
| --- | --- | --- |
| 火・木 | 30〜40分 | 数値早見表・用語3語 |
| 土 | 2時間 | 設備税務系演習10問＋誤答分析 |
| 翌週火 | 30分 | 同じ10問の解き直し |
| 月1回 | 120分 | 50問通しで当分野の正答数を記録 |

誤答は「単位ミス」「主体の取り違え」「手続き順序の誤り」に分け、再発した分類にだけ翌週の時間を追加してください。",用語・演習・深掘り記事の往復,"1テーマを1週間で完結させる手順です。

| 順番 | リソース | 目的 |
| --- | --- | --- |
| 1 | 用語解説 | 定義・数値の単位を固定 |
| 2 | 数値・期限早見表 | 条件差を一覧化 |
| 3 | 演習 | 四肢択一の言い換えに慣れる |
| 4 | 深掘り記事（設備・税務等） | 判断手順を補強 |
| 5 | 解き直し | 再発有無を記録 |

修繕と維持保全は目的が異なるため、「何を守る行為か」まで書き分けると似た選択肢の比較が安定します。",法令・契約分野との接続,"設備・税務だけ強くても、法令・契約で失点すると総合得点が伸びません。

| 接続 | 例 |
| --- | --- |
| 設備→契約 | 修繕義務・原状回復の費用負担 |
| 設備→法令 | 管理業務の維持保全・報告 |
| 3分野横断 | 入居〜退去の時系列で一案例 |

直前期は新規テーマを増やさず、誤答上位の設備税務論点と50問通しの時間配分に絞ってください。試験日・申込は試験センター要項、全体像は試験概要の記事で確認できます。",他分野とのつながり,他分野とのつながりは、設備税務で誤答した論点を法令分野と契約分野へ戻して確認すると強化できます。分野間往復を続けると、本番での応用問題にも対応しやすくなります。加えて、賃貸不動産経営管理士試験の3分野を往復しながら、試験センター・協議会の公式情報で前提を確認する運用を続けると、50問120分の本番でも判断の再現性を維持しやすくなります。加えて、賃貸不動産経営管理士試験の3分野を往復しながら、試験センター・協議会の公式情報で前提を確認する運用を続けると、50問120分の本番でも判断の再現性を維持しやすくなります。,次のステップ,次のステップは、再発率の高い論点を抽出し、用語確認と同タグ問題の解き直しを1週間で2回回すことです。通し演習で時間配分も併せて点検してください。加えて、賃貸不動産経営管理士試験の3分野を往復しながら、試験センター・協議会の公式情報で前提を確認する運用を続けると、50問120分の本番でも判断の再現性を維持しやすくなります。加えて、賃貸不動産経営管理士試験の3分野を往復しながら、試験センター・協議会の公式情報で前提を確認する運用を続けると、50問120分の本番でも判断の再現性を維持しやすくなります。,設備・税務分野で最初に作るべき表は？,維持保全・修繕・点検の「目的・主体・対象」を並べた比較表を先に作ることを推奨します。税務は収支と損益の違いを短文で説明できるまで整理すると、その後の数値設問が組みやすくなります。表は手書きでも可。週末演習の前に5分だけ見直す習慣をつけてください。,数値問題が苦手なときはどうしますか？,計算前にメモ欄へ「単位・前提・求める値」の3行を書く練習をしてください。演習は短いセットで時間を計り、2分を超えた問題は保留ルールを先に決めます。解き直しでは正解の根拠だけでなく、誤り肢のどの数値・条件が不適切かまで書くと改善が早いです。,exam-overview:試験概要・出題分野;law-subject:法令・制度の学習導線;building-equipment-guide:建物・設備の試験対策,このハブだけで試験対策は足りますか？,入口と導線の整理であり、出題範囲・試験日・合格基準の最終確認は試験センター要項が正本です。3分野バランスのため、法令・契約の各ハブと50問120分の通し演習を組み合わせてください。令和8年度の試験日は2026年11月15日（日）、最新情報は協議会公式サイトで確認してください。,,,設備税務は判断手順で学ぶ;数値と手続きをノート分離;用語→演習→解き直し;50問120分で正答数を記録;3分野を時系列で接続
chintai-gyoho-basics,法令対策,賃貸住宅管理業法の試験対策｜登録・業務・監督の押さえ方,賃貸不動産経営管理士試験の賃貸住宅管理業法対策。登録・管理業務・重説・監督を表で整理し、50問120分・3分野・令和8年度11月15日試験向けの学習順を解説します。,賃貸住宅管理業法は、賃管試験の法令・制度分野の中心です。登録制度の目的から管理業務・説明義務・監督までを一本の流れで理解すると、事例形式の設問でも条文の読み替えがしやすくなります。試験は50問・120分・3分野、令和8年度は2026年11月15日（日）13:00〜15:00です。本記事では一般財団法人 賃貸不動産経営管理士協議会および試験センター要項を正本として、2条→10条台→13条台の学習順と演習の回し方を表にまとめます。改正・細目は https://www.chintaikanrishi.jp/ で随時確認してください。,70,賃貸住宅管理業法;法令,賃管マスター編集部,賃貸不動産経営管理士試験の過去問形式演習、用語解説、学習導線を整理する編集チームです。,賃管マスター確認担当,公開前に公式情報への誘導、断定表現、内部リンク、FAQ、更新日の有無を確認します。,2026-06-04,賃貸不動産経営管理士協議会（公式）|https://www.chintaikanrishi.jp/,手書きリライト 2026-06-04。自動prose差し替え 2026-06-04（要手書き）。法令対策記事。law-subject ハブからの深掘り用。,本記事を読むと、賃管業法の骨格を条文マップで把握でき、登録・業務・監督の論点を演習と用語で往復しながら得点源にできます。,要項で法令・制度の出題範囲を確認する;2条で目的を押さえてから10条台・13条台へ進む;管理業務三要素と重説・書面を比較表にまとめる;演習の誤答を条文未読・読解ミスに分類する;週1回は契約分野の設問で使う条文を戻る,試験要項や公式ページ、関係法令が更新されたタイミングで本文と参照元を見直します。,2026-06-04,2026-06-29,2026-06-04,published,2026-06-04: 編集合格（手書きリライト）,最初に押さえる全体像,"賃貸住宅管理業法は、賃貸住宅管理業務の適正化を目的とする法律です。試験では次の流れで出題されやすいため、番号順の暗記より骨格優先で学びます。

| ブロック | 内容の例 | 学習の焦点 |
| --- | --- | --- |
| 目的・登録 | 2条付近・登録要件 | 誰が登録を要するか |
| 管理業務 | 業務範囲・体制・遵守 | 三要素と実務の接続 |
| 説明・書面 | 重説・締結時書面 | 宅建35条との違い |
| 監督 | 指示・報告・処分 | コンプライアンス系演習 |

協議会・試験センター要項で出題範囲を確認したうえで、テキストと条文を往復してください。",登録制度と業者の義務,"登録は「誰が・何を届け・どう監督されるか」の入口です。

| 論点 | 試験での見方 | メモの例 |
| --- | --- | --- |
| 登録の要否 | 業務の類型・当事者 | 管理受託の主体図 |
| 登録事項 | 名称・事務所等 | 変更届のタイミング |
| 業務体制 | 人員・帳簿・分別管理 | 金銭の流れ図 |
| 遵守事項 | 誠実義務・報告 | 監督処分との接続 |

管理会社・貸主・借主の関係図を先に描くと、後半の重説・書面の「説明主体」が取り違えにくくなります。",管理業務と説明・書面,"管理業務の三要素（受託・実行・報告）と、契約時の説明義務はセットで覚えます。

| テーマ | 押さえる点 | 混同注意 |
| --- | --- | --- |
| 業務範囲 | 受託内容と実行の分離 | サブリースとの違い |
| 重要事項説明 | 説明事項・交付 | 宅建業法35条との場面差 |
| 締結時書面 | 記載・交付時期 | 口頭のみで済ませない場面 |
| 金銭管理 | 分別管理・報酬 | 滞納・立退との接続 |

条文は10条台で業務、13条台で説明・書面と進むと、演習の長文でも「今どの段階の義務か」を切り分けやすくなります。",演習と用語の往復,"1週間の学習サイクル例です。

| 曜日 | 目安 | 内容 |
| --- | --- | --- |
| 火・木 | 30分 | 条文メモ＋用語3語 |
| 土 | 2時間 | 業法系演習＋誤答分析 |
| 翌週火 | 30分 | 誤答の解き直し |
| 月1回 | 120分 | 50問通しで法令分野の正答数 |

誤答は「条文を開いていない」「宅建との場面混同」「主体の誤認」に分類し、翌週の枠に再演習日を1日入れてください。",宅建業法・契約分野との接続,"賃管業法だけでなく、宅建35条・契約実務と往復すると得点が安定します。

| 接続 | 例 |
| --- | --- |
| 業法→宅建 | 重説の適用場面の違い |
| 業法→契約 | 管理受託条項・報酬 |
| 3分野 | 入居時の説明から退去まで |

直前期は新規範囲を広げず、誤答ノートの上位論点と50問通しの時間配分に集中してください。試験日2026年11月15日（日）までの週数は、要項とカレンダーで逆算してください。",つまずきやすいポイント,つまずきやすいのは、条文番号暗記だけで出題へ対応しようとする学習です。番号暗記は必要ですが、手続の流れが理解できていないと応用問題で崩れます。対策として、管理受託契約の前後で必要な説明と書面を図式化し、どの時点でどの義務が発生するかを毎回確認してください。流れを言語化できるようになると、法令問題の安定度が大きく向上します。さらに、公式情報の確認日と誤答記録を同時に管理しておくと、法令前提のずれを早めに修正でき、次回演習で同じ論点をより正確に判断しやすくなります。,次にやること,次にやることは、賃貸住宅管理業法の設問を10問選び、時系列分類で解き直すことです。解答後は、誤答ごとに主体と義務内容を一行で記録し、翌週に同類題で再確認してください。あわせて、公式情報の更新確認日を固定し、学習ノートの前提を定期的に補正すると、条文理解と試験対応力を両立できます。さらに、公式情報の確認日と誤答記録を同時に管理しておくと、法令前提のずれを早めに修正でき、次回演習で同じ論点をより正確に判断しやすくなります。,賃管業法はどの順番で勉強するとよいですか？,目的・登録制度→管理業務の枠組み→重説・締結時書面→監督の順が組みやすいです。各ブロックのあとに演習を入れ、誤答語は用語解説で定義から確認してください。週1回は契約分野の設問で使う条文を戻すと、事例形式の設問にも強くなります。,宅建業法の重要事項説明とどう違いますか？,適用される契約・説明主体・記載事項が異なるため、「どの契約にどの法律がかかるか」を先に判別する練習が重要です。比較表で説明時期・交付書面・IT対応の違いを書き分け、演習で場面当てはめを繰り返してください。最新の記載要件は法令とテキストで確認してください。,law-subject:法令・制度の学習導線;juyo-jiko-setsumei-guide:重要事項説明の試験対策;exam-overview:試験概要・出題分野,この記事だけで業法分野は足りますか？,骨格の整理記事であり、出題範囲・合格基準の最終確認は試験センター要項が正本です。法令ハブと50問120分の通し演習、重要事項説明の深掘り記事を組み合わせてください。令和8年度の試験は2026年11月15日（日）、詳細は協議会公式サイトで確認してください。,,,2条→10条台→13条台の順;登録・業務・監督の骨格;重説と宅建35条を場面で区別;50問120分で記録;協議会・試験センター要項が正本
genjo-kaifuku-guide,重要論点,原状回復の試験対策｜特約・ガイドライン・費用負担の整理,賃貸不動産経営管理士試験の原状回復論点を整理。通常損耗・経年変化・特約・ガイドラインを表で比較し、50問120分・3分野向けの負担判断手順を解説します。,原状回復は、退去時の費用負担を「条文・特約・実務慣行」で切り分ける力が試されます。通常損耗と経年変化、借主負担特約、国土交通省のガイドラインの位置づけを混同すると、似た選択肢で誤答しやすくなります。試験は50問・120分・3分野、令和8年度は2026年11月15日（日）です。本記事では協議会・試験センター要項を前提に、負担区分表の作り方と演習の回し方を表にまとめます。最新の指針・判例傾向は https://www.chintaikanrishi.jp/ および関係資料で確認してください。,80,原状回復;契約実務,賃管マスター編集部,賃貸不動産経営管理士試験の過去問形式演習、用語解説、学習導線を整理する編集チームです。,賃管マスター確認担当,公開前に公式情報への誘導、断定表現、内部リンク、FAQ、更新日の有無を確認します。,2026-06-04,賃貸不動産経営管理士協議会（公式）|https://www.chintaikanrishi.jp/,手書きリライト 2026-06-04。自動prose差し替え 2026-06-04（要手書き）。rights-subject ハブからの深掘り用の重要論点記事です。,本記事を読むと、原状回復の費用負担を条件ごとに整理でき、特約・ガイドラインを含む四肢択一に安定して答えられるようになります。,通常損耗と経年変化の定義を用語で固定する;負担区分表（貸主・借主・協議）を自作する;特約の有効性を事例演習で確認する;ガイドラインは根拠付きで位置づけを説明する;誤答を費用判断ミスと主体ミスに分類する,試験要項や公式ページ、関係法令が更新されたタイミングで本文と参照元を見直します。,2026-06-04,2026-06-29,2026-06-04,published,2026-06-04: 編集合格（手書きリライト）,原状回復の前提を固定する,"原状回復を「借主が全部払う」と一律に覚えると、条件差で落としやすくなります。試験では次の3層を切り分けられるかが問われます。

| 層 | 内容 | 確認のしかた |
| --- | --- | --- |
| 法令・契約 | 賃貸借の一般原則 | 当事者・期間をメモ |
| 特約 | 借主負担の範囲 | 有効性・明示の有無 |
| 実務指針 | ガイドライン等 | 法的効力と慣行の違い |

退去一例を想定し、壁・床・設備それぞれに「通常損耗か」を当てはめる練習から入ってください。",通常損耗・経年変化・特約,"負担判断の中心語を表にまとめます（詳細はテキスト・演習解説で確認）。

| 用語 | 試験での役割 | 借主負担になりやすい例 |
| --- | --- | --- |
| 通常損耗 | 貸主負担の基礎 | 生活用の軽微な傷 |
| 経年変化 | 費用負担の除外 | 経年による劣化 |
| 特約 | 範囲の限定・拡大 | クリーニング・修繕指定 |
| 故意・過失 | 借主負担 | 明らかな破損 |

特約は「何を・どこまで・どう明示したか」まで書き分けると、有効・無効の設問で迷いにくくなります。",ガイドラインと費用精算の手順,"ガイドラインは裁判や紛争の参考になりますが、試験では「契約・特約との関係」でどう引用されるかが問われます。

| ステップ | 作業 | 記録 |
| --- | --- | --- |
| 1 | 契約類型（普通・定期）を確定 | 更新の有無 |
| 2 | 対象箇所を特定 | 専有部分・設備 |
| 3 | 損耗区分を判定 | 通常損耗か否か |
| 4 | 特約・見積の有無 | 明示・協議 |
| 5 | 負担者を結論 | 根拠1行 |

精算は見積・協議・敷金との関係で問われるため、金銭の流れ図を併記すると理解が早まります。",演習と3分野への接続,"原状回復は契約・実務の中心ですが、法令・設備と接続されます。

| 分野 | 接続例 |
| --- | --- |
| 契約 | 敷金・保証金・明細書 |
| 法令 | 重説・書面の記載 |
| 設備 | 設備の修繕・点検 |

演習後は誤答を「区分ミス」「特約読み飛ばし」「主体ミス」に分け、1週間以内に同類の問題を解き直してください。50問120分の通しでは、退去場面の設問に時間をかけすぎないよう、先にメモ欄へ争点3語を書く習慣をつけてください。",混同しやすい点,"原状回復まわりで失点しやすいパターンです。

### クリーニング特約と通常損耗
特約で借主負担と書いてあっても、対象・範囲・明示が問題になります。「特約がある＝全部借主」で選ばないよう、表で条件を書き分けてください。

### ガイドライン＝法的拘束力
指針は紛争解決の参考であり、契約・特約を置き換えるものではありません。設問文が「ガイドラインに従えば」と言う場合も、契約関係を先に確認してください。

### 定期借家との終了場面
契約類型によって終了手続が異なるため、原状回復の前に普通借家か定期借家かを必ず確定してください。",つまずきやすいポイント,"特約・ガイドライン・費用負担の整理では、「賃管受験者が診断する」「休職勧奨＝解雇」「ストレスチェック結果を個別に上司が全部見る」など、現場イメージと制度のズレが誤答の温床になります。特に敷金返還と原状回復、更新と再契約の混同は四択で頻出です。

誤解を解くには、用語解説で定義を確認したうえで、比較表タブの「混同しやすい組み合わせ」を読み、演習問題で引っかけ肢を体験してください。数値・日程・合格基準は年度で更新されるため、学習前と申込前には賃貸不動産経営管理士試験センター（公式）の最新案内を確認してください。",次にやること,"このサイトでのおすすめの流れ：①試験ガイドで制度の全体像 ②用語解説で重要語を章ごとに確認 ③一問一答で知識の穴を洗い出し ④演習問題一覧から分野別に四択演習 ⑤間違えた問題は復習機能に残す。

直前期は新しい教材を増やしすぎず、特約・ガイドライン・費用負担の整理で誤答した分野と頻出用語に絞って解き直してください。比較表・数値早見・よくある誤答タブは、短時間の確認向きです。",原状回復で最初に作るべき表は？,貸主負担・借主負担・協議の三列で、部位（壁・床・設備）ごとの負担目安を書いた表が有効です。通常損耗・経年変化・特約の行を足し、演習のたびに1行ずつ更新してください。表は手書きで構いません。週末演習の直前に5分見直す習慣をつけると再発が減ります。,ガイドラインは試験でどこまで押さえますか？,法的効力の位置づけと、契約・特約との関係が問われることが多いです。数値の暗記より、「どの場面で参考にされるか」を自分の言葉で1文にまとめ、事例演習で当てはめてください。細部はテキストと演習解説で補完してください。,rights-subject:契約・実務の学習導線;teiki-shakka-guide:定期借家と普通借家の違い;adr-trouble-guide:ADR・紛争の試験対策,特約があれば借主負担でよいですか？,一律ではありません。対象・範囲・明示方法・通常損耗との関係が設問の焦点になります。「特約の有無」だけでなく「何についての特約か」まで読み取ってから選択肢を比較してください。混同が続く場合は比較・整理表とよくある誤答で短時間確認してください。,,,通常損耗と経年変化を区別;特約は範囲と明示まで確認;ガイドラインは参考指針;負担区分表を自作;50問120分で時間管理
schedule-application,試験概要,賃貸不動産経営管理士試験の日程・申込（令和8年度の確認手順）,"令和8年度賃貸不動産経営管理士試験の試験日・WEB・郵送申込・受験料12,000円・合格発表の日程表。一般財団法人 賃貸不動産経営管理士協議会・試験センター要項での確認手順と、11月15日（日）の試験日から逆算した3分野の学習配分の目安を解説します。","賃貸不動産経営管理士試験は年1回、50問・120分の学科試験です。令和8年度は試験日が2026年11月15日（日）13:00〜15:00、受験料は12,000円（要項どおり）と公表されています。本記事では一般財団法人 賃貸不動産経営管理士協議会および試験センター要項を正本として日程を表に整理し、WEB申込と郵送申込の違い、試験日までの学習時間の割り方まで一続きで説明します。数字・締切は年度で変わるため、申込前に必ず https://www.chintaikanrishi.jp/ の最新要項を開いてください。",85,試験日程;申込,賃管マスター編集部,賃貸不動産経営管理士試験の過去問形式演習、用語解説、学習導線を整理する編集チームです。,賃管マスター確認担当,公開前に公式情報への誘導、断定表現、内部リンク、FAQ、更新日の有無を確認します。,2026-06-04,賃貸不動産経営管理士協議会（公式）|https://www.chintaikanrishi.jp/,手書きリライト 2026-06-04。自動prose差し替え 2026-06-04（要手書き）。試験概要ジャンルの受験前チェック記事です。,本記事を読むと、令和8年度の試験日・申込締切・合格発表日を一覧で把握でき、WEBと郵送のどちらで申し込むか判断でき、試験日11月15日から逆算した週あたりの学習量の目安も分かります。,協議会・試験センター公式サイトで令和8年度受験要項をダウンロードする;要項の試験日・申込期間・受験料をカレンダーとメモ帳に転記する;受験資格を要項の区分表で確認してから申込方法を選ぶ;WEB申込なら顔写真データ規格と決済方法を申込開始週に準備する;試験日の20週前から3分野の週次演習量を学習計画に書き込む,試験要項や公式ページ、関係法令が更新されたタイミングで本文と参照元を見直します。,2026-06-04,2026-06-29,2026-06-04,published,2026-06-04: 編集合格お手本（手書きリライト）,令和8年度の日程早見表,"日程の正本は、一般財団法人 賃貸不動産経営管理士協議会および一般財団法人 賃貸不動産経営管理士試験センター（試験センター）が公表する令和8年度受験要項です。下表は執筆時点の公表内容を整理したもので、申込直前には要項と公式サイトのお知らせで必ず上書き確認してください。

| 項目 | 令和8年度（要項・公式案内） | 確認場所 |
| --- | --- | --- |
| 試験日・時間 | 2026年11月15日（日）13:00〜15:00（50問・120分・3分野） | 要項「試験日程」 |
| WEB申込 | 2026年8月3日（月）12:00〜9月30日（水）23:59 | 要項「申込方法」・公式申込ページ |
| 郵送申込 | 2026年8月3日（月）〜9月24日（木）消印有効 | 要項「申込方法」 |
| 願書請求（郵送） | 2026年9月14日（月）12:00まで | 要項「願書の請求」 |
| 受験料 | 12,000円 | 要項「受験料」 |
| 合格発表 | 2026年12月24日（木）予定 | 要項「合格発表」 |

試験会場は要項に記載の都市および周辺地域です。会場の正式名称は受験票で初めて確定するため、申込時点では都道府県単位の受験地選択までを済ませておくのが安全です。",WEB申込と郵送申込の違い,"令和8年度はWEB申込と郵送申込の両方があります。締切日が異なるため、「郵送は9月24日消印・WEBは9月30日23:59」と覚え違えないことが重要です。

| 比較項目 | WEB申込 | 郵送申込 |
| --- | --- | --- |
| 受付期間の目安 | 8月3日12:00〜9月30日23:59 | 8月3日〜9月24日消印有効 |
| 願書 | 画面入力が中心（要項で確認） | 9月14日12:00までに願書請求が必要 |
| 受験料の払い方 | 要項どおり（クレジットカード等） | 振込・払込用紙（要項記載） |
| 顔写真 | データファイルを規格どおりアップロード | 要項サイズの写真を申込書に貼付 |
| 混雑 | 締切直前はサーバー負荷に注意 | 締切当日の郵送局混雑に注意 |
| 向いている人 | 期限内にPC・スマホ操作できる人 | 紙の申込書で記録を残したい人 |

いずれの方法でも、氏名・生年月日・受験地は本人確認書類と一致させてください。申込完了後は受験料の決済控えを保存してください。",11月15日から逆算した学習配分,"試験日が2026年11月15日（日）と分かった時点で、今日から何週間残っているかを数えます。例えば6月初旬開始なら約23週あり、週あたり8〜10時間なら総量180〜230時間のイメージです。

出題は3分野（法令・制度／契約・実務／設備・税務・その他）から50問です。次のように月ごとに重点を置くと計画が立てやすくなります。

- 法令・制度：賃貸住宅管理業法の登録・業務・監督の骨格
- 契約・実務：契約条項・重説・原状回復・更新の判断
- 設備・税務・その他：設備管理・税務・その他の横断論点

6月〜8月はテキストインプットと分野別演習、9月〜10月は50問120分の通し演習と誤答ノート、11月は新規問題を増やさず解き直しに寄せるのが定番です。週次の組み方は「学習計画の立て方」、演習の回し方は「過去問の効果的な使い方」を参照してください。",受験票と試験当日の確認,"受験票は申込後、要項どおりの方法で交付・表示されます。到着したら次の4点を当日までにチェックしてください。

| 確認項目 | 具体的な見方 |
| --- | --- |
| 氏名・生年月日 | 身分証と1文字ずつ照合 |
| 会場 | 正式名称・住所・最寄り駅（初会場は前日下見推奨） |
| 開始時刻 | 13:00開始。12:30頃到会を目安に |
| 持ち物 | HB鉛筆・消しゴム・受験票・身分証（要項で追加指定があれば従う） |

スマートフォン・参考書・メモ用紙などは禁止のため持ち込みません。交通遅延を想定し、会場到着の30分前に駅を出る時刻をカレンダーに登録しておくと安心です。",日程まわりで混同しやすい点,"賃貸不動産経営管理士試験の日程を調べる際、次の混同に注意してください。

### 試験合格と賃貸住宅管理業の登録は別手続き
学科試験の合格と、賃貸住宅管理業法上の登録・届出は別です。日程・手続きの記事を混読すると、申込時期や合格後の義務を取り違えやすくなります。受験前は試験センター要項、合格後は協議会・所管の案内で確認してください。

### 過年度の申込締切の記憶
WEBと郵送で締切が異なります（令和8年度は9月30日と9月24日）。過去ブログの「9月末まで」だけを見て郵送の消印日を誤るケースが多いです。

### 非公式まとめの受験料・試験日
受験料12,000円・試験日も年度・要項で確認が必要です。SNSや教材販売サイトの「申込代行」は試験センターとは無関係なので、申込は必ず公式要項に記載の方法だけを使ってください。",つまずきやすいポイント,"schedule applicationでは、「賃管受験者が診断する」「休職勧奨＝解雇」「ストレスチェック結果を個別に上司が全部見る」など、現場イメージと制度のズレが誤答の温床になります。特に敷金返還と原状回復、更新と再契約の混同は四択で頻出です。

誤解を解くには、用語解説で定義を確認したうえで、比較表タブの「混同しやすい組み合わせ」を読み、演習問題で引っかけ肢を体験してください。数値・日程・合格基準は年度で更新されるため、学習前と申込前には賃貸不動産経営管理士試験センター（公式）の最新案内を確認してください。",次にやること,"このサイトでのおすすめの流れ：①試験ガイドで制度の全体像 ②用語解説で重要語を章ごとに確認 ③一問一答で知識の穴を洗い出し ④演習問題一覧から分野別に四択演習 ⑤間違えた問題は復習機能に残す。

直前期は新しい教材を増やしすぎず、schedule applicationで誤答した分野と頻出用語に絞って解き直してください。比較表・数値早見・よくある誤答タブは、短時間の確認向きです。",令和8年度賃貸不動産経営管理士試験の試験日はいつですか？,令和8年度は2026年11月15日（日）13:00から15:00まで、50問・120分・3分野の学科試験として試験センターの受験要項・公式案内で公表されています。年度ごとに変わるため、申込前に要項の「試験日程」を開き、カレンダーには和暦・西暦の両方で登録すると誤登録を防げます。,WEB申込の締切はいつまでですか？,令和8年度は2026年9月30日（水）23:59までが受付期間の一例として公表されています。郵送申込は9月24日（木）消印有効と早いため、方法ごとに締切を別カレンダー登録してください。最終日はアクセスが集中しやすいため、9月中旬までに写真データと支払い方法を済ませることを推奨します。,exam-overview:試験概要・出題分野;study-plan:学習計画の立て方;eligibility-registration:受験資格・登録制度,合格発表はいつ・どこで確認できますか？,令和8年度は2026年12月24日（木）が合格発表日（予定）として公表されています。各受験者への合否通知に加え、試験センター・協議会のホームページで案内が掲載されます。発表当日は公式サイトの案内どおりに確認し、古い年度の発表日をブックマークから開かないようにしてください。,,,"令和8年度の試験日は11月15日（日）;受験料12,000円;WEB申込は9月30日23:59まで;郵送申込は9月24日消印;合格発表は12月24日予定"
eligibility-registration,試験概要,受験資格・登録制度の確認ポイント（賃管業法）,"賃貸不動産経営管理士試験の受験資格と賃貸住宅管理業法上の登録制度を整理。試験センター要項正本・3分野・50問120分・申込12,000円を前提に確認順序を表で解説します。","「受験できるか」と「合格後に何をするか」は別の確認です。受験段階では試験センター要項の受験資格が正本で、合格後の登録・届出は賃貸住宅管理業法と協議会・所管の案内が正本です。本記事では令和8年度（試験日2026年11月15日、受験料12,000円）を前提に、申込前の資格照合と、試験学習で押さえる賃管業法の論点を表にまとめます。区分・必要書類は必ず最新要項で確認してください。",90,受験資格;登録制度,賃管マスター編集部,賃貸不動産経営管理士試験の過去問形式演習、用語解説、学習導線を整理する編集チームです。,賃管マスター確認担当,公開前に公式情報への誘導、断定表現、内部リンク、FAQ、更新日の有無を確認します。,2026-06-04,賃貸不動産経営管理士協議会（公式）|https://www.chintaikanrishi.jp/,手書きリライト 2026-06-04。自動prose差し替え 2026-06-04（要手書き）。law-subject ハブと用語（登録・業務範囲）への導線を補強する記事です。,本記事を読むと、受験資格の確認、申込、合格後の登録制度を一つの流れとして理解でき、情報の混同を防ぎながら学習と手続きを同時に進められます。,"要項の受験資格区分表で自分の該当行を1つ特定する;実務経験・講習修了日を要項の要件と日付で照合する;申込期限と受験料12,000円をカレンダーに登録する;合格後手続きは別メモで管理し、試験学習と混同しない;賃管業法の登録・業務・監督を演習と条文で往復する",試験要項や公式ページ、関係法令が更新されたタイミングで本文と参照元を見直します。,2026-06-04,2026-06-29,2026-06-04,published,2026-06-04: 編集合格（手書きリライト）,受験資格と登録制度の違い,"混同しやすい2つの制度を分けます。

| テーマ | 正本 | いつ確認するか |
| --- | --- | --- |
| 受験資格 | 試験センター受験要項 | 申込前（必須） |
| 学科試験の合格 | 試験センターの合否案内 | 試験後 |
| 賃貸住宅管理業の登録等 | 賃管業法・協議会・所管案内 | 合格後・実務で |

受験資格を満たさない状態で申込しても無効となるおそれがあるため、要項の区分表を印刷し、経歴と1項目ずつ照合してから申込に進んでください。",受験資格の確認手順,"確認は次の順序が安全です。

| 手順 | 作業 |
| --- | --- |
| 1 | 要項の「受験資格」章を通読 |
| 2 | 該当しうる区分を最大2つに絞る |
| 3 | 実務期間・講習修了日をカレンダーで計算 |
| 4 | 必要書類の発行元・提出期限をメモ |
| 5 | 不明点は申込前に試験センターへ問い合わせ |

非公式サイトの「受験資格まとめ」は参考に留め、数値・区分名は要項原文で確認します。",申込・受験料と学習の並行,"資格確認後、申込と学習を同じ週次レビューで管理します。

| 項目 | 令和8年度の公表例 | メモ |
| --- | --- | --- |
| 受験料 | 12,000円 | 支払方法は要項どおり |
| WEB申込 | 8/3 12:00〜9/30 23:59 | 早めの完了推奨 |
| 郵送申込 | 〜9/24消印、願書請求9/14 12:00まで | 締切が早い |
| 試験日 | 11/15（日）13:00〜15:00 | 50問120分 |

手続きが残ると演習の集中度が下がるため、写真・受験地・決済手段は申込開始週に準備してください。",試験で問われる賃管業法の論点,"受験資格の背景理解として、出題されやすい骨格を整理します。

| 論点 | 試験での問われ方の例 |
| --- | --- |
| 登録制度 | 登録の目的・登録事項 |
| 管理業務 | 業務の範囲・体制 |
| 契約時説明 | 重要事項説明・書面 |
| 監督 | 遵守事項・監督措置 |

条文は2条→10条台→13条台の順でマップを作ると、契約・実務分野の設問と接続しやすくなります。深掘りは「賃貸住宅管理業法の押さえ方」の記事を参照してください。",合格後に確認する登録・実務,"合格後の手続きは、試験対策中に細部まで暗記する必要はありませんが、「試験合格＝登録完了ではない」ことだけは先に理解しておきます。

| 段階 | 確認の軸 |
| --- | --- |
| 合格直後 | 試験センター・協議会の合格後案内 |
| 実務開始前 | 社内の管理物件・役割と法令要件 |
| 継続 | 研修・届出の更新（該当する場合） |

学習中は3分野の演習正答率を主指標にし、合格発表後に改めて登録関連の公式案内を読む運用が現実的です。",つまずきやすいポイント,"受験資格・登録制度の確認ポイント（賃管業法）では、「賃管受験者が診断する」「休職勧奨＝解雇」「ストレスチェック結果を個別に上司が全部見る」など、現場イメージと制度のズレが誤答の温床になります。特に敷金返還と原状回復、更新と再契約の混同は四択で頻出です。

誤解を解くには、用語解説で定義を確認したうえで、比較表タブの「混同しやすい組み合わせ」を読み、演習問題で引っかけ肢を体験してください。数値・日程・合格基準は年度で更新されるため、学習前と申込前には賃貸不動産経営管理士試験センター（公式）の最新案内を確認してください。",次にやること,"このサイトでのおすすめの流れ：①試験ガイドで制度の全体像 ②用語解説で重要語を章ごとに確認 ③一問一答で知識の穴を洗い出し ④演習問題一覧から分野別に四択演習 ⑤間違えた問題は復習機能に残す。

直前期は新しい教材を増やしすぎず、受験資格・登録制度の確認ポイント（賃管業法）で誤答した分野と頻出用語に絞って解き直してください。比較表・数値早見・よくある誤答タブは、短時間の確認向きです。",受験資格はどこで確認しますか？,一般財団法人 賃貸不動産経営管理士試験センターの受験要項が正本です。区分表・必要書類・提出期限を通しで読み、自分の経歴と1項目ずつ照合してください。協議会サイトから要項へ辿るか、試験センター公式の案内ページを直接開いてください。,受験資格と登録制度を同じノートで管理してよいですか？,別セクションに分けることを推奨します。受験資格・申込期限は「申込前チェック」、登録・届出は「合格後タスク」として分けると、学習ノートと混ざらず、直前期の優先順位もぶれにくくなります。試験対策中は要項の受験資格だけを週次で見直し、登録手続の細部は合格後に読み直せば十分です。,exam-overview:試験概要・出題分野;study-plan:学習計画の立て方;chintai-gyoho-basics:賃貸住宅管理業法の押さえ方,独学で賃管業法分野を進める順番は？,登録制度の目的→管理業務の三要素→重説・書面→監督の順が組みやすいです。各章のあとに演習5〜10問を入れ、誤答語は用語解説で定義確認してください。3分野のうち法令が弱点の週は、契約分野の設問でも使う条文を同時に戻すと効率が上がります。,,,最初に確認すること;全体像・前提を分けて理解する;具体的な進め方;復習・確認方法;注意点
shakuchi-shakuya-guide,法令対策,借地借家法の試験対策｜更新・立退・正当事由の整理,賃貸不動産経営管理士試験の借地借家法対策。更新・更新拒絶・立退・正当事由を表で整理し、50問120分・令和8年度11月15日試験向けの学習順を解説します。,借地借家法は、賃貸借の終了場面（更新・立退・明渡し）を中心に出題されます。普通借家と定期借家の区別が土台になり、ここが曖昧だと以後の論点が連鎖的に崩れます。試験は50問・120分・3分野、令和8年度は2026年11月15日（日）13:00〜15:00です。本記事では協議会・試験センター要項を正本として、更新拒絶・正当事由・立退の手順を表にまとめ、演習での読み方まで説明します。改正情報は https://www.chintaikanrishi.jp/ で確認してください。,95,借地借家法;法令,賃管マスター編集部,賃貸不動産経営管理士試験の過去問形式演習、用語解説、学習導線を整理する編集チームです。,賃管マスター確認担当,公開前に公式情報への誘導、断定表現、内部リンク、FAQ、更新日の有無を確認します。,2026-06-04,賃貸不動産経営管理士協議会（公式）|https://www.chintaikanrishi.jp/,手書きリライト 2026-06-04。自動prose差し替え 2026-06-04（要手書き）。rights-subject ハブからの深掘り用です。,本記事を読むと、借地借家法の更新・立退の判断軸を時系列で整理でき、長文設問でも当事者と手続きの順序を取り違えにくくなります。,普通借家と定期借家の比較表を先に完成させる;更新・立退の手順を時系列図にする;正当事由・更新拒絶の要件を用語で固定する;長文は当事者・契約類型・争点の3行メモから入る;誤答を手続き順序ミスと要件ミスに分類する,試験要項や公式ページ、関係法令が更新されたタイミングで本文と参照元を見直します。,2026-06-04,2026-06-29,2026-06-04,published,2026-06-04: 編集合格（手書きリライト）,普通借家と定期借家の土台,"借地借家法の学習は、契約類型の確定から始めます。

| 比較項目 | 普通借家（概略） | 定期借家（概略） |
| --- | --- | --- |
| 更新 | 更新制度あり | 原則更新なし |
| 契約方式 | 要式・説明等の論点 | 書面・説明等の要件 |
| 終了 | 更新拒絶・正当事由等 | 期間満了・再契約等 |
| 立退 | 明渡し手続の流れ | 期間後の終了 |

設問文の冒頭5行で「普通か定期か」を決めてから条文に入ると、更新拒絶と期間満了を取り違えにくくなります。",更新・更新拒絶の要点,"普通借家では更新と更新拒絶が頻出です。

| 論点 | 確認すること | 演習でのメモ |
| --- | --- | --- |
| 更新 | 更新の効力・期間 | 通知の有無 |
| 更新拒絶 | 拒絶の要件・手続 | 正当事由の有無 |
| 正当事由 | 必要性・相当性 | 具体事情の要約 |
| 解約申入れ | 借主・貸主の違い | 期間・効果 |

正当事由は抽象語で覚えず、演習解説で示された類型を自分の表に転記し、事例に当てはめてください。",立退・明渡しの手順,"立退は手続きの順序が問われます。滞納・解除との接続も意識してください。

| 段階 | 内容の例 | 混同注意 |
| --- | --- | --- |
| 催告・解除 | 賃料滞納等 | 借地借家法と一般民法 |
| 明渡し請求 | 訴え・手続 | 期間・管轄 |
| 立退料等 | 補償の論点 | 正当事由との関係 |
| 執行 | 手続の位置づけ | 管理業務との役割 |

長文設問は、時系列を紙に書いてから選択肢を読むと、「手続きが飛んでいる」誤り肢を除外しやすくなります。",演習の進め方,"借地借家法は事例の反復が効きます。

| 曜日 | 目安 | 内容 |
| --- | --- | --- |
| 水 | 30分 | 比較表の見直し |
| 土 | 2時間 | 借地借家系演習＋誤答分析 |
| 翌週水 | 30分 | 誤答の解き直し |
| 月1回 | 120分 | 50問通しで契約分野の正答数 |

誤答は「契約類型の判別ミス」「通知期間の誤り」「正当事由の読み違え」に分類し、再発した分類に時間を追加してください。",他論点との接続,"借地借家法は単独科目ではなく、賃料・原状回復・管理実務と接続されます。

| 接続 | 例 |
| --- | --- |
| 滞納・解除 | 催告から明渡しまで |
| 原状回復 | 退去・立退後の費用 |
| 定期借家 | 期間満了後の再契約 |

直前期は新規テーマを増やさず、更新・立退の誤答上位と50問通しの時間配分に絞ってください。試験日は2026年11月15日（日）、要項は協議会サイトから辿ってください。",つまずきやすいポイント,つまずきやすいのは、普通借家と定期借家の制度差を途中で取り違えることです。定期借家の終了に関する手続や説明義務を普通借家へ当てはめる誤答は頻出です。対策として、契約類型ごとに『更新の有無』『終了時の要件』『通知の扱い』を表で固定し、演習前に30秒で確認する習慣を作ると混同を減らせます。さらに、公式情報の確認日と誤答記録を同時に管理しておくと、法令前提のずれを早めに修正でき、次回演習で同じ論点をより正確に判断しやすくなります。,次にやること,次にやることは、更新・立退き・正当事由の設問をまとめて再演習し、契約類型の判定から解答する練習を行うことです。誤答は理由を一行で記録し、翌週に同系統問題を解き直してください。この反復で、借地借家法の中心論点を安定して処理できるようになります。さらに、公式情報の確認日と誤答記録を同時に管理しておくと、法令前提のずれを早めに修正でき、次回演習で同じ論点をより正確に判断しやすくなります。,借地借家法は何から勉強すべきですか？,普通借家と定期借家の比較表を先に完成させることを推奨します。更新の有無・契約方式・終了時手続の三点を固定すると、更新拒絶・立退・明渡しの論点が組みやすくなります。表は週末演習の前に必ず見直してください。,正当事由はどう覚えますか？,抽象定義だけでなく、演習で出た類型を表に転記し、「誰に・どんな必要性・どの程度の事情か」を1文で言い直す練習をしてください。更新拒絶と立退料の問題では、正当事由の有無が分岐点になるため、同じ事例で両方の設問を解き直すと定着が早まります。,rights-subject:契約・実務の学習導線;teiki-shakka-guide:定期借家と普通借家の違い;rent-arrears-eviction:賃料滞納・立退の試験対策,定期借家の記事とどう使い分けますか？,定期借家と普通借家の違いは比較記事で類型差を押さえ、本記事では更新・立退・正当事由の手順と要件に集中する使い方が効率的です。比較表で三点（更新・方式・終了）を固定してから演習に入ってください。出題範囲は試験センター要項で最終確認してください。,,,普通借家と定期借家を先に区別;更新・立退は時系列で整理;正当事由は類型で理解;長文は3行メモから入る;50問120分で記録
teiki-shakka-guide,用語ハブ活用法,定期借家と普通借家の違い｜試験で見るポイント,賃貸不動産経営管理士試験の定期借家・普通借家の比較。更新・契約方式・終了手続を表で整理し、50問120分・3分野・令和8年度試験向けの学習順を解説します。,定期借家と普通借家の違いは、賃管試験の契約・実務分野で最優先の比較テーマです。更新の有無・契約方式・終了時手続の三点が固定できれば、立退・原状回復・敷金の設問も同じ枠組みで読めます。試験は50問・120分・3分野、令和8年度は2026年11月15日（日）13:00〜15:00です。本記事では協議会・試験センター要項を前提に、比較表の作り方と演習・用語の往復手順を表にまとめます。制度改正は https://www.chintaikanrishi.jp/ で確認してください。,105,定期借家;普通借家;賃貸借,賃管マスター編集部,賃貸不動産経営管理士試験の過去問形式演習、用語解説、学習導線を整理する編集チームです。,賃管マスター確認担当,公開前に公式情報への誘導、断定表現、内部リンク、FAQ、更新日の有無を確認します。,2026-06-04,賃貸不動産経営管理士協議会（公式）|https://www.chintaikanrishi.jp/,手書きリライト 2026-06-04。自動prose差し替え 2026-06-04（要手書き）。契約・実務の頻出比較論点の深掘り記事です。,本記事を読むと、定期借家と普通借家の差分を一覧で把握でき、設問文の冒頭で契約類型を判別してから条文・実務論点に進めます。,比較表で更新・方式・終了の三点を固定する;定期借家の書面・説明要件を用語で確認する;普通借家の更新拒絶・正当事由と対比する;演習で契約類型の判別練習を週2回入れる;誤答を類型判別ミスと要件ミスに分類する,試験要項や公式ページ、関係法令が更新されたタイミングで本文と参照元を見直します。,2026-06-04,2026-06-29,2026-06-04,published,2026-06-04: 編集合格（手書きリライト）,試験で見る三点の比較,"比較は次の三軸で十分です。サイト内の比較・整理表と併用してください。

| 比較軸 | 普通借家 | 定期借家 |
| --- | --- | --- |
| 更新 | 更新制度を前提 | 原則として更新なし |
| 契約方式 | 要式・手続の論点 | 書面・事前説明等の要件 |
| 終了 | 更新拒絶・正当事由等 | 期間満了・再契約等 |

設問の最初にこの表を思い出し、「更新があるか」「期間満了で終わるか」を2秒で決めてから選択肢を読んでください。",定期借家の押さえどころ,"定期借家は「期間と終了」が中心です。

| 論点 | 内容の例 | 演習での確認 |
| --- | --- | --- |
| 書面契約 | 方式の要件 | 記載事項の有無 |
| 事前説明 | 説明のタイミング | 説明主体 |
| 期間 | 開始・終了 | 期間の計算 |
| 再契約 | 満了後の取扱い | 新規契約か更新か |

「定期だから借主不利」ではなく、終了手続と説明義務が問われる場面を意識して演習してください。",普通借家との対比,"普通借家側は更新・更新拒絶が頻出です。

| 場面 | 普通借家 | 定期借家 |
| --- | --- | --- |
| 期間満了 | 更新の効力が論点 | 原則として終了 |
| 貸主の終了 | 更新拒絶・正当事由 | 期間後の終了 |
| 借主の終了 | 解約申入れ等 | 期間の遵守 |
| 立退 | 明渡し手続 | 期間後の退去 |

借地借家法の深掘り記事で、更新・立退の手順を補強すると、比較表の行が具体化しやすくなります。",学習順（用語・演習・比較表）,"次の順で1週間を完結させます。

| 順番 | 作業 | 時間目安 |
| --- | --- | --- |
| 1 | 用語解説で定義 | 20分 |
| 2 | 比較表を書き直し | 15分 |
| 3 | 類型判別の演習 | 60分 |
| 4 | 誤答の解き直し | 30分 |
| 5 | 関連の長文1問 | 30分 |

知識ハブの比較・整理表は数値・要件の一覧向き、本記事は判別手順の理解向きです。役割を分けて使ってください。",混同しやすいパターン,"四肢択一で落としやすい取り違えです。

### 定期借家＝更新なしとだけ覚える
再契約・期間の定め方・説明義務まで問われます。「更新がない」だけで選ばず、終了手続まで確認してください。

### 普通借家の更新拒絶と解除の混同
滞納・解除の流れは別テーマです。契約類型を確定したうえで、手続きの段階を時系列に書いてください。

### 原状回復・敷金を類型無視で解く
退去場面でも普通・定期で前提が変わるため、費用負担の前に契約類型をメモ欄に書く習慣をつけてください。",,,,,定期借家と普通借家は何が違いますか？,試験では更新の有無・契約方式・終了時手続の三点の差が中心です。定期借家は原則として更新がなく、書面・事前説明などの要件が重要です。普通借家は更新と正当事由の論点が中心になるため、比較表で行を並べて覚えてください。,比較表はどこで確認できますか？,サイト内の知識ハブにある比較・整理表で、数値・要件の一覧を確認できます。本記事では判別手順と学習順を説明しているため、表で差分を把握したうえで演習に進む二段構成が効率的です。表の内容は演習解説と照合し、年度改正があれば要項で範囲を確認してください。,rights-subject:契約・実務の学習導線;shakuchi-shakuya-guide:借地借家法の試験対策;minpou-contract-defects:改正民法・契約不適合の試験対策,判別が苦手なときの練習法は？,設問文を読む前に、メモ欄へ「普通／定期」「更新の有無」「終了の争点」の3行を書く練習をしてください。短い演習セットだけを繰り返し、2分を超えた問題は保留ルールを先に決めます。1週間後に同じセットを解き直し、類型判別ミスが減ったかを数字で確認してください。,直前対策でどう使う？,直前期は比較表を短時間確認し、更新・終了・説明義務の三点だけを毎日反復してください。新規論点を増やすより、誤答履歴に出た差分を固定する方が得点再現性は高まります。試験直前には公式情報を再確認し、前提ズレのない状態で本番へ入ることが重要です。,更新・方式・終了の三点;設問冒頭で類型判別;定期は期間と説明;普通は更新拒絶;50問120分で時間管理
kanri-uketsuke-sublease,重要論点,賃貸不動産経営管理士試験の管理受託・サブリース・金銭管理の試験対策,賃貸不動産経営管理士試験の管理受託・サブリース・分別管理を整理。当事者構造と金銭の流れを図で固定し、50問120分・令和8年度11月15日試験向けの実務型設問の判断手順を解説します。,管理受託とサブリースは名称が似ていても、当事者構造と金銭の流れが異なるため、同じ暗記枠に入れると連続して誤答しやすくなります。試験は50問・120分・3分野、令和8年度の試験日は2026年11月15日（日）13:00〜15:00です。本記事では一般財団法人 賃貸不動産経営管理士協議会および試験センター要項を前提に、貸主・管理会社・転貸人・借主の関係図、分別管理・報酬・預り金の整理表、演習への接続までを説明します。出題範囲の最終確認は https://www.chintaikanrishi.jp/ の要項で行ってください。,110,管理受託;サブリース;金銭管理,賃管マスター編集部,賃貸不動産経営管理士試験の過去問形式演習、用語解説、学習導線を整理する編集チームです。,賃管マスター確認担当,公開前に公式情報への誘導、断定表現、内部リンク、FAQ、更新日の有無を確認します。,2026-06-04,賃貸不動産経営管理士協議会（公式）|https://www.chintaikanrishi.jp/,手書きリライト 2026-06-04。自動prose差し替え 2026-06-04（要手書き）。rights-subject ハブの実務論点補強記事です。,本記事を読むと、管理受託とサブリースを別類型として整理でき、契約・実務分野の主体取り違えと金銭管理の設問で判断根拠を持って答えやすくなります。,試験センター要項で契約・実務の出題範囲を確認する;貸主・管理会社・転貸人・借主の関係図を1枚に描く;管理受託とサブリースの比較表を完成させる;分別管理・報酬・預り金の論点を演習5問で確認する;誤答を主体ミスと手続きミスに分類して解き直す,試験要項や公式ページ、関係法令が更新されたタイミングで本文と参照元を見直します。,2026-06-04,2026-06-29,2026-06-04,published,2026-06-04: 編集合格（手書きリライト）,最初に固定する2つの類型,"管理受託は貸主から管理業務を受託する契約、サブリースは転貸人が貸主から建物を借り受け再賃貸する構造です。試験では「誰が誰と契約しているか」を先に書かないと、選択肢の主体が入れ替わって見えます。

| 類型 | 中心となる関係 | 金銭の流れの例 |
| --- | --- | --- |
| 管理受託 | 貸主↔管理会社、貸主↔借主 | 管理報酬・預り金・家賃 |
| サブリース | 貸主↔転貸人、転貸人↔借主 | 転借料・家賃・差益 |
| 混同しやすい点 | 管理会社＝転貸人と誤認 | 図を描いてから演習 |
| 法令接続 | 賃管業法上の業務範囲 | 重説・書面・監督 |
| 試験形式 | 50問・120分・3分野 | 長文は当事者3行メモ |

図は手書きで十分です。週末演習の前に5分だけ見直す習慣をつけると、本番でも再現しやすくなります。",管理受託の押さえ方,"管理受託では、業務範囲・報酬・預り金の扱いがセットで問われます（詳細は要項・テキストで確認）。

| 論点 | 確認の焦点 | 演習での見方 |
| --- | --- | --- |
| 受託業務 | 募集・契約・家賃回収等の範囲 | 業法上の業務と条項の整合 |
| 報酬 | 定め方・支払時期 | 預り金と混同しない |
| 預り金 | 分別管理・返還 | 敷金・家賃との区別 |
| 説明義務 | 重説・書面 | 法令分野へ戻る |
| トラブル | 滞納・修繕依頼 | 誰がどの契約上の義務か |

事例文では「管理会社が○○した」と書かれていても、実際は貸主の指示範囲か借主への対応かを切り分けてから選択肢を読むと安定します。",サブリースの押さえ方,"サブリースは転貸人が賃借権を有し、借主とは別契約を結ぶ点が核心です。

| 論点 | 管理受託との違い | メモの書き方 |
| --- | --- | --- |
| 当事者 | 転貸人が賃借人兼貸主側 | 図の中央に転貸人 |
| 家賃 | 転借料と再賃貸料 | 上下2段で金額を記載 |
| 明渡し | 転貸人↔貸主、転貸人↔借主 | 終了手続を分けて整理 |
| 修繕 | 負担者が契約ごとに異なる | 条項番号を添える |
| 設備 | 共用部分の管理 | 設備分野の記事と往復 |

転貸人の地位だけを暗記すると、立退・更新の場面で迷いやすいため、入居時・退去時の時系列で同じ図を2回描く練習が有効です。",分別管理と金銭管理の整理表,"金銭管理の設問は、預り金・敷金・家賃・管理報酬の「性質の違い」が問われます。

| 金銭 | 性質の例 | 試験で見る点 |
| --- | --- | --- |
| 敷金 | 担保・返還 | 控除・明細書 |
| 預り金 | 契約条項による預かり | 分別管理 |
| 家賃 | 継続的対価 | 滞納・充当 |
| 管理報酬 | 対価 | 預り金と混同しない |
| 礼金 | 一時金 | 敷金と区別 |

深掘りは敷金・礼金・家賃の試験対策の記事で、預りから返還までの流れを確認してください。誤答した設問は、条文根拠か主体誤認かをタグ付けして翌週に解き直します。",演習と他分野への接続,"契約・実務だけ強くても、法令・設備で失点すると総合得点が伸びません。

| 接続 | 学習の仕方 |
| --- | --- |
| 契約→法令 | 重説義務の根拠条文を戻る |
| 契約→設備 | 修繕・共用部分の費用負担 |
| 週次 | 用語定義→演習10問→解き直し |
| 直前 | 関係図と比較表の見直し優先 |

令和8年度は11月15日試験です。直前期は新規テーマを増やさず、本記事の図と表、誤答ノート上位論点、50問通しの時間配分に集中してください。契約分野の入口は「契約・実務の学習導線」から辿れます。",つまずきやすいポイント,"管理受託・サブリース・金銭管理の試験対策では、「賃管受験者が診断する」「休職勧奨＝解雇」「ストレスチェック結果を個別に上司が全部見る」など、現場イメージと制度のズレが誤答の温床になります。特に敷金返還と原状回復、更新と再契約の混同は四択で頻出です。

誤解を解くには、用語解説で定義を確認したうえで、比較表タブの「混同しやすい組み合わせ」を読み、演習問題で引っかけ肢を体験してください。数値・日程・合格基準は年度で更新されるため、学習前と申込前には賃貸不動産経営管理士試験センター（公式）の最新案内を確認してください。",次にやること,"このサイトでのおすすめの流れ：①試験ガイドで制度の全体像 ②用語解説で重要語を章ごとに確認 ③一問一答で知識の穴を洗い出し ④演習問題一覧から分野別に四択演習 ⑤間違えた問題は復習機能に残す。

直前期は新しい教材を増やしすぎず、管理受託・サブリース・金銭管理の試験対策で誤答した分野と頻出用語に絞って解き直してください。比較表・数値早見・よくある誤答タブは、短時間の確認向きです。",管理受託とサブリースの違いは何ですか？,管理受託は貸主から管理業務を受託する契約で、サブリースは転貸人が貸主から借り受けた建物を再賃貸する構造です。当事者と金銭の流れが異なるため、同じテンプレートで覚えないでください。関係図を描いたうえで演習に入ると、長文設問でも主体の取り違えが減りやすくなります。,分別管理はどの論点と一緒に学ぶとよいですか？,預り金・敷金・家賃・管理報酬の性質の違いとセットで整理するのが効率的です。敷金は返還・控除、預り金は契約に基づく預かり、報酬は対価として区別してください。金銭系の深掘り記事と往復し、誤答は主体ミスか条件読み違いかを記録して解き直してください。,rights-subject:契約・実務の学習導線;deposit-rent-fees:敷金・礼金・家賃の試験対策;law-subject:法令・制度の学習導線,この記事だけで試験対策は足りますか？,契約・実務の重要論点の整理であり、出題範囲・試験日・合格基準の正本は試験センター要項です。3分野バランスのため、法令ハブ・設備ハブと50問120分の通し演習を組み合わせてください。令和8年度の試験日は2026年11月15日（日）、最新情報は協議会公式サイトで確認してください。,,,管理受託とサブリースは別類型;関係図を先に描く;分別管理と報酬を整理;50問120分で主体を確認;要項で出題範囲を確認
building-equipment-guide,重要論点,賃貸不動産経営管理士試験｜建物・設備の試験対策｜維持保全・点検・共用部分,賃貸不動産経営管理士試験の建物・設備分野を整理。維持保全・点検・共用部分・修繕判断を50問120分向けに表でまとめ、令和8年度11月15日試験の学習手順を解説します。,建物・設備分野は用語が似ており、管理主体と行為目的を曖昧にすると選択肢比較で誤答しやすくなります。試験は50問・120分・3分野、令和8年度は2026年11月15日（日）13:00〜15:00です。本記事では試験センター要項と協議会公表情報を前提に、維持保全・点検・共用部分・修繕の整理表と、用語・演習・深掘り記事の往復手順を説明します。範囲の最終確認は https://www.chintaikanrishi.jp/ の要項で行ってください。,115,建物設備;維持保全,賃管マスター編集部,賃貸不動産経営管理士試験の過去問形式演習、用語解説、学習導線を整理する編集チームです。,賃管マスター確認担当,公開前に公式情報への誘導、断定表現、内部リンク、FAQ、更新日の有無を確認します。,2026-06-04,賃貸不動産経営管理士協議会（公式）|https://www.chintaikanrishi.jp/,手書きリライト 2026-06-04。自動prose差し替え 2026-06-04（要手書き）。limit-subject ハブからの深掘り用です。,本記事を読むと、設備分野で混同しやすい主体と対象を切り分けられ、実務型設問で「誰が何をするか」を短時間で判断できるようになります。,要項で設備・その他の出題範囲を確認する;維持保全と修繕の目的の違いを表にまとめる;共用部分と専有部分の管理責任を比較する;設備事例の演習を主体メモ付きで解く;時間超過した設問の原因を記録する,試験要項や公式ページ、関係法令が更新されたタイミングで本文と参照元を見直します。,2026-06-04,2026-06-29,2026-06-04,published,2026-06-04: 編集合格（手書きリライト）,設備分野で先に固定する3点,"設備の設問は「名称の暗記」より「主体・対象・目的」の3点セットで読むと安定します。

| 固定する点 | 例 | 誤答の典型 |
| --- | --- | --- |
| 主体 | 貸主・管理会社・借主・点検業者 | 義務者の取り違え |
| 対象 | 専有部分・共用部分・設備 | 範囲の読み違え |
| 目的 | 維持保全・点検・修繕・更新 | 類似語の混同 |
| 接続 | 契約上の費用負担 | 契約分野へ戻る |
| 記録 | 分野別正答数 | 50問通しで月1回 |

1問あたり約2.4分のため、本番前に比較表を見直す時間を週1回確保してください。",維持保全と修繕の違い,"維持保全は物件価値と安全を保つ継続的な取り組み、修繕は損傷の回復や機能回復を指す場面が多いです（詳細はテキスト・要項で確認）。

| 観点 | 維持保全 | 修繕 |
| --- | --- | --- |
| 目的 | 劣化防止・安全確保 | 不具合の是正 |
| 時期 | 計画的・定期 | 発生時・計画 |
| 例 | 点検・清掃・小修繕 | 漏水・設備故障 |
| 費用 | 負担者は契約・法令 | 条項と根拠を照合 |
| 演習 | 主体を先に書く | 選択肢の語の差分 |

似た選択肢では「誰の費用負担か」「どの部分か」までメモ欄に書いてから答えると改善が早いです。",点検・共用部分の整理,"点検は消防・建築・設備など種類が分かれ、実施者と記録義務が設問になります。

| テーマ | 整理の仕方 | 他分野 |
| --- | --- | --- |
| 定期点検 | 実施者・頻度・記録 | 法令・監督 |
| 共用部分 | 管理規約・費用分担 | 契約・集会 |
| 専有部分 | 借主の範囲 | 原状回復 |
| 設備更新 | 計画・積立 | 会計・税務 |
| トラブル | 応急措置と本修繕 | 保険 |

共用部分の論点は契約・実務の管理組合・費用分担と接続します。1週間で1テーマずつ表を完成させ、週末に演習10問を当てはめてください。",週次の学習ルート,"設備分野は短い反復が効きます。次の例をベースに調整してください。

| 曜日 | 目安 | 内容 |
| --- | --- | --- |
| 火 | 30分 | 比較表・用語2語 |
| 木 | 30分 | 数値・期限の早見確認 |
| 土 | 2時間 | 設備系演習10問＋誤答分析 |
| 翌週火 | 30分 | 同じ10問の解き直し |
| 月1回 | 120分 | 50問通しで設備分野の正答数 |

誤答は単位ミス・主体ミス・用語混同に分類し、再発した分類だけ翌週の時間を追加してください。",他分野・直前との接続,"設備だけ強くても、法令・契約で失点すると合格ラインに届きません。

| 接続 | 例 |
| --- | --- |
| 設備→契約 | 修繕義務・費用負担条項 |
| 設備→税務 | 修繕費・資本的支出の整理 |
| 設備→保険 | 火災・賠償の適用場面 |

直前期は新規教材を増やさず、維持保全・点検・共用部分の誤答上位と50問通しに絞ってください。科目別の入口は「設備・税務・その他の学習導線」、税務の深掘りは会計・税務の試験対策から辿れます。",つまずきやすいポイント,"維持保全・点検・共用部分では、「賃管受験者が診断する」「休職勧奨＝解雇」「ストレスチェック結果を個別に上司が全部見る」など、現場イメージと制度のズレが誤答の温床になります。特に敷金返還と原状回復、更新と再契約の混同は四択で頻出です。

誤解を解くには、用語解説で定義を確認したうえで、比較表タブの「混同しやすい組み合わせ」を読み、演習問題で引っかけ肢を体験してください。数値・日程・合格基準は年度で更新されるため、学習前と申込前には賃貸不動産経営管理士試験センター（公式）の最新案内を確認してください。",次にやること,"このサイトでのおすすめの流れ：①試験ガイドで制度の全体像 ②用語解説で重要語を章ごとに確認 ③一問一答で知識の穴を洗い出し ④演習問題一覧から分野別に四択演習 ⑤間違えた問題は復習機能に残す。

直前期は新しい教材を増やしすぎず、維持保全・点検・共用部分で誤答した分野と頻出用語に絞って解き直してください。比較表・数値早見・よくある誤答タブは、短時間の確認向きです。",建物・設備分野は何から手をつけるとよいですか？,維持保全と修繕の目的の違い、共用部分と専有部分の管理責任の比較表を先に作ることを推奨します。表ができたら演習10問を主体メモ付きで解き、誤答語は用語解説で定義から確認してください。設備ハブと往復すると、3分野全体のバランスを保ちやすくなります。,点検の論点はどう覚えますか？,点検の種類ごとに「実施者・頻度・記録・不具合時の対応」を1行ずつ書く表が有効です。名称だけ暗記すると似た選択肢で迷うため、目的と主体をセットで整理してください。数値・期限は早見表で短時間確認し、週1回見直す習慣をつけてください。,limit-subject:設備・税務・その他の学習導線;tax-accounting-guide:会計・税務・保険の試験対策;insurance-property-risk:保険・物件リスクの試験対策,設備と税務は別々に勉強してよいですか？,分野は分かれますが、修繕費・更新費などは接続して出題されることがあります。設備の表を作った週に、会計・税務の記事で費用区分を1テーマだけ戻ると理解が定着しやすくなります。出題範囲の正本は試験センター要項です。最新情報は協議会公式サイトで確認してください。,,,主体・対象・目的で読む;維持保全と修繕を分ける;共用部分と専有部分を比較;50問120分で記録;要項で範囲を確認
tax-accounting-guide,重要論点,賃貸不動産経営管理士試験の会計・税務・保険の試験対策,賃貸不動産経営管理士試験の会計・税務・保険分野を整理。収支・損益・減価償却と保険の接続を3分野横断でまとめ、50問120分・令和8年度試験向けの判断手順を解説します。,会計・税務分野は計算式だけ暗記しても、条件判断の設問で失点しやすい領域です。試験は50問・120分・3分野、令和8年度の試験日は2026年11月15日（日）13:00〜15:00です。本記事では試験センター要項を前提に、収支・損益・減価償却・保険の整理表と、オーナー視点の収支イメージ、演習への接続を説明します。税務・制度の詳細は所管の公表資料と要項で必ず確認してください。,120,会計;税務;保険,賃管マスター編集部,賃貸不動産経営管理士試験の過去問形式演習、用語解説、学習導線を整理する編集チームです。,賃管マスター確認担当,公開前に公式情報への誘導、断定表現、内部リンク、FAQ、更新日の有無を確認します。,2026-06-04,賃貸不動産経営管理士協議会（公式）|https://www.chintaikanrishi.jp/,手書きリライト 2026-06-04。自動prose差し替え 2026-06-04（要手書き）。limit-subject ハブの税務・会計補強記事です。,本記事を読むと、会計・税務を数字暗記ではなく判断手順として整理でき、保険論点との接続を含めて設備・その他分野の得点を安定させられます。,要項で会計・税務・保険の出題範囲を確認する;収支と損益の違いを短文で説明できるようにする;減価償却の前提条件を表にまとめる;保険と税務の接続を1事例で確認する;誤答を概念ミスと手順ミスに分類する,試験要項や公式ページ、関係法令が更新されたタイミングで本文と参照元を見直します。,2026-06-04,2026-06-29,2026-06-04,published,2026-06-04: 編集合格（手書きリライト）,会計・税務で固定する考え方,"賃管試験の会計・税務は、オーナーの収支把握と費用区分の理解が中心です（詳細は要項・テキスト）。

| 観点 | 内容の例 | 演習での見方 |
| --- | --- | --- |
| 収支 | 入金・支出の把握 | キャッシュと損益の区別 |
| 損益 | 収益・費用の認識 | 発生主義の読み替え |
| 減価償却 | 資産の費用化 | 年数・方法の条件 |
| 税務手続 | 申告の基礎 | 断定せず要項・所管で確認 |
| 保険 | 火災・賠償等 | 適用場面と契約 |

数値は年度・制度で変わるため、学習中も公式の公表資料で前提を上書き確認してください。",収支・損益・費用区分,"収支表と損益計算は目的が異なり、設問では「どちらの視点か」を先に確認します。

| 項目 | 覚える焦点 | 混同しやすい点 |
| --- | --- | --- |
| 収入 | 家賃・共益費・その他 | 預り金との区別 |
| 支出 | 管理費・修繕・税公課 | 資本的支出か維持費か |
| 損益 | 期間の収益と費用 | 収支とのタイミング差 |
| キャッシュ | 入出金 | 未収・未払の有無 |
| 記録 | オーナー1件想定 | 図で流れを描く |

1件の賃貸物件を想定し、入居〜退去までの金銭イベントを時系列で書くと、長文設問でも手が止まりにくくなります。",減価償却と修繕費の接続,"設備分野の修繕・更新と税務の費用区分は、同じ事例で往復すると理解が定着します。

| 区分 | 設備分野での例 | 税務・会計での見方 |
| --- | --- | --- |
| 維持費 | 日常的な修繕 | 費用化しやすい場面 |
| 資本的支出 | 大規模修繕・更新 | 資産計上・償却 |
| 減価償却 | 建物・設備 | 年数・残存価値 |
| 保険金 | 損害填補 | 収益・費用への影響 |
| 演習 | 条件付き設問 | 前提をメモ欄に書く |

建物・設備の試験対策の記事で修繕判断を確認した週に、本節の表を1回だけ見直すサイクルが効率的です。",保険論点の位置づけ,"保険は火災・賠償・借家人賠償など種類が分かれ、契約・設備と接続して出題されます。

| 種類 | 確認する点 | 接続先 |
| --- | --- | --- |
| 火災保険 | 対象・保険金 | 設備損害 |
| 賠償責任 | 適用場面 | 契約トラブル |
| 借家人 | 借主の範囲 | 契約・原状回復 |
| 付保義務 | 条項・慣行 | 管理受託実務 |
| 演習 | 適用・非適用 | 理由を一文で |

深掘りは保険・物件リスクの試験対策で、補償の範囲と免責を確認してください。",週次ルートと直前の絞り込み,"会計・税務は短時間の反復が向きます。

| 曜日 | 内容 |
| --- | --- |
| 水 | 用語2語＋数値早見 |
| 金 | 比較表の見直し |
| 日 | 税務・保険系演習10問 |
| 翌週水 | 解き直し |
| 月1回 | 50問通しで当分野の正答数 |

直前期は新規の税務テキストを増やさず、誤答上位の概念と50問通しに集中してください。設備ハブ・設備の深掘り記事と組み合わせると、3分野のバランスが取りやすくなります。",つまずきやすいポイント,"会計・税務・保険の試験対策では、「賃管受験者が診断する」「休職勧奨＝解雇」「ストレスチェック結果を個別に上司が全部見る」など、現場イメージと制度のズレが誤答の温床になります。特に敷金返還と原状回復、更新と再契約の混同は四択で頻出です。

誤解を解くには、用語解説で定義を確認したうえで、比較表タブの「混同しやすい組み合わせ」を読み、演習問題で引っかけ肢を体験してください。数値・日程・合格基準は年度で更新されるため、学習前と申込前には賃貸不動産経営管理士試験センター（公式）の最新案内を確認してください。",次にやること,"このサイトでのおすすめの流れ：①試験ガイドで制度の全体像 ②用語解説で重要語を章ごとに確認 ③一問一答で知識の穴を洗い出し ④演習問題一覧から分野別に四択演習 ⑤間違えた問題は復習機能に残す。

直前期は新しい教材を増やしすぎず、会計・税務・保険の試験対策で誤答した分野と頻出用語に絞って解き直してください。比較表・数値早見・よくある誤答タブは、短時間の確認向きです。",会計・税務は計算が中心ですか？,賃管試験では概念理解と条件判断の比重が高く、複雑な計算だけを練習しても得点が安定しにくい場合があります。収支・損益・費用区分を短文で説明できる状態を先に作り、事例演習で当てはめてください。数値・期限は早見表で確認し、制度の前提は所管の公表資料で照合してください。,減価償却はどう覚えますか？,資産の種類・耐用年数・償却方法の前提を表にまとめ、設問では前提をメモ欄に書いてから選択肢を読むとよいです。修繕費との接続は建物・設備の記事と同じ週に戻ると、資本的支出か維持費かの判断が定着しやすくなります。最新の取扱いは所管の公表資料と要項で確認してください。,limit-subject:設備・税務・その他の学習導線;building-equipment-guide:建物・設備の試験対策;insurance-property-risk:保険・物件リスクの試験対策,保険は別記事と併用すべきですか？,会計・税務の記事で全体像を掴み、保険・物件リスクの記事で補償範囲と免責を深掘りする使い分けが効率的です。同一のトラブル事例で契約・設備・保険を往復すると、3分野横断の設問に強くなります。出題範囲の正本は試験センター要項です。,,,収支と損益を分ける;減価償却は条件付きで整理;設備の修繕と接続;保険は適用場面で学ぶ;要項・所管で前提確認
glossary-how-to-use,学習法,賃貸不動産経営管理士試験｜用語集の使い方｜静的記事とアプリ演習の往復,賃貸不動産経営管理士試験の用語集の活用法を整理。誤答直後の用語確認、3分野別の優先順、静的記事と演習の往復で50問120分の得点に結びつける手順を解説します。,用語集は読了が目的ではなく、演習の誤答を定義レベルで直すための辞書として使うと得点に結びつきます。試験は50問・120分・3分野、令和8年度は2026年11月15日（日）13:00〜15:00です。本記事では試験センター要項を前提に、用語記事・比較表・数値早見・よくある誤答タブの使い分けと、過去問・一問一答との往復手順を表で説明します。出題範囲は https://www.chintaikanrishi.jp/ の要項で確認してください。,125,用語集;学習法,賃管マスター編集部,賃貸不動産経営管理士試験の過去問形式演習、用語解説、学習導線を整理する編集チームです。,賃管マスター確認担当,公開前に公式情報への誘導、断定表現、内部リンク、FAQ、更新日の有無を確認します。,2026-06-04,賃貸不動産経営管理士協議会（公式）|https://www.chintaikanrishi.jp/,手書きリライト 2026-06-04。自動prose差し替え 2026-06-04（要手書き）。terms/index と各用語ページの関連過去問への導線説明です。,本記事を読むと、用語を読むだけで終わらせず、演習へ戻して正答率を上げる週次の運用が設計できるようになります。,要項で3分野の出題範囲を確認し、用語の優先リストを作る;誤答直後に該当語の用語記事を開き、定義を1行でメモする;同テーマの演習をその週中に解き直す;比較表・数値早見は混同語だけ短時間で見る;月末に再発誤答語を集計し翌月計画へ反映する,試験要項や公式ページ、関係法令が更新されたタイミングで本文と参照元を見直します。,2026-06-04,2026-06-29,2026-06-04,published,2026-06-04: 編集合格（手書きリライト）,用語集の役割,"用語解説は、演習でつまずいた語の定義・主体・効果を短時間で固定するリソースです。

| リソース | 向いている場面 | 使い方 |
| --- | --- | --- |
| 用語記事 | 初見・誤答直後 | 定義→演習5問 |
| 比較表 | 類似語の混同 | 違いを3行でメモ |
| 数値早見 | 期限・割合 | 演習前の5分確認 |
| よくある誤答 | 引っかけ肢 | 誤り語を記録 |
| 分野別一覧 | 弱点分野 | 週次で3語ずつ |

用語だけ週替わりで読むと断片化するため、必ず同じ週に演習を入れてください。",誤答から用語へ戻る手順,"演習後のフローを固定すると、復習の手戻りが減ります。

| 順番 | 作業 | 時間の目安 |
| --- | --- | --- |
| 1 | 誤答語をノートに書く | 5分 |
| 2 | 用語記事で定義・主体を確認 | 10分 |
| 3 | 比較表で類語の差を見る | 5分 |
| 4 | 同テーマ演習を5問 | 15分 |
| 5 | 翌週に解き直し | 10分 |

正解した語も、根拠を一文書けない場合は用語記事を開き直してください。偶然正解と定着を区別するためです。",静的記事とアプリ演習の往復,"サイト上の用語記事（静的）と、過去問・一問一答（演習）はセットで使います。

| モード | 強み | 組み合わせ |
| --- | --- | --- |
| 用語記事 | 定義の固定 | 誤答直後 |
| 通し演習 | 時間配分 | 月2回120分 |
| 一問一答 | 弱点の短時間 | 通勤・隙間時間 |
| 分野別演習 | バランス確認 | 週末2時間 |
| 解き直し | 再発防止 | 7日後 |

一問一答の使い方は専用記事で、誤答タグだけを回す運用例を確認できます。過去問の回し方は過去問の効果的な使い方とあわせて設計してください。",3分野別の優先順,"全用語を均等に読むより、演習正答率が低い分野から優先します。

| 分野 | 用語学習の入口 | 演習の接続 |
| --- | --- | --- |
| 法令・制度 | 登録・重説・監督 | 条文マップと往復 |
| 契約・実務 | 借家類型・原状回復 | 比較表を先に |
| 設備・税務・その他 | 維持保全・税務・保険 | 数値早見と接続 |
| 記録 | 分野別正答数 | 50問通しで月1回 |

科目別ハブから深掘り記事へ進み、戻りは用語→演習の順を維持すると迷いにくくなります。",直前・当日までの使い方,"直前期は新語を増やさず、再発誤答語と重要度の高い定義に絞ります。

| 時期 | 用語集の使い方 |
| --- | --- |
| 試験4週前 | 誤答上位30語だけ |
| 試験2週前 | 比較表・誤答タブのみ |
| 試験1週前 | 数値早見＋解き直し |
| 前日 | 新規は見ない、睡眠優先 |

令和8年度の試験日は11月15日（日）です。学習計画全体は学習計画の立て方、直前の行動は直前対策の記事で補完できます。",本番対応の確認,"【拡張セクション27】教材追加の判断基準を作る
用語集の使い方の学習では「教材管理」を起点に判断基準をそろえると、設問処理が安定します。
とくに用語確認から演習への接続に関する設問は、賃貸不動産経営管理士 examの文脈で主体・期限・条件が同時に問われます。
実行手順としては、不足が定量で見えた時のみ追加するを固定し、学習ログへ翌週の修正点を一行で残してください。
迷った項目は試験センターの公表情報と照合し、3分野のどこに属するかを再分類すると再発を減らせます。

【拡張セクション28】誤答ノートの書式を単純化する
用語集の使い方の学習では「ノート運用」を起点に判断基準をそろえると、設問処理が安定します。
とくに用語確認から演習への接続に関する設問は、賃貸不動産経営管理士 examの文脈で主体・期限・条件が同時に問われます。
実行手順としては、再読しやすい短文テンプレにするを固定し、学習ログへ翌週の修正点を一行で残してください。
迷った項目は試験センターの公表情報と照合し、3分野のどこに属するかを再分類すると再発を減らせます。

【拡張セクション29】演習セットの再利用率を上げる
用語集の使い方の学習では「再利用」を起点に判断基準をそろえると、設問処理が安定します。
とくに用語確認から演習への接続に関する設問は、賃貸不動産経営管理士 examの文脈で主体・期限・条件が同時に問われます。
実行手順としては、同テーマ問題を周期的に回すを固定し、学習ログへ翌週の修正点を一行で残してください。
迷った項目は試験センターの公表情報と照合し、3分野のどこに属するかを再分類すると再発を減らせます。

【拡張セクション30】分野別正答率の目標を明確化する
用語集の使い方の学習では「目標設定」を起点に判断基準をそろえると、設問処理が安定します。
とくに用語確認から演習への接続に関する設問は、賃貸不動産経営管理士 examの文脈で主体・期限・条件が同時に問われます。
実行手順としては、達成基準を数値で管理するを固定し、学習ログへ翌週の修正点を一行で残してください。
迷った項目は試験センターの公表情報と照合し、3分野のどこに属するかを再分類すると再発を減らせます。

【拡張セクション31】焦りを抑える当日ルーティンを作る
用語集の使い方の学習では「当日準備」を起点に判断基準をそろえると、設問処理が安定します。
とくに用語確認から演習への接続に関する設問は、賃貸不動産経営管理士 examの文脈で主体・期限・条件が同時に問われます。
実行手順としては、入室前の確認事項を固定するを固定し、学習ログへ翌週の修正点を一行で残してください。
迷った項目は試験センターの公表情報と照合し、3分野のどこに属するかを再分類すると再発を減らせます。",運用チェックリスト,"【拡張セクション32】体調管理を得点戦略へ含める
用語集の使い方の学習では「コンディション」を起点に判断基準をそろえると、設問処理が安定します。
とくに用語確認から演習への接続に関する設問は、賃貸不動産経営管理士 examの文脈で主体・期限・条件が同時に問われます。
実行手順としては、睡眠と食事の優先順位を守るを固定し、学習ログへ翌週の修正点を一行で残してください。
迷った項目は試験センターの公表情報と照合し、3分野のどこに属するかを再分類すると再発を減らせます。

【拡張セクション33】見直し手順を工程化する
用語集の使い方の学習では「見直し」を起点に判断基準をそろえると、設問処理が安定します。
とくに用語確認から演習への接続に関する設問は、賃貸不動産経営管理士 examの文脈で主体・期限・条件が同時に問われます。
実行手順としては、数字条件と主体表現を先に点検するを固定し、学習ログへ翌週の修正点を一行で残してください。
迷った項目は試験センターの公表情報と照合し、3分野のどこに属するかを再分類すると再発を減らせます。

【拡張セクション34】質問が残る論点を公式資料で照合する
用語集の使い方の学習では「一次情報照合」を起点に判断基準をそろえると、設問処理が安定します。
とくに用語確認から演習への接続に関する設問は、賃貸不動産経営管理士 examの文脈で主体・期限・条件が同時に問われます。
実行手順としては、不明点を出典付きで解消するを固定し、学習ログへ翌週の修正点を一行で残してください。
迷った項目は試験センターの公表情報と照合し、3分野のどこに属するかを再分類すると再発を減らせます。

【拡張セクション35】学習計画の見直し日を固定する
用語集の使い方の学習では「計画更新」を起点に判断基準をそろえると、設問処理が安定します。
とくに用語確認から演習への接続に関する設問は、賃貸不動産経営管理士 examの文脈で主体・期限・条件が同時に問われます。
実行手順としては、毎週同じ曜日に配分を修正するを固定し、学習ログへ翌週の修正点を一行で残してください。
迷った項目は試験センターの公表情報と照合し、3分野のどこに属するかを再分類すると再発を減らせます。

【拡張セクション36】本番直前の確認範囲を限定する
用語集の使い方の学習では「最終確認」を起点に判断基準をそろえると、設問処理が安定します。
とくに用語確認から演習への接続に関する設問は、賃貸不動産経営管理士 examの文脈で主体・期限・条件が同時に問われます。
実行手順としては、高頻度誤答だけを再確認するを固定し、学習ログへ翌週の修正点を一行で残してください。
迷った項目は試験センターの公表情報と照合し、3分野のどこに属するかを再分類すると再発を減らせます。",用語集は毎日何語読めばよいですか？,語数より、誤答・弱点に紐づく語を週10〜15語程度深く読む方が得点に効きます。読んだ語は同週中に演習5問以上で確認し、根拠を一文で書けるかをチェックしてください。月末に再発語を集計し、翌月の優先リストへ反映する運用が安定しやすいです。,用語を先に読むべきですか、演習を先にすべきですか？,初見の論点は用語で定義を固定してから演習へ進む流れが効率的です。すでに演習で誤答した語がある場合は、誤答ログから用語を開き、直後に解き直しを入れてください。比較表・よくある誤答は、混同が続くときの短時間確認向きです。,past-questions-how-to-use:過去問の効果的な使い方;ichimon-practice-mode:一問一答モードの使い方;study-plan:学習計画の立て方,アプリ演習だけでは足りませんか？,演習だけでは定義の抜けが残りやすく、用語だけでは四肢択一の言い換えに弱い場合があります。静的な用語記事で定義を固定し、演習で言い換えに慣れ、7日後に解き直す三層がバランス良いです。50問120分の通し演習は月2回以上入れ、時間配分も本番形式で確認してください。,,,用語は演習とセット;誤答直後に定義確認;比較表は混同語向け;一問一答は弱点用;直前は再発語に絞る
last-minute-guide,試験対策,賃貸不動産経営管理士試験の直前対策と試験当日の進め方,賃貸不動産経営管理士試験の直前1〜2週間の学習絞り込みと当日手順を整理。50問120分の時間配分、睡眠・持ち物・受験票確認を令和8年度11月15日試験向けに解説します。,"直前期は不安から教材を増やしがちですが、範囲拡大は判断手順の再現性を下げます。令和8年度は50問・120分・3分野、試験日は2026年11月15日（日）13:00〜15:00、受験料12,000円（要項どおり）です。本記事では試験センター要項と協議会公表情報を正本として、直前1〜2週間でやること・削ること、通し演習の時間配分、当日の行動順を表で説明します。当日の注意・持ち物は申込後に要項と受験票で必ず確認してください。",130,直前対策;試験当日,賃管マスター編集部,賃貸不動産経営管理士試験の過去問形式演習、用語解説、学習導線を整理する編集チームです。,賃管マスター確認担当,公開前に公式情報への誘導、断定表現、内部リンク、FAQ、更新日の有無を確認します。,2026-06-04,賃貸不動産経営管理士協議会（公式）|https://www.chintaikanrishi.jp/,手書きリライト 2026-06-04。自動prose差し替え 2026-06-04（要手書き）。schedule-application や科目別ハブへの導線を含む直前用記事です。,本記事を読むと、直前期に優先すべき作業と削るべき作業が分かり、11月15日当日までの行動をカレンダーに落とし込みやすくなります。,要項と受験票で会場・開始時刻・持ち物を再確認する;再発誤答テーマを3分野から各5件ずつ抽出する;新規教材の追加を止め、誤答ノートと通し演習に集中する;起床・就寝時刻を本番2週前から固定する;50問120分で解答順と見直し枠を1回決める,試験要項や公式ページ、関係法令が更新されたタイミングで本文と参照元を見直します。,2026-06-04,2026-06-29,2026-06-04,published,2026-06-04: 編集合格（手書きリライト）,直前期にやること・削ること,"試験2週間前からは「追加」より「絞り込み」が原則です。

| 優先する作業 | 削る・後回しにする作業 |
| --- | --- |
| 誤答ノート上位の解き直し | 未着手の新規テキスト |
| 50問120分の通し1〜2回 | 分野横断の広範囲インプット |
| 重要語の定義確認 | 細部条文の初読 |
| 受験票・会場・時刻の確認 | SNS・非公式まとめの追記 |
| 睡眠リズムの固定 | 深夜の長時間演習 |

不安時ほど公式要項と受験票に戻り、数字と手続きの正本を上書き確認してください。",直前1〜2週間の学習表,"次の例は調整用です。総量より、同じ論点への再接触回数を優先します。

| 日 | 目安 | 内容 |
| --- | --- | --- |
| 月〜水 | 各45分 | 誤答解き直し＋用語確認 |
| 木 | 休み or 30分 | 数値早見のみ |
| 金 | 2時間 | 分野別演習20問 |
| 土 | 120分 | 50問通し（本番形式） |
| 日 | 60分 | 通しの誤答分析のみ |

通し演習は11月10日頃までに1回完了し、残り日数は解き直しと睡眠に振ると安定しやすいです。",50問120分の時間配分,"本番は約2.4分/問です。解答順を先に決めておくと時間切れが減ります。

| フェーズ | 目安時間 | 運用 |
| --- | --- | --- |
| 第1周 | 90分 | 易問・得意分野から処理 |
| 保留 | 15分枠 | 難問はマークして先送り |
| 第2周 | 25分 | 保留と見直し |
| 見直し | 10分 | マークミス・択一漏れ |
| 記録 | 演習後 | 未解答数と分野別正答 |

通し演習で一度この配分を試し、自分用に±10分調整してください。合格点の目安は合格点・合格率の見方で要項基準を確認できます。",試験前日・当日の行動,"前日は新規学習を止め、受験準備と体調管理に集中します。

| タイミング | 確認項目 |
| --- | --- |
| 1週間前 | 受験票の会場名・住所・開始13:00 |
| 3日前 | HB鉛筆・消しゴム・受験票・身分証（要項追記に従う） |
| 前日 | 交通経路・到着時刻（開場は要項・受験票） |
| 当日朝 | 軽い誤答ノートのみ、長時間演習はしない |
| 会場到着 | 氏名・受験番号を受験票で再確認 |

会場・交通・持ち物の最新は受験票と試験センター要項が正本です。日程・申込全般は日程・申込の確認手順の記事で一覧できます。",当日の解答と見直し,"本番では知識不足よりケアレスミスが得点を落とすことがあります。

| 場面 | 対処 |
| --- | --- |
| 長文 | 当事者・争点を3行メモ |
| 数字 | 単位・期限を下線 |
| 似た肢 | 不適切な語を1つ指摘 |
| 時間切れ | 未マークを残さない |
| 終了5分前 | 解答欄の空欄確認 |

試験後は正解照合より、誤答理由の分類を先にメモし、合格発表までの間に再発語だけ用語解説で確認する程度に留めるとメンタル面でも安定しやすいです。",つまずきやすいポイント,"直前対策と試験当日の進め方では、「賃管受験者が診断する」「休職勧奨＝解雇」「ストレスチェック結果を個別に上司が全部見る」など、現場イメージと制度のズレが誤答の温床になります。特に敷金返還と原状回復、更新と再契約の混同は四択で頻出です。

誤解を解くには、用語解説で定義を確認したうえで、比較表タブの「混同しやすい組み合わせ」を読み、演習問題で引っかけ肢を体験してください。数値・日程・合格基準は年度で更新されるため、学習前と申込前には賃貸不動産経営管理士試験センター（公式）の最新案内を確認してください。",次にやること,"このサイトでのおすすめの流れ：①試験ガイドで制度の全体像 ②用語解説で重要語を章ごとに確認 ③一問一答で知識の穴を洗い出し ④演習問題一覧から分野別に四択演習 ⑤間違えた問題は復習機能に残す。

直前期は新しい教材を増やしすぎず、直前対策と試験当日の進め方で誤答した分野と頻出用語に絞って解き直してください。比較表・数値早見・よくある誤答タブは、短時間の確認向きです。",直前1週間で新しい問題集を買ってもよいですか？,原則としては避け、既習範囲の解き直しと50問通しに集中する方が得点が安定しやすいです。どうしても補強する場合は、1分野・1テーマに限定し、演習は10問以内で完了させてください。新規インプットと本番形式の練習が同週に重なると、睡眠と判断力の両方が落ちるおそれがあります。,試験当日は何時に会場へ向かえばよいですか？,開始は13:00ですが、受験票と要項に記載の開場時刻・受付手順に従ってください。交通遅延を見込み、余裕を持った到着時刻を前日カレンダーに書き込みます。会場名・住所は受験票の表記が正で、申込時に選んだ都市と異なる場合があるため、前日に再確認してください。,schedule-application:日程・申込の確認手順;pass-score:合格点・合格率の見方;study-plan:学習計画の立て方,直前に最優先すべき復習は何ですか？,再発誤答テーマの解き直しと、50問120分の時間配分の確認が最優先です。3分野それぞれで正答率が低いブロックがあれば、そこだけ週末に演習20問を追加してください。全体の学習設計は学習計画の立て方、合格基準は合格点・合格率の見方で要項と照合できます。,,,直前は絞り込み優先;50問通しで時間配分を決める;受験票で会場・時刻確認;睡眠リズムを固定;要項が当日情報の正本
after-passing-guide,試験概要,賃貸不動産経営管理士試験の合格後の手続きと実務での活用の考え方,賃貸不動産経営管理士試験合格後の登録準備・研修・実務定着を整理。試験センター・協議会要項を正本に期限と書類を表でまとめ、50問120分で学んだ3分野を令和8年度11月15日試験後の運用へ接続する手順を解説します。,学科試験の合格はゴールではなく、賃貸住宅管理の実務へ知識を接続する起点です。令和8年度の試験は50問・120分・3分野、試験日は2026年11月15日（日）13:00〜15:00です。本記事では一般財団法人 賃貸不動産経営管理士協議会および試験センター要項を正本として、合格発表後に確認すべき手続きの順序、登録・研修の整理表、学習ノートを実務メモへ変える方法を説明します。期限・様式は年度で変わるため、行動前に必ず https://www.chintaikanrishi.jp/ の最新案内で上書き確認してください。,135,合格後;登録,賃管マスター編集部,賃貸不動産経営管理士試験の過去問形式演習、用語解説、学習導線を整理する編集チームです。,賃管マスター確認担当,公開前に公式情報への誘導、断定表現、内部リンク、FAQ、更新日の有無を確認します。,2026-06-04,賃貸不動産経営管理士協議会（公式）|https://www.chintaikanrishi.jp/,手書きリライト 2026-06-04。自動prose差し替え 2026-06-04（要手書き）。試験概要ジャンルの合格後ガイドです。,本記事を読むと、合格後の手続きを期限順に並べ替えられ、登録準備と業務定着を同時に進めるチェックリストを自分用に作れるようになります。,合格発表後、協議会・試験センターの案内で手続き期限をカレンダー登録する;必要書類リストを要項どおりに作成し、不足項目を先に洗い出す;3分野の学習ノートから実務で使う論点を10件抽出する;登録・研修と別メモで管理し、試験学習用ノートと混同しない;月1回、公式サイトで手続き要件の更新有無を確認する,試験要項や公式ページ、関係法令が更新されたタイミングで本文と参照元を見直します。,2026-06-04,2026-06-29,2026-06-04,published,2026-06-04: 編集合格（手書きリライト）,合格直後に固定する2つの正本,"合格後の情報は、試験センターの合否通知と協議会の登録・研修案内が正本です。SNSや第三者まとめだけで手続きを進めると、年度差で期限を誤りやすくなります。

| 段階 | 正本 | 記録の仕方 |
| --- | --- | --- |
| 合否確認 | 試験センター・協議会の公表 | 発表日をカレンダー固定 |
| 登録手続 | 協議会案内・所管の公表 | 提出期限・様式を一覧化 |
| 研修・継続 | 協議会・所管（要項・案内で確認） | 受講期限を別色で登録 |
| 学習の接続 | 自分の誤答ノート | 実務で使う論点だけ残す |
| 試験形式の復習 | 50問・120分・3分野 | 通し演習は受験中まで継続 |

学科合格と賃貸住宅管理業法上の登録・届出は別手続きです。用語と期限を混同しないよう、受験前用・合格後用のメモを分けてください。",手続きの時系列（例）,"詳細な期限・様式は年度ごとに更新されるため、下表は確認用の枠組みです（必ず要項・案内で照合）。

| 順番 | 確認する内容 | よくある漏れ |
| --- | --- | --- |
| 1 | 合否通知の保存 | 氏名・受験番号の照合漏れ |
| 2 | 登録申請の期限 | 書類不備による再提出 |
| 3 | 必要書類・手数料 | 振込名義・提出先の誤り |
| 4 | 研修・講習の受講 | 受講証明の提出忘れ |
| 5 | 実務での運用開始 | 重説・契約の現場手順未整理 |

手続きが一段落した週に、法令・契約・設備の各ハブから1記事ずつ読み返すと、試験で得た知識が業務判断へつながりやすくなります。",学習成果を実務メモへ変える,"合格後も、50問120分で鍛えた「当事者・期限・根拠」の読み方はそのまま使えます。

| 分野 | 実務で残すメモの例 | 演習との接続 |
| --- | --- | --- |
| 法令・制度 | 重説・書面・監督のチェック | 業法の誤答上位 |
| 契約・実務 | 更新・原状回復・金銭の流れ | 長文の3行メモ |
| 設備・税務 | 修繕負担・点検記録 | 主体・対象・目的 |
| 記録 | 再発した誤答語 | 用語解説へ戻る |
| 更新 | 公式案内の確認日 | 月1回の見直し |

ノート全体を移すより、現場で再現したい判断手順だけを抜き出すと、実務定着が早く、試験直前の復習資料としても再利用できます。",登録・研修と試験学習の切り分け,"合格後タスクを試験対策と同じノートに書き込むと、優先順位がぶれます。

| ノート | 書く内容 | 見直し頻度 |
| --- | --- | --- |
| 手続き用 | 期限・提出先・控え番号 | 週1回 |
| 業務用 | 重説・契約・トラブル事例 | 案件ごと |
| 試験用 | 誤答・通し演習記録 | 合格発表まで継続可 |
| 用語用 | 定義・比較表メモ | 月2回 |
| 公式確認 | 確認した日付 | 手続き前後 |

受験資格・登録制度の整理は受験資格・登録制度の記事で、試験前に読んだ内容を合格後メモへリンクしておくと迷いにくくなります。",合格後も続ける学習習慣,"登録手続きが忙しい時期ほど、暗記だけの復習は手が止まりやすくなります。

| 週 | 目安 | 内容 |
| --- | --- | --- |
| 手続き週 | 30分 | 公式案内の差分確認のみ |
| 業務週 | 45分×2 | 誤答上位の用語→事例1件 |
| 月1回 | 50問通し | 時間配分の維持（任意） |
| 四半期 | 1時間 | 3分野ハブの見直し |

令和8年度試験日は11月15日（日）です。受験中に作った学習計画の「解き直し枠」は、合格後は実務の振り返り枠へ置き換えると続けやすくなります。",つまずきやすいポイント,"合格後の手続きと実務での活用の考え方では、「賃管受験者が診断する」「休職勧奨＝解雇」「ストレスチェック結果を個別に上司が全部見る」など、現場イメージと制度のズレが誤答の温床になります。特に敷金返還と原状回復、更新と再契約の混同は四択で頻出です。

誤解を解くには、用語解説で定義を確認したうえで、比較表タブの「混同しやすい組み合わせ」を読み、演習問題で引っかけ肢を体験してください。数値・日程・合格基準は年度で更新されるため、学習前と申込前には賃貸不動産経営管理士試験センター（公式）の最新案内を確認してください。",次にやること,"このサイトでのおすすめの流れ：①試験ガイドで制度の全体像 ②用語解説で重要語を章ごとに確認 ③一問一答で知識の穴を洗い出し ④演習問題一覧から分野別に四択演習 ⑤間違えた問題は復習機能に残す。

直前期は新しい教材を増やしすぎず、合格後の手続きと実務での活用の考え方で誤答した分野と頻出用語に絞って解き直してください。比較表・数値早見・よくある誤答タブは、短時間の確認向きです。",合格発表後、最初に何を確認すべきですか？,合否通知の内容を保存し、協議会・試験センターの案内で登録・研修の期限と必要書類を一覧化することから始めてください。第三者サイトの手順だけを信頼せず、提出先・振込・様式は必ず公式の最新公表で照合します。学科合格と業法上の登録は別手続きのため、用語と期限を混同しないようメモを分けて管理してください。,試験で使ったノートは合格後も必要ですか？,全量を残す必要はありません。誤答が多かった論点と、長文で使った「当事者・期限・根拠」のメモ法だけを実務ノートへ移すのが効率的です。法令・契約・設備のハブ記事と往復し、現場の事例に当てはめて説明できるかを月1回確認すると定着が続きます。手続き用ノートと業務用ノートを分けると、合格後の情報過多を防ぎやすくなります。,eligibility-registration:受験資格・登録制度;exam-overview:試験概要・出題分野;schedule-application:日程・申込の確認手順,合格後も50問120分の演習は続けますか？,必須ではありませんが、月1回程度の通し演習は判断速度の維持に有効な場合があります。手続きが集中する週は演習を減らし、公式案内の確認と書類準備を優先してください。出題範囲・試験形式の正本は引き続き試験センター要項です。最新情報は協議会公式サイトで確認してください。,,,合格後は公式案内が正本;登録と試験学習はノート分離;3分野の判断手順を実務へ;期限はカレンダーで管理;chintaikanrishi.jpで更新確認
juyo-jiko-setsumei-guide,法令対策,賃貸不動産経営管理士試験｜重要事項説明の試験対策｜宅建業法との関係と記載事項,賃貸不動産経営管理士試験の重要事項説明を整理。宅建35条と賃管業法の説明義務の違い、交付・IT重説・記載事項を表でまとめ、50問120分・3分野・令和8年度11月15日試験向けの判別手順を解説します。,重要事項説明は、適用される契約と法律を先に判別しないと、記載事項・交付時期の設問で連続して誤答しやすくなります。賃貸不動産経営管理士試験は50問・120分・3分野、令和8年度の試験日は2026年11月15日（日）13:00〜15:00です。本記事では一般財団法人 賃貸不動産経営管理士協議会および試験センター要項を前提に、宅建業法上の重説と賃貸住宅管理業法上の説明義務の比較表、IT重説・書面の整理、演習への接続を説明します。記載要件の最終確認は https://www.chintaikanrishi.jp/ の要項と関係法令で行ってください。,140,重要事項説明;宅建業法,賃管マスター編集部,賃貸不動産経営管理士試験の過去問形式演習、用語解説、学習導線を整理する編集チームです。,賃管マスター確認担当,公開前に公式情報への誘導、断定表現、内部リンク、FAQ、更新日の有無を確認します。,2026-06-04,賃貸不動産経営管理士協議会（公式）|https://www.chintaikanrishi.jp/,手書きリライト 2026-06-04。自動prose差し替え 2026-06-04（要手書き）。law-subject ハブの法令深掘り記事です。,本記事を読むと、重説の種類を契約場面ごとに切り分けられ、宅建業法と賃管業法の設問で説明主体・交付書面を取り違えにくくなります。,要項で法令・制度の出題範囲を確認する;宅建35条と賃管業法の説明義務を比較表にまとめる;IT重説・書面交付の要件を用語で固定する;重説系演習10問を主体メモ付きで解く;誤答を法律の取り違えと記載漏れに分類する,試験要項や公式ページ、関係法令が更新されたタイミングで本文と参照元を見直します。,2026-06-04,2026-06-29,2026-06-04,published,2026-06-04: 編集合格（手書きリライト）,最初に判別する「どの契約にどの法律か」,"重説の学習は条文番号の暗記より、契約類型と適用法令の対応付けから始めます。

| 観点 | 確認の順番 | 誤答の典型 |
| --- | --- | --- |
| 契約 | 賃貸借・管理受託・媒介等 | 対象契約の読み違え |
| 法律 | 宅建業法・賃管業法・その他 | 35条と13条台の混同 |
| 主体 | 説明者・受領者 | 管理会社と貸主の取り違え |
| 時期 | 説明・締結・交付 | 前後関係の逆転 |
| 形式 | 書面・IT・口頭補足 | 交付要件の不足 |

設問文の冒頭に「管理受託」「賃貸借」などのキーワードを下線し、比較表の行を1つ選んでから選択肢を読むと安定します。",宅建業法35条と賃管業法の説明義務,"両者は関連しますが、対象・場面・記載事項が同一ではありません（詳細は法令・テキストで確認）。

| 比較項目 | 宅建業法（重説）の例 | 賃管業法の例 |
| --- | --- | --- |
| 中心場面 | 宅地建物取引 | 管理受託等の業務 |
| 説明者 | 宅建業者等 | 登録事業者等 |
| 書面 | 重要事項説明書 | 業法上の書面・記録 |
| 演習 | 条文番号より要件 | 主体・時期・記載 |
| 接続 | 契約分野の条項 | 管理業務の範囲 |

賃貸住宅管理業法の骨格は賃貸住宅管理業法の試験対策で確認し、本記事では重説の横断比較に集中する使い分けが効率的です。",IT重説・交付・記載事項,"ITを用いた説明・交付は、方式と記録の要件が設問になります（最新は所管・要項で確認）。

| テーマ | 整理の焦点 | 学習のコツ |
| --- | --- | --- |
| IT重説 | 方式・同意・記録 | 手続きの順序図 |
| 書面交付 | 時期・保管 | 締結前後で色分け |
| 記載事項 | 必須・任意の区別 | 一覧表に転記 |
| 説明不足 | 効果・救済 | 事例で復習 |
| 演習 | 四肢択一 | 不適切語を1つ指摘 |

数値・期限は知識ハブの数値早見表で短時間確認し、重説の誤答は「法律ミス」「記載ミス」「主体ミス」にタグ付けして解き直してください。",週次の学習ルート（法令分野）,"重説は法令分野の中でも事例接続が多いため、契約ハブとの往復が有効です。

| 曜日 | 目安 | 内容 |
| --- | --- | --- |
| 火 | 30分 | 比較表の見直し |
| 木 | 30分 | 用語2語＋条文マップ |
| 土 | 2時間 | 重説系演習10問＋誤答分析 |
| 翌週火 | 30分 | 同じ10問の解き直し |
| 月1回 | 120分 | 50問通しで法令分野の正答数 |

契約・実務の設問で重説が絡む場合は、当事者・契約類型・説明時期の3行メモを先に書いてから解答に入ってください。",他分野・直前との接続,"重説だけ強くても、借地借家法・金銭管理で失点すると総合得点が伸びません。

| 接続 | 例 |
| --- | --- |
| 重説→契約 | 管理受託条項・報酬 |
| 重説→設備 | 修繕・瑕疵と説明内容 |
| 直前 | 比較表と誤答上位のみ |
| 公式 | 要項・協議会サイト |

令和8年度は11月15日試験です。直前期は新規条文の初読より、宅建と賃管の判別ミスと記載事項の再発語に絞って解き直してください。法令ハブから深掘り記事へ、戻りは用語→演習の順を維持すると迷いにくくなります。",つまずきやすいポイント,つまずきやすいのは、IT重説を『オンラインならすべて同じ』と理解してしまう点です。実際には、適用場面や必要条件、記録管理の観点を確認する必要があります。対策として、対面説明とIT説明の共通点・相違点を一枚にまとめ、演習前に時点と主体を確認する手順を固定すると、混同による失点を減らせます。さらに、公式情報の確認日と誤答記録を同時に管理しておくと、法令前提のずれを早めに修正でき、次回演習で同じ論点をより正確に判断しやすくなります。,次にやること,次にやることは、重要事項説明関連の設問を法令別に並べて解き直すことです。解答時は、先に適用法令を判定し、次に説明主体と記載事項を確認する順を守ってください。誤答は分類して翌週再演習し、公式情報の更新確認を月次で継続すると、法令横断の設問でも安定して処理できる力を養えます。さらに、公式情報の確認日と誤答記録を同時に管理しておくと、法令前提のずれを早めに修正でき、次回演習で同じ論点をより正確に判断しやすくなります。,宅建の重説と賃管業法の説明は何が違いますか？,適用される契約と説明主体・記載事項・交付のタイミングが異なります。同じ「重要事項説明」という語でも法律が違えば要件が変わるため、設問文で契約類型を先に特定してください。比較表を週1回見直し、演習では法律の取り違えか記載漏れかを記録して解き直すと定着が早まります。,IT重説はどう覚えるとよいですか？,方式・同意・記録・交付の順序を1枚のフロー図にまとめる方法が有効です。条文番号だけ暗記すると似た選択肢で迷うため、手続きの前後関係を言語化してから演習に入ってください。最新の取扱いは所管の公表資料と要項で確認し、年度改正があれば比較表を上書きしてください。,law-subject:法令・制度の学習導線;chintai-gyoho-basics:賃貸住宅管理業法の試験対策;rights-subject:契約・実務の学習導線,この記事だけで法令分野は足りますか？,重説に特化した整理であり、賃管業法全体の骨格は賃貸住宅管理業法の記事と法令ハブで補完するのが効率的です。3分野バランスのため、契約ハブ・設備ハブと50問120分の通し演習を組み合わせてください。出題範囲の正本は試験センター要項です。最新情報は協議会公式サイトで確認してください。,,,契約と適用法令を先に判別;宅建35条と賃管業法を比較;IT重説は手順で整理;50問120分で主体確認;要項で記載要件を確認
deposit-rent-fees,重要論点,賃貸不動産経営管理士試験｜敷金・礼金・家賃の試験対策｜預り金・返還・明細書,賃貸不動産経営管理士試験の敷金・礼金・家賃・預り金を整理。法的性質・返還・控除・明細書を表でまとめ、50問120分・3分野・令和8年度11月15日試験向けの金銭管理の判断手順を解説します。,敷金・礼金・家賃は名称が似ていても法的性質が異なり、預り金・返還・明細書の設問では機能の違いが問われます。試験は50問・120分・3分野、令和8年度の試験日は2026年11月15日（日）13:00〜15:00です。本記事では試験センター要項を前提に、民法上の敷金、礼金の位置づけ、家賃滞納との関係、返還時の控除と明細書の整理表、管理受託との接続までを説明します。数値・制度の前提は https://www.chintaikanrishi.jp/ および関係法令で必ず確認してください。,145,敷金;礼金;家賃,賃管マスター編集部,賃貸不動産経営管理士試験の過去問形式演習、用語解説、学習導線を整理する編集チームです。,賃管マスター確認担当,公開前に公式情報への誘導、断定表現、内部リンク、FAQ、更新日の有無を確認します。,2026-06-04,賃貸不動産経営管理士協議会（公式）|https://www.chintaikanrishi.jp/,手書きリライト 2026-06-04。自動prose差し替え 2026-06-04（要手書き）。rights-subject ハブの金銭管理系補強記事です。,本記事を読むと、金銭の種類ごとに負担者と効果を切り分けられ、長文設問で敷金返還・控除・預り金を根拠付きで判断しやすくなります。,敷金・礼金・家賃・預り金の比較表を完成させる;敷金の預り→控除→返還を1事例で図示する;明細書・原状回復とセットで演習5問を解く;誤答を性質の混同と手続き順のミスに分類する;管理受託の金銭記事と往復して主体を確認する,試験要項や公式ページ、関係法令が更新されたタイミングで本文と参照元を見直します。,2026-06-04,2026-06-29,2026-06-04,published,2026-06-04: 編集合格（手書きリライト）,金銭の性質を先に固定する,"試験では名称より「担保か・対価か・預かりか」を先に書くと選択肢比較が安定します。

| 金銭 | 性質の例 | 試験で見る点 |
| --- | --- | --- |
| 敷金 | 担保・返還（民法622条の2等） | 控除・明細・時期 |
| 礼金 | 一時金・対価性 | 敷金と区別 |
| 家賃 | 継続的対価 | 滞納・充当・増減 |
| 預り金 | 契約条項による預かり | 分別管理・返還 |
| 管理報酬 | 受託の対価 | 預り金と混同しない |

管理受託・サブリースの記事で当事者と金銭の流れを確認したうえで、本記事の表を当てはめると主体ミスが減りやすくなります。",敷金の預り・控除・返還,"敷金は入居時の預りから退去時の返還まで、手続きの順序が問われます（詳細は法令・判例・テキストで確認）。

| 段階 | 確認する点 | 接続論点 |
| --- | --- | --- |
| 預り | 額・保管 | 分別管理 |
| 控除 | 範囲・根拠 | 原状回復・修繕 |
| 明細 | 記載項目 | ガイドライン・特約 |
| 返還 | 時期・残額 | 更新料・未払賃料 |
| 演習 | 長文 | 時系列3行メモ |

原状回復の費用負担は原状回復の試験対策と同週に戻ると、控除の妥当性判断が定着しやすくなります。",家賃・共益費・更新料,"家賃系は借地借家法の更新・終了と接続して出題されます。

| 項目 | 整理の焦点 | 誤答の典型 |
| --- | --- | --- |
| 家賃 | 支払義務・滞納 | 催告・解除と混同 |
| 共益費 | 内訳・増減 | 家賃との一体誤認 |
| 更新料 | 判例・特約 | 敷金控除との関係 |
| 充当 | 順序・範囲 | 預り金との区別 |
| 記録 | 分野別正答 | 50問通しで月1回 |

借地借家法の更新・立退の記事で契約類型を固定してから、家賃・更新料の設問に進む順序が効率的です。",演習と記録の仕方,"金銭系は短い反復と長文の時系列メモの両方が必要です。

| 曜日 | 内容 |
| --- | --- |
| 水 | 比較表5分＋用語1語 |
| 金 | 敷金返還系5問 |
| 土 | 誤答分析＋解き直し |
| 翌週水 | 同じ5問 |
| 月1回 | 50問通しで契約分野の正答数 |

正解しても根拠を一文で書けない場合は用語記事を開き直し、偶然正解と定着を区別してください。",3分野横断と直前,"敷金・家賃は契約だけでなく法令・設備と接続します。

| 接続 | 例 |
| --- | --- |
| 契約→法令 | 重説・書面の記載 |
| 契約→設備 | 修繕費の控除 |
| 直前 | 比較表と誤答上位 |
| 公式 | 要項・協議会サイト |

令和8年度試験日は2026年11月15日（日）です。直前期は新規テーマを増やさず、敷金返還・控除・明細の再発誤答と50問通しに集中してください。",つまずきやすいポイント,"預り金・返還・明細書では、「賃管受験者が診断する」「休職勧奨＝解雇」「ストレスチェック結果を個別に上司が全部見る」など、現場イメージと制度のズレが誤答の温床になります。特に敷金返還と原状回復、更新と再契約の混同は四択で頻出です。

誤解を解くには、用語解説で定義を確認したうえで、比較表タブの「混同しやすい組み合わせ」を読み、演習問題で引っかけ肢を体験してください。数値・日程・合格基準は年度で更新されるため、学習前と申込前には賃貸不動産経営管理士試験センター（公式）の最新案内を確認してください。",次にやること,"このサイトでのおすすめの流れ：①試験ガイドで制度の全体像 ②用語解説で重要語を章ごとに確認 ③一問一答で知識の穴を洗い出し ④演習問題一覧から分野別に四択演習 ⑤間違えた問題は復習機能に残す。

直前期は新しい教材を増やしすぎず、預り金・返還・明細書で誤答した分野と頻出用語に絞って解き直してください。比較表・数値早見・よくある誤答タブは、短時間の確認向きです。",敷金と礼金の違いは何ですか？,敷金は賃料債務等を担保するための金銭として整理され、礼金は一般に対価性のある一時金として扱われます。返還・控除の可否や明細の記載は敷金中心で問われるため、比較表で機能の差を固定してから演習に入ってください。最新の取扱いは関係法令とテキストで確認し、設問では条文・特約の前提をメモ欄に書く習慣をつけてください。,明細書はどの論点と一緒に学ぶとよいですか？,原状回復の費用負担・特約・ガイドラインの位置づけとセットで学ぶと、控除の妥当性まで一連で説明しやすくなります。原状回復の試験対策記事で負担区分表を作った週に、敷金返還の演習10問を当てはめてください。誤答は記載漏れか費用判断ミスかをタグ付けし、7日後に解き直すと再発が減りやすくなります。,rights-subject:契約・実務の学習導線;genjo-kaifuku-guide:原状回復の試験対策;kanri-uketsuke-sublease:管理受託・サブリースの試験対策,管理受託の預り金と敷金は同じですか？,同じ「預かり」でも契約上の性質と分別管理の要件が異なる場面があります。管理受託・サブリースの記事で関係図と金銭の流れを確認し、主体と性質をセットで整理してください。出題範囲の正本は試験センター要項です。協議会公式サイトで最新情報を確認してください。,,,名称より法的性質で読む;敷金は預り→控除→返還;家賃は更新・終了と接続;明細と原状回復をセット;50問120分で記録
minpou-contract-defects,法令対策,賃貸不動産経営管理士試験の改正民法・契約不適合責任の試験対策,賃貸不動産経営管理士試験の改正民法・契約不適合責任を整理。旧瑕疵担保との用語置換、通知・修繕・解除の時系列を表でまとめ、50問120分・3分野・令和8年度11月15日試験向けの判断手順を解説します。,2020年改正民法では「瑕疵担保」から「契約不適合」へ用語が変わり、過去問の表記と教材の新旧が混在しやすい分野です。試験は50問・120分・3分野、令和8年度の試験日は2026年11月15日（日）13:00〜15:00です。本記事では試験センター要項を前提に、不適合の類型、買主・賃借人側の救済、修繕請求・解除・損害賠償の整理表と、賃貸借・管理実務への接続を説明します。要件の細部は https://www.chintaikanrishi.jp/ および関係法令・テキストで確認してください。,150,改正民法;契約不適合,賃管マスター編集部,賃貸不動産経営管理士試験の過去問形式演習、用語解説、学習導線を整理する編集チームです。,賃管マスター確認担当,公開前に公式情報への誘導、断定表現、内部リンク、FAQ、更新日の有無を確認します。,2026-06-04,賃貸不動産経営管理士協議会（公式）|https://www.chintaikanrishi.jp/,手書きリライト 2026-06-04。自動prose差し替え 2026-06-04（要手書き）。rights-subject と法令の横断論点の深掘り記事です。,本記事を読むと、契約不適合の要件と効果を時系列で説明でき、旧表記の過去問も用語置換して読み解けるようになります。,旧「瑕疵担保」と新「契約不適合」の対応表を作る;不適合の類型と効果を図で整理する;修繕請求・解除・減価の順序を事例で確認する;長文は争点→要件→効果の3行メモから入る;誤答を用語ミスと時系列ミスに分類する,試験要項や公式ページ、関係法令が更新されたタイミングで本文と参照元を見直します。,2026-06-04,2026-06-29,2026-06-04,published,2026-06-04: 編集合格（手書きリライト）,用語の置き換えを先に固定する,"過去問・古い解説では「瑕疵」「担保」が残っているため、読む前に用語対応を書きます。

| 旧表現の例 | 読み替えの例 | 演習での注意 |
| --- | --- | --- |
| 瑕疵担保 | 契約不適合責任 | 選択肢の年代 |
| 瑕疵 | 契約不適合 | 類型の確認 |
| 修補・修繕 | 修補請求等 | 効果の順序 |
| 解除 | 契約関係の終了 | 借地借家法と混同しない |
| 記録 | 置換メモ | 解き直し時に参照 |

条文番号はテキストの最新版で照合し、設問では「誰が・いつ・何を求めているか」をメモ欄に先に書いてください。",不適合の類型と効果,"契約不適合は、種類・品質・数量などの観点で整理されます（詳細は民法・テキストで確認）。

| 観点 | 確認の焦点 | 誤答の典型 |
| --- | --- | --- |
| 存在 | 契約内容との差異 | 軽微な差異の見落とし |
| 通知 | 期間・方法 | 効果発生の前後 |
| 修補 | 請求・相当期間 | 解除との順序 |
| 減価・損害 | 範囲・要件 | 計算ではなく判断 |
| 演習 | 長文 | 争点の一行要約 |

賃貸借では借地借家法の修繕義務・原状回復と接続するため、同一事例で民法と借地借家法を往復すると理解が定着しやすくなります。",修繕義務・原状回復との接続,"契約不適合と賃貸借の修繕・原状回復は、別の根拠で並立しうる場面があります。

| 論点 | 民法（不適合）の例 | 賃貸借・実務の例 |
| --- | --- | --- |
| 発見 | 引渡し時・通知 | 入居時点検 |
| 修繕 | 修補請求 | 貸主・借主の義務 |
| 費用 | 減価・損害 | 原状回復控除 |
| 終了 | 解除 | 明渡し・更新 |
| 演習 | 根拠条文 | 条文をメモ欄に |

定期借家・普通借家の比較ができていると、終了場面の設問でも手が止まりにくくなります。",週次ルート（横断論点）,"民法系は短周期の反復が向きます。

| 曜日 | 内容 |
| --- | --- |
| 火 | 用語対応表の見直し |
| 木 | 事例1件を口頭で説明 |
| 土 | 不適合系演習10問 |
| 翌週火 | 解き直し |
| 月1回 | 50問通しで長文の時間 |

誤答を要件誤認・時系列誤認・他法混同に分類し、翌週は再発した分類だけ時間を追加してください。",直前・他分野との接続,"直前期は新しい民法テキストを増やさず、誤答上位と比較表に絞ります。

| 接続 | 例 |
| --- | --- |
| 民法→重説 | 説明内容の記載 |
| 民法→設備 | 設備不具合の帰属 |
| 直前 | 用語対応＋10問解き直し |
| 公式 | 要項・協議会サイト |

令和8年度は11月15日試験です。契約ハブから借地借家法・敷金の記事へ戻り、同じ物件想定で3分野を1周する復習が効率的です。",つまずきやすいポイント,"改正民法・契約不適合責任の試験対策では、「賃管受験者が診断する」「休職勧奨＝解雇」「ストレスチェック結果を個別に上司が全部見る」など、現場イメージと制度のズレが誤答の温床になります。特に敷金返還と原状回復、更新と再契約の混同は四択で頻出です。

誤解を解くには、用語解説で定義を確認したうえで、比較表タブの「混同しやすい組み合わせ」を読み、演習問題で引っかけ肢を体験してください。数値・日程・合格基準は年度で更新されるため、学習前と申込前には賃貸不動産経営管理士試験センター（公式）の最新案内を確認してください。",次にやること,"このサイトでのおすすめの流れ：①試験ガイドで制度の全体像 ②用語解説で重要語を章ごとに確認 ③一問一答で知識の穴を洗い出し ④演習問題一覧から分野別に四択演習 ⑤間違えた問題は復習機能に残す。

直前期は新しい教材を増やしすぎず、改正民法・契約不適合責任の試験対策で誤答した分野と頻出用語に絞って解き直してください。比較表・数値早見・よくある誤答タブは、短時間の確認向きです。",過去問の「瑕疵担保」はどう読み替えますか？,2020年改正後は契約不適合責任の枠組みで整理するのが基本です。選択肢や解説の年代を確認し、自分用の旧新対応表を1枚用意してから解き直すと混乱が減ります。効果（修補・解除・減価等）の順序は時系列図で固定し、設問では争点を先に一行で書いてください。,契約不適合と借地借家法の修繕は別物ですか？,根拠と要件が異なるため、同一トラブルでも「どの請求権か」を切り分けて読む必要があります。借地借家法の記事で修繕義務・原状回復を確認した週に、本記事の不適合の表を1回見直すと接続が定着しやすくなります。断定は避け、関係法令とテキストで前提を照合してください。,rights-subject:契約・実務の学習導線;teiki-shakka-guide:定期借家と普通借家の違い;shakuchi-shakuya-guide:借地借家法の試験対策,この記事だけで民法分野は足りますか？,契約不適合に特化した整理です。賃貸借全般は借地借家法・定期借家の記事と契約ハブで補完してください。50問120分の通し演習で長文の時間配分も本番形式で確認し、3分野のバランスを保ってください。出題範囲の正本は試験センター要項です。,,,旧用語は置換表で読む;要件と効果を時系列で;修繕・原状回復と接続;長文は争点メモ先行;要項で範囲を確認
rent-arrears-eviction,重要論点,賃貸不動産経営管理士試験の賃料滞納・督促・立退の試験対策,賃貸不動産経営管理士試験の賃料滞納・催告・解除・明渡しを整理。手続きの時系列を表でまとめ、50問120分・3分野・令和8年度11月15日試験向けの長文設問の読み方を解説します。,賃料滞納の論点は、催告・解除・明渡しの順序を一つでも飛ばすと長文設問で誤答しやすくなります。試験は50問・120分・3分野、令和8年度の試験日は2026年11月15日（日）13:00〜15:00です。本記事では試験センター要項を前提に、滞納→督促→解除→明渡しの流れ、普通借家・定期借家での差、敷金・保証との接続、演習での時系列メモまでを説明します。手続きの細目は https://www.chintaikanrishi.jp/ および関係法令で確認してください。,155,賃料滞納;立退;督促,賃管マスター編集部,賃貸不動産経営管理士試験の過去問形式演習、用語解説、学習導線を整理する編集チームです。,賃管マスター確認担当,公開前に公式情報への誘導、断定表現、内部リンク、FAQ、更新日の有無を確認します。,2026-06-04,賃貸不動産経営管理士協議会（公式）|https://www.chintaikanrishi.jp/,手書きリライト 2026-06-04。自動prose差し替え 2026-06-04（要手書き）。shakuchi-shakuya-guide と関連する契約・実務の補強記事です。,本記事を読むと、滞納対応を手続き全体として整理でき、借地借家法の長文で当事者・契約類型・争点を短時間で固定できるようになります。,滞納から明渡しまでの時系列図を1枚にまとめる;催告と解除の要件を比較表で整理する;普通借家・定期借家の差を先に判別してから演習する;長文は3行メモ（当事者・類型・争点）から入る;誤答を手続き順ミスと要件ミスに分類する,試験要項や公式ページ、関係法令が更新されたタイミングで本文と参照元を見直します。,2026-06-04,2026-06-29,2026-06-04,published,2026-06-04: 編集合格（手書きリライト）,時系列で読む滞納対応,"滞納対応は単発の「督促」ではなく、解除・明渡しまでの一連の手続きとして捉えます。

| 段階 | 確認する点 | メモの書き方 |
| --- | --- | --- |
| 滞納 | 期日・額 | 何月分か |
| 督促・催告 | 方法・相当期間 | 到達・効力 |
| 解除 | 要件・意思表示 | 普通/定期の別 |
| 明渡し | 義務・損害金 | 立退料の有無 |
| 演習 | 長文 | 上から順にチェック |

設問文を読む前に表の段階をメモ欄に書き、どの段階の争点かを固定してから選択肢を見ると改善が早いです。",普通借家と定期借家の差,"終了・明渡しの要件は契約類型で変わります。類型判別が最優先です。

| 観点 | 普通借家の例 | 定期借家の例 |
| --- | --- | --- |
| 更新 | 更新あり得る | 原則更新なし |
| 終了 | 正当事由等 | 期間満了・手続 |
| 滞納解除 | 要件の組合せ | 条文・特約 |
| 明渡し | 立退料の論点 | 説明・書面 |
| 演習 | 冒頭3行 | 類型→争点 |

定期借家と普通借家の違いの記事で比較表を完成させ、本記事の滞納フローに当てはめて解き直してください。",敷金・保証・管理会社,"滞納時には敷金充当・保証人・管理受託の関係が同時に絡みます。

| テーマ | 整理の焦点 | 接続記事 |
| --- | --- | --- |
| 敷金 | 控除・返還 | 敷金・家賃の試験対策 |
| 保証 | 求償・通知 | 契約条項 |
| 管理 | 誰が督促するか | 管理受託の記事 |
| 損害 | 遅延損害金 | 条項・慣行 |
| 演習 | 主体 | 関係図を5分で |

金銭の性質を混同しないよう、敷金記事の比較表と同週に戻ると主体ミスが減りやすくなります。",長文演習の読み方,"賃料滞納の長文は、読み込み順を固定すると時間内に収まりやすくなります。

| 順番 | 作業 | 時間目安 |
| --- | --- | --- |
| 1 | 当事者・契約類型 | 30秒 |
| 2 | 滞納の事実 | 30秒 |
| 3 | 争点（催告/解除/明渡し） | 30秒 |
| 4 | 選択肢比較 | 残り時間 |
| 5 | 見直し | 不適切語1つ |

50問120分では約2.4分/問のため、月2回の通し演習で「保留→第2周」の運用も合わせて練習してください。",借地借家法全体との接続,"滞納・明渡しは借地借家法の終了論点の一部です。

| 接続 | 学習の仕方 |
| --- | --- |
| 更新拒絶 | 正当事由と並べる |
| 立退料 | 要件を用語で固定 |
| 直前 | 時系列図のみ反復 |
| 公式 | 要項・協議会サイト |

借地借家法の試験対策で更新・立退の表を作った週に、本記事の滞納フローを重ねて1回見直すと、終了場面の得点が安定しやすくなります。令和8年度試験日は2026年11月15日（日）です。",つまずきやすいポイント,"賃料滞納・督促・立退の試験対策では、「賃管受験者が診断する」「休職勧奨＝解雇」「ストレスチェック結果を個別に上司が全部見る」など、現場イメージと制度のズレが誤答の温床になります。特に敷金返還と原状回復、更新と再契約の混同は四択で頻出です。

誤解を解くには、用語解説で定義を確認したうえで、比較表タブの「混同しやすい組み合わせ」を読み、演習問題で引っかけ肢を体験してください。数値・日程・合格基準は年度で更新されるため、学習前と申込前には賃貸不動産経営管理士試験センター（公式）の最新案内を確認してください。",次にやること,"このサイトでのおすすめの流れ：①試験ガイドで制度の全体像 ②用語解説で重要語を章ごとに確認 ③一問一答で知識の穴を洗い出し ④演習問題一覧から分野別に四択演習 ⑤間違えた問題は復習機能に残す。

直前期は新しい教材を増やしすぎず、賃料滞納・督促・立退の試験対策で誤答した分野と頻出用語に絞って解き直してください。比較表・数値早見・よくある誤答タブは、短時間の確認向きです。",賃料滞納は何から勉強すべきですか？,滞納→督促・催告→解除→明渡しの時系列図を先に完成させることを推奨します。そのうえで普通借家・定期借家の判別練習を入れ、長文ではメモ欄に3行（当事者・類型・争点）を書いてから選択肢を読んでください。借地借家法の記事と往復すると、更新・立退の論点とも接続して定着しやすくなります。,催告と解除の違いはどう整理しますか？,催告は解除等の前提となる手続の場面が多く、解除は契約関係を終了させる効果を問う場面が多いです。要件と効果を別行の比較表にし、設問がどちらの段階かを先に特定してから肢を見ると誤答が減りやすくなります。最新の要件は関係法令とテキストで確認し、年度改正があれば表を上書きしてください。,rights-subject:契約・実務の学習導線;shakuchi-shakuya-guide:借地借家法の試験対策;teiki-shakka-guide:定期借家と普通借家の違い,明渡しと立退料は別に学びますか？,明渡し義務と立退料・損害金は接続して出題されることがあるため、終了場面ではセットで整理するのが効率的です。借地借家法の記事で立退・正当事由を確認したうえで、本記事の滞納フローに戻って解き直してください。出題範囲の正本は試験センター要項です。,,,滞納は時系列で読む;契約類型を先に判別;催告・解除・明渡しを分離;敷金・管理と接続;50問120分で時間練習
adr-trouble-guide,重要論点,ADR・紛争の試験対策｜近隣・記録・調整の初動手順,賃貸不動産経営管理士試験の賃貸トラブル・ADR・近隣対応を整理。事実確認から記録・説明・調整までの手順を表でまとめ、50問120分・令和8年度11月15日試験向けの判断軸を解説します。,賃貸トラブル・ADR・近隣対応は、感覚的な「対応の正しさ」ではなく、事実確認→記録→説明→調整の順序が取れているかで問われます。試験は50問・120分・3分野、令和8年度は2026年11月15日（日）13:00〜15:00です。本記事では一般財団法人 賃貸不動産経営管理士協議会および試験センター要項を前提に、近隣・騒音・ADRの整理表と、法令・契約分野への接続、演習の回し方を説明します。制度の最新情報は https://www.chintaikanrishi.jp/ の要項で確認してください。,160,ADR;近隣;トラブル,賃管マスター編集部,賃貸不動産経営管理士試験の過去問形式演習、用語解説、学習導線を整理する編集チームです。,賃管マスター確認担当,公開前に公式情報への誘導、断定表現、内部リンク、FAQ、更新日の有無を確認します。,2026-06-04,賃貸不動産経営管理士協議会（公式）|https://www.chintaikanrishi.jp/,手書きリライト 2026-06-04。自動prose差し替え 2026-06-04（要手書き）。law-subject と rights-subject の横断記事です。,本記事を読むと、トラブル対応を手順ベースで整理でき、ADRと通常の管理対応の違いを設問文から判別して安定して答えられるようになります。,試験センター要項で関連範囲を確認する;初動手順（事実確認→記録→説明）を1枚に固定する;ADRと通常対応の比較表を完成させる;記録項目のテンプレートを演習事例に当てはめる;誤答を主体ミスと手順ミスに分類して解き直す,試験要項や公式ページ、関係法令が更新されたタイミングで本文と参照元を見直します。,2026-06-04,2026-06-29,2026-06-04,published,2026-06-04: 編集合格（手書きリライト）,トラブル対応の骨格,"試験では「誰が・いつ・何を確認したか」が先に問われ、結論の正しさだけを暗記しても得点が伸びにくいです。

| 段階 | 内容の例 | 演習でのメモ |
| --- | --- | --- |
| 事実確認 | 日時・場所・当事者 | 争点3語を先に書く |
| 記録 | 内容・対応者・次の手 | テンプレに転記 |
| 説明 | 借主・貸主・近隣 | 説明主体を固定 |
| 調整 | 規約・契約・慣行 | 根拠条文を1行 |
| ADR | 調停・紛争処理 | 通常対応と比較 |

長文設問は、選択肢を読む前に時系列を紙に書くと、手続きが飛んだ誤り肢を除外しやすくなります。",近隣・騒音の押さえ方,"近隣トラブルは、当事者（借主・貸主・管理会社・近隣）の役割が混同されやすいテーマです（詳細はテキスト・要項で確認）。

| 論点 | 確認の焦点 | 混同注意 |
| --- | --- | --- |
| 初動 | 事実関係の把握 | 結論から入らない |
| 記録 | 日時・内容・対応 | 口頭のみで終えない場面 |
| 説明 | 借主への連絡 | 貸主・管理会社の役割 |
| 規約 | 管理規約・使用細則 | 契約条項との関係 |
| 続発 | 再発防止の措置 | 一次対応と本対応 |

管理会社が「対応した」と書かれていても、受託範囲内か貸主指示かを切り分けてから選択肢を読んでください。",ADRの位置づけ,"ADR（裁判外紛争解決）は、訴訟・調停・あっせん等と並べて「いつ・誰が・何をするか」で整理します。

| 比較 | 通常の管理対応 | ADRの場面 |
| --- | --- | --- |
| 目的 | 日常のトラブル収束 | 紛争の解決手続 |
| 主体 | 管理会社・貸主等 | 当事者・機関 |
| 記録 | 社内・契約上の記録 | 手続上の提出物 |
| 時期 | 発生直後 | 協議・調停段階 |
| 演習 | 手順の順序 | 適用・非適用の判断 |

「ADRだから必ず調停」と決めつけず、設問文の手続き段階を先に確定してください。",記録・重説・規約の接続,"トラブル記録は、重要事項説明・管理受託・原状回復と接続して出題されます。

| 接続 | 例 |
| --- | --- |
| 記録→重説 | 説明事項・交付書面 |
| 記録→契約 | 特約・禁止事項 |
| 記録→退去 | 原状回復・精算 |
| 週次 | 用語2語→演習10問→解き直し |

誤答は「記録の欠落」「説明主体の誤認」「ADR手続の混同」に分類し、1週間以内に同類の問題を解き直してください。50問120分の通しでは、トラブル場面に時間をかけすぎないよう、争点3語をメモ欄に先に書く習慣をつけてください。",演習と他分野への接続,"契約・実務だけでなく、法令・設備と往復すると総合得点が安定します。

| 分野 | 戻り先 |
| --- | --- |
| 法令 | 重説・書面・監督 |
| 契約 | 滞納・立退・原状回復 |
| 設備 | 修繕・共用部分 |
| 直前 | 初動手順表と誤答上位 |

令和8年度は11月15日試験です。直前期は新規テーマを増やさず、本記事の手順表、誤答ノート、50問通しの時間配分に集中してください。契約分野の入口は「契約・実務の学習導線」から辿れます。",つまずきやすいポイント,"賃貸トラブル・ADR・近隣対応の試験対策では、「賃管受験者が診断する」「休職勧奨＝解雇」「ストレスチェック結果を個別に上司が全部見る」など、現場イメージと制度のズレが誤答の温床になります。特に敷金返還と原状回復、更新と再契約の混同は四択で頻出です。

誤解を解くには、用語解説で定義を確認したうえで、比較表タブの「混同しやすい組み合わせ」を読み、演習問題で引っかけ肢を体験してください。数値・日程・合格基準は年度で更新されるため、学習前と申込前には賃貸不動産経営管理士試験センター（公式）の最新案内を確認してください。",次にやること,"このサイトでのおすすめの流れ：①試験ガイドで制度の全体像 ②用語解説で重要語を章ごとに確認 ③一問一答で知識の穴を洗い出し ④演習問題一覧から分野別に四択演習 ⑤間違えた問題は復習機能に残す。

直前期は新しい教材を増やしすぎず、賃貸トラブル・ADR・近隣対応の試験対策で誤答した分野と頻出用語に絞って解き直してください。比較表・数値早見・よくある誤答タブは、短時間の確認向きです。",トラブル対応で最初に作るべき表は？,事実確認・記録・説明・調整の四段階と、当事者（借主・貸主・管理会社・近隣）を並べた表が有効です。演習のたびに1行ずつ具体例を足し、週末演習の直前に5分見直す習慣をつけてください。ADRの行は「通常対応との違い」まで書くと、似た選択肢の比較が安定します。,ADRと通常の管理対応はどう見分けますか？,設問文で「紛争解決手続」「調停」「あっせん」などの語が中心か、日常の連絡・記録かを先に判別してください。手続きの段階を時系列に書き、飛んだステップを含む肢を除外する練習が効きます。細部はテキストと演習解説で補完し、制度変更は要項で確認してください。,rights-subject:契約・実務の学習導線;genjo-kaifuku-guide:原状回復の試験対策;rent-arrears-eviction:賃料滞納・立退の試験対策,この記事だけで試験対策は足りますか？,トラブル・ADRの整理記事であり、出題範囲・合格基準の正本は試験センター要項です。原状回復・滞納立退の深掘り記事と50問120分の通し演習を組み合わせてください。令和8年度の試験日は2026年11月15日（日）、最新情報は協議会公式サイトで確認してください。,,,事実確認→記録→説明の順;ADRは手続きで区別;当事者を先に固定;50問120分で時間管理;要項で範囲を確認
pm-am-chintai-keiei,重要論点,賃貸経営・PM/AMの試験対策｜収益・空室・修繕計画の整理,賃貸不動産経営管理士試験のPM/AM・賃貸経営論点を整理。短期運営と中長期資産管理の役割差を表でまとめ、50問120分・令和8年度11月15日試験向けの判断手順を解説します。,PM（プロパティマネジメント）とAM（アセットマネジメント）は名称が近く、試験では「誰が・どの時間軸で・何を最適化するか」の取り違えが起きやすいです。試験は50問・120分・3分野、令和8年度は2026年11月15日（日）13:00〜15:00です。本記事では協議会・試験センター要項を前提に、収益・空室・修繕計画の整理表と、設備・税務分野への接続、演習の進め方を説明します。数値・制度の正本は https://www.chintaikanrishi.jp/ で確認してください。,165,PM;AM;賃貸経営,賃管マスター編集部,賃貸不動産経営管理士試験の過去問形式演習、用語解説、学習導線を整理する編集チームです。,賃管マスター確認担当,公開前に公式情報への誘導、断定表現、内部リンク、FAQ、更新日の有無を確認します。,2026-06-04,賃貸不動産経営管理士協議会（公式）|https://www.chintaikanrishi.jp/,手書きリライト 2026-06-04。自動prose差し替え 2026-06-04（要手書き）。limit-subject ハブの経営系深掘り記事です。,本記事を読むと、PMとAMの役割差を一覧で把握でき、賃貸経営の設問で短期指標と中長期判断を使い分けて答えやすくなります。,要項で賃貸経営・設備税務の出題範囲を確認する;PMとAMの目的・指標を比較表にまとめる;空室対策と修繕計画を同一物件で時系列化する;経営系演習を主体メモ付きで10問解く;誤答を役割混同と指標誤認に分類する,試験要項や公式ページ、関係法令が更新されたタイミングで本文と参照元を見直します。,2026-06-04,2026-06-29,2026-06-04,published,2026-06-04: 編集合格（手書きリライト）,PMとAMの役割差,"経営系の設問は、用語の定義より「最適化の対象と期間」が問われます。

| 区分 | PM（概略） | AM（概略） |
| --- | --- | --- |
| 時間軸 | 日々〜数年の運営 | 中長期の資産価値 |
| 対象 | 入居・家賃・維持 | 収益性・売却・更新 |
| 指標 | 空室・回収・コスト | NOI・修繕計画等 |
| 主体 | 管理会社・オーナー | 投資家・オーナー |
| 演習 | 短期の判断 | 計画・更新の判断 |

「PM＝管理業務」「AM＝投資だけ」と短絡せず、設問の期間と目的をメモ欄に書いてから選択肢を読んでください。",収益・空室の見方,"家賃収入とコストの関係は、会計・税務の記事と往復すると定着しやすいです（詳細は要項・テキスト）。

| 論点 | 確認の焦点 | 混同注意 |
| --- | --- | --- |
| 家賃収入 | 入居率・賃料水準 | 共益費・一時金 |
| 空室 | 募集・条件変更 | 短期施策と計画修繕 |
| コスト | 管理費・修繕費 | 資本的支出か維持費か |
| 報告 | オーナーへの説明 | 管理受託条項 |
| 演習 | 数値の前提 | 単位・期間を先に書く |

1件の賃貸物件を想定し、入居〜退去までの収支イベントを時系列で書くと、長文でも手が止まりにくくなります。",修繕計画と設備分野の接続,"修繕・更新は設備分野の維持保全・大規模修繕と接続します。

| テーマ | 経営での見方 | 設備での見方 |
| --- | --- | --- |
| 日常修繕 | コスト管理 | 維持保全 |
| 計画修繕 | 中長期投資 | 設備更新 |
| 空室期 | 工事タイミング | 入居可能日 |
| 税務 | 費用区分 | 減価償却等 |
| 記録 | オーナー報告 | 点検記録 |

建物・設備の試験対策の記事で修繕判断を確認した週に、本節の表を1回見直すサイクルが効率的です。",週次の学習ルート,"経営・設備は表の反復が向きます。次の例をベースに調整してください。

| 曜日 | 目安 | 内容 |
| --- | --- | --- |
| 火 | 30分 | PM/AM比較表・用語2語 |
| 木 | 30分 | 数値早見（収益・空室） |
| 土 | 2時間 | 経営系演習10問＋誤答分析 |
| 翌週火 | 30分 | 同じ10問の解き直し |
| 月1回 | 120分 | 50問通しで設備税務の正答数 |

誤答は「役割混同」「指標の読み違え」「期間の取り違え」に分類し、再発した分類だけ翌週の時間を追加してください。",混同しやすいパターン,"四肢択一で落としやすい取り違えです。

### PM＝管理受託と同一
管理受託は契約・実務の類型、PMは経営・運営の枠組みです。設問がどちらの文脈かを先に確定してください。

### 空室対策＝賃料値下げだけ
募集条件・修繕タイミング・契約更新まで問われることがあります。短期施策と中長期計画を表で分けてください。

### 修繕費＝すべて費用化
資本的支出・更新計画は税務・会計と接続します。会計・税務の試験対策と同じ週に戻ると判断が安定しやすくなります。",つまずきやすいポイント,"賃貸経営・PM/AMの試験対策では、「賃管受験者が診断する」「休職勧奨＝解雇」「ストレスチェック結果を個別に上司が全部見る」など、現場イメージと制度のズレが誤答の温床になります。特に敷金返還と原状回復、更新と再契約の混同は四択で頻出です。

誤解を解くには、用語解説で定義を確認したうえで、比較表タブの「混同しやすい組み合わせ」を読み、演習問題で引っかけ肢を体験してください。数値・日程・合格基準は年度で更新されるため、学習前と申込前には賃貸不動産経営管理士試験センター（公式）の最新案内を確認してください。",次にやること,"このサイトでのおすすめの流れ：①試験ガイドで制度の全体像 ②用語解説で重要語を章ごとに確認 ③一問一答で知識の穴を洗い出し ④演習問題一覧から分野別に四択演習 ⑤間違えた問題は復習機能に残す。

直前期は新しい教材を増やしすぎず、賃貸経営・PM/AMの試験対策で誤答した分野と頻出用語に絞って解き直してください。比較表・数値早見・よくある誤答タブは、短時間の確認向きです。",PMとAMは何が違いますか？,試験では時間軸と最適化の対象の差が中心です。PMは入居・家賃回収・日常コストなど運営面、AMは資産価値・更新計画など中長期面として整理してください。比較表で「期間・指標・主体」の三行を並べ、演習で当てはめると定着が早まります。,空室と修繕計画は一緒に学ぶべきですか？,同一物件を想定し、空室期の工事タイミングと収益への影響をセットで考える練習が有効です。設備分野の維持保全・更新と税務の費用区分は、週をまたいで往復してください。数値は数値・期限早見表で短時間確認し、前提は要項で照合してください。,limit-subject:設備・税務・その他の学習導線;tax-accounting-guide:会計・税務・保険の試験対策;building-equipment-guide:建物・設備の試験対策,設備ハブとどう使い分けますか？,設備・税務・その他の学習導線で分野全体の地図を掴み、本記事ではPM/AMと賃貸経営の判断手順に集中する使い方が効率的です。表で差分を固定したうえで演習に進み、50問通しで時間配分も確認してください。出題範囲は試験センター要項で最終確認してください。,,,PMは運営・AMは中長期;収益と空室を時系列で;修繕は設備と接続;50問120分で記録;要項で前提確認
insurance-property-risk,重要論点,保険・物件リスクの試験対策｜火災・賠償・被保険者の整理,賃貸不動産経営管理士試験の火災保険・賠償責任・借家人賠償を整理。被保険者・補償範囲・免責を表で比較し、50問120分・3分野横断の適用判断を解説します。,保険の設問は保険名の暗記より、「誰の・どんな損害を・どこまで補償するか」の切り分けが中心です。火災・賠償・借家人賠償を混同すると、似た選択肢で連続して誤答しやすくなります。試験は50問・120分・3分野、令和8年度は2026年11月15日（日）13:00〜15:00です。本記事では試験センター要項を前提に、契約主体と補償対象の比較表、トラブル事例との接続、演習の進め方を説明します。商品内容・数値の正本は保険会社・要項・所管の公表資料で確認してください。,170,火災保険;賠償責任,賃管マスター編集部,賃貸不動産経営管理士試験の過去問形式演習、用語解説、学習導線を整理する編集チームです。,賃管マスター確認担当,公開前に公式情報への誘導、断定表現、内部リンク、FAQ、更新日の有無を確認します。,2026-06-04,賃貸不動産経営管理士協議会（公式）|https://www.chintaikanrishi.jp/,手書きリライト 2026-06-04。自動prose差し替え 2026-06-04（要手書き）。limit-subject ハブの保険系補強記事です。,本記事を読むと、借主側とオーナー側の保険の役割差を整理でき、補償の適用・非適用を根拠付きで判断しやすくなります。,要項で保険・リスクの出題範囲を確認する;被保険者・補償対象・免責の三列比較表を作る;事故類型ごとに適用保険を1事例で確認する;保険系演習を主体メモ付きで10問解く;誤答を主体誤認と範囲誤認に分類する,試験要項や公式ページ、関係法令が更新されたタイミングで本文と参照元を見直します。,2026-06-04,2026-06-29,2026-06-04,published,2026-06-04: 編集合格（手書きリライト）,保険を読む3点セット,"設問文の冒頭で次の3点をメモすると、補償範囲の設問が安定します。

| 固定する点 | 例 | 誤答の典型 |
| --- | --- | --- |
| 被保険者 | 貸主・借主・管理会社 | 契約者と被保険者の混同 |
| 補償対象 | 建物・動産・第三者 | 専有部分・共用部分 |
| 免責・除外 | 故意・特定事故 | 条文を読み飛ばし |
| 事故類型 | 火災・漏水・賠償 | 保険種類の取り違え |
| 接続 | 契約・修繕 | 原状回復・管理受託 |

名称だけ覚えず、適用場面を自分の言葉で1文にまとめてから演習に入ってください。",火災保険と賠償責任,"火災保険は物件損害、賠償責任は第三者への損害が中心です（詳細はテキスト・演習解説）。

| 種類 | 主な対象 | 試験での見方 |
| --- | --- | --- |
| 火災保険 | 建物・家財等 | 保険金・免責 |
| 賠償責任 | 第三者への損害 | 適用場面 |
| 借家人賠償 | 借主の範囲 | 契約・原状回復 |
| 付保 | 条項・慣行 | 管理実務 |
| 演習 | 適用・非適用 | 理由を一文で |

「火災だからすべて補償」ではなく、免責・除外条項まで設問文に含まれるかを確認してください。",トラブル事例との接続,"漏水・近隣・退去は、契約・設備・保険が同じ事例で問われます。

| 場面 | 契約 | 設備 | 保険 |
| --- | --- | --- | --- |
| 漏水 | 修繕義務 | 応急・本修繕 | 火災・水濡れ |
| 近隣 | 説明・記録 | 共用部分 | 賠償責任 |
| 退去 | 原状回復 | 設備不具合 | 借家人 |
| 記録 | オーナー報告 | 点検 | 事故報告 |
| 演習 | 争点3語 | 主体を先に |

同一トラブルを週内で契約→設備→保険の順に読み返すと、3分野横断の長文に強くなります。",週次ルートと数値早見,"保険分野は短い反復が効きます。

| 曜日 | 内容 |
| --- | --- |
| 水 | 比較表・用語2語 |
| 金 | 数値早見（付保・期限） |
| 日 | 保険系演習10問 |
| 翌週水 | 解き直し |
| 月1回 | 50問通しで当分野の正答数 |

会計・税務の記事で保険の位置づけを掴み、本記事で補償範囲と免責を深掘りする二段構成が効率的です。",混同しやすい点,"失点しやすいパターンです。

### 契約者＝被保険者
賃貸では貸主・借主・管理会社のどれが契約・被保険者かが問われます。関係図を先に描いてから選択肢を読んでください。

### 管理会社が自動的に補償される
付保義務・条項・事故類型で変わるため、「管理会社が対応した＝保険適用」と決めつけないでください。

### 免責を読まない
故意・特定の事故は除外される場面があります。適用の有無を答える前に、免責の有無をメモ欄に書く習慣をつけてください。",つまずきやすいポイント,"火災保険・賠償責任保険の試験対策では、「賃管受験者が診断する」「休職勧奨＝解雇」「ストレスチェック結果を個別に上司が全部見る」など、現場イメージと制度のズレが誤答の温床になります。特に敷金返還と原状回復、更新と再契約の混同は四択で頻出です。

誤解を解くには、用語解説で定義を確認したうえで、比較表タブの「混同しやすい組み合わせ」を読み、演習問題で引っかけ肢を体験してください。数値・日程・合格基準は年度で更新されるため、学習前と申込前には賃貸不動産経営管理士試験センター（公式）の最新案内を確認してください。",次にやること,"このサイトでのおすすめの流れ：①試験ガイドで制度の全体像 ②用語解説で重要語を章ごとに確認 ③一問一答で知識の穴を洗い出し ④演習問題一覧から分野別に四択演習 ⑤間違えた問題は復習機能に残す。

直前期は新しい教材を増やしすぎず、火災保険・賠償責任保険の試験対策で誤答した分野と頻出用語に絞って解き直してください。比較表・数値早見・よくある誤答タブは、短時間の確認向きです。",保険分野は何から手をつけるとよいですか？,被保険者・補償対象・免責の三列比較表を先に作ることを推奨します。表ができたら火災・賠償・借家人の行を足し、演習10問を主体メモ付きで解いてください。会計・税務の記事と往復すると、設備トラブルとの接続が定着しやすくなります。,借主保険とオーナー側の保険はどう違いますか？,誰が契約し、どの損害を補償するかが異なります。借家人賠償は借主の範囲、火災保険は物件・家財など対象ごとに整理してください。退去・原状回復の場面では、契約類型と保険の関係を先に確定してから肢を比較すると迷いにくくなります。,limit-subject:設備・税務・その他の学習導線;tax-accounting-guide:会計・税務・保険の試験対策;building-equipment-guide:建物・設備の試験対策,数値や商品名は暗記が必要ですか？,賃管試験では適用場面と条件判断の比重が高く、商品名だけを覚えても得点が安定しにくい場合があります。数値・期限は早見表で短時間確認し、制度の前提は所管の公表資料と要項で照合してください。出題範囲の正本は試験センター要項です。,,,被保険者・対象・免責で読む;火災と賠償を分ける;事例で3分野接続;50問120分で記録;要項・所管で確認
exempt-invalid-questions,過去問活用,5問免除・出題無効の学習上の扱い｜45問受験と過去問の進め方,賃貸不動産経営管理士試験の5問免除（45問受験）・出題無効・試験免除出題の学習整理。合格基準・演習の採点・過去問タグの使い方を試験センター要項正本で解説します。,過去問演習では、5問免除（講習修了で45問受験）や出題無効・試験免除出題の扱いを誤解すると、問題数・合格基準・復習の優先順位がずれ、得点改善につながりにくくなります。試験は通常50問・120分・3分野ですが、登録講習修了者は45問受験となり、合格基準点も一般受験者と別に公表されます（例・年度は要項で確認）。令和8年度の試験日は2026年11月15日（日）13:00〜15:00です。本記事では協議会・試験センター要項を正本として、学習上の整理表・過去問へのタグ付け・点数の見方を説明します。最新の免除条件・無効問題の扱いは https://www.chintaikanrishi.jp/ で必ず確認してください。,175,出題無効;試験免除,賃管マスター編集部,賃貸不動産経営管理士試験の過去問形式演習、用語解説、学習導線を整理する編集チームです。,賃管マスター確認担当,公開前に公式情報への誘導、断定表現、内部リンク、FAQ、更新日の有無を確認します。,2026-06-04,賃貸不動産経営管理士協議会（公式）|https://www.chintaikanrishi.jp/,手書きリライト 2026-06-04。自動prose差し替え 2026-06-04（要手書き）。過去問一覧・演習アプリ利用者向けの補足記事です。,本記事を読むと、5問免除と出題無効を学習用に正しく切り分けられ、公式情報に沿って過去問復習の優先順位と本番の問題数感覚を整えられます。,要項で50問と45問・合格基準の違いを確認する;講習修了（5問免除）の要件をメモし申込時に照合する;出題無効問題は論点メモのみ・点数は公式に従う;過去問に免除・無効タグを付けて解き直し優先度を決める;月1回は50問または45問の通しで時間配分を確認する,試験要項や公式ページ、関係法令が更新されたタイミングで本文と参照元を見直します。,2026-06-04,2026-06-29,2026-06-04,published,2026-06-04: 編集合格（手書きリライト）,まず固定する3つの区分,"学習と本番で混同しやすい用語を、次の表で切り分けます（数値は要項・公表資料が正本）。

| 区分 | 意味の例 | 学習での扱い |
| --- | --- | --- |
| 一般受験 | 50問・120分 | 通し演習の基準 |
| 5問免除 | 講習修了で45問 | 問題数・基準点を要項で確認 |
| 出題無効 | 試験後の無効決定 | 論点は学ぶ・採点は公式に従う |
| 試験免除出題 | 過去問上の扱い | タグ付けして復習優先度を調整 |
| 記録 | 受験形態をメモ | 45問時は約2.7分/問目安 |

「免除＝その問題を勉強しなくてよい」とは限りません。出題範囲の論点として整理し、本番の問題数・合格基準だけを受験形態に合わせてください。",5問免除（45問受験）の押さえ方,"登録講習修了などの要件を満たすと、本試験は45問となる制度です（詳細・基準点は年度要項）。

| 項目 | 一般（概略） | 5問免除（概略） |
| --- | --- | --- |
| 問題数 | 50問 | 45問 |
| 時間 | 120分 | 120分 |
| 合格基準 | 年度別に公表 | 免除者向けに別公表 |
| 1問あたり | 約2.4分 | 約2.7分 |
| 申込 | 要項どおり | 免除適用の選択・要件確認 |

数値早見表の「5問免除（45問受験）」と合格点の記事を併用し、模試・通し演習も45問ベースで1回以上時間配分を試してください。",出題無効・免除出題の過去問の扱い,"サイト上の過去問・一問一答に、免除・無効の表示がある場合の進め方です。

| 目的 | やること | やらないこと |
| --- | --- | --- |
| 論点学習 | 争点・条文をメモ | 独自の採点基準で合格判定 |
| 復習優先 | タグ付けして解き直し | 無効を理由に全面スキップ |
| 記録 | 誤答理由を分類 | 公式と異なる点数計算 |
| 直前 | 要項の更新確認 | 非公式まとめだけで判断 |
| 通し | 50問または45問で練習 | 問題数感覚の混同 |

無効問題は「論点のメモ」と「公式の採点結果」を分け、得点改善は再発誤答の解き直しに集中すると効率がよいです。",週次の運用例,"過去問一覧・演習アプリ利用者向けの運用例です。

| 曜日 | 内容 |
| --- | --- |
| 月 | 要項・免除条件を5分確認 |
| 水 | 無効・免除タグ付き問題を5問（論点のみ） |
| 土 | 分野別演習20問＋誤答分析 |
| 翌週水 | タグ付き問題の解き直し |
| 月1回 | 45問または50問の通し120分 |

過去問の効果的な使い方の記事で記録法を揃え、学習計画の記事で週次枠に組み込んでください。",合格基準・直前との接続,"問題数が変わっても、3分野のバランスと時間配分の練習は共通です。

| 接続 | 内容 |
| --- | --- |
| 合格基準 | 年度別・受験形態別に要項で確認 |
| 通し演習 | 45問時は時間に余裕が出やすい |
| 直前 | 新規教材より誤答解き直し |
| 公式 | 試験センター・協議会が正本 |

令和8年度は11月15日試験です。申込時に50問か45問かを確定し、カレンダーに通し演習日を書き込んでください。",本番対応の確認,"【拡張セクション27】教材追加の判断基準を作る
試験免除出題と出題無効の扱いの学習では「教材管理」を起点に判断基準をそろえると、設問処理が安定します。
とくに免除対象と無効問題の取り扱いに関する設問は、賃貸不動産経営管理士 examの文脈で主体・期限・条件が同時に問われます。
実行手順としては、不足が定量で見えた時のみ追加するを固定し、学習ログへ翌週の修正点を一行で残してください。
迷った項目は試験センターの公表情報と照合し、3分野のどこに属するかを再分類すると再発を減らせます。

【拡張セクション28】誤答ノートの書式を単純化する
試験免除出題と出題無効の扱いの学習では「ノート運用」を起点に判断基準をそろえると、設問処理が安定します。
とくに免除対象と無効問題の取り扱いに関する設問は、賃貸不動産経営管理士 examの文脈で主体・期限・条件が同時に問われます。
実行手順としては、再読しやすい短文テンプレにするを固定し、学習ログへ翌週の修正点を一行で残してください。
迷った項目は試験センターの公表情報と照合し、3分野のどこに属するかを再分類すると再発を減らせます。

【拡張セクション29】演習セットの再利用率を上げる
試験免除出題と出題無効の扱いの学習では「再利用」を起点に判断基準をそろえると、設問処理が安定します。
とくに免除対象と無効問題の取り扱いに関する設問は、賃貸不動産経営管理士 examの文脈で主体・期限・条件が同時に問われます。
実行手順としては、同テーマ問題を周期的に回すを固定し、学習ログへ翌週の修正点を一行で残してください。
迷った項目は試験センターの公表情報と照合し、3分野のどこに属するかを再分類すると再発を減らせます。

【拡張セクション30】分野別正答率の目標を明確化する
試験免除出題と出題無効の扱いの学習では「目標設定」を起点に判断基準をそろえると、設問処理が安定します。
とくに免除対象と無効問題の取り扱いに関する設問は、賃貸不動産経営管理士 examの文脈で主体・期限・条件が同時に問われます。
実行手順としては、達成基準を数値で管理するを固定し、学習ログへ翌週の修正点を一行で残してください。
迷った項目は試験センターの公表情報と照合し、3分野のどこに属するかを再分類すると再発を減らせます。

【拡張セクション31】焦りを抑える当日ルーティンを作る
試験免除出題と出題無効の扱いの学習では「当日準備」を起点に判断基準をそろえると、設問処理が安定します。
とくに免除対象と無効問題の取り扱いに関する設問は、賃貸不動産経営管理士 examの文脈で主体・期限・条件が同時に問われます。
実行手順としては、入室前の確認事項を固定するを固定し、学習ログへ翌週の修正点を一行で残してください。
迷った項目は試験センターの公表情報と照合し、3分野のどこに属するかを再分類すると再発を減らせます。",運用チェックリスト,"【拡張セクション32】体調管理を得点戦略へ含める
試験免除出題と出題無効の扱いの学習では「コンディション」を起点に判断基準をそろえると、設問処理が安定します。
とくに免除対象と無効問題の取り扱いに関する設問は、賃貸不動産経営管理士 examの文脈で主体・期限・条件が同時に問われます。
実行手順としては、睡眠と食事の優先順位を守るを固定し、学習ログへ翌週の修正点を一行で残してください。
迷った項目は試験センターの公表情報と照合し、3分野のどこに属するかを再分類すると再発を減らせます。

【拡張セクション33】見直し手順を工程化する
試験免除出題と出題無効の扱いの学習では「見直し」を起点に判断基準をそろえると、設問処理が安定します。
とくに免除対象と無効問題の取り扱いに関する設問は、賃貸不動産経営管理士 examの文脈で主体・期限・条件が同時に問われます。
実行手順としては、数字条件と主体表現を先に点検するを固定し、学習ログへ翌週の修正点を一行で残してください。
迷った項目は試験センターの公表情報と照合し、3分野のどこに属するかを再分類すると再発を減らせます。

【拡張セクション34】質問が残る論点を公式資料で照合する
試験免除出題と出題無効の扱いの学習では「一次情報照合」を起点に判断基準をそろえると、設問処理が安定します。
とくに免除対象と無効問題の取り扱いに関する設問は、賃貸不動産経営管理士 examの文脈で主体・期限・条件が同時に問われます。
実行手順としては、不明点を出典付きで解消するを固定し、学習ログへ翌週の修正点を一行で残してください。
迷った項目は試験センターの公表情報と照合し、3分野のどこに属するかを再分類すると再発を減らせます。

【拡張セクション35】学習計画の見直し日を固定する
試験免除出題と出題無効の扱いの学習では「計画更新」を起点に判断基準をそろえると、設問処理が安定します。
とくに免除対象と無効問題の取り扱いに関する設問は、賃貸不動産経営管理士 examの文脈で主体・期限・条件が同時に問われます。
実行手順としては、毎週同じ曜日に配分を修正するを固定し、学習ログへ翌週の修正点を一行で残してください。
迷った項目は試験センターの公表情報と照合し、3分野のどこに属するかを再分類すると再発を減らせます。

【拡張セクション36】本番直前の確認範囲を限定する
試験免除出題と出題無効の扱いの学習では「最終確認」を起点に判断基準をそろえると、設問処理が安定します。
とくに免除対象と無効問題の取り扱いに関する設問は、賃貸不動産経営管理士 examの文脈で主体・期限・条件が同時に問われます。
実行手順としては、高頻度誤答だけを再確認するを固定し、学習ログへ翌週の修正点を一行で残してください。
迷った項目は試験センターの公表情報と照合し、3分野のどこに属するかを再分類すると再発を減らせます。",5問免除があると勉強量は減りますか？,本番の問題数と合格基準の見方は変わりますが、出題範囲の論点をすべて省略できるわけではありません。45問受験を前提に通し演習と時間配分を練習し、免除の要件は申込前に要項で確認してください。数値は数値・期限早見表と合格点の記事で照合するのが効率的です。,出題無効の問題は復習不要ですか？,本番の採点は公式の扱いに従い、学習では争点・条文・類似設問の理解に使う価値があります。「無効だからスキップ」ではなく、論点メモとタグ付けで解き直し優先度を調整してください。独自の点数計算で合格判定しないよう注意してください。,pass-score:合格点・合格率の見方;past-questions-how-to-use:過去問の効果的な使い方;study-plan:学習計画の立て方,50問と45問、どちらで模試を受けるべきですか？,申込予定の受験形態に合わせるのが基本です。45問免除を使う場合は、月1回以上45問120分の通しを入れてください。一般50問で練習だけ続けると、本番の問題数感覚と合格基準の感覚がずれることがあります。最新の条件は試験センター要項と協議会サイトで確認してください。,,,50問と45問を区別;5問免除は要項で確認;無効は論点学習・採点は公式;過去問にタグ付け;通しで時間配分
ichimon-practice-mode,過去問活用,一問一答モードの使い方｜弱点の短時間復習と50問演習の組み合わせ,賃貸不動産経営管理士試験の一問一答モード活用法。通勤時間の短時間復習・誤答タグの回し方・50問120分通しとの役割分担を令和8年度試験向けに解説します。,一問一答は、50問120分の通し演習を置き換えるものではなく、弱点論点を短時間で反復するためのモードです。試験は50問・120分・3分野、令和8年度は2026年11月15日（日）13:00〜15:00です。本記事では試験センター要項を前提に、誤答タグだけを回す運用、用語記事との往復、過去問・通し演習との役割分担を表で説明します。出題範囲は https://www.chintaikanrishi.jp/ の要項で確認してください。,180,一問一答;復習,賃管マスター編集部,賃貸不動産経営管理士試験の過去問形式演習、用語解説、学習導線を整理する編集チームです。,賃管マスター確認担当,公開前に公式情報への誘導、断定表現、内部リンク、FAQ、更新日の有無を確認します。,2026-06-04,賃貸不動産経営管理士協議会（公式）|https://www.chintaikanrishi.jp/,手書きリライト 2026-06-04。自動prose差し替え 2026-06-04（要手書き）。past-questions-how-to-use の補強記事です。,本記事を読むと、一問一答を本番形式の演習と組み合わせ、弱点だけを効率よく繰り返す週次の手順が設計できるようになります。,要項で3分野の出題範囲を確認する;一問一答は1日10問以内・誤答タグ優先で運用する;正解も根拠を一文メモして偶然正解を除外する;週末に分野別または50問通しを入れる;通し直前1週間は誤答ノート確認に切り替える,試験要項や公式ページ、関係法令が更新されたタイミングで本文と参照元を見直します。,2026-06-04,2026-06-29,2026-06-04,published,2026-06-04: 編集合格（手書きリライト）,一問一答の役割,"モードごとの強みを分けると、学習がぶれにくくなります。

| モード | 強み | 向かない使い方 |
| --- | --- | --- |
| 一問一答 | 弱点の短時間反復 | 初見の広範囲インプット |
| 分野別演習 | バランス確認 | 時間配分の練習 |
| 50問通し | 120分・解答順 | 定義だけの確認 |
| 用語記事 | 定義の固定 | 言い換えへの慣れ |
| 解き直し | 再発防止 | 初回の走り読み |

通勤・隙間時間は一問一答、週末まとまった時間は通しまたは分野別、と役割を固定してください。",誤答タグだけを回す手順,"量より、同じ誤答が再発しないことに集中します。

| 順番 | 作業 | 目安 |
| --- | --- | --- |
| 1 | 前回の誤答タグを開く | 5分 |
| 2 | 一問一答10問以内 | 15分 |
| 3 | 外した語を用語で確認 | 10分 |
| 4 | 同テーマを翌日解き直し | 10分 |
| 5 | 週末に通しまたは20問 | 120分以内 |

正解した問題も、根拠を一文書けない場合は用語記事を開き直し、偶然正解と定着を区別してください。",3分野別の優先付け,"全分野を均等に回すより、再発率の高い分野から優先します。

| 分野 | 一問一答の使い方 | 補強 |
| --- | --- | --- |
| 法令・制度 | 条文語の言い換え | 法令ハブ |
| 契約・実務 | 類型判別・主体 | 比較表 |
| 設備・税務 | 数値・条件 | 数値早見 |
| 記録 | 分野別正答数 | 月1回50問通し |

再発が続く分野だけ週末の演習時間を+30分し、他分野は維持ラインに留めてください。",過去問・用語との往復,"静的な用語記事と演習モードはセットで使います。

| タイミング | リソース |
| --- | --- |
| 誤答直後 | 用語記事→一問一答5問 |
| 週中 | 一問一答のみ |
| 週末 | 過去問の効果的な使い方に沿った20問 |
| 7日後 | 同じタグの解き直し |
| 月2回 | 50問120分通し |

用語集の使い方の記事で、誤答から用語へ戻る手順を揃えると迷いにくくなります。",直前期の切り替え,"試験2週間前からは、新規タグを増やさず再発誤答に絞ります。

| 時期 | 一問一答の使い方 |
| --- | --- |
| 4週前 | 弱点タグ＋分野別20問 |
| 2週前 | 誤答タグのみ、1日10問上限 |
| 1週前 | 数値早見＋解き直し、長時間は避ける |
| 前日 | 新規は見ない、睡眠優先 |

令和8年度の試験日は11月15日（日）です。学習計画全体は学習計画の立て方、直前の行動は直前対策の記事で補完できます。",直前期の優先順位,"【実践セクション27】SNS情報の取捨を厳格化する
一問一答モードの使い方では「情報選別」を先に定義しておくと、演習と復習の判断がぶれにくくなります。
賃管 examは3分野を横断して50q/120minで処理するため、知識量だけでなく運用手順の固定が重要です。
とくに弱点の短時間復習で迷った場面では、公式発表を確認して一次情報ベースで手順を更新してください。
実行段階では、出典不明情報は学習計画へ採用しないを週次で反復し、再発誤答の減少を改善指標に置くと安定します。

【実践セクション28】模試結果の読み方を統一する
一問一答モードの使い方では「模試分析」を先に定義しておくと、演習と復習の判断がぶれにくくなります。
賃管 examは3分野を横断して50q/120minで処理するため、知識量だけでなく運用手順の固定が重要です。
とくに弱点の短時間復習で迷った場面では、公式発表を確認して一次情報ベースで手順を更新してください。
実行段階では、合計点と時間超過を分離して評価するを週次で反復し、再発誤答の減少を改善指標に置くと安定します。

【実践セクション29】停滞期の立て直し手順を準備する
一問一答モードの使い方では「停滞復旧」を先に定義しておくと、演習と復習の判断がぶれにくくなります。
賃管 examは3分野を横断して50q/120minで処理するため、知識量だけでなく運用手順の固定が重要です。
とくに弱点の短時間復習で迷った場面では、公式発表を確認して一次情報ベースで手順を更新してください。
実行段階では、最低ライン学習へ一時退避して連続性を守るを週次で反復し、再発誤答の減少を改善指標に置くと安定します。

【実践セクション30】直前期の新規追加を制限する
一問一答モードの使い方では「直前運用」を先に定義しておくと、演習と復習の判断がぶれにくくなります。
賃管 examは3分野を横断して50q/120minで処理するため、知識量だけでなく運用手順の固定が重要です。
とくに弱点の短時間復習で迷った場面では、公式発表を確認して一次情報ベースで手順を更新してください。
実行段階では、新規論点より再発論点の再演習を優先するを週次で反復し、再発誤答の減少を改善指標に置くと安定します。

【実践セクション31】試験前週の行動を固定する
一問一答モードの使い方では「前週準備」を先に定義しておくと、演習と復習の判断がぶれにくくなります。
賃管 examは3分野を横断して50q/120minで処理するため、知識量だけでなく運用手順の固定が重要です。
とくに弱点の短時間復習で迷った場面では、公式発表を確認して一次情報ベースで手順を更新してください。
実行段階では、会場経路・持ち物・当日朝の確認項目を先に決めるを週次で反復し、再発誤答の減少を改善指標に置くと安定します。",本番運用と振り返り,"【実践セクション32】試験当日の開始手順を短文化する
一問一答モードの使い方では「当日手順」を先に定義しておくと、演習と復習の判断がぶれにくくなります。
賃管 examは3分野を横断して50q/120minで処理するため、知識量だけでなく運用手順の固定が重要です。
とくに弱点の短時間復習で迷った場面では、公式発表を確認して一次情報ベースで手順を更新してください。
実行段階では、開始直後の見通し確認を1分以内で実施するを週次で反復し、再発誤答の減少を改善指標に置くと安定します。

【実践セクション33】終了直前の判断を標準化する
一問一答モードの使い方では「終盤判断」を先に定義しておくと、演習と復習の判断がぶれにくくなります。
賃管 examは3分野を横断して50q/120minで処理するため、知識量だけでなく運用手順の固定が重要です。
とくに弱点の短時間復習で迷った場面では、公式発表を確認して一次情報ベースで手順を更新してください。
実行段階では、未確定問題へ戻る順序を事前ルール化するを週次で反復し、再発誤答の減少を改善指標に置くと安定します。

【実践セクション34】試験後の振り返りを次回へ接続する
一問一答モードの使い方では「試験後整理」を先に定義しておくと、演習と復習の判断がぶれにくくなります。
賃管 examは3分野を横断して50q/120minで処理するため、知識量だけでなく運用手順の固定が重要です。
とくに弱点の短時間復習で迷った場面では、公式発表を確認して一次情報ベースで手順を更新してください。
実行段階では、迷い問題の型を分類して再利用するを週次で反復し、再発誤答の減少を改善指標に置くと安定します。

【実践セクション35】継続学習の最小単位を守る
一問一答モードの使い方では「継続設計」を先に定義しておくと、演習と復習の判断がぶれにくくなります。
賃管 examは3分野を横断して50q/120minで処理するため、知識量だけでなく運用手順の固定が重要です。
とくに弱点の短時間復習で迷った場面では、公式発表を確認して一次情報ベースで手順を更新してください。
実行段階では、忙しい日でも10分復習を継続して空白日を作らないを週次で反復し、再発誤答の減少を改善指標に置くと安定します。

【実践セクション36】最終到達基準を言語化する
一問一答モードの使い方では「到達目標」を先に定義しておくと、演習と復習の判断がぶれにくくなります。
賃管 examは3分野を横断して50q/120minで処理するため、知識量だけでなく運用手順の固定が重要です。
とくに弱点の短時間復習で迷った場面では、公式発表を確認して一次情報ベースで手順を更新してください。
実行段階では、3分野で安定得点できる再現手順を文書化するを週次で反復し、再発誤答の減少を改善指標に置くと安定します。",一問一答は毎日何問が目安ですか？,10問以内を目安に、誤答タグ・再発論点に限定する運用が安定しやすいです。量を増やすより、外した問題を翌日と7日後に解き直すサイクルを先に固定してください。週末に50問通しまたは分野別20問を入れ、時間配分も本番形式で確認してください。,通し演習なしで一問一答だけでもよいですか？,一問一答だけでは、120分・50問の時間配分や長文の連続処理に弱くなることがあります。月2回以上、50問120分（45問免除の場合は45問）の通しを入れてください。過去問の効果的な使い方で、記録法と誤答分類を揃えると効率が上がります。,past-questions-how-to-use:過去問の効果的な使い方;glossary-how-to-use:用語集の使い方;study-plan:学習計画の立て方,用語集とどう組み合わせますか？,誤答直後に用語記事で定義を固定し、同じ週に一問一答で言い換えに慣れ、7日後に解き直す三層がバランス良いです。比較表・よくある誤答は、混同が続く語だけ短時間で確認する用途に向いています。出題範囲の正本は試験センター要項です。,,,一問一答は弱点用;1日10問・誤答タグ優先;通し演習と役割分担;用語と7日後解き直し;直前は再発語に絞る
retake-review-plan,試験対策,賃貸不動産経営管理士試験の再受験・不合格からの学習の組み直し方,賃貸不動産経営管理士試験の再受験向け振り返り計画を試験センター要項正本で整理。前回失点の分野別分析、50問120分・3分野の時間再配分、令和8年度11月15日試験向けの復習手順を解説します。,不合格後は「もう一度同じ勉強」ではなく、前回の誤答パターンを数値で見える化してから計画を組み直す段階です。賃貸不動産経営管理士試験は50問・120分・3分野、令和8年度は2026年11月15日（日）13:00〜15:00です。本記事では一般財団法人 賃貸不動産経営管理士協議会および試験センター要項を前提に、分野別正答率・原因別誤答・通し演習の記録表と、学習計画の再設計手順を説明します。次回の申込・合格基準は https://www.chintaikanrishi.jp/ の要項で必ず確認してください。,185,再受験;不合格,賃管マスター編集部,賃貸不動産経営管理士試験の過去問形式演習、用語解説、学習導線を整理する編集チームです。,賃管マスター確認担当,公開前に公式情報への誘導、断定表現、内部リンク、FAQ、更新日の有無を確認します。,2026-06-04,賃貸不動産経営管理士協議会（公式）|https://www.chintaikanrishi.jp/,手書きリライト 2026-06-04。自動prose差し替え 2026-06-04（要手書き）。study-plan と科目別ハブへの再導線を強化する記事です。,本記事を読むと、不合格後に必要な振り返り項目を漏れなく整理でき、次回試験で同じ失点を繰り返さないための実行計画を作れるようになります。,前回の誤答を分野別・原因別に表にまとめ再発率を算出する;3分野の週次時間を再配分し弱点分野に+2時間を上乗せする;50問120分の通し演習で未解答数と2分以上の迷い時間を記録する;不安要因を学習面と申込・当日手続き面に分けて対処順を決める;直前期は再発論点の解き直しを中心に本番再現を確認する,試験要項や公式ページ、関係法令が更新されたタイミングで本文と参照元を見直します。,2026-06-04,2026-06-29,2026-06-04,published,2026-06-04: 編集合格（手書きリライト）,振り返りで固定する4つの数値,"再受験計画は感覚ではなく、前回データから始めます（数値の正本は自分の演習記録）。

| 指標 | 記録例 | 次の判断 |
| --- | --- | --- |
| 分野別正答数 | 法令18/契約14/設備16 | 最弱分野を1つ選ぶ |
| 原因別誤答 | 知識/読解/時間 | 週次で優先原因を1つ |
| 未解答 | 3問 | 見切り基準を要項どおり練習 |
| 迷い2分超 | 7問 | 争点3語メモの習慣化 |
| 再発率 | 同類誤答40% | 解き直し日を固定 |

前回の答案用紙・演習ログがない場合は、直近の50問通しを1回実施し、同じ表を埋めてから計画を書き直してください。",学習配分の再設計,"「全部やり直し」より、再発誤答と最弱分野に時間を寄せます。

| 期間 | 目安（11月15日試験・6月再開の例） | 重点 |
| --- | --- | --- |
| 第1〜2週 | 誤答分析のみ | 表の完成・再発トップ10 |
| 第3〜8週 | 弱点分野+30% | 分野別20問＋解き直し |
| 第9〜12週 | 通し演習月2回 | 120分・50問の時間配分 |
| 直前2週 | 再発語のみ | 新規教材は増やさない |

合格点の見方は合格点の記事と併用し、模試得点が基準に届いていない分野だけ週次枠を追加してください。",心理面と手続き面の切り分け,"再受験では学習不足以外の要因も計画に入れます。

| 不安の種類 | 例 | 対処 |
| --- | --- | --- |
| 学習 | 範囲が広い | 3分野の週次最低ライン |
| 学習 | 同じ誤答 | 7日後解き直し |
| 手続き | 申込締切 | 要項をカレンダー登録 |
| 手続き | 会場・持ち物 | 前週チェックリスト |
| 当日 | 時間切れ | 通し演習で配分固定 |

不合格直後は情報を増やしすぎず、本記事の表と学習計画の立て方の週次枠だけを先に固定すると再開しやすくなります。",週次の運用例,"再受験者向けの週次ルートです。

| 曜日 | 内容 |
| --- | --- |
| 月 | 再発誤答トップ5を解き直し（30分） |
| 水 | 最弱分野の演習15問＋原因メモ |
| 金 | 用語2語＋同類問題5問 |
| 土 | 50問通しまたは分野別30問 |
| 日 | 週次レビュー・翌週の配分調整 |

過去問の記録法は過去問の効果的な使い方に揃え、誤答を知識不足・読解不足・時間不足の3分類で残してください。",直前期と次回申込,"令和8年度の試験日は2026年11月15日（日）です。

| 時期 | やること |
| --- | --- |
| 申込前 | 要項で受験資格・締切・受験料を確認 |
| 8〜9月 | 通し演習で問題数感覚（50問/45問）を固定 |
| 10月 | 再発誤答のみ・分野バランス維持 |
| 前週 | 持ち物・会場・当日フローを確認 |

再受験でも出題範囲の正本は試験センター要項です。体験談の勉強法より、自分の誤答表の更新を優先してください。",直前期と当日準備,"【実践セクション27】直前期の新規学習を絞る
再受験の振り返り計画では「直前運用」を先に固定すると、学習判断がぶれにくくなります。
賃貸不動産経営管理士試験は3分野50問120分で構成されるため、知識学習と時間運用を同時に整えることが重要です。
とくに前回失点の分析と再設計で迷った場面では、試験センター公表情報と教材の記述差分を確認して判断してください。
実行段階では、未習追加より既習範囲の再現性を優先するを小さく回し、再受験計画の更新を毎週更新する流れが有効です。

【実践セクション28】前日準備を手順化する
再受験の振り返り計画では「前日準備」を先に固定すると、学習判断がぶれにくくなります。
賃貸不動産経営管理士試験は3分野50問120分で構成されるため、知識学習と時間運用を同時に整えることが重要です。
とくに前回失点の分析と再設計で迷った場面では、試験センター公表情報と教材の記述差分を確認して判断してください。
実行段階では、持ち物と移動経路を前日夜に確定するを小さく回し、再受験計画の更新を毎週更新する流れが有効です。

【実践セクション29】当日朝の確認範囲を限定する
再受験の振り返り計画では「当日調整」を先に固定すると、学習判断がぶれにくくなります。
賃貸不動産経営管理士試験は3分野50問120分で構成されるため、知識学習と時間運用を同時に整えることが重要です。
とくに前回失点の分析と再設計で迷った場面では、試験センター公表情報と教材の記述差分を確認して判断してください。
実行段階では、高頻度誤答テーマだけ短時間で見直すを小さく回し、再受験計画の更新を毎週更新する流れが有効です。

【実践セクション30】試験中のリズムを守る
再受験の振り返り計画では「本番運用」を先に固定すると、学習判断がぶれにくくなります。
賃貸不動産経営管理士試験は3分野50問120分で構成されるため、知識学習と時間運用を同時に整えることが重要です。
とくに前回失点の分析と再設計で迷った場面では、試験センター公表情報と教材の記述差分を確認して判断してください。
実行段階では、各設問で使う時間上限を意識して進めるを小さく回し、再受験計画の更新を毎週更新する流れが有効です。

【実践セクション31】終了後の振り返りを残す
再受験の振り返り計画では「振り返り」を先に固定すると、学習判断がぶれにくくなります。
賃貸不動産経営管理士試験は3分野50問120分で構成されるため、知識学習と時間運用を同時に整えることが重要です。
とくに前回失点の分析と再設計で迷った場面では、試験センター公表情報と教材の記述差分を確認して判断してください。
実行段階では、迷った設問の型を本番後に記録するを小さく回し、再受験計画の更新を毎週更新する流れが有効です。",再受験を含む継続改善,"【実践セクション32】再受験時の立て直しを設計する
再受験の振り返り計画では「再設計」を先に固定すると、学習判断がぶれにくくなります。
賃貸不動産経営管理士試験は3分野50問120分で構成されるため、知識学習と時間運用を同時に整えることが重要です。
とくに前回失点の分析と再設計で迷った場面では、試験センター公表情報と教材の記述差分を確認して判断してください。
実行段階では、前回失点分野の分析から再計画を作るを小さく回し、再受験計画の更新を毎週更新する流れが有効です。

【実践セクション33】心理負荷の管理を行う
再受験の振り返り計画では「心理調整」を先に固定すると、学習判断がぶれにくくなります。
賃貸不動産経営管理士試験は3分野50問120分で構成されるため、知識学習と時間運用を同時に整えることが重要です。
とくに前回失点の分析と再設計で迷った場面では、試験センター公表情報と教材の記述差分を確認して判断してください。
実行段階では、不安要因を学習前に書き出して対処順を決めるを小さく回し、再受験計画の更新を毎週更新する流れが有効です。

【実践セクション34】計画崩れ時の復旧手順を持つ
再受験の振り返り計画では「復旧計画」を先に固定すると、学習判断がぶれにくくなります。
賃貸不動産経営管理士試験は3分野50問120分で構成されるため、知識学習と時間運用を同時に整えることが重要です。
とくに前回失点の分析と再設計で迷った場面では、試験センター公表情報と教材の記述差分を確認して判断してください。
実行段階では、翌週で取り返す範囲を優先順で絞り込むを小さく回し、再受験計画の更新を毎週更新する流れが有効です。

【実践セクション35】学習記録を一元管理する
再受験の振り返り計画では「記録統一」を先に固定すると、学習判断がぶれにくくなります。
賃貸不動産経営管理士試験は3分野50問120分で構成されるため、知識学習と時間運用を同時に整えることが重要です。
とくに前回失点の分析と再設計で迷った場面では、試験センター公表情報と教材の記述差分を確認して判断してください。
実行段階では、紙かアプリのどちらか一方に記録を集約するを小さく回し、再受験計画の更新を毎週更新する流れが有効です。

【実践セクション36】合格までの到達基準を明文化する
再受験の振り返り計画では「到達定義」を先に固定すると、学習判断がぶれにくくなります。
賃貸不動産経営管理士試験は3分野50問120分で構成されるため、知識学習と時間運用を同時に整えることが重要です。
とくに前回失点の分析と再設計で迷った場面では、試験センター公表情報と教材の記述差分を確認して判断してください。
実行段階では、分野別目標点と所要時間を明確に置くを小さく回し、再受験計画の更新を毎週更新する流れが有効です。",不合格後、何日休んでから再開すべきですか？,固定の日数はありませんが、1週間以内に誤答分析表だけは完成させることを推奨します。感情の整理と並行して、分野別正答数と再発誤答を書き出すと、次の週次計画が具体化しやすくなります。再開時は新しい参考書より、前回と同じ教材の解き直しから始めると手戻りが少ないです。,同じ勉強時間でも得点が上がりません。何を変えますか？,時間の総量より、再発誤答の解き直し回数と通し演習の頻度を先に見直してください。原因別に分類し「読解不足」が多い週は争点メモを、時間不足が多い週は見切り基準の練習を増やします。3分野のうち1分野だけ極端に弱い場合は、その分野に週+2時間を上乗せするのが効率的です。,study-plan:学習計画の立て方;pass-score:合格点・合格率の見方;past-questions-how-to-use:過去問の効果的な使い方,再受験でも45問免除は使えますか？,講習修了等の要件を満たす場合、本試験が45問となる制度があります（詳細・合格基準は年度要項）。申込前に要項で50問か45問かを確定し、通し演習も受験形態に合わせてください。最新条件は協議会公式サイトと試験センター要項で確認してください。,,,誤答を数値で可視化;最弱分野に時間再配分;50問120分で通し記録;不安は学習と手続きで分離;要項で申込を確認
official-info-sources,試験概要,賃貸不動産経営管理士試験の公式情報の確認先,賃貸不動産経営管理士試験の公式情報の確認先を整理。試験センター要項と協議会公表の使い分け、受験前チェック、50問120分・令和8年度11月15日試験向けの確認順を解説します。,"賃貸不動産経営管理士試験の学習は、要項と協議会の一次情報を先にそろえてから始めると手戻りが減ります。試験は50問・120分・3分野、令和8年度は2026年11月15日（日）13:00〜15:00、受験料12,000円（要項どおり）です。本記事では一般財団法人 賃貸不動産経営管理士試験センターおよび一般財団法人 賃貸不動産経営管理士協議会の公表を正本として、確認順序・記録の仕方・関連記事への導線を表で説明します。日程・締切の最新版は https://www.chintaikanrishi.jp/ で必ず上書き確認してください。",10,試験概要;公式情報,賃管マスター編集部,資格学習サイトの編集チーム,公式情報確認担当,公開前に一次情報との照合を行う担当者,2026-06-04,賃貸不動産経営管理士協議会（公式）|https://www.chintaikanrishi.jp/,手書きリライト 2026-06-04。自動prose差し替え 2026-06-04（要手書き）。試験概要向けテンプレートから作成。公開前に本文・参照URL・関連リンクを差し替える。,本記事を読むと、公式情報の確認先と確認順序が明確になり、3分野・50問120分の学習を正しい前提で進めるための情報収集ルートを作れるようになります。,試験センター要項で試験日・申込期間・受験上の注意を確認する;協議会サイトで制度資料の更新有無を月1回確認する;確認日と参照URLを学習ノートに記録する;受験前チェックを申込・学習・当日の3区分で管理する;関連記事を学習段階に合わせた順で読む,試験要項・公式ページ更新時に本文と参照元を見直す。,2026-06-04,2026-06-29,2026-06-04,published,2026-06-04: 編集合格（手書きリライト）,正本はどこか（早見表）,"手続きと学習内容で参照先が異なります。

| 知りたいこと | 正本 | 補助 |
| --- | --- | --- |
| 試験日・申込・受験料 | 試験センター要項 | 協議会トップからリンク |
| 出題範囲・問題数・時間 | 要項「試験の概要」 | 本サイトの試験概要記事 |
| 合格基準・発表 | 要項・試験センター案内 | 合格点の記事 |
| 制度の背景 | 協議会公表資料 | 法令テキスト |
| 最新更新 | chintaikanrishi.jp | 確認日をメモ |

第三者まとめは参考に留め、申込・受験判断は要項の記載で確定してください。",確認の推奨順序,"初回は次の順で読むと漏れが減ります。

| 順番 | 作業 | 目安時間 |
| --- | --- | --- |
| 1 | 要項PDFを保存・試験日をカレンダー登録 | 15分 |
| 2 | 受験資格の該当区分を1行特定 | 20分 |
| 3 | 申込方法（WEB/郵送）と締切を転記 | 15分 |
| 4 | 50問120分・3分野を学習計画へ反映 | 30分 |
| 5 | 月1回、要項更新の有無を再確認 | 5分 |

日程・申込の具体手順は日程・申込の確認手順の記事で表形式に整理しています。要項を読んだあとにそちらへ進むと、締切の覚え違えを防ぎやすくなります。",本サイト記事の使い方,"記事は要項の置き換えではなく、学習行動への変換用です。

| 段階 | 読む記事の例 | 目的 |
| --- | --- | --- |
| 開始 | 試験概要・公式情報（本記事） | 前提の固定 |
| 計画 | 学習計画の立て方 | 週次枠の設計 |
| 演習 | 過去問の効果的な使い方 | 誤答記録 |
| 分野 | 法令・契約・設備の各ハブ | 論点の地図 |
| 直前 | 当日持ち物・時間配分 | 本番再現 |

記事で理解した内容は、必ず要項の該当章で最終確認してから申込・演習に進んでください。",受験前チェックリスト,"申込・学習・当日を同じ表で管理します。

| 区分 | チェック例 |
| --- | --- |
| 申込 | 資格区分・写真規格・受験料決済・締切 |
| 学習 | 3分野の週次最低時間・月2回の50問通し |
| 当日 | 受験票・筆記具・身分証・会場到着時刻 |
| 記録 | 要項確認日・演習正答数・再発誤答 |
| 更新 | 協議会サイトを月1回開く |

受験資格と合格後の登録は別手続きです。受験資格・登録制度の記事で混同しやすい点を先に読んでおくと安全です。",よくある誤解,"公式確認を飛ばすと起きやすい判断ミスです。

### 協議会＝申込先
申込・受験料・締切の正本は試験センター要項です。協議会は制度説明・関連資料の補助として使い分けてください。

### 過年度ブログ＝今年の日程
令和8年度は試験日2026年11月15日（日）など、年度ごとに変わる項目があります。毎年、要項で上書き確認してください。

### 記事を読めば申込不要
本サイトは学習導線の整理であり、申込・資格判断は要項が正本です。",,,,,公式情報はどこで確認しますか？,最優先は一般財団法人 賃貸不動産経営管理士試験センターの受験要項です。試験日、申込期限、受験料、受験上の注意は要項を基準にし、制度背景は一般財団法人 賃貸不動産経営管理士協議会の https://www.chintaikanrishi.jp/ で補完してください。確認した日付と章名をメモしておくと、後からの照合が速くなります。,本サイトの記事と要項、どちらが優先ですか？,申込・資格・合格基準・試験日などの判断は要項が優先です。本サイトは50問120分・3分野の学習設計や演習の回し方を具体化する補助です。記事で全体像をつかんだら、必ず要項の該当ページで数字と期限を確定させてください。,exam-overview:試験概要・出題分野;schedule-application:日程・申込の確認手順;eligibility-registration:受験資格・登録制度,どのくらいの頻度で再確認すべきですか？,学習中は月1回、協議会サイトと要項の更新有無を5分で確認する運用が現実的です。申込期間中（8〜9月）は週1回、締切と申込方法だけを見直すと安心です。試験直前は新規情報より、既に確認済みのチェックリストの実行に集中してください。,,,要項が手続きの正本;確認順序を固定;確認日を記録;記事は学習変換用;月1回要項を再確認
exam-purpose-and-career,試験概要,賃貸不動産経営管理士の目的とキャリア｜学習動機と3分野の接続,賃貸不動産経営管理士の目的と資格取得後のキャリア像を整理。試験の位置づけ、3分野の学習優先順位、実務との接続を50問120分・令和8年度11月15日試験向けに解説します。,賃貸不動産経営管理士は、賃貸住宅管理の法令・契約・設備判断を統合して測る資格試験です。暗記量だけでなく、管理現場で使う説明・記録・調整の順序が問われます。試験は50問・120分・3分野、令和8年度は2026年11月15日（日）13:00〜15:00です。本記事では協議会・試験センター要項を前提に、受験動機の言語化、分野別の業務接続、学習配分への反映方法を表で説明します。制度の最新情報は https://www.chintaikanrishi.jp/ で確認してください。,10,試験概要;公式情報,賃管マスター編集部,資格学習サイトの編集チーム,公式情報確認担当,公開前に一次情報との照合を行う担当者,2026-06-04,賃貸不動産経営管理士協議会（公式）|https://www.chintaikanrishi.jp/,手書きリライト 2026-06-04。自動prose差し替え 2026-06-04（要手書き）。試験概要向けテンプレートから作成。公開前に本文・参照URL・関連リンクを差し替える。,本記事を読むと、なぜ賃貸不動産経営管理士を学ぶのかを言語化でき、試験勉強と実務活用を一体化した学習設計を作れるようになります。,要項と協議会資料で資格制度の目的をノートに3行で要約する;取得後に活かしたい業務場面を3つ書き学習動機を具体化する;3分野ごとに業務上の重要度を付け週次時間へ反映する;週1回の演習で誤答テーマを業務イメージと結び付けて復習する;直前期は再発誤答と重要用語に絞り得点再現性を優先する,試験要項・公式ページ更新時に本文と参照元を見直す。,2026-06-04,2026-06-29,2026-06-04,published,2026-06-04: 編集合格（手書きリライト）,試験の目的と社会的役割,"賃貸不動産経営管理士制度は、賃貸住宅の適正な管理・運営に必要な知識を評価します（詳細は協議会公表・要項）。

| 観点 | 試験で測ること | 学習への示唆 |
| --- | --- | --- |
| 法令 | 登録・業務・監督・重説 | 条文の「誰が・いつ」 |
| 契約 | 賃貸借・管理受託・原状回復 | 当事者の固定 |
| 設備 | 維持保全・税務・保険等 | 数値・条件の確認 |
| 横断 | 同一物件の判断 | 分野を往復 |
| 本番 | 50問120分 | 時間配分の練習 |

目的を先に言語化しておくと、教材選びで「自分の業務に近い章」から始めやすくなります。",キャリア像と学習計画の接続,"職種によって活かし方は異なりますが、接続の例は共通です。

| 場面 | 関連分野 | 学習の焦点 |
| --- | --- | --- |
| 管理会社 | 契約・実務・法令 | 受託範囲・記録 |
| オーナー | 経営・設備・税務 | 収支・修繕計画 |
| 仲介・関連 | 重説・契約 | 説明義務・書面 |
| 独立・転職 | 全分野 | 通し演習で弱点 |
| 記録 | 動機3つと週次時間 | 計画の見直し |

学習計画の立て方の記事で週次枠を作り、本節で書いた「活かしたい場面」に対応する分野へ週+30分を配分してください。",3分野を業務イメージで学ぶ,"条文暗記だけでは事例形式に弱くなります。

| 分野 | 業務での問いの例 | 演習のメモ |
| --- | --- | --- |
| 法令 | 登録・業務範囲は誰が | 主体を先に書く |
| 契約 | 退去時の精算は何を根拠に | 争点3語 |
| 設備 | 修繕は誰負担・いつ | 期限・条件 |
| 往復 | 同一入居者・同一物件 | 週1回横断復習 |
| 記録 | 誤答と業務場面 | 再発防止 |

過去問を解いたら、正誤より「どの場面の判断か」を1行メモする習慣が定着に効きます。",合格後のイメージ（学習段階）,"試験対策中に合格後をぼんやり把握しておくと、モチベーションの維持に役立ちます。

| 段階 | 確認先 | 学習との関係 |
| --- | --- | --- |
| 学科合格 | 試験センター案内 | 手続きは要項正本 |
| 登録等 | 業法・協議会 | 受験学習とノート分離 |
| 実務定着 | 現場の判断手順 | ノートから10論点抽出 |
| 継続学習 | 法令改正・演習 | 月1回の確認 |
| 参照 | 合格後の手続き記事 | 期限の一覧 |

合格後の詳細手続きは合格後の手続きと実務活用の記事で整理しています。受験中は細部暗記より「合格≠登録完了」の理解だけ先に済ませてください。",動機がぶれたときの戻し方,"令和8年度試験日は11月15日（日）です。

| 症状 | 戻り先 |
| --- | --- |
| 範囲が広い | 3分野の早見表（試験概要） |
| 意味が分からない | 本記事の動機3つを書き直す |
| 得点が伸びない | 誤答の解き直し・通し演習 |
| 手続き不安 | 要項・日程記事 |

新しい教材を増やすより、既習範囲の再発誤答と50問120分の時間配分を優先してください。",得点化の実践手順,"【実践セクション27】管理運営論点を図で確認する
試験の目的とキャリアでは「運営理解」を先に固めると、受験理由の明確化と学習計画の接続の判断が安定します。
賃貸不動産経営管理士試験は3分野を横断して問われるため、単発暗記よりも接続理解が重要です。
実行段階では、手順の流れを可視化して覚えるを短い周期で回し、週次レビューで改善点を1つだけ更新してください。

【実践セクション28】模試結果の見方を統一する
試験の目的とキャリアでは「模試分析」を先に固めると、受験理由の明確化と学習計画の接続の判断が安定します。
賃貸不動産経営管理士試験は3分野を横断して問われるため、単発暗記よりも接続理解が重要です。
実行段階では、点数と時間不足要因を分離して評価するを短い周期で回し、週次レビューで改善点を1つだけ更新してください。

【実践セクション29】直前期の学習範囲を絞る
試験の目的とキャリアでは「直前運用」を先に固めると、受験理由の明確化と学習計画の接続の判断が安定します。
賃貸不動産経営管理士試験は3分野を横断して問われるため、単発暗記よりも接続理解が重要です。
実行段階では、新規追加より既習復習を優先するを短い周期で回し、週次レビューで改善点を1つだけ更新してください。

【実践セクション30】当日持ち物と移動を確定する
試験の目的とキャリアでは「当日準備」を先に固めると、受験理由の明確化と学習計画の接続の判断が安定します。
賃貸不動産経営管理士試験は3分野を横断して問われるため、単発暗記よりも接続理解が重要です。
実行段階では、前日までに会場アクセスを確認するを短い周期で回し、週次レビューで改善点を1つだけ更新してください。

【実践セクション31】見直し手順を固定する
試験の目的とキャリアでは「見直し運用」を先に固めると、受験理由の明確化と学習計画の接続の判断が安定します。
賃貸不動産経営管理士試験は3分野を横断して問われるため、単発暗記よりも接続理解が重要です。
実行段階では、数値・主体・否定語の順で点検するを短い周期で回し、週次レビューで改善点を1つだけ更新してください。",直前期の最終調整,"【実践セクション32】試験後の記録項目を決める
試験の目的とキャリアでは「振り返り」を先に固めると、受験理由の明確化と学習計画の接続の判断が安定します。
賃貸不動産経営管理士試験は3分野を横断して問われるため、単発暗記よりも接続理解が重要です。
実行段階では、再受験も想定して誤答型を残すを短い周期で回し、週次レビューで改善点を1つだけ更新してください。

【実践セクション33】学習計画の崩れを復旧する
試験の目的とキャリアでは「復旧手順」を先に固めると、受験理由の明確化と学習計画の接続の判断が安定します。
賃貸不動産経営管理士試験は3分野を横断して問われるため、単発暗記よりも接続理解が重要です。
実行段階では、最低ラインへ戻して再起動するを短い周期で回し、週次レビューで改善点を1つだけ更新してください。

【実践セクション34】関連テーマへの接続を作る
試験の目的とキャリアでは「関連学習」を先に固めると、受験理由の明確化と学習計画の接続の判断が安定します。
賃貸不動産経営管理士試験は3分野を横断して問われるため、単発暗記よりも接続理解が重要です。
実行段階では、次に読む記事で知識を横展開するを短い周期で回し、週次レビューで改善点を1つだけ更新してください。

【実践セクション35】内部リンクを学習導線に使う
試験の目的とキャリアでは「導線設計」を先に固めると、受験理由の明確化と学習計画の接続の判断が安定します。
賃貸不動産経営管理士試験は3分野を横断して問われるため、単発暗記よりも接続理解が重要です。
実行段階では、記事→用語→演習の順で回遊するを短い周期で回し、週次レビューで改善点を1つだけ更新してください。

【実践セクション36】短時間復習の型を整える
試験の目的とキャリアでは「短時間復習」を先に固めると、受験理由の明確化と学習計画の接続の判断が安定します。
賃貸不動産経営管理士試験は3分野を横断して問われるため、単発暗記よりも接続理解が重要です。
実行段階では、5分で見直すチェック項目を固定するを短い周期で回し、週次レビューで改善点を1つだけ更新してください。

【実践セクション37】合格後の実務像を明確にする
試験の目的とキャリアでは「キャリア視点」を先に固めると、受験理由の明確化と学習計画の接続の判断が安定します。
賃貸不動産経営管理士試験は3分野を横断して問われるため、単発暗記よりも接続理解が重要です。
実行段階では、資格取得後の行動計画を言語化するを短い周期で回し、週次レビューで改善点を1つだけ更新してください。",実務経験が少なくても意味はありますか？,試験は実務の縮図として設計されているため、経験が浅い場合でも体系を先に学べます。演習のたびに「誰が・いつ・何を」のメモを付けると、現場未経験でも判断の型が身につきやすくなります。受験資格の区分は要項で自分の該当行を確認してください。,キャリア目標と勉強内容がずれています。どう直しますか？,活かしたい業務場面を3つ書き、各場面に対応する分野へ週次時間を再配分してください。例えば管理受託中心なら契約・実務と法令に比重を置き、オーナー支援なら設備・税務の演習を増やします。ずれが続く週は通し演習の記録を見直し、本当の弱点分野か優先度かを切り分けてください。,exam-overview:試験概要・出題分野;study-plan:学習計画の立て方;after-passing-guide:合格後の手続きと実務活用,合格後の話は今から深く学ぶべきですか？,試験対策中は「学科合格と登録手続きが別」という理解までで十分な場合が多いです。細部の期限・様式は合格後に協議会・試験センター案内で確認すればよく、今は50問120分の得点再現と要項どおりの受験準備に時間を使うのが効率的です。,,,目的を先に言語化;3分野は業務で接続;動機と週次時間を連動;合格後は別ノート;要項で制度確認
first-time-exam-guide,試験概要,賃貸不動産経営管理士試験の初めて受験する人向けガイド,賃貸不動産経営管理士試験の初受験者向けに、要項確認・申込・学習開始・当日までを一連の流れで整理。3分野・50問120分・令和8年度11月15日試験向けの初週から直前までの手順を解説します。,"初受験では、情報の多さと手続きの細かさが同時に来て、学習の着手が遅れがちです。先に試験センター要項で前提を固定し、そのあと週次の学習枠を決める順が安全です。試験は50問・120分・3分野、令和8年度は2026年11月15日（日）13:00〜15:00、受験料12,000円（要項どおり）です。本記事では協議会・試験センター公表を正本として、初週の確認項目・3分野のスタート順・過去問・当日準備までを時系列で説明します。最新の日程・申込は https://www.chintaikanrishi.jp/ で確認してください。",10,試験概要;公式情報,賃管マスター編集部,資格学習サイトの編集チーム,公式情報確認担当,公開前に一次情報との照合を行う担当者,2026-06-04,賃貸不動産経営管理士協議会（公式）|https://www.chintaikanrishi.jp/,手書きリライト 2026-06-04。自動prose差し替え 2026-06-04（要手書き）。試験概要向けテンプレートから作成。公開前に本文・参照URL・関連リンクを差し替える。,本記事を読むと、初受験者がつまずきやすい申込手順と学習設計の不安を解消し、試験当日まで迷いなく進める行動計画を作れます。,要項で申込期限・受験資格・受験地を最初にカレンダー登録する;第1週に3分野の全体像を把握し不得意候補を記録する;過去問を早期に触れ誤答理由を3分類で残す;月1回以上50問120分の通し演習で時間配分を練習する;前週に持ち物・会場・当日タイムラインを固定する,試験要項・公式ページ更新時に本文と参照元を見直す。,2026-06-04,2026-06-29,2026-06-04,published,2026-06-04: 編集合格（手書きリライト）,初受験者が最初に確認すること,"第1週は演習量より、要項とカレンダーの整備を優先します。

| 項目 | 確認先 | メモ例 |
| --- | --- | --- |
| 試験日 | 要項 | 2026/11/15 13:00〜15:00 |
| 問題数・時間 | 要項 | 50問・120分・3分野 |
| 受験資格 | 要項区分表 | 自分の該当行 |
| 申込締切 | 要項 | WEB/郵送の別 |
| 受験料 | 要項 | 12,000円 |

受験資格・登録制度の記事で「受験」と「合格後」を分けて理解しておくと、手続きの取り違えを防ぎやすくなります。",申込と学習準備の流れ,"申込と勉強は同じカレンダーで動かします。

| 時期 | 手続き | 学習 |
| --- | --- | --- |
| 申込開始週 | 写真・決済・受験地 | テキスト目次を3分野で色分け |
| 申込完了後 | 控え保存 | 週次学習枠を固定 |
| 9月締切前 | 締切再確認 | 分野別10問演習開始 |
| 10月以降 | 受験票確認 | 月2回50問通し |
| 11月前半 | 会場下見 | 誤答解き直し中心 |

日程・申込の確認手順でWEBと郵送の締切の違いを表にまとめています。申込方法を選ぶ前にそちらを読むと安心です。",3分野のスタート順（例）,"順番に正解はありませんが、初受験向けの一例です。

| 週 | 分野 | 内容 |
| --- | --- | --- |
| 1〜2 | 法令・制度 | 登録・業務の骨格 |
| 3〜4 | 契約・実務 | 契約類型・当事者 |
| 5〜6 | 設備・税務 | 維持保全・数値 |
| 7〜 | 横断 | 同一事例で往復 |
| 毎週末 | 演習 | 10〜20問＋誤答メモ |

試験概要の記事で3分野の早見表を確認し、ハブ記事（法令・契約・設備）へ順にリンクしていくと地図ができます。",過去問と復習の初め方,"初月から過去問に触れ、記録の型を早く作ります。

| ステップ | 作業 |
| --- | --- |
| 1 | 10問だけ解く（時間計測） |
| 2 | 誤答を知識/読解/時間で分類 |
| 3 | 用語記事で定義を1文要約 |
| 4 | 7日後に同じ10問を解き直し |
| 5 | 月1回50問120分通し |

過去問の効果的な使い方で記録列の例を揃え、「解いた回数」より「再発を減らしたか」で週次レビューしてください。",試験当日までのチェック,"直前は新規範囲より、手続きと再現性に集中します。

| 残り期間 | 重点 |
| --- | --- |
| 4週前 | 通し演習・分野別正答数 |
| 2週前 | 再発誤答・数値早見 |
| 1週前 | 持ち物・会場・起床時刻 |
| 前日 | 受験票・筆記具・交通 |
| 当日 | 解答順・見直し10分 |

試験当日の持ち物の記事で要項どおりの持込可否を確認し、当日の時間配分は時間配分の記事で本番形式を練習してください。",当日までの実行チェック,"【実践セクション27】管理運営論点を図で確認する
初めて受験する人向けガイドでは「運営理解」を先に固めると、初受験で迷いやすい手続きと学習順序の整理の判断が安定します。
賃貸不動産経営管理士試験は3分野を横断して問われるため、単発暗記よりも接続理解が重要です。
実行段階では、手順の流れを可視化して覚えるを短い周期で回し、週次レビューで改善点を1つだけ更新してください。

【実践セクション28】模試結果の見方を統一する
初めて受験する人向けガイドでは「模試分析」を先に固めると、初受験で迷いやすい手続きと学習順序の整理の判断が安定します。
賃貸不動産経営管理士試験は3分野を横断して問われるため、単発暗記よりも接続理解が重要です。
実行段階では、点数と時間不足要因を分離して評価するを短い周期で回し、週次レビューで改善点を1つだけ更新してください。

【実践セクション29】直前期の学習範囲を絞る
初めて受験する人向けガイドでは「直前運用」を先に固めると、初受験で迷いやすい手続きと学習順序の整理の判断が安定します。
賃貸不動産経営管理士試験は3分野を横断して問われるため、単発暗記よりも接続理解が重要です。
実行段階では、新規追加より既習復習を優先するを短い周期で回し、週次レビューで改善点を1つだけ更新してください。

【実践セクション30】当日持ち物と移動を確定する
初めて受験する人向けガイドでは「当日準備」を先に固めると、初受験で迷いやすい手続きと学習順序の整理の判断が安定します。
賃貸不動産経営管理士試験は3分野を横断して問われるため、単発暗記よりも接続理解が重要です。
実行段階では、前日までに会場アクセスを確認するを短い周期で回し、週次レビューで改善点を1つだけ更新してください。

【実践セクション31】見直し手順を固定する
初めて受験する人向けガイドでは「見直し運用」を先に固めると、初受験で迷いやすい手続きと学習順序の整理の判断が安定します。
賃貸不動産経営管理士試験は3分野を横断して問われるため、単発暗記よりも接続理解が重要です。
実行段階では、数値・主体・否定語の順で点検するを短い周期で回し、週次レビューで改善点を1つだけ更新してください。",不安を減らす見直し方法,"【実践セクション32】試験後の記録項目を決める
初めて受験する人向けガイドでは「振り返り」を先に固めると、初受験で迷いやすい手続きと学習順序の整理の判断が安定します。
賃貸不動産経営管理士試験は3分野を横断して問われるため、単発暗記よりも接続理解が重要です。
実行段階では、再受験も想定して誤答型を残すを短い周期で回し、週次レビューで改善点を1つだけ更新してください。

【実践セクション33】学習計画の崩れを復旧する
初めて受験する人向けガイドでは「復旧手順」を先に固めると、初受験で迷いやすい手続きと学習順序の整理の判断が安定します。
賃貸不動産経営管理士試験は3分野を横断して問われるため、単発暗記よりも接続理解が重要です。
実行段階では、最低ラインへ戻して再起動するを短い周期で回し、週次レビューで改善点を1つだけ更新してください。

【実践セクション34】関連テーマへの接続を作る
初めて受験する人向けガイドでは「関連学習」を先に固めると、初受験で迷いやすい手続きと学習順序の整理の判断が安定します。
賃貸不動産経営管理士試験は3分野を横断して問われるため、単発暗記よりも接続理解が重要です。
実行段階では、次に読む記事で知識を横展開するを短い周期で回し、週次レビューで改善点を1つだけ更新してください。

【実践セクション35】内部リンクを学習導線に使う
初めて受験する人向けガイドでは「導線設計」を先に固めると、初受験で迷いやすい手続きと学習順序の整理の判断が安定します。
賃貸不動産経営管理士試験は3分野を横断して問われるため、単発暗記よりも接続理解が重要です。
実行段階では、記事→用語→演習の順で回遊するを短い周期で回し、週次レビューで改善点を1つだけ更新してください。

【実践セクション36】短時間復習の型を整える
初めて受験する人向けガイドでは「短時間復習」を先に固めると、初受験で迷いやすい手続きと学習順序の整理の判断が安定します。
賃貸不動産経営管理士試験は3分野を横断して問われるため、単発暗記よりも接続理解が重要です。
実行段階では、5分で見直すチェック項目を固定するを短い周期で回し、週次レビューで改善点を1つだけ更新してください。

【実践セクション37】合格後の実務像を明確にする
初めて受験する人向けガイドでは「キャリア視点」を先に固めると、初受験で迷いやすい手続きと学習順序の整理の判断が安定します。
賃貸不動産経営管理士試験は3分野を横断して問われるため、単発暗記よりも接続理解が重要です。
実行段階では、資格取得後の行動計画を言語化するを短い周期で回し、週次レビューで改善点を1つだけ更新してください。",いつから勉強を始めればよいですか？,要項と受験資格の確認が終わった翌週から、週次枠を固定して始めるのが現実的です。令和8年度は11月15日試験のため、6月開始なら基礎期約12週・演習期約8週・直前期2週のイメージで計画できます。忙しい場合は平日30分×3と週末2時間の最低ラインを先にカレンダーに書いてください。,初受験で教材は何冊あれば足りますか？,公式テキスト1冊と問題集1冊に絞り、増やすより解き直し回数を優先する運用が管理しやすいです。3分野を一巡できる構成かを選び、章ごとに10問演習と誤答メモをセットにしてください。教材を増やしたくなった週は、新規購入より既出問題の再演習を選ぶと得点が安定しやすくなります。,schedule-application:日程・申込の確認手順;eligibility-registration:受験資格・登録制度;exam-day-items:試験当日の持ち物,申込前に演習しても意味はありますか？,意味があります。10問程度の演習で現在地が分かり、申込後の週次配分を合理的に決められます。ただし受験資格・締切の最終判断は申込前に要項で確定させてください。申込と学習を同じノートで管理すると、直前期の手続き漏れも減らせます。,,,要項確認が最初;申込と学習を同じカレンダー;3分野は地図から開始;過去問は記録から;直前は手続きと解き直し
compare-similar-qualifications,試験概要,賃貸不動産経営管理士と宅建・マン管の比較｜受験順と学習の切り分け,賃貸不動産経営管理士・宅地建物取引士・マンション管理士の違いを整理。目的・業務範囲・学習コストの比較表と、50問120分・令和8年度11月15日試験向けの賃管学習方針を解説します。,宅建・マン管・賃管は名称が近く、併願や学習順の判断で迷いやすい資格群です。比較の前提をそろえないと、賃管試験で不要な論点に時間を使ったり、逆に固有論点を後回しにしたりします。賃貸不動産経営管理士試験は50問・120分・3分野、令和8年度は2026年11月15日（日）13:00〜15:00です。本記事では各資格の公式情報を参照しつつ、業務接続・学習範囲・併願時の配分の目安を表で説明します。賃管の日程・要項は https://www.chintaikanrishi.jp/ が正本です。,10,試験概要;公式情報,賃管マスター編集部,資格学習サイトの編集チーム,公式情報確認担当,公開前に一次情報との照合を行う担当者,2026-06-04,賃貸不動産経営管理士協議会（公式）|https://www.chintaikanrishi.jp/,手書きリライト 2026-06-04。自動prose差し替え 2026-06-04（要手書き）。試験概要向けテンプレートから作成。公開前に本文・参照URL・関連リンクを差し替える。,本記事を読むと、賃管・宅建・マン管の役割差と学習コストを整理でき、自分の業務目標に合った受験順と学習優先順位を判断できるようになります。,3資格の試験目的と主な業務領域を比較表にまとめる;自分の職務に直結する論点を抽出し受験優先順位を決める;併願する場合は共通分野と賃管固有分野を分けて計画する;過去問で資格別の出題表現の違いをメモし混同を防ぐ;直前期は賃管固有論点の再確認に時間を寄せる,試験要項・公式ページ更新時に本文と参照元を見直す。,2026-06-04,2026-06-29,2026-06-04,published,2026-06-04: 編集合格（手書きリライト）,比較の前提をそろえる,"資格ごとに法令・試験実施主体・業務領域が異なります（各資格の要項・所管が正本）。

| 項目 | 賃管（本試験） | 宅建 | マン管 |
| --- | --- | --- | --- |
| 中心領域 | 賃貸住宅の管理・経営 | 宅地建物の取引等 | マンション管理 |
| 形式（概略） | 50問120分・3分野 | 各要項で確認 | 各要項で確認 |
| 学習の正本 | 試験センター要項 | 宅建の要項 | マン管の要項 |
| 比較目的 | 受験順・配分 | 業務重複の把握 | 業務重複の把握 |
| 注意 | 条文の丸写し不可 | 類似語の混同 | 管理組合と賃貸の違い |

他資格の勉強法をそのまま賃管に当てはめず、賃管要項の出題範囲で再確認してください。",3資格の役割差（学習者向け整理）,"現場でのイメージを並べると、学習動機と接続しやすくなります。

| 資格 | イメージしやすい業務 | 賃管学習との関係 |
| --- | --- | --- |
| 賃管 | 賃貸管理・重説・設備・経営 | 本試験の主対象 |
| 宅建 | 売買・仲介・重要事項説明 | 重説・契約の一部が接続 |
| マン管 | 分譲マンションの管理運営 | 共用・管理組合は別枠 |
| 併願 | 共通は民法等 | 固有は分けて週を割る |
| 記録 | 自分の職務 | 優先資格を1つ |

賃貸専門の管理会社勤務なら賃管固有論点（賃管業法・管理受託等）の比重を上げるのが一般的です。",賃管固有で優先する論点,"他資格勉強済みでも、賃管では次を取りこぼしやすいです。

| 論点 | 理由 |
| --- | --- |
| 賃貸住宅管理業法 | 賃管の骨格法令 |
| 管理受託・重説（賃貸） | 当事者と手順 |
| 賃貸経営・PM/AM | 経営系の出題 |
| 原状回復・敷金 | 実務型頻出 |
| 設備・税務横断 | 3分野の接続 |

試験形式の概要で50問120分の配分を確認し、固有論点は演習ログで正答率が低いものから順に解き直してください。",併願時の学習配分の目安,"併願する場合は、週の役割を分けると混乱が減ります。

| パターン | 平日 | 週末 |
| --- | --- | --- |
| 賃管のみ | 分野別30分×3 | 賃管50問通し |
| 賃管＋宅建 | 賃管2日・宅建1日 | 資格ごとに20問 |
| 賃管＋マン管 | 賃管固有を先 | マン管は別教材 |
| 直前2週 | 賃管再発誤答 | 他資格は維持のみ |
| 記録 | 資格名を誤答に付ける | 混同防止 |

学習計画の立て方で週次枠の作り方を揃え、併願週は総学習時間の上限を先に決めてから配分してください。",賃管受験に戻るチェック,"比較記事を読んだあとは、必ず賃管要項へ戻ります。

| チェック | 内容 |
| --- | --- |
| 試験日 | 2026年11月15日（要項で確認） |
| 問題数 | 50問・120分（45問特例は要項） |
| 分野 | 3分野のバランス |
| 申込 | 締切・方法 |
| 演習 | 月2回通し |

試験概要で学習導線を再確認し、他資格の過去問表現と混同した誤答はタグ付けして解き直してください。",比較結果を行動に落とす,"【実践セクション27】管理運営論点を図で確認する
類似資格との比較では「運営理解」を先に固めると、資格選択と併願戦略の判断基準づくりの判断が安定します。
賃貸不動産経営管理士試験は3分野を横断して問われるため、単発暗記よりも接続理解が重要です。
実行段階では、手順の流れを可視化して覚えるを短い周期で回し、週次レビューで改善点を1つだけ更新してください。

【実践セクション28】模試結果の見方を統一する
類似資格との比較では「模試分析」を先に固めると、資格選択と併願戦略の判断基準づくりの判断が安定します。
賃貸不動産経営管理士試験は3分野を横断して問われるため、単発暗記よりも接続理解が重要です。
実行段階では、点数と時間不足要因を分離して評価するを短い周期で回し、週次レビューで改善点を1つだけ更新してください。

【実践セクション29】直前期の学習範囲を絞る
類似資格との比較では「直前運用」を先に固めると、資格選択と併願戦略の判断基準づくりの判断が安定します。
賃貸不動産経営管理士試験は3分野を横断して問われるため、単発暗記よりも接続理解が重要です。
実行段階では、新規追加より既習復習を優先するを短い周期で回し、週次レビューで改善点を1つだけ更新してください。

【実践セクション30】当日持ち物と移動を確定する
類似資格との比較では「当日準備」を先に固めると、資格選択と併願戦略の判断基準づくりの判断が安定します。
賃貸不動産経営管理士試験は3分野を横断して問われるため、単発暗記よりも接続理解が重要です。
実行段階では、前日までに会場アクセスを確認するを短い周期で回し、週次レビューで改善点を1つだけ更新してください。

【実践セクション31】見直し手順を固定する
類似資格との比較では「見直し運用」を先に固めると、資格選択と併願戦略の判断基準づくりの判断が安定します。
賃貸不動産経営管理士試験は3分野を横断して問われるため、単発暗記よりも接続理解が重要です。
実行段階では、数値・主体・否定語の順で点検するを短い周期で回し、週次レビューで改善点を1つだけ更新してください。",最終判断のチェック項目,"【実践セクション32】試験後の記録項目を決める
類似資格との比較では「振り返り」を先に固めると、資格選択と併願戦略の判断基準づくりの判断が安定します。
賃貸不動産経営管理士試験は3分野を横断して問われるため、単発暗記よりも接続理解が重要です。
実行段階では、再受験も想定して誤答型を残すを短い周期で回し、週次レビューで改善点を1つだけ更新してください。

【実践セクション33】学習計画の崩れを復旧する
 類似資格との比較では「復旧手順」を先に固めると、資格選択と併願戦略の判断基準づくりの判断が安定します。
 賃貸不動産経営管理士試験は3分野を横断して問われるため、単発暗記よりも接続理解が重要です。
 実行段階では、最低ラインへ戻して再起動するを短い周期で回し、週次レビューで改善点を1つだけ更新してください。
比較時は、賃貸不動産経営管理士（賃管）・宅地建物取引士（宅建）・マンション管理士（マン管）を同じ観点で並べ、違いを一文で説明できる状態へ整えてください。

【実践セクション34】関連テーマへの接続を作る
類似資格との比較では「関連学習」を先に固めると、資格選択と併願戦略の判断基準づくりの判断が安定します。
賃貸不動産経営管理士試験は3分野を横断して問われるため、単発暗記よりも接続理解が重要です。
実行段階では、次に読む記事で知識を横展開するを短い周期で回し、週次レビューで改善点を1つだけ更新してください。

【実践セクション35】内部リンクを学習導線に使う
類似資格との比較では「導線設計」を先に固めると、資格選択と併願戦略の判断基準づくりの判断が安定します。
賃貸不動産経営管理士試験は3分野を横断して問われるため、単発暗記よりも接続理解が重要です。
実行段階では、記事→用語→演習の順で回遊するを短い周期で回し、週次レビューで改善点を1つだけ更新してください。

【実践セクション36】短時間復習の型を整える
類似資格との比較では「短時間復習」を先に固めると、資格選択と併願戦略の判断基準づくりの判断が安定します。
賃貸不動産経営管理士試験は3分野を横断して問われるため、単発暗記よりも接続理解が重要です。
実行段階では、5分で見直すチェック項目を固定するを短い周期で回し、週次レビューで改善点を1つだけ更新してください。

【実践セクション37】合格後の実務像を明確にする
類似資格との比較では「キャリア視点」を先に固めると、資格選択と併願戦略の判断基準づくりの判断が安定します。
賃貸不動産経営管理士試験は3分野を横断して問われるため、単発暗記よりも接続理解が重要です。
実行段階では、資格取得後の行動計画を言語化するを短い周期で回し、週次レビューで改善点を1つだけ更新してください。",宅建があると賃管は楽になりますか？,民法や重説の基礎は活かせますが、賃管業法・賃貸管理実務・設備横断は別途必要です。宅建の勉強法を流用せず、賃管要項の3分野で弱点を取り直すのが安全です。併願中も賃管の50問120分通しを月1回以上入れ、時間配分を賃管形式で練習してください。,どの資格から受けるべきですか？,正解は職務によります。賃貸管理・受託業務が中心なら賃管を先に、売買仲介が中心なら宅建を先に、分譲マンション管理が中心ならマン管を検討する整理が一般的です。複数必要な場合は、直近の業務で使う資格を優先し、学習時間の上限内で週を分けてください。,exam-overview:試験概要・出題分野;exam-format-overview:試験形式の概要;study-plan:学習計画の立て方,比較表だけで試験対策は足りますか？,比較は受験順の判断用であり、賃管の得点化には賃管要項どおりの演習が必要です。試験概要・学習計画・過去問の記事と組み合わせ、50問120分の通しで実力を測ってください。最新の試験日・申込は協議会公式サイトと試験センター要項で確認してください。,,,各資格の要項が正本;賃管固有論点を優先;併願は週を分ける;誤答に資格名タグ;比較後は賃管要項へ
exam-eligibility,受験・申込,賃貸不動産経営管理士試験の受験資格（令和8年度・要項での区分確認）,"賃貸不動産経営管理士試験の受験資格を、試験センター要項の区分表で整理。実務経験・講習修了・書類の照合手順と、令和8年度11月15日試験・50問120分・受験料12,000円を前提にした申込前チェックを表で解説します。","受験資格の判断は、体験談より試験センター要項の区分表が唯一の基準です。賃貸不動産経営管理士試験は50問・120分・3分野、令和8年度の試験日は2026年11月15日（日）13:00〜15:00、受験料は12,000円（要項どおり）です。本記事では一般財団法人 賃貸不動産経営管理士協議会および試験センター要項を正本として、自分の経歴がどの区分に該当するか、証明書類と申込期限をどう揃えるかを表で説明します。区分名・数値は年度で変わるため、申込前に必ず https://www.chintaikanrishi.jp/ の最新要項を開いてください。",15,受験資格;申込;公式情報,賃管マスター編集部,資格学習サイトの編集チーム,公式情報確認担当,公開前に一次情報との照合を行う担当者,2026-06-04,賃貸不動産経営管理士協議会（公式）|https://www.chintaikanrishi.jp/,手書きリライト 2026-06-04。自動prose差し替え 2026-06-04（要手書き）。受験・申込向けテンプレートから作成。公開前に本文・参照URL・関連リンクを差し替える。,本記事を読むと、自分が賃貸不動産経営管理士試験を受験できる区分に該当するか、必要な実務経験・講習・書類の確認手順が分かり、申込前の判断ミスを防げます。,試験センター要項の受験資格章で区分表を読み、該当行を1つ特定する;実務経験・講習修了日をカレンダーに転記し、要件の起算日と照合する;証明書類の発行元と発行に要する日数を勤務先・講習機関に確認する;不明点は申込締切前に試験センターへ問い合わせる;資格確認後、3分野の基礎学習と50問120分の演習計画を並行で始める,試験要項・公式ページ更新時に本文と参照元を見直す。,2026-06-04,2026-06-29,2026-06-04,published,2026-06-04: 編集合格（手書きリライト）,要項で読む受験資格の手順,"受験資格の正本は、一般財団法人 賃貸不動産経営管理士試験センターが公表する令和8年度受験要項の「受験資格」章です。協議会サイトは入口として使えますが、区分名・期間・必要書類は要項原文で最終確認してください。

| 手順 | 確認内容 | メモの書き方 |
| --- | --- | --- |
| 1 | 区分表で該当行を1つ選ぶ | 行番号・区分名 |
| 2 | 実務経験・講習の要件を照合 | 開始日・終了日・主体 |
| 3 | 必要書類と提出期限を洗い出す | 発行元・提出先 |
| 4 | 申込方法と受験料を確認 | 12,000円・決済手段 |
| 5 | 試験日までの学習枠を確保 | 残り週数 |

複数区分に該当しそうな場合は、証明書類の取りやすさと提出期限の余裕で選ぶと手戻りが減ります。",令和8年度の試験前提（早見表）,"資格確認と並行して、年度の試験前提をカレンダーに固定します。下表は執筆時点の公表整理で、申込直前に要項で上書き確認してください。

| 項目 | 令和8年度（要項・公式案内） | 資格確認との関係 |
| --- | --- | --- |
| 試験日 | 2026年11月15日（日）13:00〜15:00 | 50問・120分・3分野 |
| WEB申込 | 8/3 12:00〜9/30 23:59 | 書類準備の締切 |
| 郵送申込 | 8/3〜9/24消印 | 願書請求は9/14 12:00まで |
| 受験料 | 12,000円 | 区分に関わらず要項どおり |
| 合格発表 | 12/24（木）予定 | 合格後手続きは別資料 |

講習修了や実務経験の起算日が要件に関わる区分では、申込締切より前に書類が間に合うかを先に見積もってください。",区分ごとの書類・証明の整理,"区分によって、在籍証明・職務経歴・講習修了証などの組み合わせが変わります。次の表は整理用の枠です。該当区分の要項条文で項目を上書きしてください。

| 確認項目 | 自分用チェック | よくある漏れ |
| --- | --- | --- |
| 在籍期間 | 入社・退社日を月単位で記録 | 休職期間の扱い |
| 業務内容 | 管理業務に該当する業務か | 職種名だけで判断 |
| 講習修了 | 修了日・証明の形式 | 申込締切後の取得 |
| 氏名表記 | 身分証・社内記録と一致 | 旧姓・通称の混在 |
| 提出先 | 申込時か申込後か | 期限の取り違え |

実務経験の数え方や学歴の扱いは、それぞれ専用の解説記事と併せて要項で照合すると漏れが減ります。",申込前の照合と問い合わせ,"資格要件を満たしたら、申込と学習を同じカレンダーで動かします。

| タイミング | やること | 完了の判定 |
| --- | --- | --- |
| 要項公表直後 | 区分確定・書類リスト作成 | 該当行が1つ |
| 申込2か月前 | 証明書の発行依頼 | 提出形式が揃った |
| 申込1か月前 | 写真・受験地・決済手段 | 入力ミスがない |
| 申込開始週 | WEBまたは郵送で手続き | 控えを保存した |
| 試験日まで | 3分野の演習と解き直し | 通しの時間感覚 |

判断が難しい場合は、申込前に試験センターへ問い合わせ、回答日時をメモに残してください。日程・申込の確認手順の記事と表を揃えると、締切管理がぶれにくくなります。",受験資格で混同しやすい点,"受験資格を調べる際、次の混同に注意してください。

### 学科試験の合格と登録・届出は別手続き
受験資格を満たして合格しても、賃貸住宅管理業法上の登録・届出は別です。受験前は試験センター要項、合格後は協議会・所管の案内で確認してください。

### 5問免除と受験資格の関係
講習修了による5問免除は受験資格とは別枠で要項に記載されます。45問受験になるかは免除条件の章で確認し、50問前提の学習計画と切り分けてください。

### 非公式まとめの区分名
SNSや掲示板の「この職種なら受けられる」は年度・区分で変わります。数値・区分名は必ず https://www.chintaikanrishi.jp/ の要項原文で確認してください。",,,,,受験資格はどの資料で最終確認すればよいですか？,一般財団法人 賃貸不動産経営管理士試験センターの令和8年度受験要項が正本です。区分表・必要書類・提出期限を通しで読み、自分の経歴と1項目ずつ照合してください。比較記事や協議会の案内は入口に留め、区分名と数値は要項原文で必ず上書き確認します。,複数の区分に当てはまりそうなときはどう選べばよいですか？,要項上すべて要件を満たす区分のうち、証明書類の取りやすさと提出期限の余裕で選ぶのが現実的です。在籍証明や職務経歴の発行に時間がかかる場合は、早めに勤務先へ依頼し、申込開始週までに提出形式が揃っているかを確認してください。迷う場合は申込前に試験センターへ問い合わせると安全です。,schedule-application:日程・申込の確認手順;exemption-system:5問免除制度;work-experience-requirement:実務経験と受験資格;eligibility-registration:受験資格・登録制度,資格確認が終わったら学習はいつから始めればよいですか？,資格確認と並行して、3分野の基礎と50問120分の時間感覚に慣れる演習を始めるのが効率的です。令和8年度は2026年11月15日試験のため、残り週数から週8〜12時間を目安に逆算し、申込締切週は手続きを優先しつつ誤答の解き直しだけは維持してください。学習計画の立て方の記事と週次表を揃えると配分の修正がしやすくなります。,,,要項の区分表が正本;該当区分は1つに特定;書類は締切逆算で準備;11月15日・50問120分;公式サイトで再確認
exemption-system,受験・申込,賃貸不動産経営管理士試験の5問免除制度（45問受験・講習修了の確認）,"賃貸不動産経営管理士試験の5問免除制度を要項正本で整理。講習修了から45問・120分になる仕組み、申込時の書類、令和8年度11月15日試験向けの学習計画と受験料12,000円の確認を表で解説します。","5問免除は「問題数が5問減る」制度であり、学習範囲そのものが狭くなるわけではありません。賃貸不動産経営管理士試験は通常50問・120分・3分野、講習修了者は45問・120分です。令和8年度の試験日は2026年11月15日（日）13:00〜15:00、受験料は12,000円（要項どおり）。本記事では試験センター要項を正本として、適用条件・提出書類・申込時の確認と、45問前提の時間配分までを表で説明します。条件は https://www.chintaikanrishi.jp/ の要項で必ず再確認してください。",15,受験資格;申込;公式情報,賃管マスター編集部,資格学習サイトの編集チーム,公式情報確認担当,公開前に一次情報との照合を行う担当者,2026-06-04,賃貸不動産経営管理士協議会（公式）|https://www.chintaikanrishi.jp/,手書きリライト 2026-06-04。自動prose差し替え 2026-06-04（要手書き）。受験・申込向けテンプレートから作成。公開前に本文・参照URL・関連リンクを差し替える。,本記事を読むと、5問免除制度の適用条件と手続きの流れが分かり、50問か45問かの前提を誤らずに申込・学習計画を立てられます。,要項で5問免除の適用条件と講習要件を確認する;講習修了証の取得日・様式・提出方法を申込前に確定する;自分が50問受験か45問受験かを申込画面で再確認する;45問でも120分の通し演習を月1回以上入れる;不適用時に備え、50問形式の演習セットも用意する,試験要項・公式ページ更新時に本文と参照元を見直す。,2026-06-04,2026-06-29,2026-06-04,published,2026-06-04: 編集合格（手書きリライト）,5問免除の仕組み（要項の読み方）,"5問免除は、所定の講習を修了した受験者が学科試験の問題数を5問減らせる制度です。適用時は50問ではなく45問ですが、試験時間は120分・出題は3分野の枠組みです。正本は試験センター令和8年度受験要項の免除関連条文です。

| 項目 | 通常受験 | 5問免除適用時 |
| --- | --- | --- |
| 問題数 | 50問 | 45問 |
| 時間 | 120分 | 120分 |
| 分野 | 3分野 | 3分野 |
| 受験料 | 12,000円（要項どおり） | 同左（要項で確認） |
| 証明 | — | 講習修了等（要項記載） |

「講習を受ければ自動合格」ではありません。免除は問題数の調整であり、合格基準は要項どおり確認してください。",講習修了と申込スケジュール,"講習の受講・修了証取得が申込締切に間に合わないと、当年度は免除適用されない可能性があります。令和8年度の申込目安は次のとおりです（要項で上書き確認）。

| 項目 | 令和8年度（要項・公式案内） | 5問免除との関係 |
| --- | --- | --- |
| 試験日 | 2026年11月15日（日） | 45問でも120分演習 |
| WEB申込 | 8/3 12:00〜9/30 23:59 | 修了証の準備完了が前提 |
| 郵送申込 | 8/3〜9/24消印 | 書類不備に注意 |
| 試験日 | 11/15 13:00〜15:00 | 会場は受験票で確定 |

協議会と試験センターで案内ページが分かれることがあるため、最終判断は必ず試験センター要項の免除条件で行ってください。",申込時の入力・提出チェック,"申込サイトで免除関連の項目を入力し、必要書類を所定の形式・期限で提出します。書類不備があると50問扱いになるリスクがあるため、提出前に写しで自己点検してください。

| チェック | 確認内容 | 保存 |
| --- | --- | --- |
| 修了日 | 要項の起算・期限と一致 | カレンダー |
| 証明様式 | 要項の指定形式 | PDFまたは原本 |
| 申込区分 | 45問表示か | 完了画面 |
| 受験料 | 12,000円決済 | 控え |
| 受験票 | 問題数・会場・時刻 | 申込後 |

申込完了後、受験票で受験区分と開始時刻を再確認すると安心です。",45問前提の学習計画,"45問でも3分野の理解は必要です。時間配分は「1問あたりの余裕」が増える分、読み直しと捨て問判断の練習に充てると得点が安定しやすくなります。

| 時期 | 演習 | 目安 |
| --- | --- | --- |
| 基礎期 | 分野別15問 | 週2回 |
| 演習期 | 45問120分通し | 月2回 |
| 直前期 | 誤答解き直し | 新規は増やさない |
| 不適用時 | 50問通し | 月1回以上 |

学習計画の立て方の記事で週次枠を先に固定し、免除分に頼らず基礎論点の取りこぼしを減らす方が合格に直結します。",5問免除で混同しやすい点,"5問免除を調べる際の注意点です。

### 問題数が減っても合格ラインは要項どおり
45問受験でも、合格基準・出題分野の考え方は要項の記載に従います。「5問分ラクになったから勉強量を半分」にすると、分野横断の弱点が残りやすくなります。

### 受験資格と免除条件は別章
受験できるかは受験資格章、45問になるかは免除章で確認します。受験資格の確認の記事と併せて、該当区分と免除適用を両方チェックしてください。

### 過年度の講習名・修了証
講習名称や証明様式は改定されることがあります。古い修了証の写しだけで判断せず、令和8年度要項の記載で照合してください。",,,,,5問免除の対象になるかはどこで確認しますか？,試験センターが公表する令和8年度受験要項の5問免除（講習修了）の条文が正本です。講習の種類・修了日・提出書類・申込時の入力項目を要項どおりに照合し、不明点は申込締切前に試験センターへ問い合わせてください。非公式の「この講習なら免除」だけで判断しないことが重要です。,45問受験でも学習量は減らしてよいですか？,減らしすぎない方が安全です。出題は3分野を跨ぎ、120分の集中力も必要です。45問の通し演習を月2回入れ、平日は弱点分野の一問一答と用語確認を続けてください。不適用になった場合に備え、50問形式の演習も月1回は入れておくと心理面の余裕が増えます。,exam-eligibility:受験資格の確認;schedule-application:日程・申込の確認手順;study-plan:学習計画の立て方,申込後に45問扱いかどうかはどこで確かめられますか？,申込完了画面・確認メール、および交付される受験票の記載で再確認します。表示が想定と違う場合は、要項記載の問い合わせ先へ早めに連絡してください。試験当日は13:00開始のため、前日までに受験票の問題数区分と会場を照合しておくと安心です。,,,45問・120分・3分野;講習修了証を締切前に;申込区分を画面で確認;50問演習も用意;要項で条件を再確認
work-experience-requirement,受験・申込,賃貸不動産経営管理士試験の実務経験と受験資格（期間の数え方・証明の準備）,"賃貸不動産経営管理士試験の実務経験要件を要項で整理。経験年数の数え方、証明書の準備、令和8年度11月15日試験・50問120分・受験料12,000円を前提にした申込前手順を表で解説します。","実務経験要件は、職種名や勤続年数の感覚だけでは判断できません。賃貸不動産経営管理士試験は50問・120分・3分野、令和8年度は2026年11月15日（日）13:00〜15:00、受験料12,000円（要項どおり）です。本記事では試験センター要項を正本として、期間の数え方・業務内容の該当性・証明書の準備スケジュールを表で説明します。定義と数値は https://www.chintaikanrishi.jp/ の最新要項で必ず照合してください。",15,受験資格;申込;公式情報,賃管マスター編集部,資格学習サイトの編集チーム,公式情報確認担当,公開前に一次情報との照合を行う担当者,2026-06-04,賃貸不動産経営管理士協議会（公式）|https://www.chintaikanrishi.jp/,手書きリライト 2026-06-04。自動prose差し替え 2026-06-04（要手書き）。受験・申込向けテンプレートから作成。公開前に本文・参照URL・関連リンクを差し替える。,本記事を読むと、実務経験が受験資格にどう関わるかを公式要項で判断でき、経験証明の準備と申込スケジュールを無理なく組めるようになります。,要項の受験資格章で実務経験の定義と期間を確認する;在籍期間・業務内容を月単位で整理し、該当業務か照合する;証明書の発行元と発行日数を勤務先に確認する;申込締切の2か月前までに経験確認を完了する;資格確認後、3分野の演習で120分の時間配分に慣れる,試験要項・公式ページ更新時に本文と参照元を見直す。,2026-06-04,2026-06-29,2026-06-04,published,2026-06-04: 編集合格（手書きリライト）,要項での実務経験の定義,"実務経験は、要項が定める期間・業務内容・雇用形態のすべてを満たす必要があります。「不動産業界にいれば足りる」「管理職なら可」といった一般論は当てはまらない場合があります。

| 確認軸 | 要項で見るポイント | 自分用メモ |
| --- | --- | --- |
| 期間 | 起算日・終了日・通算 | 月単位の年表 |
| 業務 | 管理業務への該当 | 日常業務の具体 |
| 雇用 | 常勤・非常勤等の扱い | 契約形態 |
| 証明 | 発行元・様式 | 依頼日・提出期限 |
| 併用 | 講習修了との関係 | 該当区分名 |

複数社歴がある場合は、会社ごとに期間と業務を分けて書き、要項の通算ルールと照合してください。",期間の数え方で迷いやすい例,"次の表は、相談の多いパターンの整理枠です。最終判断は要項原文と試験センターへの確認で行ってください。

| 状況 | 確認の焦点 | 準備 |
| --- | --- | --- |
| 途中入社・退社 | 在籍の切れ目 | 雇用契約・社保 |
| 休職・産休 | 通算から除くか | 人事記録 |
| 兼務・出向 | どの主体でカウントか | 派遣・出向契約 |
| 関連会社勤務 | 同一グループの扱い | 勤務証明の主体 |
| フリーランス | 該当業務の証明方法 | 契約書・請求実績 |

判断が難しいときは、経歴を1ページにまとめ、申込前に試験センターへ問い合わげると安全です。",証明書準備と申込スケジュール,"証明書発行に数週間かかることがあるため、申込直前に始めないでください。

| 項目 | 令和8年度（要項・公式案内） | 実務経験確認 |
| --- | --- | --- |
| 試験日 | 2026年11月15日（日） | 学習逆算の起点 |
| WEB申込締切 | 9/30 23:59 | 書類完了の期限 |
| 郵送申込 | 9/24消印 | 早めの投函 |
| 受験料 | 12,000円 | 決済控えを保存 |

申込完了と「書類提出完了」は別タスクです。提出期限が申込後に設定される区分では、カレンダーに二重の締切を登録してください。",勤務先との調整と申込手順,"人事・総務へは、早めに発行可否と記載内容の下書き確認を依頼します。

| ステップ | 内容 | 完了判定 |
| --- | --- | --- |
| 1 | 要項で実務経験要件を確定 | 該当区分が1つ |
| 2 | 年表と業務メモを作成 | 月単位で埋まった |
| 3 | 証明書の下書き確認 | 氏名・期間が一致 |
| 4 | 申込・受験料決済 | 控えを保存 |
| 5 | 受験票で会場・時刻確認 | 11/15 13:00 |

日程・申込の確認手順の記事の締切表と合わせると、実務経験確認と申込作業の順序が一度で整理できます。",実務経験で混同しやすい点,"実務経験を調べる際の注意点です。

### 職種名と業務内容は別
営業・賃貸・管理など名称だけで該当可否は決まりません。要項の業務定義に沿って、日々の業務を具体的に書き出して照合してください。

### 学歴要件だけで諦めない
学歴と実務経験の組み合わせは要項の区分表で決まります。学歴要件と受験資格の記事と併せ、該当行を要項で確認してください。

### 試験合格後の実務と受験資格の実務
合格後に求められる実務・研修は、受験時の実務経験要件とは別のことがあります。受験前は試験センター要項に限定して判断してください。",,,,,実務経験の年数はどの資料で数えますか？,試験センター要項の受験資格章に、実務経験の定義・通算・起算の記載があります。自分の入退社日と業務内容を月単位の年表にし、要項の条文と1行ずつ照合してください。勤務証明の様式や発行主体も同じ要項で確認し、取れない書類があれば申込前に問い合わせます。,複数の勤務先がある場合はどう整理すればよいですか？,会社ごとに在籍期間・職務内容・証明発行元を表に分け、要項の通算ルールと突き合わせます。空白期間や休職がある場合は、その期間がカウントから除かれるかを要項で確認してください。証明書の発行に時間がかかる会社から先に依頼すると、申込締切前の余裕が確保しやすくなります。,exam-eligibility:受験資格の確認;education-requirement:学歴要件と受験資格;schedule-application:日程・申込の確認手順,実務経験の確認と学習は並行してよいですか？,並行して問題ありません。資格確認に時間がかかる週は演習量を下げ、誤答の解き直しと用語確認だけを最低ラインにしてください。要件が固まったら、50問120分の通しを月1回入れ、3分野の弱点を記録していくと本番に強くなります。,,,要項の定義で期間を確認;月単位の年表を作る;証明は締切逆算;11月15日・50問120分;不明点は事前問合せ
education-requirement,受験・申込,賃貸不動産経営管理士試験の学歴要件と受験資格（要項での読み方）,"賃貸不動産経営管理士試験の学歴要件を要項正本で整理。最終学歴だけで判断しない確認手順、令和8年度11月15日試験・50問120分・受験料12,000円と申込前チェックを表で解説します。","学歴だけで受験可否を決めつけると、本来受けられる区分を見逃すことがあります。賃貸不動産経営管理士試験は50問・120分・3分野、令和8年度は2026年11月15日（日）13:00〜15:00、受験料12,000円（要項どおり）です。本記事では試験センター要項を正本として、学歴と実務経験・講習の組み合わせの読み方、申込フォームの入力と要項条文の照合手順を表で説明します。区分は https://www.chintaikanrishi.jp/ の最新要項で必ず確認してください。",15,受験資格;申込;公式情報,賃管マスター編集部,資格学習サイトの編集チーム,公式情報確認担当,公開前に一次情報との照合を行う担当者,2026-06-04,賃貸不動産経営管理士協議会（公式）|https://www.chintaikanrishi.jp/,手書きリライト 2026-06-04。自動prose差し替え 2026-06-04（要手書き）。受験・申込向けテンプレートから作成。公開前に本文・参照URL・関連リンクを差し替える。,本記事を読むと、学歴だけで受験を諦めないための確認手順が分かり、受験資格・申込期限・必要情報を公式情報ベースで判断できるようになります。,"要項の受験資格章で学歴の扱いと該当区分を確認する;最終学歴の入力欄と要項条文を別々に照合する;実務経験・講習要件がある区分は専用記事と併せて確認する;申込締切と受験料12,000円をカレンダー登録する;資格確認後、3分野の基礎学習を週次で開始する",試験要項・公式ページ更新時に本文と参照元を見直す。,2026-06-04,2026-06-29,2026-06-04,published,2026-06-04: 編集合格（手書きリライト）,学歴要件は要項の区分表で判断,"学歴は申込画面の入力項目のひとつですが、受験可否は要項の区分表全体で決まります。「高卒不可」「大卒のみ」といった断片情報だけで判断しないでください。

| 情報源 | 使い方 | 注意 |
| --- | --- | --- |
| 受験要項 | 区分表・条文が正本 | 年度ごとに再読 |
| 申込画面 | 学歴の選択・入力 | 要項と矛盾しないか |
| 比較記事 | 入口 | 数値は要項で上書き |
| 体験記 | 学習参考 | 資格判断には使わない |

学歴に加え実務経験や講習が要件になる区分では、実務経験と受験資格の記事と合わせて該当行を確認してください。",令和8年度の申込・試験前提,"学歴確認より先に、年度の締切を逃さないことが重要です。

| 項目 | 令和8年度（要項・公式案内） | 学歴確認との順序 |
| --- | --- | --- |
| 試験日 | 2026年11月15日（日）13:00〜15:00 | 学習逆算 |
| WEB申込 | 8/3 12:00〜9/30 23:59 | 区分確定後に申込 |
| 郵送申込 | 8/3〜9/24消印 | 願書請求は9/14まで |
| 受験料 | 12,000円 | 決済手段を事前準備 |
| 合格発表 | 12/24（木）予定 | 合格後手続きは別 |

迷っている時間が長いほど、締切直前のサイト混雑の影響を受けやすくなります。要項公表後すぐに区分を1つに絞り、申込開始週に手続きを完了させる流れが安全です。",申込入力と条文の照合,"申込時は、画面の学歴選択と要項の該当区分が一致しているかを確認します。

| チェック | 画面 | 要項 |
| --- | --- | --- |
| 最終学歴 | 選択値 | 区分の学歴条項 |
| 実務経験 | 年数・内容 | 実務の定義 |
| 講習 | 修了の有無 | 5問免除とは別章 |
| 氏名 | 身分証と一致 | 証明書と同一 |
| 受験地 | 都道府県選択 | 会場は受験票 |

入力後は確認画面を保存し、受験料12,000円の決済控えとあわせて保管してください。",学歴不安があるときの進め方,"自分だけで判断がつかない場合は、経歴を1ページにまとめて試験センターへ問い合わせます。

| ステップ | 内容 |
| --- | --- |
| 1 | 最終学歴・在籍・業務を時系列で記載 |
| 2 | 要項の該当しそうな区分を2つまでに絞る |
| 3 | 問い合わせ結果を日付付きで保存 |
| 4 | 区分確定後に申込・学習を開始 |

受験資格の確認の記事の区分表の読み方と手順を共通化すると、学歴・実務・講習の確認が一度で終わりやすくなります。",学歴要件で混同しやすい点,"学歴を調べる際の注意点です。

### 学校名と受験資格は直結しない
有名校・短大・専門学校の区別だけでは受験可否は決まりません。要項の区分名と条文に自分の経歴を当てはめてください。

### 申込画面の学歴欄＝要件のすべてではない
画面は手続き用、可否は要項です。入力後も要項の該当区分と矛盾がないかを再確認してください。

### 他資格の学歴条件の転用
宅建士やマンション管理士など別試験の学歴条件はそのまま当てはまりません。併願する場合も、賃管は賃管の要項で区分を確認してください。",,,,,学歴だけで受験できないと決めてよい場合はありますか？,要項の区分表を読み、学歴だけで受験できないと明記されている場合に限り、その理解で問題ありません。多くの区分は実務経験や講習と組み合わせて定義されるため、最終学歴のラベルだけで諦める前に、要項全文と実務経験の記事で該当行を探してください。判断は必ず令和8年度要項の原文で行います。,申込画面の学歴選択を間違えたらどうなりますか？,要項の訂正手続き・問い合わせ先に従って対応します。申込直後に確認画面を保存し、要項の該当区分と矛盾がないかを見直してください。修正可否や期限は年度で異なるため、気づいた時点で試験センターへ連絡するのが安全です。,exam-eligibility:受験資格の確認;work-experience-requirement:実務経験と受験資格;schedule-application:日程・申込の確認手順,学歴確認後の学習はどこから始めればよいですか？,3分野のうち法令・制度の骨格から入り、週末に分野別演習10問、月1回は50問120分の通しを入れる構成が扱いやすいです。令和8年度は11月15日試験のため、残り週数から週10時間前後を目安に逆算してください。学習計画の立て方の記事で週次テンプレを固定すると進捗が見えやすくなります。,,,区分表が正本;学歴欄だけで判断しない;締切を先にカレンダー化;11月15日・50問120分;不明点は問い合わせ
concurrent-exam-rules,受験・申込,賃貸不動産経営管理士試験の併願・同日受験のルール（日程比較と申込管理）,"賃貸不動産経営管理士試験の併願・同日受験の考え方を整理。宅建士・マンション管理士など他資格との日程比較、試験センター要項の確認点、令和8年度11月15日・50問120分・受験料12,000円を表で解説します。","併願は「受けられるか」と「受け切れるか」を分けて設計する必要があります。賃貸不動産経営管理士試験は50問・120分・3分野、令和8年度の試験日は2026年11月15日（日）13:00〜15:00、受験料は12,000円（要項どおり）です。本記事では試験センター要項を正本として、他資格との日程の並べ方、同日受験が現実的に難しい理由、申込締切の二重管理を表で説明します。各試験の最新日程は https://www.chintaikanrishi.jp/ と各資格の公式サイトで確認してください。",15,受験資格;申込;公式情報,賃管マスター編集部,資格学習サイトの編集チーム,公式情報確認担当,公開前に一次情報との照合を行う担当者,2026-06-04,賃貸不動産経営管理士協議会（公式）|https://www.chintaikanrishi.jp/,手書きリライト 2026-06-04。自動prose差し替え 2026-06-04（要手書き）。受験・申込向けテンプレートから作成。公開前に本文・参照URL・関連リンクを差し替える。,本記事を読むと、賃貸不動産経営管理士試験を他資格と併願する際の現実的な日程管理、同日受験可否の判断軸、申込締切までに何を確定すべきかが具体的に分かります。,賃管の要項で試験日・申込期間・受験資格を確認する;併願先の試験日と締切を1枚のカレンダーに並べる;同日受験は不可前提で移動・宿泊を含めた計画を作る;各試験の申込完了控えを資格ごとに保存する;賃管は週1回50問120分の通しで時間感覚を維持する,試験要項・公式ページ更新時に本文と参照元を見直す。,2026-06-04,2026-06-29,2026-06-04,published,2026-06-04: 編集合格（手書きリライト）,併願の前提（賃管の要項を先に固定）,"併願計画は、賃管の受験資格・試験日・申込方法を要項で確定してから他資格と比較します。

| 項目 | 令和8年度・賃管（要項・公式案内） | 併願での使い方 |
| --- | --- | --- |
| 試験日 | 2026年11月15日（日）13:00〜15:00 | カレンダーの基準日 |
| 形式 | 50問・120分・3分野 | 通し演習の間隔 |
| 受験料 | 12,000円 | 予算・決済日 |
| WEB申込 | 8/3〜9/30 23:59 | 締切リマインド |
| 郵送申込 | 9/24消印 | 早めの投函 |

受験資格の確認の記事で区分を固めてから、併願先の要件を見ると手戻りが減ります。",他資格との日程比較の枠,"宅建士・マンション管理士・管理業務主任者などは、実施団体と日程が異なります。次の表は比較用の枠です。年度ごとに各公式サイトで上書きしてください。

| 比較軸 | 賃管（令和8年度） | 併願先で見る項目 |
| --- | --- | --- |
| 試験日 | 11/15（日）午後 | 同日・同週か |
| 時間 | 120分 | 移動・前後の試験 |
| 申込締切 | 9/30・9/24等 | 二重リマインド |
| 受験料 | 12,000円 | 合計予算 |
| 学習量 | 3分野横断 | 重複論点の活用 |

試験日が同じ午後に重なる年度は、同日受験は現実的に困難です。前後に別試験がある週は、宿泊・交通と体力配分まで含めて計画してください。",申込締切の二重管理,"複数資格を申し込むと、締切集中で入力ミスや決済漏れが起きやすくなります。

| リスク | 対策 | 記録 |
| --- | --- | --- |
| 締切取り違え | 資格ごとに色分けカレンダー | 完了日時 |
| 決済失敗 | カード上限・振込余裕 | 控えPDF |
| 写真規格違い | 規格表を印刷 | ファイル名 |
| 受験地の打ち間違い | 候補3地を比較 | 移動時間 |
| 学習停止 | 申込週は手続き優先 | 誤答解き直しのみ |

賃管の申込は日程・申込の確認手順の記事の表と締切を揃え、完了した試験からフォルダ分けして管理してください。",学習の主軸を賃管に置く配分,"併願時は教材を増やしすぎず、賃管を主軸に重複論点だけ他資格から拾う方法が現実的です。

| 曜日 | 賃管 | 併願先 |
| --- | --- | --- |
| 平日 | 一問一答・用語 | 重複条文のみ |
| 土 | 分野別20問 | 休むか軽く復習 |
| 日 | 解き直し | 週次レビュー |
| 月2回 | 50問120分通し | — |

5問免除対象の場合は45問通しも入れ、時間配分の感覚を維持してください。学習計画の立て方の記事で月次マイルストーンを固定すると、併願でも進捗がぶれにくくなります。",併願で混同しやすい点,"併願を検討する際の注意点です。

### 他資格の受験資格をそのまま当てはめない
宅建士やマンション管理士の要件は、賃管の区分表とは別です。資格ごとに要項原文で確認してください。

### 同日受験の「なんとかなる」計画
試験開始時刻・会場・移動時間を足すと、同日午後の二重受験はほぼ不可能です。年度カレンダーで早めにどちらを優先するか決めてください。

### 非公式の申込代行
SNSや教材販売の代行サービスは試験センターとは無関係です。申込は要項記載の公式方法のみを使ってください。",,,,,賃管と宅建士を同じ日に受けられますか？,年度によって試験日が重なることがあり、同日午後の二重受験は移動・開始時刻の都合で現実的に困難です。令和8年度の賃管は2026年11月15日（日）13:00〜15:00です。宅建士の試験日は宅建士の実施団体公式サイトで確認し、重なる場合はどちらを優先するかを早めに決めてください。,併願で締切を逃しやすいのはなぜですか？,資格ごとに申込サイト・締切日・決済方法が異なるためです。賃管はWEBが9月30日23:59、郵送が9月24日消印（令和8年度要項・要再確認）と、方法によって締切が違います。資格別に色分けカレンダーと完了控えを保存し、締切7日前と前日に二重リマインドを設定してください。,schedule-application:日程・申込の確認手順;exam-eligibility:受験資格の確認;study-plan:学習計画の立て方,併願でも賃管の学習時間はどれくらい確保すべきですか？,残り12週以上なら週10〜14時間を賃管に充て、月2回は50問120分の通しを入れる目安が扱いやすいです。他資格は重複論点だけに絞り、教材を増やしすぎないことが重要です。仕事との両立が必要なら、仕事と勉強の両立の記事の週次表と併用してください。,,,賃管要項を先に固定;同日受験は不可前提;締切は資格別管理;11月15日・50問120分;学習の主軸は賃管
exam-schedule,受験・申込,賃貸不動産経営管理士試験の学習スケジュール（試験日から逆算）,賃貸不動産経営管理士試験の学習スケジュールを、令和8年度11月15日試験から逆算して整理。3分野・50問120分前提の月次マイルストーン、申込期間との両立、週次演習の配分を表で解説します。,学習スケジュールは、試験日と申込締切を同じカレンダーに載せたうえで、「いつ・どの分野を・何問」まで書いた表かどうかで成果が変わります。賃貸不動産経営管理士試験は50問・120分・3分野、令和8年度は2026年11月15日（日）13:00〜15:00です。本記事では一般財団法人 賃貸不動産経営管理士協議会および試験センター要項を正本として、年間の学習フェーズ、申込週の調整、週次テンプレと直前の絞り込みを説明します。日程・申込手続きの一覧は別記事の日程・申込の確認手順を参照し、数字は https://www.chintaikanrishi.jp/ の要項で必ず上書き確認してください。,15,受験資格;申込;公式情報,賃管マスター編集部,資格学習サイトの編集チーム,公式情報確認担当,公開前に一次情報との照合を行う担当者,2026-06-04,賃貸不動産経営管理士協議会（公式）|https://www.chintaikanrishi.jp/,手書きリライト 2026-06-04。自動prose差し替え 2026-06-04（要手書き）。受験・申込向けテンプレートから作成。公開前に本文・参照URL・関連リンクを差し替える。,本記事を読むと、試験日11月15日から逆算した月次・週次の学習スケジュールを組め、申込期間中も演習を止めずに進められる配分の目安が分かります。,要項で試験日・申込締切をカレンダーに登録し残り週数を数える;3分野のテキスト目次を1枚に写し月次マイルストーンを設定する;週次テンプレ（平日短時間・休日演習）を固定する;50問120分の通し演習を月1回以上入れる;申込週は手続きを先に完了し学習は解き直し最低ラインを維持する,試験要項・公式ページ更新時に本文と参照元を見直す。,2026-06-04,2026-06-29,2026-06-04,published,2026-06-04: 編集合格（手書きリライト）,年間カレンダーに載せる5つの節目,"学習計画の起点は、試験センター要項の年度日程です。申込手続きの細部は日程・申込の確認手順の記事で整理し、本記事では学習側の節目だけを表にします（要項で上書き確認）。

| 節目 | 令和8年度の目安 | 学習への反映 |
| --- | --- | --- |
| 要項公表 | 試験年の初め | 出題範囲・形式をメモ |
| 学習本格化 | 残り20週前後 | 3分野の基礎＋分野別演習 |
| WEB/郵送申込 | 8〜9月 | 手続き週は演習量を調整 |
| 学科試験 | 2026/11/15（日）13:00〜15:00 | 通し演習を月2回へ |
| 合格発表 | 12/24（木）予定 | 直前2週は解き直し中心 |

残り週数は今日の日付から11月15日までを数え、月ごとに「基礎・演習・直前」のどれに当たるかを色分けすると迷いにくくなります。",残り期間別の月次マイルストーン,"開始時期に合わせて前後させてください。下表は50問・120分・3分野前提の目安です。

| 残り期間 | 週あたりの目安 | 中心タスク |
| --- | --- | --- |
| 20週以上 | 8〜12時間 | 法令・制度の骨格＋用語 |
| 12〜19週 | 10〜14時間 | 契約・実務の演習20問 |
| 8〜11週 | 12〜16時間 | 設備・税務＋通し50問月2回 |
| 4〜7週 | 維持＋分析 | 誤答上位と時間切れ |
| 3週以内 | 削除優先 | 新規教材は増やさない |

各月末に3分野の正答数・再発誤答数・通しの未解答数を1行記録し、翌月の配分を数値で修正してください。",3分野の週次配分テンプレ,"週次は同じ型を反復すると習慣化しやすくなります。

| 曜日 | 時間 | 内容 |
| --- | --- | --- |
| 月・水 | 各30分 | 誤答タグの一問一答（10問以内） |
| 火 | 45分 | 弱点分野の演習10問＋争点メモ |
| 木 | 30分 | 数値・期限の早見表 |
| 土 | 2〜3時間 | 分野別20問または50問通し |
| 日 | 1時間 | 土曜と同セットの解き直し |

法令・制度は短時間反復、契約・実務は長文の当事者整理、設備・税務は数値確認を休日にまとめる分担が安定しやすいです。独学の週間・月間スケジュールの記事と表を揃えると修正が一度で済みます。",申込期間と学習の両立,"令和8年度の申込目安は、WEBが9月30日（水）23:59、郵送が9月24日（木）消印です（要項で再確認）。

| 週 | 学習 | 手続き |
| --- | --- | --- |
| 申込2週前 | 通し演習は維持 | 写真・資格・受験地を確定 |
| 申込週 | 新規範囲を止める | 入力・決済を完了 |
| 申込直後 | 誤答解き直し中心 | 控え・受験票公開日を登録 |
| 10月以降 | 通し月2回 | 会場・持ち物は受験票で確認 |

手続きに追われた週は、平日15分の一問一答だけでも継続し、週末に20問演習でペースを戻す運用が現実的です。",直前期のスケジュール調整,"試験5週前以降は、カレンダーの「追加」より「削除」が主作業になります。

| 残り | やめること | 残すこと |
| --- | --- | --- |
| 4週 | 新しい参考書 | 既習範囲の50問通し |
| 2週 | 広い範囲の初見 | 誤答上位15問 |
| 1週 | 深夜の詰め込み | 睡眠・持ち物確認 |
| 前日 | 長時間の新規演習 | 争点メモと当日チェック |

学習計画の立て方で全体設計を終えている場合は、本記事の週次テンプレだけ直前用に短縮すれば十分なことが多いです。",,,,,学習スケジュールは何週間前から作ればよいですか？,試験日の20週前からでも、8週前からでも構いません。重要なのは残り週数で月次目標を3段階に分け、週次テンプレを同じ型で回すことです。開始が遅い場合は基礎期を短くし、8週前から通し50問120分の比重を上げてください。試験日・申込締切は要項が正本です。,日程・申込の記事と本記事の違いは何ですか？,"日程・申込の確認手順は、令和8年度の試験日・WEB/郵送締切・受験料12,000円など手続き一覧が中心です。本記事は試験日から逆算した学習の月次・週次配分が中心です。まず要項で日程を転記し、次に本記事の表で学習枠を書き込む順がおすすめです。",schedule-application:日程・申込の確認手順;study-plan:学習計画の立て方;self-study-schedule:独学の週間・月間スケジュール,申込期間中は演習を止めてもよいですか？,1〜2週間なら新規範囲を止め、誤答解き直しと一問一答に切り替えて問題ありません。ただし50問通しは可能な範囲で月1回維持し、時間配分の感覚が抜けないようにしてください。3週間以上止まる場合は週末に分野別演習を最低1回入れ、ペースを戻してください。,,,試験日から逆算;月次で正答数を記録;週次テンプレを反復;申込週は手続き優先;直前は削除で調整
exam-fees,受験・申込,"賃貸不動産経営管理士試験の受験料（12,000円）と支払いの確認","賃貸不動産経営管理士試験の受験料12,000円（令和8年度要項）の確認先・支払方法・領収書管理を整理。WEB・郵送申込での決済ミス防止と、登録料等との混同回避を解説します。","受験料は申込の前提条件であり、金額・支払方法・払込期限はすべて試験センター要項が正本です。令和8年度は受験料12,000円（要項どおり）、試験は2026年11月15日（日）の50問・120分・3分野です。本記事では一般財団法人 賃貸不動産経営管理士協議会および試験センター要項を正本として、決済前の確認表、WEBと郵送での支払いの違い、会社負担・領収書の整理までを表で説明します。申込直前には必ず https://www.chintaikanrishi.jp/ 経由で最新要項を開いてください。",15,受験資格;申込;公式情報,賃管マスター編集部,資格学習サイトの編集チーム,公式情報確認担当,公開前に一次情報との照合を行う担当者,2026-06-04,賃貸不動産経営管理士協議会（公式）|https://www.chintaikanrishi.jp/,手書きリライト 2026-06-04。自動prose差し替え 2026-06-04（要手書き）。受験・申込向けテンプレートから作成。公開前に本文・参照URL・関連リンクを差し替える。,"本記事を読むと、受験料12,000円の正本確認と支払い手順が分かり、決済エラーや用語の混同（登録料等）を防ぎながら申込を完了できるようになります。",要項で受験料の金額・支払方法・払込期限をメモする;申込開始週に決済手段（カード・振込等）を要項どおり準備する;決済完了後、控え・領収書をPDFまたは紙で保存する;登録料・講習料など別制度の費用と混同しないよう用語を整理する;受験資格を要項で確認してから支払いに進む,試験要項・公式ページ更新時に本文と参照元を見直す。,2026-06-04,2026-06-29,2026-06-04,published,2026-06-04: 編集合格（手書きリライト）,"受験料12,000円の確認先","受験料の正本は、一般財団法人 賃貸不動産経営管理士試験センターの令和8年度受験要項です。協議会 https://www.chintaikanrishi.jp/ から要項・申込案内へ辿ってください。

| 項目 | 令和8年度（要項・公式案内） | 注意 |
| --- | --- | --- |
| 受験料 | 12,000円 | 年度で変わるため要項で再確認 |
| 試験形式 | 50問・120分・3分野 | 学習計画と同期 |
| 試験日 | 2026年11月15日（日）13:00〜15:00 | カレンダー登録 |
| 支払方法 | 要項「受験料」・申込方法 | WEBと郵送で異なる |
| 無効リスク | 未納・期限超過 | 申込完了≠受験確定 |

SNSや教材販売の「申込代行」は試験センターとは無関係です。申込・支払いは要項記載の方法のみを使ってください。",支払い前に済ませる確認,"受験料を払う前に、受験資格と申込方法を要項で確定させます。

| 手順 | 作業 | 理由 |
| --- | --- | --- |
| 1 | 要項の受験資格区分を照合 | 資格不備で無効となるおそれ |
| 2 | WEBか郵送かを決定 | 締切・支払手段が異なる |
| 3 | 氏名・生年月日を身分証と照合 | 申込後の修正負担を防ぐ |
| 4 | 受験地を要項の選択肢から選ぶ | 会場は受験票で確定 |
| 5 | 12,000円の支払手段を準備 | 締切直前の決済エラー回避 |

資格を満たさない状態での支払いは取り返しが難しいため、区分表の該当行を1つに絞ってから決済画面に進むのが安全です。",WEB申込と郵送申込での支払い,"令和8年度はWEBと郵送の両方があり、受験料の払い方も要項どおりに異なります。

| 比較項目 | WEB申込 | 郵送申込 |
| --- | --- | --- |
| 受付期間の目安 | 8/3 12:00〜9/30 23:59 | 8/3〜9/24消印 |
| 受験料 | 12,000円 | 12,000円 |
| 支払 | 要項（クレジットカード等） | 振込・払込用紙（要項記載） |
| 完了の目安 | 決済完了画面・メール控え | 振込控え・申込書到達 |
| 混雑 | 締切直前はサーバー負荷 | 郵送局・振込期限に注意 |

いずれも決済・振込の控えを保存し、申込完了かどうかを要項の案内どおりに確認してください。",領収書・会社負担・経理,"会社負担や経理精算では、要項どおりの領収書・控えの形式を先に確認します。

| 場面 | 準備 | 保存 |
| --- | --- | --- |
| 個人負担 | クレジット明細・振込控え | PDF化してバックアップ |
| 会社負担 | 社内規定の精算期限 | 申込週に経理へ共有 |
| 再発行 | 要項・試験センター案内 | 問い合わせ先をメモ |
| 年度違い | 過去の金額記憶 | 必ず令和8年度要項で確認 |

「受験料」と「合格後の登録・講習に関する費用」は別制度です。用語を混同すると、申込時に誤った金額・手続きを探してしまうため、メモを分けて管理してください。",受験料まわりで起きやすいトラブル,"次のミスは、受験料を払った後に発覚しやすいため、事前に避けます。

### 未納・期限超過
WEBは9月30日23:59、郵送は9月24日消印など締切が方法ごとに異なります。カレンダーを2本用意し、決済完了画面まで到達したかを当日中に確認してください。

### 金額の記憶違い
令和8年度は12,000円ですが、過去ブログの別年度の金額を見ないようにしてください。

### 非公式サイトへの振込
受験料の支払先は要項記載の試験センター手続きのみです。第三者への振込案内は公式手続きではありません。",,,,,令和8年度の受験料はいくらですか？,"令和8年度は受験料12,000円として試験センター受験要項・公式案内で公表されています。支払方法・払込期限はWEB申込と郵送申込で異なるため、選んだ方法の章を通しで読んでから決済してください。年度ごとに変わる可能性があるため、申込直前に要項の「受験料」を必ず開き直してください。",受験料を払ったのに申込が完了していない場合は？,要項・試験センター公式に記載の問い合わせ先へ、申込方法・決済日時・受験者情報を控えて連絡してください。WEBは決済完了画面や確認メール、郵送は振込控えと申込書の到達状況を整理すると対応が早くなります。締切直前は問い合わせが集中するため、9月中旬までに支払いと完了確認を済ませることを推奨します。,schedule-application:日程・申込の確認手順;exam-application-flow:申込みの流れ;eligibility-registration:受験資格・登録制度,受験料と登録料は同じですか？,"異なります。受験料は学科試験の申込に係る費用で、試験センター要項が正本です。合格後の賃貸住宅管理業法上の登録・届出などに関する費用や手続きは別制度であり、協議会・所管の案内で確認します。申込前の学習段階では、まず受験資格と受験料12,000円の手続きに集中するのが安全です。",,,"受験料12,000円は要項が正本;支払前に受験資格を確認;WEBと郵送で締切・手段が異なる;決済控えを必ず保存;登録料等と用語を分ける"
exam-application-flow,受験・申込,賃貸不動産経営管理士試験の申込みの流れ（WEB・郵送）,"賃貸不動産経営管理士試験の申込手順を要項ベースで整理。令和8年度のWEB・郵送申込、写真・受験地・受験料12,000円、受験票確認までのチェックリストを解説します。","申込みは「資格確認→方法選択→情報入力→受験料→完了確認→受験票」の順で進めると漏れが減ります。令和8年度は50問・120分・3分野、試験日2026年11月15日（日）、受験料12,000円です。本記事では一般財団法人 賃貸不動産経営管理士協議会および試験センター要項を正本として、WEB申込と郵送申込のフロー差、写真・受験地の準備、不備連絡への対応までを表で説明します。締切は方法ごとに異なるため、申込前に https://www.chintaikanrishi.jp/ の最新要項を開いてください。",15,受験資格;申込;公式情報,賃管マスター編集部,資格学習サイトの編集チーム,公式情報確認担当,公開前に一次情報との照合を行う担当者,2026-06-04,賃貸不動産経営管理士協議会（公式）|https://www.chintaikanrishi.jp/,手書きリライト 2026-06-04。自動prose差し替え 2026-06-04（要手書き）。受験・申込向けテンプレートから作成。公開前に本文・参照URL・関連リンクを差し替える。,本記事を読むと、WEBまたは郵送で申し込むときの手順とチェックポイントが分かり、入力ミス・写真不備・決済エラーを防いで受験票確認まで進められます。,要項で申込期間・写真規格・必要書類をチェックリスト化する;受験資格を区分表で確認してから申込方法を選ぶ;WEBなら写真データと決済手段を申込開始週に準備する;郵送なら願書請求期限（9月14日12:00まで等）をカレンダー登録する;申込完了後、控えと受験票の会場・時刻を前日リストへ転記する,試験要項・公式ページ更新時に本文と参照元を見直す。,2026-06-04,2026-06-29,2026-06-04,published,2026-06-04: 編集合格（手書きリライト）,申込の全体フロー,"申込の正本は試験センター令和8年度受験要項です。下表は手順の骨格で、細部は要項の「申込方法」を必ず読み直してください。

| 段階 | 作業 | 正本 |
| --- | --- | --- |
| 1 | 受験資格の確認 | 要項「受験資格」 |
| 2 | WEB／郵送の選択 | 要項「申込方法」 |
| 3 | 写真・本人情報の準備 | 要項の写真規格 |
| 4 | 受験地の選択 | 要項の会場案内 |
| 5 | 受験料12,000円の支払 | 要項「受験料」 |
| 6 | 完了確認・受験票 | 要項・公式案内 |

試験日は2026年11月15日（日）13:00〜15:00（50問・120分）です。申込が済んだら、残り週数から3分野の学習枠をカレンダーに書き込んでください。",WEB申込の流れ,"令和8年度WEB申込の受付は、2026年8月3日（月）12:00〜9月30日（水）23:59が公表例です。

| ステップ | 内容 | つまずき防止 |
| --- | --- | --- |
| 事前 | 顔写真データを規格どおり作成 | 締切直前の再撮影を避ける |
| 入力 | 氏名・生年月日・受験地 | 身分証と1文字ずつ照合 |
| 決済 | 受験料12,000円 | カード限度・名義を確認 |
| 完了 | 確認画面・メール控え保存 | 未完了のまま閉じない |
| 後日 | 受験票の表示・印刷 | 会場名・開始時刻を転記 |

締切当日はアクセス集中が想定されるため、9月中旬までに決済完了を目標にすると安全です。",郵送申込の流れ,"郵送申込は締切が早く、願書請求の期限も別途あります（令和8年度は9月14日12:00まで等）。

| ステップ | 内容 | 期限の目安（要項で確認） |
| --- | --- | --- |
| 願書請求 | 要項どおりの方法で請求 | 9月14日12:00まで（公表例） |
| 記入 | 申込書へ正確に記入 | 消し込み不可の欄に注意 |
| 写真貼付 | 要項サイズの写真 | 規格外は不備になりやすい |
| 振込 | 受験料12,000円 | 払込用紙・振込期限を要項で確認 |
| 発送 | 9月24日（木）消印有効（公表例） | 局の混雑を避け早めに |

WEBの9月30日締切と混同しないよう、郵送用のカレンダーを別に用意してください。",写真・受験地・本人情報のチェック,"不備連絡の多くは、写真規格と氏名表記の不一致です。

| 項目 | WEB | 郵送 |
| --- | --- | --- |
| 写真 | データアップロード | 申込書へ貼付 |
| 氏名 | 身分証と完全一致 | 筆記体・旧字体に注意 |
| 受験地 | 要項の選択肢から | 会場は受験票で確定 |
| 連絡先 | メール・電話を要項どおり | 不備通知の届き先を確認 |

申込完了後は、受験料の控えと申込内容のスクリーンショット（または申込書控え）を同じフォルダに保存し、受験票到着時に照合してください。",申込後〜試験日まで,"受験票が届いたら、次の4点を11月15日までに固定します。

| 確認項目 | 具体的な見方 |
| --- | --- |
| 会場 | 正式名称・住所・最寄り駅 |
| 開始時刻 | 13:00開始、12:30頃到会目安 |
| 持ち物 | HB鉛筆・消しゴム・受験票・身分証（要項追記に従う） |
| 学習 | 50問120分の通し演習を月2回 |

不備連絡があった場合は、要項記載の期限内に修正してください。日程の一覧は「日程・申込の確認手順」、受験料の詳細は「受験料と支払い」の記事で補完できます。",,,,,WEB申込と郵送申込はどちらがよいですか？,どちらも要項どおりの正式手続きです。PC操作に慣れている方はWEB、紙の記録を残したい方は郵送が向きやすいです。郵送は締切が早い（令和8年度は9月24日消印有効の公表例）ため、方法を決めたら締切を別カレンダーに登録してください。,申込みに必要な写真の規格はどこで確認しますか？,試験センター受験要項の写真・申込書の章が正本です。WEBはデータファイルのサイズ・背景、郵送は貼付サイズが異なるため、選んだ方法の記載だけを読んでください。規格外は不備となりやすいので、申込開始週に写真を用意し、締切直前の再撮影を避けてください。,schedule-application:日程・申込の確認手順;exam-fees:受験料と支払い;eligibility-registration:受験資格・登録制度,申込完了後に何を確認すればよいですか？,決済・振込の控え、申込内容の確認画面または申込書控えを保存してください。受験票で会場・氏名・開始時刻を身分証と照合し、持ち物リストを前日チェック用に転記します。令和8年度の試験日は11月15日（日）13:00〜15:00、50問120分です。最新案内は要項と公式サイトで再確認してください。,,,"資格確認が最初のステップ;WEBは9月30日23:59まで（公表例）;郵送は9月24日消印・願書請求期限あり;受験料12,000円;受験票で会場・時刻を確定"
application-deadline-checklist,受験・申込,賃貸不動産経営管理士試験の申込締切前チェックリスト（令和8年度）,"賃貸不動産経営管理士試験の申込締切前チェックリスト。受験資格・WEB/郵送の期限差・受験料12,000円・写真・会場選択を要項正本で表整理し、令和8年度11月15日試験向けの漏れ防止手順を解説します。","申込ミスは、学習量が足りていても受験そのものが成立しないリスクがあります。賃貸不動産経営管理士試験は50問・120分・3分野、令和8年度の試験日は2026年11月15日（日）13:00〜15:00、受験料は12,000円（要項どおり）です。本記事では一般財団法人 賃貸不動産経営管理士協議会および試験センター要項を正本として、締切逆算のチェックリスト、WEBと郵送の違い、資格・写真・決済の確認順を表で説明します。数字・様式は https://www.chintaikanrishi.jp/ の最新要項で必ず上書き確認してください。",15,受験資格;申込;公式情報,賃管マスター編集部,資格学習サイトの編集チーム,公式情報確認担当,公開前に一次情報との照合を行う担当者,2026-06-04,賃貸不動産経営管理士協議会（公式）|https://www.chintaikanrishi.jp/,手書きリライト 2026-06-04。自動prose差し替え 2026-06-04（要手書き）。受験・申込向けテンプレートから作成。公開前に本文・参照URL・関連リンクを差し替える。,本記事を読むと、申込締切までに何をいつ完了すべきかが見える化され、締切超過や書類・決済漏れを防ぎながら受験準備を進められます。,"要項の受験資格区分で自分の該当行を1つ特定する;締切日から逆算し申込完了目標日を1週間前に設定する;受験料12,000円の支払方法と決済手段を事前確認する;受験地候補を比較し移動時間と費用の見積を作成する;申込完了後に受験票公開日と会場確認日をリマインド登録する",試験要項・公式ページ更新時に本文と参照元を見直す。,2026-06-04,2026-06-29,2026-06-04,published,2026-06-04: 編集合格（手書きリライト）,締切逆算の早見表（令和8年度）,"正本は試験センター令和8年度受験要項です。下表はチェック用の整理で、申込直前に要項で上書き確認してください。

| 項目 | 令和8年度（要項・公式案内） | 自分用メモ欄 |
| --- | --- | --- |
| 試験日 | 2026年11月15日（日）13:00〜15:00 | 移動・宿泊 |
| WEB申込 | 8/3 12:00〜9/30 23:59 | 完了日時 |
| 郵送申込 | 8/3〜9/24消印 | 投函日 |
| 願書請求（郵送） | 9/14 12:00まで | 請求日 |
| 受験料 | 12,000円 | 決済控え |
| 合格発表 | 12/24（木）予定 | — |

「申込したつもり」で終わらせず、決済完了画面・振込控え・メール控えを保存してください。",受験資格の確認（最初のチェック）,"締切対策の第一歩は受験資格の確定です。区分を誤ると、提出書類の不足で手戻りが発生しやすくなります。

| 手順 | 確認内容 | よくある漏れ |
| --- | --- | --- |
| 1 | 要項の資格区分表で該当行を1つ選ぶ | 複数区分の混同 |
| 2 | 実務・講習等の要件と日付を照合 | 証明書の様式違い |
| 3 | 氏名・生年月日を身分証と一致 | 旧姓・表記ゆれ |
| 4 | 45問受験（5問免除）の該当有無 | 申込時の選択ミス |
| 5 | 不明点は試験センターへ要項記載の問合せ先 | SNS情報のみで判断 |

学科試験の受験資格と、合格後の登録制度は別です。受験資格・登録制度の記事で混同を解いてから申込に進むと安全です。",WEBと郵送の比較チェック,"申込方法で締切と準備物が変わります。選んだ方法以外の表は読み飛ばして構いません。

| 比較 | WEB申込 | 郵送申込 |
| --- | --- | --- |
| 締切の目安 | 9/30 23:59 | 9/24消印 |
| 写真 | データ規格（要項） | 貼付・同封（要項） |
| 受験料 | オンライン決済（要項） | 振込・払込（要項） |
| 混雑 | 締切直前のサーバー負荷 | 郵便・金融機関の休日 |
| 完了の証跡 | 画面・メール控え | 振込控え・到達確認 |

申込みの流れの記事で手順全体を把握し、本チェックリストで項目を消し込んでください。",申込1週間前の最終チェック,"締切の7日前には、次の項目をすべて済ませることを推奨します。

| # | 項目 | 状態 |
| --- | --- | --- |
| 1 | 資格区分・証明の準備完了 | □ |
| 2 | 写真データまたは貼付用写真 | □ |
| 3 | 受験地の候補決定 | □ |
| 4 | 12,000円の決済手段 | □ |
| 5 | 申込情報（氏名・住所）の下書き | □ |
| 6 | 会社への休暇・移動の仮押さえ | □ |

締切当日は新規入力ではなく、控えの保存と受験票公開日のリマインド登録に時間を使うと安全です。",申込後に登録するリマインド,"申込完了後も、受験票・会場・当日持ち物の確認が残ります。

| タイミング | 作業 |
| --- | --- |
| 申込直後 | 決済控え・申込番号の保存 |
| 受験票公開後 | 会場名・開始時刻の転記 |
| 試験2週前 | 移動ルート・持ち物リスト |
| 試験前日 | 身分証・受験票・筆記用具 |
| 学習 | 50問通しを月2回維持 |

日程の全体像は日程・申込の確認手順の記事、学習側は学習計画の立て方と併用すると、手続き週で演習が止まりにくくなります。",,,,,申込締切はWEBと郵送で同じですか？,異なります。令和8年度の目安は、WEBが9月30日（水）23:59、郵送が9月24日（木）消印有効です。願書請求（郵送）には9月14日（月）12:00までなど、前段の期限もあります。必ず試験センター要項の「申込方法」を開き、選んだ方法の行だけをカレンダーに転記してください。,受験資格はどこで確認しますか？,一般財団法人 賃貸不動産経営管理士試験センターの受験要項「受験資格」が正本です。協議会サイト https://www.chintaikanrishi.jp/ から要項へ辿り、区分表で該当行を1つに絞ってください。合格後の登録・研修は別制度のため、受験前は要項の資格章だけに集中すると手戻りが減ります。,schedule-application:日程・申込の確認手順;exam-application-flow:申込みの流れ（WEB・郵送）;eligibility-registration:受験資格・登録制度,締切直前に決済エラーが出たらどうしますか？,締切当日の対応に追われないよう、申込開始週に決済手段と写真データを済ませるのが基本です。エラーが出た場合は、要項記載の問合せ先と公式FAQを確認し、控えの有無を先に確かめてください。学習は最低ラインの誤答解き直しを維持し、手続きは別メモで管理すると混乱しにくくなります。,,,要項が正本;資格確認が第一;WEBと郵送で締切差;7日前に写真・決済;控えと受験票を保存
exam-venue-and-region,受験・申込,賃貸不動産経営管理士試験の受験地・会場の選び方と確認手順,賃貸不動産経営管理士試験の受験地選択と会場確認を要項正本で整理。申込時の都市選択、受験票での会場確定、移動・宿泊の見積もりを令和8年度11月15日試験向けに解説します。,受験地は申込時に都道府県（都市）単位で選び、会場の正式名称は受験票で確定します。賃貸不動産経営管理士試験は50問・120分・3分野、令和8年度は2026年11月15日（日）13:00〜15:00です。本記事では一般財団法人 賃貸不動産経営管理士試験センター要項を正本として、受験地の比較軸、申込前チェック、受験票公開後の会場確認と当日移動の表を説明します。試験都市の一覧は年度で変わるため、https://www.chintaikanrishi.jp/ の要項で必ず再確認してください。,15,受験資格;申込;公式情報,賃管マスター編集部,資格学習サイトの編集チーム,公式情報確認担当,公開前に一次情報との照合を行う担当者,2026-06-04,賃貸不動産経営管理士協議会（公式）|https://www.chintaikanrishi.jp/;国土交通省 住宅局|https://www.mlit.go.jp/jutakukentiku/house/,手書きリライト 2026-06-04。自動prose差し替え 2026-06-04（要手書き）。受験・申込向けテンプレートから作成。公開前に本文・参照URL・関連リンクを差し替える。,本記事を読むと、生活圏と移動負担のバランスで受験地を決め、受験票到着後に会場・開始時刻・持ち物を漏れなく確認できる手順が分かります。,要項の受験可能都市一覧を開き候補を2〜3都市に絞る;移動時間・交通費・宿泊の見積を表に書く;申込情報の氏名・生年月日を身分証と一致させる;受験票公開後に会場住所と開始時刻を転記する;試験2週間前に最寄り駅から会場までのルートを実地または地図で確認する,試験要項・公式ページ更新時に本文と参照元を見直す。,2026-06-04,2026-06-29,2026-06-04,published,2026-06-04: 編集合格（手書きリライト）,申込前に比較する受験地の軸,"受験地の正本は試験センター要項の「試験会場」または「受験地」です。SNSの体験談だけで決めると、会場割当や交通の想定違いが起きやすくなります。

| 比較軸 | 確認方法 | メモ例 |
| --- | --- | --- |
| 移動時間 | 自宅・職場から最寄り駅まで | 片道○時間 |
| 交通費 | 往復＋特急の有無 | ○円 |
| 宿泊 | 前泊が必要か | 要/不要 |
| 体調 | 長距離移動の負担 | 前泊推奨 |
| 当日余裕 | 13:00開始前の到着 | 12:30到会目安 |

候補は2〜3都市に絞り、申込画面の選択肢と要項の表記が一致するか確認してから決めてください。",申込時の入力とよくある不備,"オンライン申込では受験地（都市）を選択し、会場は後日割当されます。

| 項目 | 注意 | 不備の例 |
| --- | --- | --- |
| 氏名 | 身分証と完全一致 | 旧姓・スペース |
| 生年月日 | 西暦/和暦の誤入力 | 1日ずれ |
| 受験地 | 要項の選択肢のみ | 存在しない都市 |
| 写真 | 規格・背景（要項） | サイズ不一致 |
| 受験料 | 12,000円・決済完了 | 未決済のまま終了 |

申込みの流れの記事でWEB・郵送の手順全体を把握し、本記事の表で受験地と本人情報を消し込んでください。",受験票で確定する会場情報,"会場名・住所・開始時刻は受験票が正です。申込時の都市と異なる会場が割当される場合があります。

| 確認項目 | 具体的な見方 |
| --- | --- |
| 会場正式名称 | 地図アプリで住所検索 |
| 開始時刻 | 13:00開始（要項・受験票） |
| 受付・開場 | 要項・受験票の記載 |
| 氏名表記 | 身分証と1文字ずつ照合 |
| 受験番号 | 控えと一致 |

初めての会場は試験2週間前に最寄り駅から徒歩ルートを確認し、工事中・改札変更がないか地図の最新情報も見ておくと安心です。",遠方受験の移動・宿泊計画,"遠方の場合は、試験日だけでなく前日の体調管理まで含めて計画します。

| プラン | 向き | 注意 |
| --- | --- | --- |
| 当日朝移動 | 2時間以内 | 遅延リスクを織り込む |
| 前泊 | 3時間超・早朝発 | 宿泊先は会場近く |
| 会社休暇 | 半休・全日 | 申込前に仮押さえ |
| 交通手段 | 新幹線・飛行機 | 変更規則を確認 |

令和8年度は11月15日（日）実施です。帰路の最終便時刻も先に調べ、試験後に焦らないようカレンダーに書いておきます。",当日までのチェックリスト,"受験票確認後、次のリストを前日までに完了させてください。

| # | 項目 | 状態 |
| --- | --- | --- |
| 1 | 会場住所・最寄り駅 | □ |
| 2 | 12:30頃到会の出発時刻 | □ |
| 3 | HB鉛筆・消しゴム・受験票・身分証 | □ |
| 4 | スマホ・参考書は持ち込まない | □ |
| 5 | 遅延時の連絡先（要項） | □ |

持ち物の詳細は試験当日の持ち物の記事、日程の全体は日程・申込の確認手順と併用すると当日の迷いが減ります。",,,,,申込後に受験地や会場を変更できますか？,変更可否・手続きは年度要項および試験センターの案内が正本です。原則として申込内容の変更は限定的なことが多いため、申込前に候補都市を十分比較してください。不明点は要項記載の問合せ先へ、受験票の表記と申込控えを添えて確認するのが安全です。,会場名が申込時に選んだ都市と違う場合はどうしますか？,割当会場が正です。受験票の住所・最寄り駅で移動計画を組み直してください。遠方になった場合は宿泊や交通の手配を早めに変更し、試験前日の睡眠時間を確保してください。開始時刻13:00は変わらないため、到新着時刻だけを再計算します。,schedule-application:日程・申込の確認手順;exam-application-flow:申込みの流れ（WEB・郵送）;exam-day-items:試験当日の持ち物,会場確認はいつまでに済ませるべきですか？,受験票が閲覧可能になったら当日中に会場・氏名・時刻を転記し、試験2週間前までにルート確認を完了することを推奨します。直前週は学習の解き直しに集中し、会場まわりの判断は前週までに終えておくと安定します。最新の開場・受付手順は要項と受験票で再確認してください。,,,受験地は要項が正本;会場は受験票で確定;移動・宿泊を先に見積;氏名は身分証と一致;前日までにルート確認
reschedule-and-absence,受験・申込,賃貸不動産経営管理士試験の欠席・再受験の手続きと学習の再開,賃貸不動産経営管理士試験の欠席時の整理と再受験準備を要項正本で解説。日程変更の可否、次回申込、50問120分・3分野の学習再開手順を表で整理します。,学科試験の「日程変更」は、多くの場合想定と異なります。欠席・不合格後は、試験センター要項で次回申込と受験資格を確認し、学習を数値で組み直す段階に入ります。賃貸不動産経営管理士試験は50問・120分・3分野、令和8年度は2026年11月15日（日）13:00〜15:00です。本記事では一般財団法人 賃貸不動産経営管理士協議会および試験センター要項を正本として、欠席時の確認先、再受験カレンダー、学習再開の優先順位を表で説明します。詳細な振り返り手順は再受験・不合格からの学習の組み直し方も併読してください。,15,受験資格;申込;公式情報,賃管マスター編集部,資格学習サイトの編集チーム,公式情報確認担当,公開前に一次情報との照合を行う担当者,2026-06-04,賃貸不動産経営管理士協議会（公式）|https://www.chintaikanrishi.jp/,手書きリライト 2026-06-04。自動prose差し替え 2026-06-04（要手書き）。受験・申込向けテンプレートから作成。公開前に本文・参照URL・関連リンクを差し替える。,本記事を読むと、欠席や不合格後に要項で確認すべき手続きと、次回試験に向けた学習再開の順序が分かり、情報収集に時間を取られすぎることを防げます。,要項で欠席・再受験・受験料の扱いを最新年度で確認する;次回申込開始日と締切をカレンダー登録する;前回の分野別正答数を表にまとめ弱点を1分野に絞る;50問120分の通し演習を月2回で時間感覚を戻す;申込控え・問合せ記録を1フォルダに保管する,試験要項・公式ページ更新時に本文と参照元を見直す。,2026-06-04,2026-06-29,2026-06-04,published,2026-06-04: 編集合格（手書きリライト）,欠席と日程変更で混同しやすい点,"正本は試験センター要項です。次の整理を先に固定してください。

| 用語 | 一般的な整理 | 確認先 |
| --- | --- | --- |
| 欠席 | 当日受験しなかった | 要項・合否案内 |
| 日程変更 | 個別の日取り変更は原則不可のことが多い | 要項「試験日程」 |
| 再受験 | 次年度の申込・受験 | 翌年度要項 |
| 受験料 | 返還の有無は要項・案内 | 要項「受験料」 |
| 5問免除 | 45問受験の別枠 | 要項「受験資格」 |

「別日に振替」は制度がない年度が多いため、体験談の「延期できた」だけで判断せず、要項原文で確認してください。",欠席直後にやる確認（48時間以内）,"感情の整理と並行して、手続きと学習の事実だけをメモします。

| 順番 | 作業 | 記録 |
| --- | --- | --- |
| 1 | 要項で欠席・受験料の記載を確認 | URL・年度 |
| 2 | 次回試験の公表予定を協議会サイトで確認 | お知らせ日 |
| 3 | 申込控え・受験番号を保存 | ファイル名統一 |
| 4 | 当日の体調・交通トラブルを1行メモ | 再発防止 |
| 5 | 学習は翌週から最低ライン再開 | 誤答5問 |

問合せが必要な場合は、要項記載の連絡先へ事実だけを伝え、回答文はPDFまたはメールで保管してください。",再受験までのカレンダー例,"次回が令和9年度になる場合も、流れは同型です（日付は要項で上書き）。

| 時期 | 手続き | 学習 |
| --- | --- | --- |
| 欠席〜1か月 | 要項・FAQ確認 | 誤答分析表の完成 |
| 要項公表後 | 資格・締切を転記 | 弱点分野+30％ |
| 申込期間 | 早めに申込完了 | 通し50問月1回 |
| 試験8週前 | 受験票・会場確認 | 通し月2回 |
| 直前2週 | 持ち物・睡眠 | 解き直しのみ |

日程・申込の確認手順の表とカレンダーを共通化すると、再受験時の手戻りが減ります。",学習再開の優先順位,"再受験では教材を増やすより、前回データから配分を直します。

| 信号 | 取る行動 |
| --- | --- |
| 1分野だけ低得点 | その分野に週+3時間 |
| 時間切れ多い | 50問通しで見切り練習 |
| 再発誤答40％超 | 7日後解き直しを固定 |
| 手続き不安 | 要項URLだけ先にメモ |

振り返りの表形式は再受験・不合格からの学習の組み直し方に沿ってください。学習計画の立て方で週次枠を再設定すると、続けやすくなります。",不合格時との共通点,"不合格の場合も、次回申込・3分野演習・要項確認の習慣は同じです。

| 項目 | 欠席 | 不合格 |
| --- | --- | --- |
| 合否 | 未受験 | 要項どおり判定 |
| 次回 | 翌年度申込 | 翌年度申込 |
| 学習 | 通し演習で現在地把握 | 誤答表から再開 |
| 統計 | 合格率は参考 | 自分の正答率が主 |

令和8年度を逃した場合も、協議会公式サイトで次年度要項の更新を待ち、古いメモの日付を必ず年度ラベルで管理してください。",,,,,体調不良で欠席した場合、受験料は戻りますか？,返還の有無・条件は年度要項および試験センターの案内が正本です。SNSの事例をそのまま当てはめず、要項の「受験料」章とお知らせを確認してください。問合せする場合は、申込番号・受験地・欠席日を事実として伝え、回答文を保存してください。,試験日を別の日に変更できますか？,個別の日程変更が認められていない年度が一般的です。「振替」「延期」などの表現は、要項に明記があるかどうかで判断してください。受験できない見込みが高い場合は、早めに移動・体調・仕事の調整を見直し、欠席となる場合は次年度申込に備えて学習記録だけ継続する運用が現実的です。,retake-review-plan:再受験・不合格からの学習の組み直し方;schedule-application:日程・申込の確認手順;study-plan:学習計画の立て方,欠席後、いつから勉強を再開すべきですか？,1週間以内に誤答分析または直近50問通しのどちらか一方を完了させることを推奨します。手続き確認は48時間で区切り、それ以降は週次の演習枠に戻してください。再受験の詳細な振り返り表は、再受験・不合格からの学習の組み直し方の記事を参照してください。,,,要項が正本;日程振替は要項で確認;次回締切を先に登録;誤答データから再開;手続き記録を一元化
exam-format-overview,出題・形式,賃貸不動産経営管理士試験の試験形式（50問・120分・3分野）,賃貸不動産経営管理士試験の形式を要項正本で整理。四肢択一50問・120分・3分野、45問免除の確認、演習と時間配分の作り方を令和8年度向けに解説します。,"試験形式は、学習量より先に「何問・何分・どの分野か」を要項で固定する作業です。賃貸不動産経営管理士試験は学科試験が中心で、令和8年度は50問・120分・3分野、2026年11月15日（日）13:00〜15:00、受験料12,000円（要項どおり）と公表されています。本記事では一般財団法人 賃貸不動産経営管理士試験センター要項を正本として、形式4項目、1問あたりの時間目安、模試・通し演習への反映を表で説明します。問題数・合格基準の変更は要項で必ず https://www.chintaikanrishi.jp/ から再確認してください。",19,出題範囲;試験形式,賃管マスター編集部,資格学習サイトの編集チーム,公式情報確認担当,公開前に一次情報との照合を行う担当者,2026-06-04,賃貸不動産経営管理士協議会（公式）|https://www.chintaikanrishi.jp/,手書きリライト 2026-06-04。自動prose差し替え 2026-06-04（要手書き）。出題・形式向けテンプレートから作成。公開前に本文・参照URL・関連リンクを差し替える。,本記事を読むと、本番の50問120分・3分野の前提が分かり、分野別演習から通し形式へ移すタイミングと時間配分の練習方法が具体的に分かります。,要項で問題数・試験時間・解答方式・出題分野をメモする;50問か45問（5問免除）かを申込前に確定する;模試は要項と同じ問題数・120分で月1回以上実施する;1問2分30秒前後の目安で見切り基準を練習する;直前期はマークミス確認を通し演習に組み込む,試験要項・公式ページ更新時に本文と参照元を見直す。,2026-06-04,2026-06-29,2026-06-04,published,2026-06-04: 編集合格（手書きリライト）,要項で確認する形式4項目,"試験形式の正本は試験センター令和8年度受験要項です。

| 項目 | 令和8年度の公表例（要項で再確認） | 演習への反映 |
| --- | --- | --- |
| 試験時間 | 13:00〜15:00（120分） | 通し演習は120分計測 |
| 問題数 | 50問（5問免除は45問） | 通しの問題数を合わせる |
| 解答方式 | 四肢択一（要項） | 消去順の練習 |
| 出題分野 | 3分野 | 分野別→通しの順 |

非公式まとめの「毎年同じ問数」だけを信じず、申込前と試験6週前の2回、要項PDFで4項目を上書き確認してください。",120分と50問の時間配分,"120分÷50問は、平均2分24秒です。読む時間を含めると「2分で決め、難問は後回し」が現実的です。

| フェーズ | 時間の目安 | 内容 |
| --- | --- | --- |
| 前半25問 | 約60分 | 得意分野から着手 |
| 後半25問 | 約55分 | 長文・設備を含む |
| 見直し | 5分 | 未解答・マークミス |
| 2分超の迷い | 要記録 | 争点3語メモ |

通し演習では「未解答数」と「2分超の問題番号」を毎回記録し、翌週の火曜時間を再配分してください。",3分野の役割（形式理解用）,"出題は次の3分野からです（名称は要項・テキストで表記ゆれあり）。

| 分野 | 形式上の特徴 | 演習の置き方 |
| --- | --- | --- |
| 法令・制度 | 条文・制度の骨格 | 短時間反復＋一問一答 |
| 契約・実務 | 当事者・条項の読み取り | 長文＋争点メモ |
| 設備・税務・その他 | 数値・横断 | 早見表＋条件付き演習 |

科目ごとの配分の考え方は科目構成と配点の記事、全体像は試験概要・出題分野の記事と併用すると計画がぶれにくくなります。",分野別から通しへ移すタイミング,"序盤は分野別、試験8〜10週前から通し比重を上げる流れが扱いやすいです。

| 時期 | 演習 | 記録 |
| --- | --- | --- |
| 残り16週以上 | 分野別10〜20問 | 分野別正答率 |
| 残り8〜15週 | 週末20問＋月1回通し | 未解答数 |
| 残り7週以内 | 通し月2回 | 見切りした問番号 |
| 直前2週 | 解き直し | 再発誤答のみ |

過去問の回し方は過去問の効果的な使い方の記事で、形式固定後に年度別・分野別の順を決めると迷いが減ります。",当日形式との照合,"本番はマークシート式の四肢択一です（詳細は要項・受験票）。

| 確認 | タイミング | 参照 |
| --- | --- | --- |
| 持ち込み禁止 | 申込後 | 要項・受験票 |
| 開始13:00 | 前日 | 受験票 |
| 問題冊・解答用紙 | 当日 | 監督員指示 |
| 見直し時間 | 通し練習で固定 | 自分の記録 |

合格点の置き方は合格点・合格率の見方で、形式理解のあとすぐに得点管理へ移ると学習が一本化しやすくなります。",得点安定化の運用,"【実践セクション27】管理運営論点を図で確認する
試験形式の概要では「運営理解」を先に固めると、出題形式を踏まえた解答手順の設計の判断が安定します。
賃貸不動産経営管理士試験は3分野を横断して問われるため、単発暗記よりも接続理解が重要です。
実行段階では、手順の流れを可視化して覚えるを短い周期で回し、週次レビューで改善点を1つだけ更新してください。

【実践セクション28】模試結果の見方を統一する
試験形式の概要では「模試分析」を先に固めると、出題形式を踏まえた解答手順の設計の判断が安定します。
賃貸不動産経営管理士試験は3分野を横断して問われるため、単発暗記よりも接続理解が重要です。
実行段階では、点数と時間不足要因を分離して評価するを短い周期で回し、週次レビューで改善点を1つだけ更新してください。

【実践セクション29】直前期の学習範囲を絞る
試験形式の概要では「直前運用」を先に固めると、出題形式を踏まえた解答手順の設計の判断が安定します。
賃貸不動産経営管理士試験は3分野を横断して問われるため、単発暗記よりも接続理解が重要です。
実行段階では、新規追加より既習復習を優先するを短い周期で回し、週次レビューで改善点を1つだけ更新してください。

【実践セクション30】当日持ち物と移動を確定する
試験形式の概要では「当日準備」を先に固めると、出題形式を踏まえた解答手順の設計の判断が安定します。
賃貸不動産経営管理士試験は3分野を横断して問われるため、単発暗記よりも接続理解が重要です。
実行段階では、前日までに会場アクセスを確認するを短い周期で回し、週次レビューで改善点を1つだけ更新してください。

【実践セクション31】見直し手順を固定する
試験形式の概要では「見直し運用」を先に固めると、出題形式を踏まえた解答手順の設計の判断が安定します。
賃貸不動産経営管理士試験は3分野を横断して問われるため、単発暗記よりも接続理解が重要です。
実行段階では、数値・主体・否定語の順で点検するを短い周期で回し、週次レビューで改善点を1つだけ更新してください。",本番前の最終確認,"【実践セクション32】試験後の記録項目を決める
試験形式の概要では「振り返り」を先に固めると、出題形式を踏まえた解答手順の設計の判断が安定します。
賃貸不動産経営管理士試験は3分野を横断して問われるため、単発暗記よりも接続理解が重要です。
実行段階では、再受験も想定して誤答型を残すを短い周期で回し、週次レビューで改善点を1つだけ更新してください。

【実践セクション33】学習計画の崩れを復旧する
試験形式の概要では「復旧手順」を先に固めると、出題形式を踏まえた解答手順の設計の判断が安定します。
賃貸不動産経営管理士試験は3分野を横断して問われるため、単発暗記よりも接続理解が重要です。
実行段階では、最低ラインへ戻して再起動するを短い周期で回し、週次レビューで改善点を1つだけ更新してください。

【実践セクション34】関連テーマへの接続を作る
試験形式の概要では「関連学習」を先に固めると、出題形式を踏まえた解答手順の設計の判断が安定します。
賃貸不動産経営管理士試験は3分野を横断して問われるため、単発暗記よりも接続理解が重要です。
実行段階では、次に読む記事で知識を横展開するを短い周期で回し、週次レビューで改善点を1つだけ更新してください。

【実践セクション35】内部リンクを学習導線に使う
試験形式の概要では「導線設計」を先に固めると、出題形式を踏まえた解答手順の設計の判断が安定します。
賃貸不動産経営管理士試験は3分野を横断して問われるため、単発暗記よりも接続理解が重要です。
実行段階では、記事→用語→演習の順で回遊するを短い周期で回し、週次レビューで改善点を1つだけ更新してください。

【実践セクション36】短時間復習の型を整える
試験形式の概要では「短時間復習」を先に固めると、出題形式を踏まえた解答手順の設計の判断が安定します。
賃貸不動産経営管理士試験は3分野を横断して問われるため、単発暗記よりも接続理解が重要です。
実行段階では、5分で見直すチェック項目を固定するを短い周期で回し、週次レビューで改善点を1つだけ更新してください。

【実践セクション37】合格後の実務像を明確にする
試験形式の概要では「キャリア視点」を先に固めると、出題形式を踏まえた解答手順の設計の判断が安定します。
賃貸不動産経営管理士試験は3分野を横断して問われるため、単発暗記よりも接続理解が重要です。
実行段階では、資格取得後の行動計画を言語化するを短い周期で回し、週次レビューで改善点を1つだけ更新してください。",試験は何問・何分ですか？,令和8年度要項では、四肢択一50問・120分・3分野の学科試験と公表されています。講習修了等により45問受験となる場合は、要項の該当章で問題数と合格基準を別途確認してください。演習は本番と同じ問題数・120分で計測すると、時間配分の練習が正確になります。,1問あたり何分を目安にすればよいですか？,平均2分24秒ですが、長文は3分、短問は1分台とばらつきます。通し演習で「2分を超えた問番号」を記録し、次回はその分野の読み方練習に時間を回してください。見直し5分は最後に必ず確保する習慣を、月2回の通しで固定すると安定します。,exam-overview:試験概要・出題分野;subject-breakdown:科目構成と配点;pass-score:合格点・合格率の見方,形式の記事と科目構成の記事はどう使い分けますか？,本記事は50問・120分・解答方式など「本番の枠組み」が中心です。科目構成と配点の記事は、3分野の学習時間の配分と弱点の取り方が中心です。先に形式4項目をメモし、次に分野別の週次配分表を作る順がおすすめです。,,,要項で4項目を固定;50問120分が基本;2分前後で見切り練習;8週前から通し増;45問は別枠で確認
subject-breakdown,出題・形式,賃貸不動産経営管理士試験の科目構成（3分野の配分と学習優先）,賃貸不動産経営管理士試験の3分野構成と学習配分を要項・テキスト目次で整理。法令・契約・設備の優先順位、週次時間、50問120分演習への反映を解説します。,科目構成は「3分野を平等に」ではなく、要項・テキスト目次と自分の誤答データで配分を決めるものです。賃貸不動産経営管理士試験は50問・120分・3分野、令和8年度は2026年11月15日（日）13:00〜15:00です。本記事では一般財団法人 賃貸不動産経営管理士試験センター要項および公式テキスト構成を正本として、分野の役割、週次時間の配分例、通し演習での記録の仕方を表で説明します。試験形式の数字は試験形式の概要の記事と合わせ、要項で必ず再確認してください。,19,出題範囲;試験形式,賃管マスター編集部,資格学習サイトの編集チーム,公式情報確認担当,公開前に一次情報との照合を行う担当者,2026-06-04,賃貸不動産経営管理士協議会（公式）|https://www.chintaikanrishi.jp/,手書きリライト 2026-06-04。自動prose差し替え 2026-06-04（要手書き）。出題・形式向けテンプレートから作成。公開前に本文・参照URL・関連リンクを差し替える。,本記事を読むと、3分野の役割と学習時間の配分基準が分かり、弱点分野に週次で時間を追加する判断が自分でできるようになります。,要項とテキスト目次で3分野の章立てを1枚に統合する;分野別演習20問で正答率を記録し最弱分野を1つ選ぶ;週次で弱点分野に+2〜3時間を上乗せする;50問通しで分野別の時間超過を記録する;直前期は3分野から再発誤答上位を各5件ずつ抽出する,試験要項・公式ページ更新時に本文と参照元を見直す。,2026-06-04,2026-06-29,2026-06-04,published,2026-06-04: 編集合格（手書きリライト）,3分野の整理（要項・テキスト）,"分野名は年度・教材で表記が揺れます。学習計画では次の3つに統一すると表が作りやすいです。

| 計画上の分野 | 含まれる論点の例 | 確認先 |
| --- | --- | --- |
| 法令・制度 | 賃貸住宅管理業法・登録・監督 | 要項出題範囲 |
| 契約・実務 | 契約条項・重説・原状回復 | テキスト目次 |
| 設備・税務・その他 | 設備管理・税務・横断 | テキスト目次 |

出題範囲の改定は要項が正本です。テキストの章番号だけで範囲を決めず、毎年要項PDFの該当ページを開いてください。",配点・出題比率の読み方,"厳密な配点表は要項・公式テキストの科目表が正本です。非公式の「均等配分」だけで週を割らないでください。

| 読み方 | 妥当 | 避ける判断 |
| --- | --- | --- |
| 要項の科目表 | 分野名・出題の考え方 | 体験談の割合のみ |
| 自分の正答率 | 週次で弱点特定 | 他人の平均だけ |
| 通し得点 | 分野別正答数 | 単年の合格率 |
| 時間超過 | 解答順の見直し | 知識不足と混同 |

50問のうち1分野だけ極端に低い場合は、その分野に週+3時間を先に当てる方が得点効率が高いです。",週次時間の配分例,"週10時間の例です（総量は可処分時間に合わせて調整）。

| 分野 | 時間 | 内容 |
| --- | --- | --- |
| 法令・制度 | 3.5時間 | 用語＋演習15問 |
| 契約・実務 | 3.5時間 | 長文10問＋争点メモ |
| 設備・税務 | 2時間 | 数値早見＋演習10問 |
| 横断 | 1時間 | 誤答解き直し |

最弱分野が決まった週は、最弱に+2時間、得意分野から1時間借りる配分にしてください。学習計画の立て方の週次枠と数字を揃えると修正が楽です。",通し演習での分野別記録,"50問120分のあと、分野別に正答数を必ず集計します。

| 記録 | 使い道 |
| --- | --- |
| 法令○/契約○/設備○ | 翌週の+時間先 |
| 2分超の問番号 | 読み方練習 |
| 再発誤答 | 7日後解き直し日 |
| 未解答 | 見切り基準の調整 |

過去問の記録法は過去問の効果的な使い方に沿い、誤答を知識不足・読解・時間に分類すると配分がぶれにくくなります。",直前期の3分野の絞り方,"直前1か月は、3分野から「再発誤答上位」だけを残します。

| 分野 | 直前の中心 | やめること |
| --- | --- | --- |
| 法令・制度 | 登録・監督の再発語 | 初見の広い章 |
| 契約・実務 | 当事者ミスした長文 | 新しい事例集 |
| 設備・税務 | 単位ミスした数値 | 別冊の追加 |

試験形式の数字（50問・120分）は試験形式の概要で再確認し、通しは月2回・解き直し中心に切り替えてください。",分野別復習の優先順位,"【実践セクション27】管理運営論点を図で確認する
科目構成と配点では「運営理解」を先に固めると、分野別に失点を減らす学習配分の最適化の判断が安定します。
賃貸不動産経営管理士試験は3分野を横断して問われるため、単発暗記よりも接続理解が重要です。
実行段階では、手順の流れを可視化して覚えるを短い周期で回し、週次レビューで改善点を1つだけ更新してください。

【実践セクション28】模試結果の見方を統一する
科目構成と配点では「模試分析」を先に固めると、分野別に失点を減らす学習配分の最適化の判断が安定します。
賃貸不動産経営管理士試験は3分野を横断して問われるため、単発暗記よりも接続理解が重要です。
実行段階では、点数と時間不足要因を分離して評価するを短い周期で回し、週次レビューで改善点を1つだけ更新してください。

【実践セクション29】直前期の学習範囲を絞る
科目構成と配点では「直前運用」を先に固めると、分野別に失点を減らす学習配分の最適化の判断が安定します。
賃貸不動産経営管理士試験は3分野を横断して問われるため、単発暗記よりも接続理解が重要です。
実行段階では、新規追加より既習復習を優先するを短い周期で回し、週次レビューで改善点を1つだけ更新してください。

【実践セクション30】当日持ち物と移動を確定する
科目構成と配点では「当日準備」を先に固めると、分野別に失点を減らす学習配分の最適化の判断が安定します。
賃貸不動産経営管理士試験は3分野を横断して問われるため、単発暗記よりも接続理解が重要です。
実行段階では、前日までに会場アクセスを確認するを短い周期で回し、週次レビューで改善点を1つだけ更新してください。

【実践セクション31】見直し手順を固定する
科目構成と配点では「見直し運用」を先に固めると、分野別に失点を減らす学習配分の最適化の判断が安定します。
賃貸不動産経営管理士試験は3分野を横断して問われるため、単発暗記よりも接続理解が重要です。
実行段階では、数値・主体・否定語の順で点検するを短い周期で回し、週次レビューで改善点を1つだけ更新してください。",本番に向けた調整,"【実践セクション32】試験後の記録項目を決める
科目構成と配点では「振り返り」を先に固めると、分野別に失点を減らす学習配分の最適化の判断が安定します。
賃貸不動産経営管理士試験は3分野を横断して問われるため、単発暗記よりも接続理解が重要です。
実行段階では、再受験も想定して誤答型を残すを短い周期で回し、週次レビューで改善点を1つだけ更新してください。

【実践セクション33】学習計画の崩れを復旧する
科目構成と配点では「復旧手順」を先に固めると、分野別に失点を減らす学習配分の最適化の判断が安定します。
賃貸不動産経営管理士試験は3分野を横断して問われるため、単発暗記よりも接続理解が重要です。
実行段階では、最低ラインへ戻して再起動するを短い周期で回し、週次レビューで改善点を1つだけ更新してください。

【実践セクション34】関連テーマへの接続を作る
科目構成と配点では「関連学習」を先に固めると、分野別に失点を減らす学習配分の最適化の判断が安定します。
賃貸不動産経営管理士試験は3分野を横断して問われるため、単発暗記よりも接続理解が重要です。
実行段階では、次に読む記事で知識を横展開するを短い周期で回し、週次レビューで改善点を1つだけ更新してください。

【実践セクション35】内部リンクを学習導線に使う
科目構成と配点では「導線設計」を先に固めると、分野別に失点を減らす学習配分の最適化の判断が安定します。
賃貸不動産経営管理士試験は3分野を横断して問われるため、単発暗記よりも接続理解が重要です。
実行段階では、記事→用語→演習の順で回遊するを短い周期で回し、週次レビューで改善点を1つだけ更新してください。

【実践セクション36】短時間復習の型を整える
科目構成と配点では「短時間復習」を先に固めると、分野別に失点を減らす学習配分の最適化の判断が安定します。
賃貸不動産経営管理士試験は3分野を横断して問われるため、単発暗記よりも接続理解が重要です。
実行段階では、5分で見直すチェック項目を固定するを短い周期で回し、週次レビューで改善点を1つだけ更新してください。

【実践セクション37】合格後の実務像を明確にする
科目構成と配点では「キャリア視点」を先に固めると、分野別に失点を減らす学習配分の最適化の判断が安定します。
賃貸不動産経営管理士試験は3分野を横断して問われるため、単発暗記よりも接続理解が重要です。
実行段階では、資格取得後の行動計画を言語化するを短い周期で回し、週次レビューで改善点を1つだけ更新してください。",3分野は均等に勉強すべきですか？,均等配分は出発点にはなりますが、維持する必要はありません。分野別演習と50問通しの正答数を2週間ごとに見て、最も正答率が低い分野に時間を寄せる方が得点が伸びやすいです。出題範囲の正本は要項です。改定年は目次を要項で上書き確認してください。,初学者はどの分野から始めるのがよいですか？,法令・制度で枠組みを作り、契約・実務で条文の使われ方を確認し、設備・税務で横断論点を足す流れが組みやすいです。順序は固定ではなく、演習で最弱が設備に偏る週は設備を先にしても構いません。週1回は3分野を横断する復習日を入れると、設問の言い換えに強くなります。,exam-format-overview:試験形式の概要;study-plan:学習計画の立て方;past-questions-how-to-use:過去問の効果的な使い方,配点の数字はどこで確認しますか？,試験センター要項の出題範囲・試験科目、および公式テキストの目次・科目表が正本です。ブログの「各16問」などの固定数字だけで計画を立てないでください。自分の対策では、通し演習の分野別正答数の方が配分判断に直結します。,,,3分野名を計画で統一;要項・目次が正本;正答率で弱点を決める;最弱に週+時間;通し後は分野別集計
cbt-computer-exam,出題・形式,賃貸不動産経営管理士試験のマークシート・解答形式の確認と演習,賃貸不動産経営管理士試験の解答形式を要項正本で整理。マークシート・四肢択一50問120分、45問免除の確認、本番と同条件の演習手順を令和8年度向けに解説します。,"「CBT」と聞いてパソコン試験を想像しがちですが、賃貸不動産経営管理士試験の学科試験は要項どおりマークシート式の四肢択一が中心です。令和8年度は50問・120分・3分野、試験日は2026年11月15日（日）13:00〜15:00、受験料12,000円（要項どおり）です。本記事では一般財団法人 賃貸不動産経営管理士試験センター要項を正本として、形式4項目、マークの練習、通し演習への反映を表で説明します。問題数・解答方式の変更は https://www.chintaikanrishi.jp/ の要項で必ず再確認してください。",19,出題範囲;試験形式,賃管マスター編集部,資格学習サイトの編集チーム,公式情報確認担当,公開前に一次情報との照合を行う担当者,2026-06-04,賃貸不動産経営管理士協議会（公式）|https://www.chintaikanrishi.jp/,手書きリライト 2026-06-04。自動prose差し替え 2026-06-04（要手書き）。出題・形式向けテンプレートから作成。公開前に本文・参照URL・関連リンクを差し替える。,本記事を読むと、本番の解答形式と持ち込み禁止が分かり、マークシート操作と50問120分の通し演習を同じ条件で練習する手順が具体的に分かります。,要項で問題数・試験時間・解答方式・持ち込み禁止をメモする;50問か45問（5問免除）かを申込前に確定する;HB鉛筆・消しゴムでマーク練習用紙を週1回使う;50問120分の通し演習を月1回以上・計測付きで実施する;直前期は形式確認1回と誤答解き直しに集中する,試験要項・公式ページ更新時に本文と参照元を見直す。,2026-06-04,2026-06-29,2026-06-04,published,2026-06-04: 編集合格（手書きリライト）,要項で確認する形式4項目,"解答形式の正本は試験センター令和8年度受験要項です。他資格のCBT体験だけで準備すると、持ち物や解答手順がずれやすくなります。

| 項目 | 令和8年度の公表例（要項で再確認） | 演習への反映 |
| --- | --- | --- |
| 試験時間 | 13:00〜15:00（120分） | 通しは120分計測 |
| 問題数 | 50問（5問免除は45問） | 通しの問数を合わせる |
| 解答方式 | マークシート・四肢択一（要項） | 鉛筆マークの練習 |
| 出題分野 | 3分野 | 分野別→通しの順 |

申込前と試験6週前の2回、要項PDFで4項目を上書き確認してください。",マークシートで起きやすいミス,"知識があっても、マークミス・消し残し・解答欄の取り違えで失点することがあります。

| ミスの型 | 予防 | 演習での確認 |
| --- | --- | --- |
| 行ずれ | 5問ごとに番号を声に出す | 通し後に未解答を数える |
| 二重マーク | 消しゴムで完全消去 | 練習用紙で消し癖を固定 |
| 迷いの長時間 | 2分超は印だけ付ける | 超過問番号を記録 |
| 見直し省略 | 最後5分を予約 | 通しで見直し時間を計測 |

試験当日の持ち物の記事と併用し、HB鉛筆・消しゴム・受験票・身分証を前日までに揃えてください。",本番と同条件の演習設計,"形式練習は、問題の難易度より「問数・時間・マーク操作」を先に合わせます。

| 時期 | 演習 | 記録 |
| --- | --- | --- |
| 残り16週以上 | 分野別10〜20問＋マーク練習 | 分野別正答率 |
| 残り8〜15週 | 週末20問＋月1回通し50問 | 未解答数 |
| 残り7週以内 | 通し月2回 | マークミス数 |
| 直前2週 | 解き直し | 再発誤答のみ |

模試が画面解答のみの場合は、本番2か月前までにマークシート条件へ切り替えてください。過去問の回し方は過去問の効果的な使い方の記事で整理できます。",45問受験（5問免除）の確認,"講習修了等により45問となる場合は、要項の該当章で問題数と合格基準を別途確認します。

| 確認 | 通常50問 | 45問受験 |
| --- | --- | --- |
| 問題数 | 50問 | 要項の記載 |
| 演習 | 50問通し | 45問通しに変更 |
| 時間 | 120分 | 要項どおり |
| 申込 | 区分の該当 | 証明書類の有無 |

演習を50問のまま続けると、本番のペース感がずれるため、申込確定後は通し演習の問数も要項に合わせてください。",形式理解と他記事の使い分け,"形式の数字（50問・120分・3分野）は試験形式の概要の記事で全体像を押さえ、本記事はマーク操作と通し演習への落とし込みが中心です。

| 記事 | 中心テーマ |
| --- | --- |
| 試験形式の概要 | 時間配分・分野の枠組み |
| 本記事 | マーク・通し演習の条件 |
| 持ち物 | 当日の持ち込み・禁止 |
| 過去問の使い方 | 誤答記録と復習 |

直前週は新しい模試を増やさず、要項で形式を1回確認したうえで、誤答上位の解き直しに時間を使ってください。",直前期と当日準備,"【実践セクション27】直前期の新規学習を絞る
試験形式とCBTでは「直前運用」を先に固定すると、学習判断がぶれにくくなります。
賃貸不動産経営管理士試験は3分野50問120分で構成されるため、知識学習と時間運用を同時に整えることが重要です。
とくに四肢択一50問・120分の本番形式で迷った場面では、試験センター公表情報と教材の記述差分を確認して判断してください。
実行段階では、未習追加より既習範囲の再現性を優先するを小さく回し、形式確認と演習設計を毎週更新する流れが有効です。

【実践セクション28】前日準備を手順化する
試験形式とCBTでは「前日準備」を先に固定すると、学習判断がぶれにくくなります。
賃貸不動産経営管理士試験は3分野50問120分で構成されるため、知識学習と時間運用を同時に整えることが重要です。
とくに四肢択一50問・120分の本番形式で迷った場面では、試験センター公表情報と教材の記述差分を確認して判断してください。
実行段階では、持ち物と移動経路を前日夜に確定するを小さく回し、形式確認と演習設計を毎週更新する流れが有効です。

【実践セクション29】当日朝の確認範囲を限定する
試験形式とCBTでは「当日調整」を先に固定すると、学習判断がぶれにくくなります。
賃貸不動産経営管理士試験は3分野50問120分で構成されるため、知識学習と時間運用を同時に整えることが重要です。
とくに四肢択一50問・120分の本番形式で迷った場面では、試験センター公表情報と教材の記述差分を確認して判断してください。
実行段階では、高頻度誤答テーマだけ短時間で見直すを小さく回し、形式確認と演習設計を毎週更新する流れが有効です。

【実践セクション30】試験中のリズムを守る
試験形式とCBTでは「本番運用」を先に固定すると、学習判断がぶれにくくなります。
賃貸不動産経営管理士試験は3分野50問120分で構成されるため、知識学習と時間運用を同時に整えることが重要です。
とくに四肢択一50問・120分の本番形式で迷った場面では、試験センター公表情報と教材の記述差分を確認して判断してください。
実行段階では、各設問で使う時間上限を意識して進めるを小さく回し、形式確認と演習設計を毎週更新する流れが有効です。

【実践セクション31】終了後の振り返りを残す
試験形式とCBTでは「振り返り」を先に固定すると、学習判断がぶれにくくなります。
賃貸不動産経営管理士試験は3分野50問120分で構成されるため、知識学習と時間運用を同時に整えることが重要です。
とくに四肢択一50問・120分の本番形式で迷った場面では、試験センター公表情報と教材の記述差分を確認して判断してください。
実行段階では、迷った設問の型を本番後に記録するを小さく回し、形式確認と演習設計を毎週更新する流れが有効です。",再受験を含む継続改善,"【実践セクション32】再受験時の立て直しを設計する
試験形式とCBTでは「再設計」を先に固定すると、学習判断がぶれにくくなります。
賃貸不動産経営管理士試験は3分野50問120分で構成されるため、知識学習と時間運用を同時に整えることが重要です。
とくに四肢択一50問・120分の本番形式で迷った場面では、試験センター公表情報と教材の記述差分を確認して判断してください。
実行段階では、前回失点分野の分析から再計画を作るを小さく回し、形式確認と演習設計を毎週更新する流れが有効です。

【実践セクション33】心理負荷の管理を行う
試験形式とCBTでは「心理調整」を先に固定すると、学習判断がぶれにくくなります。
賃貸不動産経営管理士試験は3分野50問120分で構成されるため、知識学習と時間運用を同時に整えることが重要です。
とくに四肢択一50問・120分の本番形式で迷った場面では、試験センター公表情報と教材の記述差分を確認して判断してください。
実行段階では、不安要因を学習前に書き出して対処順を決めるを小さく回し、形式確認と演習設計を毎週更新する流れが有効です。

【実践セクション34】計画崩れ時の復旧手順を持つ
試験形式とCBTでは「復旧計画」を先に固定すると、学習判断がぶれにくくなります。
賃貸不動産経営管理士試験は3分野50問120分で構成されるため、知識学習と時間運用を同時に整えることが重要です。
とくに四肢択一50問・120分の本番形式で迷った場面では、試験センター公表情報と教材の記述差分を確認して判断してください。
実行段階では、翌週で取り返す範囲を優先順で絞り込むを小さく回し、形式確認と演習設計を毎週更新する流れが有効です。

【実践セクション35】学習記録を一元管理する
試験形式とCBTでは「記録統一」を先に固定すると、学習判断がぶれにくくなります。
賃貸不動産経営管理士試験は3分野50問120分で構成されるため、知識学習と時間運用を同時に整えることが重要です。
とくに四肢択一50問・120分の本番形式で迷った場面では、試験センター公表情報と教材の記述差分を確認して判断してください。
実行段階では、紙かアプリのどちらか一方に記録を集約するを小さく回し、形式確認と演習設計を毎週更新する流れが有効です。

【実践セクション36】合格までの到達基準を明文化する
試験形式とCBTでは「到達定義」を先に固定すると、学習判断がぶれにくくなります。
賃貸不動産経営管理士試験は3分野50問120分で構成されるため、知識学習と時間運用を同時に整えることが重要です。
とくに四肢択一50問・120分の本番形式で迷った場面では、試験センター公表情報と教材の記述差分を確認して判断してください。
実行段階では、分野別目標点と所要時間を明確に置くを小さく回し、形式確認と演習設計を毎週更新する流れが有効です。",賃貸不動産経営管理士試験はCBT（パソコン）ですか？,令和8年度要項では、学科試験はマークシート式の四肢択一・50問・120分・3分野と公表されています。他資格のCBT対策記事の手順をそのまま当てはめず、要項の「試験方法」「解答方法」を開いて確認してください。演習もマークシート（または同等のマーク練習）で行うと、本番の操作ミスを減らせます。,マークシートの練習はいつから始めればよいですか？,知識演習と並行して、残り12週前から週1回のマーク練習を入れることを推奨します。それ以前は分野別でも構いませんが、試験8週前からは50問120分の通しを月2回、必ず鉛筆マークで計測してください。直前2週は新規問題より解き直しとマーク確認に寄せてください。,exam-format-overview:試験形式の概要;exam-day-items:試験当日の持ち物;past-questions-how-to-use:過去問の効果的な使い方,画面の模試だけでも形式対策になりますか？,知識と時間感覚の訓練には有効ですが、マーク操作の練習にはなりません。本番2か月前までに、50問（または45問）・120分・マークシート条件の通し演習へ切り替えてください。試験形式の概要の記事で時間配分の目安を確認し、通し後は未解答数とマークミスを記録すると改善が速くなります。,,,要項が正本;学科はマークシート中心;50問120分で通し練習;マークミスを記録;45問は別枠で確認
time-limit-strategy,出題・形式,賃貸不動産経営管理士試験の時間配分の戦略（50問120分）,賃貸不動産経営管理士試験の時間配分を要項正本で整理。50問120分・3分野の解答順、見切り基準、通し演習の記録法を令和8年度11月15日試験向けに解説します。,時間配分は、暗記量より先に「何分で何問まで」を数値で固定する作業です。賃貸不動産経営管理士試験は50問・120分・3分野、令和8年度は2026年11月15日（日）13:00〜15:00です。本記事では一般財団法人 賃貸不動産経営管理士試験センター要項を正本として、平均時間の目安、中間チェックポイント、分野別の遅れやすい設問、通し演習の記録表を説明します。試験時間の変更は https://www.chintaikanrishi.jp/ の要項で必ず再確認してください。,19,出題範囲;試験形式,賃管マスター編集部,資格学習サイトの編集チーム,公式情報確認担当,公開前に一次情報との照合を行う担当者,2026-06-04,賃貸不動産経営管理士協議会（公式）|https://www.chintaikanrishi.jp/,手書きリライト 2026-06-04。自動prose差し替え 2026-06-04（要手書き）。出題・形式向けテンプレートから作成。公開前に本文・参照URL・関連リンクを差し替える。,本記事を読むと、時間切れの原因を分野別に特定でき、50問120分で最後まで解答し、見直し時間まで確保する配分と練習方法が分かります。,週1回50問120分の通し演習で分野別所要時間を記録する;開始30分と60分時点の到達目標問数を決める;2分を超えた問には印だけ付けて後回しにする;見直し5分を最後に確保する習慣を通しで固定する;直前1か月は13:00開始に近い時間帯で通し演習する,試験要項・公式ページ更新時に本文と参照元を見直す。,2026-06-04,2026-06-29,2026-06-04,published,2026-06-04: 編集合格（手書きリライト）,120分と50問の基本配分,"120分÷50問は平均2分24秒です。読む時間を含めると「2分で決め、難問は後回し」が現実的です。

| フェーズ | 時間の目安 | 内容 |
| --- | --- | --- |
| 前半25問 | 約60分 | 得意分野から着手 |
| 後半25問 | 約55分 | 長文・設備を含む |
| 見直し | 5分 | 未解答・マークミス |
| 2分超の迷い | 要記録 | 争点3語メモ |

試験形式の概要の記事で形式4項目を先に固定し、本記事の表で通し演習の記録欄を作ってください。",中間チェックポイント（30分・60分）,"通し演習では、中間地点で「何問終わっているか」を必ず見ます。

| 経過時間 | 目標問数（目安） | 遅れ時の対応 |
| --- | --- | --- |
| 30分 | 12〜15問 | 長文は印だけ付けて先へ |
| 60分 | 25問前後 | 後半は短問を優先 |
| 90分 | 40問前後 | 見切り基準を厳しくする |
| 115分 | 見直し開始 | 未解答・マーク優先 |

遅れが続く分野は科目構成と配点の記事で週次時間を増やし、翌週の通しで同じチェックポイントを再計測してください。",3分野ごとの遅れやすい設問,"時間超過の原因は分野で傾向が異なります。

| 分野 | 遅れやすい型 | 対策 |
| --- | --- | --- |
| 法令・制度 | 条文の当てはめ | 争点3語メモ＋短時間反復 |
| 契約・実務 | 長文・当事者整理 | 演習前に関係図を1行 |
| 設備・税務 | 数値・単位 | 早見表＋条件確認 |

通しのあと「2分超の問番号」を分野タグ付きで記録し、翌週の火曜・木曜にその分野の読み方練習を10問入れると改善が速いです。",見切り・保留のルール,"保留は「わからない」ではなく「2分を超えた」と決めた問だけに限定すると迷いが減ります。

| 状況 | 行動 |
| --- | --- |
| 2分以内で二択 | 先にマークして次へ |
| 2分超・長文 | 印を付けて後回し |
| 後半に戻る時間 | 15〜20分を確保 |
| 最後5分 | 未解答→マーク確認 |

見直し20分を前提にすると前半が削られやすいため、まずは見直し5分を確保する運用で通しを月2回回し、慣れてから中間チェックの精度を上げてください。",通し演習の記録テンプレ,"毎回同じ項目を書くと、配分修正が一度で済みます。

| 記録項目 | 使い道 |
| --- | --- |
| 30分時点の問数 | 前半ペース |
| 未解答数 | 見切り基準の調整 |
| 2分超の問番号 | 分野別弱点 |
| 法令/契約/設備の所要時間 | 週次配分 |

過去問の効果的な使い方の記事の誤答記録と併用すると、時間と知識の両方を同じノートで管理できます。直前期は記録項目を減らし、解答順と見直し5分だけ固定してください。",,,,,見直しに何分取ればよいですか？,まず5分を確保する運用から始めることを推奨します。見直しに長時間を取りすぎると前半の解答数が不足し、未解答が増えやすくなります。通し演習で未解答数とマークミス数を記録し、未解答が多い週は見切りを早める、マークミスが多い週は見直し手順を固定するよう調整してください。,時間配分の記事と試験形式の記事の違いは？,試験形式の概要は50問・120分・解答方式など本番の枠組みが中心です。本記事は120分の使い方・中間チェック・見切りルールが中心です。先に形式4項目を要項でメモし、次に本記事の表で通し演習の記録を始める順がおすすめです。,exam-format-overview:試験形式の概要;subject-breakdown:科目構成と配点;past-questions-how-to-use:過去問の効果的な使い方,独学で時間配分を鍛えるには？,週末に50問120分の通しを1回、平日は分野別10問で「2分超」を減らす二層運用が続けやすいです。計測なしの演習は本番再現にならないため、必ず120分で止めて記録表を更新してください。直前1か月は可能なら13:00に近い時間帯で通しを行うと、当日のペース感が安定しやすくなります。,,,平均2分24秒が目安;30・60分で中間確認;2分超は保留;見直し5分を確保;通し後は分野別時間
exam-scope-overview,出題・形式,賃貸不動産経営管理士試験の出題範囲の概要（3分野の全体像）,賃貸不動産経営管理士試験の出題範囲を要項・テキスト目次で総整理。法令・契約・設備の3分野、50問120分での学習優先順位、過去問への接続を令和8年度向けに解説します。,出題範囲は「全部覚える」より、要項とテキスト目次で3分野の役割を地図にする作業です。賃貸不動産経営管理士試験は50問・120分・3分野、令和8年度は2026年11月15日（日）13:00〜15:00です。本記事では一般財団法人 賃貸不動産経営管理士試験センター要項および公式テキスト構成を正本として、分野の整理、週次の最低接触、通し演習での記録の仕方を表で説明します。範囲の改定は https://www.chintaikanrishi.jp/ の要項で必ず再確認してください。,19,出題範囲;試験形式,賃管マスター編集部,資格学習サイトの編集チーム,公式情報確認担当,公開前に一次情報との照合を行う担当者,2026-06-04,賃貸不動産経営管理士協議会（公式）|https://www.chintaikanrishi.jp/,手書きリライト 2026-06-04。自動prose差し替え 2026-06-04（要手書き）。出題・形式向けテンプレートから作成。公開前に本文・参照URL・関連リンクを差し替える。,本記事を読むと、出題範囲の広さを3分野に分解して把握でき、公式要項の確認から週次演習まで一貫した順序で計画を組み立てられます。,要項の出題範囲章とテキスト目次を1枚に統合する;3分野ごとに演習20問で正答率を記録する;週次で3分野すべてに最低1回ずつ触れる枠を固定する;月2回50問120分の通し演習で時間配分を記録する;誤答に分野タグを付け翌週計画へ反映する,試験要項・公式ページ更新時に本文と参照元を見直す。,2026-06-04,2026-06-29,2026-06-04,published,2026-06-04: 編集合格（手書きリライト）,要項で押さえる出題範囲の正本,"出題範囲の正本は試験センター要項の「出題範囲」「試験科目」です。非公式まとめの章立てだけで計画を立てると、改定年に手戻りが増えます。

| 確認先 | 内容 | メモの書き方 |
| --- | --- | --- |
| 要項 | 出題範囲・科目 | 年度ラベル付き |
| 公式テキスト | 目次・章番号 | 要項と突合 |
| 協議会サイト | お知らせ・改定 | URL・日付 |
| 自分の演習 | 分野別正答数 | 週次更新 |

試験要項・シラバスの読み方の記事で読み取り順を固定し、本記事の表で3分野の学習地図を作ってください。",3分野の役割（計画用の統一名）,"分野名は教材で表記が揺れます。計画では次の3つに統一すると表が作りやすいです。

| 計画上の分野 | 含まれる論点の例 | 演習の置き方 |
| --- | --- | --- |
| 法令・制度 | 賃貸住宅管理業法・登録・監督 | 短時間反復＋一問一答 |
| 契約・実務 | 契約条項・重説・原状回復 | 長文＋争点メモ |
| 設備・税務・その他 | 設備管理・税務・横断 | 早見表＋条件付き演習 |

3分野は独立ではなく、同一事案を別角度から問うことがあります。週1回は横断の復習日を入れると、言い換え設問に強くなります。",範囲の広さと学習優先順位,"優先順位は好き嫌いではなく、誤答データで決めます。

| 信号 | 取る行動 |
| --- | --- |
| 1分野だけ低得点 | その分野に週+3時間 |
| 3分野とも中程度 | 通し比重を上げる |
| 再発誤答40％超 | 7日後解き直しを固定 |
| 範囲未確認 | 要項を先に開く |

出題範囲の改定履歴の記事で年度差分を確認し、改定章は演習時間を一時的に増やしてください。",週次の最低接触（偏り防止）,"広い範囲では、3分野すべてに毎週触れる最低枠を先に確保します。

| 分野 | 週の最低 | 内容例 |
| --- | --- | --- |
| 法令・制度 | 2回×30分 | 用語＋演習10問 |
| 契約・実務 | 1回×60分 | 長文5問 |
| 設備・税務 | 1回×45分 | 数値確認＋演習10問 |

最弱分野が決まった週は最弱に+2時間、得意分野から1時間借りる配分にしてください。試験概要・出題分野の記事で全体導線を確認すると計画がぶれにくくなります。",過去問・通し演習への接続,"範囲理解を得点へつなぐには、演習と直結させます。

| ステップ | 作業 |
| --- | --- |
| 1 | 要項で範囲項目をリスト化 |
| 2 | 関連する過去問にタグ付け |
| 3 | 50問120分通しで検証 |
| 4 | 誤答を範囲項目へ戻す |

正誤だけでなく「なぜ他肢が誤りか」まで説明できる状態を目標にしてください。直前1か月は新規範囲を広げず、再発誤答上位と要項で確認した改定章に絞ります。",時間配分を前提に学ぶ,賃管 examは50問120分で解くため、出題範囲学習でも時間制約を最初から意識することが重要です。知識学習だけを長期間続けると、解答順序や見切り判断の訓練が遅れ、本番で取りこぼしが増えます。週次の演習に時間計測を組み込み、迷い時間が長い論点を可視化してください。範囲学習と時間配分訓練を同時に進めることで、得点の再現性が高まります。加えて、直近の演習結果を踏まえて翌週の学習配分を更新し続けると、理解だけでなく本番で使える判断力まで一緒に伸ばしやすくなります。,運用を継続するポイント,出題範囲対策は、完璧な計画を作ることより、計画を毎週修正し続ける運用力が重要です。週末に実績を確認し、分野別正答率と再発誤答をもとに翌週の重点を更新してください。また、公式情報の更新確認を月1回固定すると、学習前提のズレを早期に防げます。継続しやすい仕組みを先に作ることが、広い出題範囲を攻略する最短ルートです。加えて、直近の演習結果を踏まえて翌週の学習配分を更新し続けると、理解だけでなく本番で使える判断力まで一緒に伸ばしやすくなります。,出題範囲は毎年大きく変わりますか？,3分野の大枠は継続していても、表現・注意事項・周辺制度の扱いが更新されることがあります。前年のメモをそのまま使わず、当年度要項で出題範囲を上書き確認してください。改定が疑われる年は出題範囲の改定履歴の記事で差分を先に整理すると、演習の手戻りが減ります。,初学者はどの分野から始めるべきですか？,法令・制度で枠組みを作り、契約・実務で条文の使われ方を確認し、設備・税務で横断論点を足す流れが組みやすいです。順序は固定ではなく、演習で最弱が設備に偏る週は設備を先にしても構いません。重要なのは週次で3分野すべてに最低1回触れることです。,syllabus-how-to-read:試験要項・シラバスの読み方;scope-revision-history:出題範囲の改定履歴;exam-overview:試験概要・出題分野,範囲が広くて終わりません。,全論点を一度で暗記しようとすると復習が止まりやすくなります。要項と目次で頻出テーマを中心に「理解→演習→7日後解き直し」を短周期で回し、再発誤答を減らす設計を優先してください。50問通しの分野別正答数が、次に広げる範囲の判断材料になります。,過去問中心でも範囲対策になりますか？,過去問中心の学習は有効ですが、公式要項で範囲確認をしたうえで使うことが前提です。解いた後に根拠条文や用語定義へ戻り、なぜ他の選択肢が誤りかまで説明できる状態へ高めると効果が出ます。問題数だけを追わず、復習品質を管理することが重要です。,要項・目次が正本;3分野名を計画で統一;週次で全分野に接触;誤答で優先順位;通しで範囲を検証
syllabus-how-to-read,出題・形式,賃貸不動産経営管理士試験の試験要項・シラバスの読み方,賃貸不動産経営管理士試験の要項・シラバスの読み方を要項正本で整理。出題範囲・日程・注意事項の確認順、前年度との差分、学習計画への落とし込みを解説します。,"要項とシラバスは「読んだ」で終わらせず、カレンダーと週次演習表に変換する資料です。賃貸不動産経営管理士試験は50問・120分・3分野、令和8年度は2026年11月15日（日）13:00〜15:00、受験料12,000円です。本記事では一般財団法人 賃貸不動産経営管理士試験センター要項を正本として、文書の役割分担、読む順番、差分の取り方、3分野への転記手順を表で説明します。公開日・更新日は https://www.chintaikanrishi.jp/ で必ず確認してください。",19,出題範囲;試験形式,賃管マスター編集部,資格学習サイトの編集チーム,公式情報確認担当,公開前に一次情報との照合を行う担当者,2026-06-04,賃貸不動産経営管理士協議会（公式）|https://www.chintaikanrishi.jp/,手書きリライト 2026-06-04。自動prose差し替え 2026-06-04（要手書き）。出題・形式向けテンプレートから作成。公開前に本文・参照URL・関連リンクを差し替える。,本記事を読むと、試験要項とテキスト目次を混同せずに読み分け、出題範囲・日程・注意事項を学習計画と受験手続きの両方に反映できるようになります。,当年度要項の公開日・更新日を学習ノートに記録する;要項から試験日・申込締切・出題範囲を1枚に転記する;前年度要項と見比べ差分に印を付ける;3分野の記載箇所を週次計画表へ写す;注意事項を受験実務チェックリストへ反映する,試験要項・公式ページ更新時に本文と参照元を見直す。,2026-06-04,2026-06-29,2026-06-04,published,2026-06-04: 編集合格（手書きリライト）,要項とテキスト目次の役割,"手続きと学習内容で参照する章が異なります。

| 資料 | 主な用途 | 典型の章 |
| --- | --- | --- |
| 受験要項 | 日程・申込・受験上の注意 | 試験日程・申込方法 |
| 要項 | 出題範囲・試験方法 | 出題範囲・試験科目 |
| 公式テキスト | 学習の章立て | 目次・各章 |
| 受験票 | 会場・開始時刻 | 個人ごとの確定情報 |

日程・申込の確認手順の記事で手続き一覧を先に固定し、本記事では出題範囲と学習への落とし込みを中心に読んでください。",最初に読む順番（実務向け）,"毎年同じ順で読むと、確認時間を短縮できます。

| 順 | 要項の章 | 転記先 |
| --- | --- | --- |
| 1 | 試験日程・試験方法 | カレンダー |
| 2 | 出題範囲・試験科目 | 3分野メモ |
| 3 | 受験資格・申込 | 手続きチェック |
| 4 | 注意事項・持ち込み | 当日リスト |
| 5 | 合格発表 | 試験後の予定 |

令和8年度の試験日は2026年11月15日（日）13:00〜15:00、WEB申込は9月30日23:59、郵送は9月24日消印が目安です（要項で再確認）。",前年度との差分の見つけ方,"差分は全文読みの前に、見出し・注記・注意事項から始めると効率的です。

| 分類 | 例 | 学習への影響 |
| --- | --- | --- |
| 語句追加 | 新しい制度名 | 用語＋演習 |
| 表現変更 | 注意書きの強調 | 争点メモ更新 |
| 範囲の明示 | 章の追加・削除 | 目次の書き換え |
| 手続き | 申込方法 | カレンダー修正 |

出題範囲の改定履歴の記事で影響度を高中低に分類し、高の項目は翌週の演習に必ず入れてください。",3分野へ転記するテンプレ,"要項の記載を、そのまま週次計画に写せる形にします。

| 分野 | 要項・目次から抜く項目 | 週次の最低枠 |
| --- | --- | --- |
| 法令・制度 | 法・登録・監督 | 2回 |
| 契約・実務 | 契約・重説・原状 | 1回（長め） |
| 設備・税務 | 設備・税・その他 | 1回 |

出題範囲の概要の記事の地図と番号を揃えると、後から計画を修正するときの手戻りが減ります。",読み終えたら必ずやる3つの反映,"閲覧で終わらせないためのチェックリストです。

| # | 反映 | 完了 |
| --- | --- | --- |
| 1 | 試験日・締切をカレンダー登録 | □ |
| 2 | 3分野の週次枠を学習計画に記入 | □ |
| 3 | 注意事項を当日リストへ追記 | □ |

学習計画の立て方の週次テンプレと数字を揃えると、要項確認のたびに全体計画を作り直す必要がなくなります。月1回、要項の更新日と協議会お知らせを再確認する習慣を付けてください。",誤読を防ぐチェック法,誤読を防ぐには、曖昧語をそのまま受け取らず、具体的な行動へ翻訳する習慣が有効です。例えば「確認する」「留意する」と書かれた項目は、いつ、何を、どこまで確認するかを自分の言葉で再定義します。さらに、要項の記載を第三者記事と比較せず、一次情報へ戻る運用を徹底してください。この確認プロセスを持つだけで、試験準備の判断ミスを大幅に減らせます。加えて、直近の演習結果を踏まえて翌週の学習配分を更新し続けると、理解だけでなく本番で使える判断力まで一緒に伸ばしやすくなります。,月次の見直し運用,要項・シラバス確認は一度で終わらせず、月次の見直しタスクとして固定することが重要です。特に学習期間が長い場合、制度情報や周辺資料の更新に気づかないまま進むリスクがあります。月1回、公式サイトの更新日と要項注記を確認し、学習計画の前提にズレがないか点検してください。確認と修正を定例化すると、試験直前の混乱を防ぎやすくなります。加えて、直近の演習結果を踏まえて翌週の学習配分を更新し続けると、理解だけでなく本番で使える判断力まで一緒に伸ばしやすくなります。,シラバスと要項はどちらを先に読みますか？,要項を先に読み、試験日・申込・出題範囲・注意事項を固定してから、テキスト目次で学習章を割り当てる順が手戻りが少ないです。テキストだけ先に読むと、申込締切や受験上の注意の確認が遅れ、準備漏れにつながることがあります。日程は日程・申込の確認手順の記事でも一覧できます。,更新箇所が多くて追い切れません。,全行を同じ重みで見ないでください。出題範囲・注意事項・関連制度名の3点に絞り、差分メモを1枚にまとめます。高影響の項目だけ翌週演習へ入れ、中以下は月次レビューで十分なことが多いです。確認日とURLをノートに残すと、後から「いつ時点の要項か」が分かります。,exam-scope-overview:出題範囲の概要;schedule-application:日程・申込の確認手順;study-plan:学習計画の立て方,要項を読んでも学習手順が決まりません。,読み取り後に、3分野の週次タスクへ変換する工程が不足している可能性があります。要項の出題範囲を法令・契約・設備の3列に分解し、学習計画の立て方の記事の週次枠へ具体的な演習日を書き込んでください。文章理解を行動計画に変えるだけで、迷いは大きく減らせます。,要項を読んでも学習手順が決まりません。,資料の読み取り後に、分野別タスクへ変換する工程が不足している可能性があります。要項・シラバスの内容を、法令、契約実務、設備税務の3つに分解し、週次の演習枠へ置き換えてください。文章理解を行動計画へ変えるだけで、学習の迷いは大幅に減らせます。,要項が手続きの正本;読む順番を固定;差分は見出しから;3分野へ転記;反映まで完了させる
scope-revision-history,出題・形式,賃貸不動産経営管理士試験の出題範囲の改定履歴の読み方,賃貸不動産経営管理士試験の出題範囲改定を要項正本で整理。前年度との差分、3分野への影響、学習配分の更新手順を令和8年度向けに解説します。,改定履歴は年表として眺めるのではなく、今週の演習配分を直すための材料です。賃貸不動産経営管理士試験は50問・120分・3分野、令和8年度は2026年11月15日（日）13:00〜15:00です。本記事では一般財団法人 賃貸不動産経営管理士試験センター要項を正本として、差分の取り方、影響度の評価、過去問との照合、週次計画の更新を表で説明します。当年度と前年度の要項は https://www.chintaikanrishi.jp/ から必ずダウンロードして比較してください。,19,出題範囲;試験形式,賃管マスター編集部,資格学習サイトの編集チーム,公式情報確認担当,公開前に一次情報との照合を行う担当者,2026-06-04,賃貸不動産経営管理士協議会（公式）|https://www.chintaikanrishi.jp/,手書きリライト 2026-06-04。自動prose差し替え 2026-06-04（要手書き）。出題・形式向けテンプレートから作成。公開前に本文・参照URL・関連リンクを差し替える。,本記事を読むと、改定情報を学習計画へ反映する手順が分かり、古い前提のまま演習を続けるリスクを減らせます。,当年度と前年度の要項PDFを並べて差分をメモする;改定点を3分野別に分類し影響度を高中低で付ける;影響高の論点は週次演習に必ず1回入れる;関連する過去問で出題形式を確認する;月1回要項の更新日を再確認する,試験要項・公式ページ更新時に本文と参照元を見直す。,2026-06-04,2026-06-29,2026-06-04,published,2026-06-04: 編集合格（手書きリライト）,改定確認の目的（得点効率）,"改定確認の目的は、知識の収集ではなく学習優先順位の更新です。

| 目的 | やること | やらないこと |
| --- | --- | --- |
| 得点効率 | 影響高の章へ時間追加 | 全年度の暗記 |
| 再発防止 | 改定語句の解き直し | 旧要項だけで演習 |
| 手戻り削減 | 要項URL・年度ラベル | SNSまとめのみ |

試験要項・シラバスの読み方で読み取り順を固定し、本記事では差分を演習表へ戻す手順を中心に説明します。",確認すべき情報源,"改定の正本は試験センター要項と協議会の公表資料です。

| 情報源 | 確認内容 | 記録 |
| --- | --- | --- |
| 当年度要項 | 出題範囲・注意 | ファイル名・日付 |
| 前年度要項 | 差分比較 | 変更行のメモ |
| 公式テキスト | 目次改訂 | 章番号 |
| 関連法令 | 施行日 | リンク |

公式情報の確認先の記事で入口を整理し、非公式まとめは要項と突合したうえでのみ参考にしてください。",差分の4分類と影響度,"差分メモは次の4分類にすると、演習へ戻しやすくなります。

| 分類 | 例 | 影響度の目安 |
| --- | --- | --- |
| 語句追加 | 新制度名 | 高 |
| 削除 | 範囲から外れた章 | 中（旧問注意） |
| 表現変更 | 注意書き | 中〜高 |
| 手続き | 申込・受験料 | 手続き欄へ |

高は翌週必ず演習、中は月次レビュー、低は通し演習で再確認、とルールを先に決めておくと判断が速くなります。",3分野への振り分け,"改定点を分野別に並べると、時間の再配分が具体化します。

| 分野 | 改定時の中心作業 |
| --- | --- |
| 法令・制度 | 根拠条文・登録制度の再確認 |
| 契約・実務 | 事例・条項の読み方更新 |
| 設備・税務 | 数値・手順の早見表修正 |

出題範囲の概要の週次最低枠を維持しつつ、影響高の分野に週+2〜3時間を上乗せしてください。全体計画を破棄せず部分修正する方が、復習資産を活かせます。",過去問・通し演習での検証,"改定反映は通し演習で確認します。

| タイミング | 作業 |
| --- | --- |
| 改定確認直後 | 関連過去問を5〜10問 |
| 7日後 | 改定語句の解き直し |
| 月2回 | 50問120分通し |
| 直前2週 | 改定＋再発誤答のみ |

旧知識のまま消去法すると二択で崩れやすいため、改定箇所は「なぜ他肢が誤りか」まで言語化してから卒業させてください。",学習配分の更新方法,学習配分の更新は、改定情報を見た当日に小さく実施することが大切です。次回レビューまで放置すると、旧配分のまま演習が進み、修正コストが増えます。週次計画では、改定影響の高い分野に追加枠を設ける一方、他分野の最低接触は維持してください。広い出題範囲を扱う賃管試験では、全体バランスを保った修正が得点安定につながります。加えて、直近の演習結果を踏まえて翌週の学習配分を更新し続けると、理解だけでなく本番で使える判断力まで一緒に伸ばしやすくなります。,改定対応の継続運用,改定対応を継続するには、確認作業を臨時対応で終わらせず定例化することが重要です。月1回の公式情報点検、隔週の改定論点解き直し、月末の配分見直しをセットで運用してください。この仕組みがあると、改定情報に振り回されず、必要な修正だけを素早く反映できます。継続運用こそが、改定履歴を得点へ変える最大のポイントです。加えて、直近の演習結果を踏まえて翌週の学習配分を更新し続けると、理解だけでなく本番で使える判断力まで一緒に伸ばしやすくなります。,改定履歴はどこまで追えば十分ですか？,学習期間中は当年度要項と前年度要項の差分を把握していれば十分なことが多いです。古い年度を細部まで暗記する必要はなく、現行ルールに影響する変更を演習判断へ反映できる状態が目標です。要項のファイル名に年度を入れ、古いPDFを誤って開かないようにしてください。,改定が多い年は計画を全部作り直しますか？,全部の作り直しより、影響度「高」の論点から部分修正する方が効率的です。3分野の最低接触枠は維持し、改定影響の大きい範囲に時間を再配分してください。出題範囲の概要の地図と週次枠を残したまま、章単位で差し替えるイメージが扱いやすいです。,syllabus-how-to-read:試験要項・シラバスの読み方;exam-scope-overview:出題範囲の概要;official-info-sources:公式情報の確認先,独学で改定対応を続けるコツは？,月1回の要項更新確認、隔週の改定論点解き直し、月末の配分見直しをカレンダーに固定してください。差分メモは1枚に抑え、高影響だけ翌週演習へ入れるルールにすると負担が増えません。試験要項・シラバスの読み方の手順とセットで運用すると続けやすくなります。,改定論点はどの頻度で復習すべきですか？,最低でも当日、数日後、1週間後の三段階で確認するのが効果的です。改定直後は理解したつもりでも、選択肢比較で旧知識に戻ることがあるため、短周期での再演習が欠かせません。月次の通し演習でも改定関連の誤答を抽出し、重点復習へつなげてください。,改定は配分を直すため;要項2年度を比較;影響度で優先;3分野に振り分け;通しで検証
weight-by-topic,出題・形式,賃貸不動産経営管理士試験の分野別配点と学習優先順位,賃貸不動産経営管理士試験の分野別ウェイトと学習優先順位を要項・演習データで整理。3分野の時間配分、50問120分での取りこぼし防止、弱点補強の週次見直しを令和8年度向けに解説します。,分野別配点は「出題数が多い分野へ全振り」ではなく、要項・テキスト目次と自分の誤答記録で週次の学習時間を配分するための目安です。賃貸不動産経営管理士試験は50問・120分・3分野、令和8年度は2026年11月15日（日）13:00〜15:00です。本記事では一般財団法人 賃貸不動産経営管理士試験センター要項および公式テキスト構成を正本として、配点の読み方、3分野の優先順位、通し演習での記録と直前の絞り込みを表で説明します。出題範囲の改定は https://www.chintaikanrishi.jp/ の要項で必ず上書き確認してください。,19,出題範囲;試験形式,賃管マスター編集部,資格学習サイトの編集チーム,公式情報確認担当,公開前に一次情報との照合を行う担当者,2026-06-04,賃貸不動産経営管理士協議会（公式）|https://www.chintaikanrishi.jp/,手書きリライト 2026-06-04。自動prose差し替え 2026-06-04（要手書き）。出題・形式向けテンプレートから作成。公開前に本文・参照URL・関連リンクを差し替える。,本記事を読むと、分野別配点イメージを学習時間へ置き換える手順が分かり、得意分野に偏りすぎずに総合点を底上げする計画を作れるようになります。,要項とテキスト目次で3分野の章立てを1枚に統合する;直近演習の分野別正答率を集計し最弱分野を1つ選ぶ;得点源分野と失点分野を分けて復習メニューを作る;50問120分の通し演習を月2回で配分を検証する;週次レビューで学習時間の比率を微調整する,試験要項・公式ページ更新時に本文と参照元を見直す。,2026-06-04,2026-06-29,2026-06-04,published,2026-06-04: 編集合格（手書きリライト）,配点情報の正本と読み方,"分野別の出題イメージは、試験センター要項の出題範囲・試験科目、および公式テキストの目次・科目表が正本です。ブログの「均等16問」など固定数字だけで週を割らないでください。

| 情報源 | 用途 | 避ける使い方 |
| --- | --- | --- |
| 要項の科目表 | 分野名・出題の考え方 | 体験談の割合のみ |
| テキスト目次 | 章の網羅 | 要項未確認の範囲外 |
| 自分の正答率 | 週次の弱点特定 | 他人の平均だけ |
| 通し得点 | 分野別正答数 | 単年の合格率 |
| 時間超過 | 解答順の見直し | 知識不足と混同 |

配点は時間配分の目安として使い、3分野すべてに最低の接触枠を残す設計が安定しやすいです。",3分野の優先順位を決める手順,"計画上の分野名は次の3つに統一すると表が作りやすくなります（要項・教材で表記ゆれあり）。

| 計画上の分野 | 配分判断の材料 | 週次の記録 |
| --- | --- | --- |
| 法令・制度 | 用語・登録・監督 | 正答数／出題数 |
| 契約・実務 | 当事者・条項・重説 | 主体ミス件数 |
| 設備・税務・その他 | 数値・横断 | 単位ミス件数 |

優先順位は「正答率が最も低い分野に週+2〜3時間」を基本に、得意分野から1時間借りる二段階配分にしてください。科目構成と配点の記事と数字を揃えると修正が一度で済みます。",週次時間の配分例（10時間）,"週10時間の例です。可処分時間に合わせて総量は調整してください。

| 分野 | 時間 | 内容 |
| --- | --- | --- |
| 法令・制度 | 3.5時間 | 用語＋演習15問 |
| 契約・実務 | 3.5時間 | 長文10問＋争点メモ |
| 設備・税務 | 2時間 | 数値早見＋演習10問 |
| 横断 | 1時間 | 誤答解き直し |

最弱分野が決まった週は、最弱に+2時間、得意分野から1時間借りる配分に切り替えます。学習計画の立て方の週次枠と表を共通化すると、忙しい週の調整が楽になります。",50問通しでの分野別記録,"50問120分のあと、分野別に正答数を必ず集計します。

| 記録 | 使い道 |
| --- | --- |
| 法令○/契約○/設備○ | 翌週の+時間先 |
| 2分超の問番号 | 読み方練習 |
| 再発誤答 | 7日後解き直し日 |
| 未解答 | 見切り基準の調整 |

誤答を知識不足・読解・時間に分類すると、配分がぶれにくくなります。過去問の効果的な使い方の記事と記録形式を揃えると、範囲との照合もしやすくなります。",直前期の配分の絞り方,"直前1か月は、3分野から「再発誤答上位」だけを残します。

| 分野 | 直前の中心 | やめること |
| --- | --- | --- |
| 法令・制度 | 登録・監督の再発語 | 初見の広い章 |
| 契約・実務 | 当事者ミスした長文 | 新しい事例集 |
| 設備・税務 | 単位ミスした数値 | 別冊の追加 |

試験形式の数字（50問・120分）は試験形式の概要で再確認し、通しは月2回・解き直し中心に切り替えてください。",週次レビューの観点,週次レビューでは、分野別正答率だけでなく、再発誤答数と平均解答時間を確認することが重要です。数字が1つだけだと、改善の実態を誤認しやすくなります。レビュー項目を固定し、毎週同じ形式で記録すると、配分修正の判断が速くなります。また、改善が見られた分野は時間を少し戻し、停滞分野へ再配分する運用を徹底すると、総学習時間を増やさずに効率を高められます。加えて、直近の演習結果を踏まえて翌週の学習配分を更新し続けると、理解だけでなく本番で使える判断力まで一緒に伸ばしやすくなります。,配分見直しの判断基準,配分見直しの判断基準は、事前に数値で決めておくと迷いません。例えば2週連続で同一分野の正答率が停滞した場合は追加学習枠を入れる、再発誤答が減ったら維持枠へ戻す、といったルール化が有効です。感覚で配分を変えると学習が不安定になるため、基準に沿って機械的に調整してください。この運用が、分野別ウェイト対策の再現性を高めます。加えて、直近の演習結果を踏まえて翌週の学習配分を更新し続けると、理解だけでなく本番で使える判断力まで一緒に伸ばしやすくなります。,分野別配点は固定ですか？,年度ごとの出題傾向で体感比率が変わることはあるため、固定値として扱い過ぎない方が安全です。重要なのは、直近演習での自分の得点構造を把握し、3分野の配分を柔軟に調整することです。公式情報を確認しつつ、実際の誤答データに基づいて学習時間を決めてください。出題範囲の改定年は要項で必ず上書き確認してください。,苦手分野だけ勉強してもよいですか？,短期間なら有効な場面もありますが、長期間それを続けると得意分野が劣化しやすくなります。賃貸不動産経営管理士試験は総合点勝負なので、弱点補強と得意維持を同時に回す設計が必要です。最低接触枠を全分野に残し、追加時間を苦手分野へ投下する方法が最も安定します。,subject-breakdown:科目構成と配点;exam-format-overview:試験形式の概要;study-plan:学習計画の立て方,配分管理に時間が足りません。,管理項目を絞れば、短時間でも配分運用は可能です。最低でも分野別正答率、迷い時間、再発誤答の3つだけ記録してください。この3指標があれば、翌週の学習配分を合理的に調整できます。記録の完璧さより、毎週継続して更新することを優先するのが現実的です。,直前期の配分はどう変えるべきですか？,直前期は新規論点を広げるより、再発率の高い分野へ重点を置くのが安全です。ただし得意分野を完全に止めると安定得点が崩れるため、短時間の維持演習は継続してください。通し演習で時間配分を最終確認し、解答順序まで固定できると本番での失点を抑えられます。,要項・目次が正本;正答率で弱点を決める;3分野に最低枠を残す;通し後は分野別集計;直前は再発誤答へ
new-topics-trend,出題・形式,賃貸不動産経営管理士試験の近年の出題トレンドと対応,賃貸不動産経営管理士試験の出題トレンドを公式情報と演習記録で整理。要項改定の確認、3分野の優先付け、50問120分演習への反映を令和8年度向けに解説します。,出題トレンドは予想記事の印象ではなく、試験センター要項・協議会公表と自分の誤答ノートの差分で把握するのが再現性が高いです。賃貸不動産経営管理士試験は50問・120分・3分野、令和8年度は2026年11月15日（日）13:00〜15:00です。本記事では一般財団法人 賃貸不動産経営管理士協議会および試験センター要項を正本として、公式確認の周期、改定語句の記録、演習への戻し方を表で説明します。非公式まとめだけで学習配分を変えないよう、https://www.chintaikanrishi.jp/ で必ず再確認してください。,19,出題範囲;試験形式,賃管マスター編集部,資格学習サイトの編集チーム,公式情報確認担当,公開前に一次情報との照合を行う担当者,2026-06-04,賃貸不動産経営管理士協議会（公式）|https://www.chintaikanrishi.jp/,手書きリライト 2026-06-04。自動prose差し替え 2026-06-04（要手書き）。出題・形式向けテンプレートから作成。公開前に本文・参照URL・関連リンクを差し替える。,本記事を読むと、公式情報を軸に出題トレンドへの対応を記録ベースで進められ、感覚だけで教材を入れ替える失速を防げます。,要項と協議会案内を月1回確認し改定語句を記録する;3分野別に直近演習の正答率を集計して弱点を特定する;新傾向設問は根拠条文を誤答ノートへ残す;週1回50問120分の通し演習で時間配分を検証する;予想記事は参考扱いにして必ず公式情報へ戻る,試験要項・公式ページ更新時に本文と参照元を見直す。,2026-06-04,2026-06-29,2026-06-04,published,2026-06-04: 編集合格（手書きリライト）,トレンド確認の正本と周期,"出題範囲・制度の正本は試験センター要項です。協議会サイトは入口として使い、改定の有無は要項PDFとお知らせで最終確認してください。

| タイミング | 見る場所 | 記録の書き方 |
| --- | --- | --- |
| 月1回 | 要項・お知らせ | 変更なし／あり＋URL |
| 要項公表直後 | 出題範囲章 | 差分を3分野タグ |
| 演習後 | 誤答ノート | 論点＋根拠1行 |
| 通し前 | 形式4項目 | 50問・120分・3分野 |
| 申込前 | 受験資格・締切 | カレンダー登録 |

公式情報の確認先の記事と確認順を揃えると、長期学習でも前提がぶれにくくなります。",改定・新傾向の記録の仕方,"改定語句は、次の4列メモで十分機能します（完璧な表は不要）。

| 列 | 例 | 演習への反映 |
| --- | --- | --- |
| 年度 | 令和8 | 要項URL |
| 分野タグ | 法令・契約・設備 | 週次配分 |
| 論点 | 登録・重説など | 類題5問 |
| 再確認日 | 7日後 | 解き直し |

予想記事で「今年はここが出る」と読んでも、要項にない論点へ時間を割かないでください。差分が見つかった週だけ、その分野に+2時間を上乗せする運用が現実的です。",3分野別のトレンド対応,"分野ごとに確認の焦点を変えると、改定の取りこぼしが減ります。

| 分野 | 確認の焦点 | 演習 |
| --- | --- | --- |
| 法令・制度 | 登録・監督・業法改正 | 用語＋短問 |
| 契約・実務 | 重説・更新・原状回復 | 長文＋争点メモ |
| 設備・税務 | 数値・管理実務 | 早見表＋条件付き |

出題範囲と過去問の対応の記事で照合表を作ると、トレンド論点が「解ける状態」かを数値で追えます。",過去問・通し演習への反映,"トレンド対策は、分野別演習だけで終わらせず50問120分で検証します。

| 時期 | 演習 | 記録 |
| --- | --- | --- |
| 残り16週以上 | 分野別20問 | 改定タグの正答率 |
| 残り8〜15週 | 週末20問＋月1回通し | 未解答数 |
| 残り7週以内 | 通し月2回 | 見切り問番号 |
| 直前2週 | 解き直し | 再発誤答のみ |

過去問の効果的な使い方で回し方を固定し、改定論点は通しのあと誤答ノートへ必ず戻してください。",直前期は「追加」より「削除」,"試験5週前以降は、新しい予想情報の収集より既習範囲の解き直しが主作業になります。

| 残り | やめること | 残すこと |
| --- | --- | --- |
| 4週 | 新しい参考書 | 改定タグの再発誤答 |
| 2週 | 広い範囲の初見 | 通し50問月1回 |
| 1週 | 深夜の情報収集 | 睡眠・争点メモ |
| 前日 | 長時間の新規演習 | 当日チェック |

令和8年度は11月15日試験です。トレンド確認は月1回15分に上限を設け、残り時間は演習へ回すと安定しやすいです。",,,,,予想記事だけで対策してよいですか？,参考程度に留め、出題範囲・合格基準・試験形式は試験センター要項で確定してください。予想だけで教材を入れ替えると、要項にない論点へ時間を使い、本番で取りこぼしが出やすくなります。改定が気になる週は、要項の該当章を開き、誤答ノートに根拠1行を残す運用が安全です。,トレンド対策はいつから始めますか？,学習開始時から「月1回の要項確認」と「誤答への分野タグ」を入れておけば十分です。改定が公表された週だけ、その分野に追加時間を当てれば、全体計画を組み直す必要はありません。残り8週前からは通し演習の比重を上げ、トレンド論点が時間切れになっていないかを見てください。,official-info-sources:公式情報の確認先;scope-vs-past-questions:出題範囲と過去問の対応;past-questions-how-to-use:過去問の効果的な使い方,本記事と出題範囲・過去問の記事の違いは？,本記事は公式情報と演習記録から「新しい論点・改定」への対応手順が中心です。出題範囲と過去問の対応の記事は、要項の範囲一覧と過去問の照合表づくりが中心です。先に範囲と照合表を作り、改定やトレンドは差分メモで週次配分へ反映する順がおすすめです。,,,要項が正本;月1回の公式確認;改定は差分メモ;通しで検証;直前は削除優先
scope-vs-past-questions,出題・形式,賃貸不動産経営管理士試験の出題範囲と過去問の対応,賃貸不動産経営管理士試験の出題範囲と過去問の対応を要項正本で整理。3分野の照合表、未接続論点の補強、50問120分での検証手順を解説します。,出題範囲は学習の地図、過去問は現在地の確認手段です。別々に進めると理解は進んでも得点に結びつきにくくなります。賃貸不動産経営管理士試験は50問・120分・3分野、令和8年度は2026年11月15日（日）13:00〜15:00です。本記事では一般財団法人 賃貸不動産経営管理士試験センター要項を正本として、範囲一覧の作り方、照合表、通し演習での実効確認を表で説明します。範囲の改定は https://www.chintaikanrishi.jp/ の要項で必ず上書き確認してください。,19,出題範囲;試験形式,賃管マスター編集部,資格学習サイトの編集チーム,公式情報確認担当,公開前に一次情報との照合を行う担当者,2026-06-04,賃貸不動産経営管理士協議会（公式）|https://www.chintaikanrishi.jp/,手書きリライト 2026-06-04。自動prose差し替え 2026-06-04（要手書き）。出題・形式向けテンプレートから作成。公開前に本文・参照URL・関連リンクを差し替える。,本記事を読むと、出題範囲の確認と過去問演習を分断せずに回せ、どの論点をどの順で確認すれば効率よく得点へつながるかが明確になります。,要項の出題範囲を3分野ごとに一覧化する;過去問を分野タグ付きで整理して照合表を作る;範囲未接続の論点を優先して補強学習する;50問120分の通し演習で照合結果の実効性を確認する;誤答を範囲項目へ戻して再学習サイクルを固定する,試験要項・公式ページ更新時に本文と参照元を見直す。,2026-06-04,2026-06-29,2026-06-04,published,2026-06-04: 編集合格（手書きリライト）,範囲確認と過去問の橋渡し,"正本は試験センター要項の出題範囲です。テキスト目次だけで範囲を決めず、毎年要項PDFの該当ページを開いてください。

| 役割 | 道具 | 成果物 |
| --- | --- | --- |
| 範囲 | 要項＋目次 | 3分野の一覧 |
| 現在地 | 過去問・演習 | 照合表 |
| 改善 | 誤答ノート | 再確認日 |
| 検証 | 50問通し | 時間・未解答 |
| 更新 | 公式お知らせ | 差分1行 |

似た論点が分野をまたぐため、見出しと設問を対応付ける作業が学習効率を左右します。",照合表の作り方（4列で十分）,"照合表は次の4列で始め、演習ごとに更新します。

| 列 | 記入例 | 使い道 |
| --- | --- | --- |
| 範囲項目 | 登録・重説 | 未学習の発見 |
| 対応問題 | 年度・問番 | 復習順 |
| 正答率 | 3/5 | 優先度 |
| 誤答理由 | 読解・知識 | 対策の種類 |

完璧な表より、毎回5分で更新して次の演習へつなげる運用の方が得点に直結します。",3分野別の照合の焦点,"分野ごとに見るポイントを固定すると、復習内容がぶれません。

| 分野 | 照合の焦点 | 補強 |
| --- | --- | --- |
| 法令・制度 | 根拠・登録 | 用語→短問 |
| 契約・実務 | 当事者・条項 | 長文メモ |
| 設備・税務 | 数値・単位 | 早見表 |

科目構成と配点の記事で週次時間を決め、照合表の空白行＝今週の補強候補、と運用すると迷いが減ります。",未接続論点の補強,"照合表を続けると、過去問に十分出ていない論点が見えます。

| 状態 | やること | 避けること |
| --- | --- | --- |
| 未接続 | 要項・テキストで要点確認 | 過去問だけで安心 |
| 1回だけ誤答 | 根拠1行＋7日後 | 解説だけ読む |
| 再発 | 週+2時間 | 別教材を追加 |
| 通しで時間切れ | 解答順を変更 | 範囲を広げる |

類題や周辺問題で補強したあと、必ず50問120分で再検証してください。",通し演習と誤答の戻り先,"分野別では解けても本番形式で崩れる場合があるため、通しは月2回（直前は維持）を目安にします。

| 通し後の作業 | 記録 | 次週 |
| --- | --- | --- |
| 時間超過の問 | 範囲項目へ | 読み方練習 |
| 誤答 | 理由3分類 | 解き直し日 |
| 未解答 | 見切り基準 | 解答順 |
| 正答でも根拠曖昧 | 争点3語 | 用語確認 |

過去問の効果的な使い方の復習サイクルと合わせると、解きっぱなしを防げます。",誤答復習の戻り先設計,誤答復習では、問題解説だけで完結させず、必ず範囲項目へ戻る導線を作ってください。戻り先がない復習は記憶に残りにくく、同じ失点を繰り返しやすくなります。誤答ごとに「該当範囲」「誤答理由」「再確認日」を記録し、翌週に同系統問題を再解答する運用を固定すると、復習が学習資産として蓄積されます。この循環が得点安定の鍵です。加えて、直近の演習結果を踏まえて翌週の学習配分を更新し続けると、理解だけでなく本番で使える判断力まで一緒に伸ばしやすくなります。,継続運用の型を作る,範囲と過去問の照合は、一度作って終わりではなく、更新し続けることに価値があります。週次で照合表を更新し、月次で配分見直しを行う流れを定例化してください。公式情報の更新があった場合は、該当範囲のタグと復習対象を即時修正します。この運用を続けることで、学習量を無理に増やさなくても、賃管の3分野を横断した得点力を着実に高められます。加えて、直近の演習結果を踏まえて翌週の学習配分を更新し続けると、理解だけでなく本番で使える判断力まで一緒に伸ばしやすくなります。,過去問だけで範囲は把握できますか？,過去問だけでは不十分です。頻出傾向の把握には有効ですが、当年度要項に基づく範囲確認を行わないと、更新論点を取りこぼす可能性があります。要項で範囲を確認し、過去問で理解度を検証する二段階運用が、最も再現性の高い進め方です。,照合表はどの程度細かく作るべきですか？,最初から細かく作り過ぎる必要はありません。範囲項目、対応問題、誤答理由、再確認日の4項目だけでも十分機能します。重要なのは完璧な表ではなく、演習のたびに更新して次の行動へつなげることです。運用しやすい粒度で継続する方が成果に直結します。,past-questions-how-to-use:過去問の効果的な使い方;exam-format-overview:試験形式の概要;subject-breakdown:科目構成と配点,範囲記事とトレンド記事はどう使い分けますか？,本記事は要項の範囲一覧と過去問の照合が中心です。近年の出題トレンドの記事は、公式の改定・新傾向を差分メモして週次配分へ反映する手順が中心です。先に照合表で地図を作り、改定が出た週だけトレンド手順で配分を直す順がおすすめです。,独学で照合運用を続けるコツはありますか？,記録項目を増やし過ぎず、更新日を固定することが最も効果的です。週1回の照合表更新、月2回の通し演習、月1回の公式情報確認をルーティン化すると、独学でも範囲確認と過去問演習を分断せずに回せます。継続できる仕組みを先に作ることが成功の近道です。,要項が範囲の正本;照合表は4列で開始;未接続を先に補強;通しで実効確認;誤答は範囲へ戻す
pass-rate,合格・難易度,賃貸不動産経営管理士試験の合格率の見方（公式統計と学習指標）,賃貸不動産経営管理士試験の合格率を試験センター公表データで確認する手順を整理。受験者数・合格者数とのセット読み、50問120分演習との使い分けを令和8年度向けに解説します。,合格率はモチベーションの材料にするより、公式統計の読み方と自分の演習データを分けて持つと対策がぶれにくくなります。賃貸不動産経営管理士試験は50問・120分・3分野、令和8年度は2026年11月15日（日）13:00〜15:00です。本記事では一般財団法人 賃貸不動産経営管理士試験センターの公表資料を正本として、合格率・受験者数・合格者数の確認順、合格基準との違い、学習計画への落とし込みを表で説明します。数値は https://www.chintaikanrishi.jp/ 経由の要項・公表資料で必ず最新年度を確認してください。,20,合格率;難易度,賃管マスター編集部,資格学習サイトの編集チーム,公式情報確認担当,公開前に一次情報との照合を行う担当者,2026-06-04,賃貸不動産経営管理士協議会（公式）|https://www.chintaikanrishi.jp/,手書きリライト 2026-06-04。自動prose差し替え 2026-06-04（要手書き）。合格・難易度向けテンプレートから作成。公開前に本文・参照URL・関連リンクを差し替える。,本記事を読むと、合格率をどの年度で確認し、合格点や難易度情報とどう区別して学習計画へ反映すればよいかが分かり、数字に振り回されず対策を続けられます。,試験センター公式で最新年度の合格率・受験者数を確認する;合格率と合格基準を分けて記録し混同を防ぐ;3分野の分野別正答率を毎週集計して弱点を特定する;合格率ではなく50問120分の得点推移を優先して評価する;直前期は統計閲覧を減らし誤答復習と時間配分に集中する,試験要項・公式ページ更新時に本文と参照元を見直す。,2026-06-04,2026-06-29,2026-06-04,published,2026-06-04: 編集合格（手書きリライト）,合格率の確認先と3点セット,"合格率の正本は、試験センターが公表する年度別資料です。検索上位の記事やSNSの数字は、母数や年度条件が欠けていることがあります。

| 指標 | 意味 | 必ず一緒に見る数値 |
| --- | --- | --- |
| 合格率 | 合格者÷受験者 | 受験者数・合格者数 |
| 受験者数 | 母数の規模 | 前年度比 |
| 合格者数 | 絶対数 | 合格率との整合 |
| 合格基準 | 個人の合否ライン | 要項「合格の基準」 |
| 自分の模試 | 個人の推移 | 分野別正答数 |

単年の上下だけで「難化・易化」と断定せず、自分の演習推移を主指標にしてください。",合格基準との違い,"合格率と合格点は別物です。混同すると、統計を見て安心したり不安になったりして、演習量の調整が遅れます。

| 比較 | 合格率（公表統計） | 合格基準（要項） |
| --- | --- | --- |
| 対象 | 全体の傾向 | 個人の合否 |
| 正本 | 試験センター公表 | 受験要項 |
| 学習での使い方 | 参考値 | 目標得点の設定 |
| 更新 | 年度ごと | 年度ごと |
| 関連記事 | 統計の読み方 | 合格点の見方 |

合格点・合格率の見方の記事で基準得点と模試の置き方を、本記事では公表統計の読み方に集中すると整理がしやすくなります。",難易度を語るときの注意,"合格率が低い年度＝自分の合格可能性が低い、とは限りません。

| 見方 | 妥当 | 避ける判断 |
| --- | --- | --- |
| 単年の率 | 傾向の参考 | 断定の根拠だけにする |
| 受験者増減 | 競争の雰囲気 | 個人の得点代替 |
| 自分の正答率 | 週次で改善 | 他人の体験談のみ |
| 時間切れ | 配分練習 | 知識不足と混同 |
| 直前期 | 解き直し優先 | 統計の読み込み増 |

3分野のうち1分野だけ極端に低い場合は、統計より分野別の追加時間が効果的です。",統計を学習計画に反映する,"公表統計は「週次の演習量を増減するか」の参考に留め、実行は誤答データで決めます。

| 自分の信号 | 取る行動 |
| --- | --- |
| 通し得点が基準未満 | 誤答上位15問を解き直し |
| 1分野だけ低い | その分野に週+3時間 |
| 再発誤答が多い | 用語→演習→7日後 |
| 統計だけ見て不安 | 閲覧時間を週15分に上限 |

合格率・統計の読み方の記事で、多年度比較とグラフ化の手順を補強できます。",直前期は演習指標へ切り替え,"試験5週前以降は、合格率の検索時間を減らし、50問120分の記録に集中します。

| 時期 | 主指標 | 副指標 |
| --- | --- | --- |
| 8週以上前 | 分野別正答率 | 公表合格率（参考） |
| 5〜7週前 | 通し得点 | 未解答数 |
| 4週以内 | 再発誤答数 | 数値早見 |
| 前日 | 睡眠・持ち物 | — |

令和8年度は11月15日試験、受験料12,000円・申込期限は要項どおりです。学習計画の立て方と併用し、統計は月1回15分の確認に留める運用が安定しやすいです。",,,,,合格率はどの年度を見ればよいですか？,試験センターが公表する最新年度を起点にし、必要なら過去2〜3年を並べて傾向だけを見てください。ただし自分の対策では、直近4週間の50問演習の得点と分野別正答数の方が意思決定に直結します。引用元が不明な数値は使わず、必ず公式資料で3点セットを確認してください。,合格率が低い年度は難易度が高いと考えてよいですか？,単年の合格率だけで難易度を断定するのは避けてください。受験者数の増減や出題構成の変化も影響し得ます。個人の対策では、要項の合格基準を満たす演習得点が出ているかを優先し、弱点分野に週次で時間を追加する方が再現性が高くなります。,pass-score:合格点・合格率の見方;pass-rate-how-to-read:合格率・統計の読み方;study-plan:学習計画の立て方,合格率の記事と合格点の記事はどう使い分けますか？,合格点・合格率の見方では、要項の合格基準と模試の目標得点の置き方が中心です。本記事では試験センター公表の合格率・受験者数・合格者数の読み方が中心です。さらに多年度の整理は合格率・統計の読み方の記事を併用すると、数字の扱いがぶれにくくなります。,,,公表は試験センター正本;率・人数・合格者をセット;合格基準と混同しない;演習推移を主指標;直前は統計閲覧を抑える
exam-difficulty,合格・難易度,賃貸不動産経営管理士試験の難易度（合格率・基準・演習で見る）,賃貸不動産経営管理士試験の難易度を試験センター公表と演習データで整理。合格率・合格基準・50問120分・5問免除を踏まえた対策の立て方を令和8年度向けに解説します。,"難易度は「厳しい／優しい」の印象より、要項の合格基準と自分の50問演習の推移で判断する方が対策がぶれにくくなります。賃貸不動産経営管理士試験は50問・120分・3分野、令和8年度は2026年11月15日（日）13:00〜15:00、受験料は12,000円（要項どおり）です。本記事では一般財団法人 賃貸不動産経営管理士試験センターの公表資料を正本として、統計の読み方、準備の再現性、学習量の目安を表で説明します。数値は https://www.chintaikanrishi.jp/ で必ず最新年度を確認してください。",20,合格率;難易度,賃管マスター編集部,資格学習サイトの編集チーム,公式情報確認担当,公開前に一次情報との照合を行う担当者,2026-06-04,賃貸不動産経営管理士協議会（公式）|https://www.chintaikanrishi.jp/,手書きリライト 2026-06-04。自動prose差し替え 2026-06-04（要手書き）。合格・難易度向けテンプレートから作成。公開前に本文・参照URL・関連リンクを差し替える。,本記事を読むと、難易度を合格率・基準点・分野別得点で判断でき、自分に必要な学習量と直近で着手すべき対策を具体化できます。,試験センター公表の直近3年分の合格率と受験者数を確認する;50問受験か5問免除で45問受験かを要項で確定する;120分の時間配分を決め月2回は本番形式で通し演習する;3分野の正答率を記録し60%未満の分野へ学習時間を再配分する;申込前に受験料と日程を確認し手続き期限をカレンダー登録する,試験要項・公式ページ更新時に本文と参照元を見直す。,2026-06-04,2026-06-29,2026-06-04,published,2026-06-04: 編集合格（手書きリライト）,難易度判断で使う3つの軸,"次の3つを分けて記録してください。混同すると不安だけが増えます。

| 軸 | 正本 | 個人での使い方 |
| --- | --- | --- |
| 公表統計 | 試験センター | 傾向の参考（月1回） |
| 合格基準 | 要項 | 目標得点の設定 |
| 演習推移 | 自分の記録 | 週次の改善 |

合格率だけを見て学習量を増減するのではなく、通し得点と分野別正答数を主指標にしてください。",合格率・受験者数の読み方,"SNSの断片数字は母数や年度条件が欠けやすく、難易度判断を誤る原因になります。

| 指標 | 必ずセットで見る | 避ける解釈 |
| --- | --- | --- |
| 合格率 | 受験者数・合格者数 | 単年で難化断定 |
| 受験者増減 | 前年度比 | 個人の得点代替 |
| 5問免除 | 45問受験の有無 | 学習範囲の縮小 |
| 自分の正答率 | 週次推移 | 体験談のみ |

合格率の見方の記事で公表統計の手順を、本記事では難易度の捉え方と演習への落とし込みに集中すると整理しやすいです。",準備の再現性で見る難易度,"暗記量より、3分野を循環して学べる計画が続くかで体感難易度は変わります。

| 信号 | 取る行動 |
| --- | --- |
| 1分野だけ低得点 | その分野に週+3時間 |
| 時間切れ多い | 50問通しで見切り練習 |
| 再発誤答40％超 | 7日後解き直しを固定 |
| 形式に未慣れ | 月2回120分通し |

法令・契約・設備を横断する設問が多いため、分野別だけ伸ばしても総合点が安定しないことがあります。",学習量の目安（残り週数別）,"試験日2026年11月15日（日）から逆算した目安です（要項で日程再確認）。

| 残り期間 | 週あたりの目安 | 重点 |
| --- | --- | --- |
| 20週以上 | 8〜12時間 | 3分野の基礎 |
| 12〜19週 | 10〜14時間 | 分野別＋誤答記録 |
| 6〜11週 | 12〜16時間 | 通し月2回 |
| 5週以内 | 維持＋解き直し | 新規教材は増やさない |

学習計画の立て方で全体設計を終えている場合は、本表で週合計だけ調整すれば十分なことが多いです。",直前期は演習指標へ切り替え,"試験5週前以降は、合格率の検索時間を減らし、50問120分の記録に集中します。

| 時期 | 主指標 | 副指標 |
| --- | --- | --- |
| 8週以上前 | 分野別正答率 | 公表合格率（参考） |
| 5〜7週前 | 通し得点 | 未解答数 |
| 4週以内 | 再発誤答数 | 争点メモ |
| 前日 | 睡眠・持ち物 | — |

合格点・合格率の見方で基準得点と模試の置き方を先に固定すると、難易度の数字と自分の得点の関係が一本化しやすくなります。",,,,,難易度は高いですか？,準備なしで合格できる試験ではありませんが、3分野を計画的に回せば十分到達可能です。50問120分という形式に慣れないまま本番へ行くと体感難易度が急上昇するため、早期から通し演習を入れ、時間配分と弱点補強を同時に進めることが対策の中心になります。,合格率が低い年度は諦めた方がよいですか？,単年の合格率だけで個人の合格可能性を判断するのは避けてください。受験者数の増減や出題構成の変化も影響し得ます。個人の対策では、要項の合格基準を満たす演習得点が出ているかを優先し、弱点分野に週次で時間を追加する方が再現性が高くなります。,pass-score:合格点・合格率の見方;pass-rate:合格率の見方;exam-format-overview:試験形式の概要,難易度の記事と合格率の記事はどう使い分けますか？,本記事は難易度を統計・基準・演習の3軸で捉え、学習量の目安まで含めます。合格率の見方の記事は、試験センター公表の合格率・受験者数の確認手順が中心です。合格率・統計の読み方の記事を併用すると、多年度比較の整理もぶれにくくなります。,,,統計・基準・演習を分離;率は3点セットで読む;通しで形式に慣れる;最弱分野に週+時間;直前は演習指標優先
pass-score,合格・難易度,賃貸不動産経営管理士試験の合格点・合格率の見方（50問120分）,賃貸不動産経営管理士試験の合格基準・合格率の確認先を試験センター要項で整理。50問120分・3分野の演習得点から目標を逆算し、令和8年度11月15日試験向けの学習指標を解説します。,合格点と合格率は、学習のモチベーションより「自分の演習が基準を超えているか」を測る指標として使うのが効果的です。賃貸不動産経営管理士試験は令和8年度も50問・120分・3分野、試験日は2026年11月15日（日）13:00〜15:00です。本記事では一般財団法人 賃貸不動産経営管理士協議会および試験センター要項を正本として合格基準の確認手順を表に整理し、分野別正答率の記録方法と、模試得点から逆算した週次の改善目標まで説明します。基準得点・統計の数値は年度で変わるため、学習中も https://www.chintaikanrishi.jp/ の公表資料で上書き確認してください。,20,合格率;難易度,賃管マスター編集部,資格学習サイトの編集チーム,公式情報確認担当,公開前に一次情報との照合を行う担当者,2026-06-04,賃貸不動産経営管理士協議会（公式）|https://www.chintaikanrishi.jp/,手書きリライト 2026-06-04。自動prose差し替え 2026-06-04（要手書き）。合格・難易度向けテンプレートから作成。公開前に本文・参照URL・関連リンクを差し替える。,本記事を読むと、要項どおりの合格基準の確認方法と、自分の50問演習から「あと何問分の弱点か」を数値で把握し、3分野の時間配分を調整できるようになります。,試験センター要項で合格基準・問題数（50問または45問）を確認する;50問120分の通し演習を月2回入れ、総得点と分野別正答数を記録する;正答率が低い分野を1つ選び、週次で追加演習時間を割り当てる;2週間後に同じ問題セットを解き直し、伸びた論点をメモする;直前1か月は新規範囲より誤答ノートの解き直しを優先する,試験要項・公式ページ更新時に本文と参照元を見直す。,2026-06-04,2026-06-29,2026-06-04,published,2026-06-04: 編集合格（手書きリライト）,合格基準・合格率の確認先,"合格基準と合格率の正本は、一般財団法人 賃貸不動産経営管理士試験センターの受験要項および公表統計です。協議会サイト https://www.chintaikanrishi.jp/ から要項・お知らせへ辿ってください。

| 確認項目 | 正本 | 学習への使い方 |
| --- | --- | --- |
| 合格基準 | 要項「合格の基準」 | 模試の目標得点を設定 |
| 試験形式 | 50問・120分・3分野（要項で再確認） | 通し演習の時間配分 |
| 45問受験 | 講習修了等の該当章 | 自分が50問制か先に確定 |
| 合格率統計 | 試験センター公表資料 | 全体傾向の参考のみ |
| 試験日 | 2026年11月15日（日）13:00〜15:00 | 残り週数の逆算 |

合格率だけを見て難易度を決めず、直近の演習正答率を主指標にすると対策がぶれにくくなります。",合格点の意味と目標得点の置き方,"合格は要項公表の総合得点が基準以上であることが条件です。公表値は年度ごとに要項で確認し、次の表は50問形式での目標設定例です（問題数は要項で再確認）。

| ライン | 正答数の目安（50問想定） | 運用 |
| --- | --- | --- |
| 要項基準 | 要項記載の合格点以上 | 最優先で安定させる |
| 安全圏 | 35問前後（70％前後） | 通し模試で2回連続達成 |
| 弱点警戒 | いずれか1分野が60％未満 | その分野に週3時間追加 |
| 時間切れ | 未解答が毎回5問以上 | 捨て問判断の練習を増やす |

「全部均等に勉強」より、弱点1分野に時間を寄せた方が、合格ラインへの到達が早いことが多いです。",3分野別の正答率の記録,"50問120分の演習後は、総得点に加えて3分野ごとの正答数を必ず記録します。

| 分野 | 記録する数値 | 改善の触り方 |
| --- | --- | --- |
| 法令・制度 | 正答数／出題数 | 条文マップ→演習5問 |
| 契約・実務 | 正答数／出題数 | 当事者・期限の整理表 |
| 設備・税務・その他 | 正答数／出題数 | 数値・手続の早見表 |
| 全体 | 120分での未解答数 | マークミス・読み飛ばし |

2週間ごとに同じセットを解き直し、伸びない論点は用語解説で定義から見直してください。分野の入口は各科目別ハブの記事から辿れます。",公表統計の読み方,"試験センターが公表する受験者数・合格者数は、計画の参考値に留めます。自分のノートには次の3点を並べて記録してください。

| 自分用指標 | 見るタイミング | 判断 |
| --- | --- | --- |
| 通し模試の総得点 | 月2回 | 基準得点を2回連続で超えたか |
| 3分野のバランス | 毎回 | 1分野だけ極端に低くないか |
| ケアレスミス件数 | 毎回 | 知識不足か手続きミスか |

過去年度の合格率を見て安心・不安を決めず、直近の演習推移で学習量を増減する方が、11月15日試験に向けた調整として現実的です。",学習計画への反映,"演習得点が基準付近で止まるときは、新規インプットより誤答の解き直しを優先します。

| 状況 | 優先する作業 |
| --- | --- |
| 総得点が基準未満 | 誤答上位15問を条文・用語で再確認 |
| 1分野だけ低い | その分野の週次時間を+3時間 |
| 時間切れが多い | 易問から処理する順序の練習 |
| 直前1か月 | 通し模試2回＋解き直しのみ |

令和8年度は受験料12,000円・申込締切（WEBは9月30日23:59等）と学習を同じカレンダーで管理し、手続き残りで演習が空く週を作らないことが、得点維持にもつながります。",,,,,合格点は何点ですか？,合格点は年度ごとに試験センター受験要項の「合格の基準」で公表されます。四肢択一50問・120分が基本形式ですが、講習修了等で45問受験となる場合は要項の該当章で別途確認してください。学習では要項の基準得点をメモし、通し演習で2回連続して上回れるかを追う運用が安定しやすいです。,合格率はどの年度を見ればよいですか？,試験センターが公表する最新年度の統計を参照してください。過去3年分を見てもよいですが、自分の対策には直近の演習正答率の方が重要です。合格率は全体傾向の参考に留め、目標得点は要項の合格基準から設定してください。,exam-overview:試験概要・出題分野;study-plan:学習計画の立て方;past-questions-how-to-use:過去問の効果的な使い方,独学で得点を上げるには何を優先しますか？,要項で合格基準を確認したうえで、50問120分の通し演習を月2回以上入れ、分野別正答数を記録します。正答率が低い分野に週次で時間を追加し、誤答は用語定義と条文根拠まで戻って解き直してください。直前は新規範囲より、既習論点の再演習を優先すると得点が安定しやすくなります。,,,合格基準は試験センター要項が正本;50問120分・3分野で記録;分野別正答率を主指標に;令和8年度試験日11月15日;模試2回連続で基準超えを目標
pass-rate-how-to-read,合格・難易度,賃貸不動産経営管理士試験の合格率・統計の読み方,賃貸不動産経営管理士試験の合格率・統計を試験センター公表どおりに読む手順を整理。合格基準との区別、3分野・50問120分対策への落とし込みを令和8年度向けに解説します。,合格率や受験者数は、不安の材料にするより学習の意思決定に使う数字です。そのためには、試験センターの公表データと自分の演習記録を分けて持つ必要があります。賃貸不動産経営管理士試験は50問・120分・3分野、令和8年度は2026年11月15日（日）13:00〜15:00です。本記事では一般財団法人 賃貸不動産経営管理士試験センターの公表資料を正本として、確認順序、多年度比較、統計を見たあとの演習アクションを表で説明します。引用元が不明な数値は使わず、https://www.chintaikanrishi.jp/ で必ず照合してください。,20,合格率;難易度,賃管マスター編集部,資格学習サイトの編集チーム,公式情報確認担当,公開前に一次情報との照合を行う担当者,2026-06-04,賃貸不動産経営管理士協議会（公式）|https://www.chintaikanrishi.jp/,手書きリライト 2026-06-04。自動prose差し替え 2026-06-04（要手書き）。合格・難易度向けテンプレートから作成。公開前に本文・参照URL・関連リンクを差し替える。,本記事を読むと、合格率や受験者数を基準点・演習データと組み合わせて解釈でき、統計を学習計画の意思決定に活かせるようになります。,試験センターの最新統計で合格率・受験者数・合格者数を確認する;要項で合格基準と50問または45問受験の前提を再確認する;模試の分野別正答率を毎回記録し推移を可視化する;統計を見たら次回演習で改善する論点を1つ決める;直前期は統計閲覧を週15分に上限し演習へ時間を戻す,試験要項・公式ページ更新時に本文と参照元を見直す。,2026-06-04,2026-06-29,2026-06-04,published,2026-06-04: 編集合格（手書きリライト）,公式データの確認順序,"統計の正本は試験センターが公表する年度別資料です。

| 順番 | 確認項目 | 記録 |
| --- | --- | --- |
| 1 | 年度ラベル | 令和○年度 |
| 2 | 受験者数 | 母数 |
| 3 | 合格者数 | 絶対数 |
| 4 | 合格率 | 整合チェック |
| 5 | 参照URL | 公表ページ |

引用元が不明な数値は、母数や年度条件が欠けていることがあり、学習計画の前提として使うには危険です。",合格率と合格基準の区別,"混同すると、統計を見て安心したり不安になったりして、演習量の調整が遅れます。

| 比較 | 合格率（公表統計） | 合格基準（要項） |
| --- | --- | --- |
| 対象 | 全体の傾向 | 個人の合否 |
| 正本 | 試験センター公表 | 受験要項 |
| 学習での使い方 | 参考値 | 目標得点 |
| 更新 | 年度ごと | 年度ごと |
| 関連 | 合格率の見方 | 合格点の見方 |

合格点・合格率の見方の記事で基準得点と模試の置き方を先に固定してください。",多年度比較の読み方,"直近年度を起点に、必要なら過去2〜3年を並べて傾向だけを見ます。

| 見方 | 妥当 | 避ける判断 |
| --- | --- | --- |
| 2〜3年の推移 | 雰囲気の把握 | 断定の根拠 |
| 受験者増減 | 参考 | 個人得点の代替 |
| 5問免除の影響 | 45問受験の確認 | 学習範囲の縮小 |
| 自分の正答率 | 週次改善 | SNS数字のみ |

単年の上下だけで難化・易化と断定しない姿勢が、統計読みの基本です。",統計を見たあとの演習アクション,"数字を見たら、必ず次の演習で試す項目を1つ決めます。

| 自分の信号 | 取る行動 |
| --- | --- |
| 通し得点が基準未満 | 誤答上位15問を解き直し |
| 1分野だけ低い | その分野に週+3時間 |
| 再発誤答が多い | 用語→演習→7日後 |
| 統計だけで不安 | 閲覧15分/週に上限 |

難易度の記事と併用すると、統計・基準・演習の3軸が揃います。",直前期は演習記録を主指標に,"試験5週前以降は、統計の検索より50問120分の記録に時間を使います。

| 時期 | 主指標 | やめること |
| --- | --- | --- |
| 8週以上前 | 分野別正答率 | — |
| 5〜7週前 | 通し得点 | 長時間の統計読み |
| 4週以内 | 再発誤答 | 新規予想情報 |
| 前日 | 睡眠・持ち物 | 数値の再検索 |

令和8年度は11月15日試験です。学習計画の立て方と併用し、統計は月1回15分の確認に留める運用が安定しやすいです。",,,,,合格率はどの年度を見ればよいですか？,試験センターが公表する最新年度を起点にし、必要なら過去2〜3年を並べて傾向だけを見てください。ただし自分の対策では、直近4週間の50問演習の得点と分野別正答数の方が意思決定に直結します。引用元が不明な数値は使わず、必ず公式資料で3点セットを確認してください。,統計を見ると不安になります。,閲覧時間に上限を設け、見た直後に演習で改善する論点を1つ決める運用が有効です。例えば週15分だけ統計を確認し、残り時間は誤答解き直しか通し演習に充ててください。数字は状況把握の材料であり、学習行動の置き換え先まで決めて初めて価値が出ます。,pass-rate:合格率の見方;pass-score:合格点・合格率の見方;exam-difficulty:難易度,合格率の記事と本記事の違いは？,合格率の見方の記事は、試験センター公表の合格率・受験者数の確認と学習指標への使い分けが中心です。本記事は多年度比較の読み方と、統計を見たあとの演習アクションまで含めます。合格点の記事と3本セットで読むと、基準・統計・個人得点の整理がぶれにくくなります。,,,試験センターが正本;率・人数・合格者をセット;合格基準と混同しない;統計のあと演習1項目;直前は演習優先
difficulty-for-beginners,合格・難易度,賃貸不動産経営管理士試験の初学者向け難易度の見方,賃貸不動産経営管理士試験の初学者向け難易度を試験センター公表と演習記録で整理。合格率・合格基準・50問120分・5問免除を踏まえ、最初の8週間の学習設計を令和8年度向けに解説します。,初学者が難易度で迷うのは、合格率の数字だけを見て学習量を決めてしまうことが多いからです。賃貸不動産経営管理士試験は50問・120分・3分野、令和8年度は2026年11月15日（日）13:00〜15:00です。本記事では一般財団法人 賃貸不動産経営管理士試験センターの公表資料を正本として、統計の読み方、合格基準との区別、最初の1〜2か月で優先すべき演習を表で説明します。数値・日程は https://www.chintaikanrishi.jp/ の要項で必ず最新年度を確認してください。,20,合格率;難易度,賃管マスター編集部,資格学習サイトの編集チーム,公式情報確認担当,公開前に一次情報との照合を行う担当者,2026-06-04,賃貸不動産経営管理士協議会（公式）|https://www.chintaikanrishi.jp/,手書きリライト 2026-06-04。自動prose差し替え 2026-06-04（要手書き）。合格・難易度向けテンプレートから作成。公開前に本文・参照URL・関連リンクを差し替える。,本記事を読むと、初学者が試験の難しさを必要以上に恐れずに把握でき、合格率・基準点・自分の演習得点を分けて判断し、最初の学習計画を具体化できます。,"試験センター公表の直近3年分の合格率・受験者数を確認する;要項で50問120分と5問免除（45問受験）の適用有無を確定する;3分野の章立てを1枚にまとめ週次の接触順を決める;月2回50問120分の通し演習をカレンダーに固定する;申込期限と受験料12,000円の準備を学習開始月に完了させる",試験要項・公式ページ更新時に本文と参照元を見直す。,2026-06-04,2026-06-29,2026-06-04,published,2026-06-04: 編集合格（手書きリライト）,初学者が見るべき3つの数字,"難易度判断は、次の3つを混同しないことが出発点です。

| 数字 | 正本 | 初学者での使い方 |
| --- | --- | --- |
| 合格率 | 試験センター公表 | 全体傾向の参考（月1回） |
| 合格基準 | 要項 | 目標得点の設定 |
| 演習正答率 | 自分の記録 | 週次の改善 |

SNSの断片数字や体験談だけで「厳しい／簡単」と決めないでください。公表統計は参考値、自分の50問演習の推移が意思決定の主指標です。",合格率・受験者数の読み方,"初学者ほど、単年の合格率だけを見て学習量を増減しがちです。

| 指標 | 必ずセットで見る | 避ける解釈 |
| --- | --- | --- |
| 合格率 | 受験者数・合格者数 | 個人の合格可能性の断定 |
| 受験者増減 | 前年度比 | 演習得点の代替 |
| 5問免除 | 45問受験の有無 | 学習範囲の縮小 |
| 自分の正答率 | 週次推移 | 他人の体験談のみ |

合格率の見方の記事で公表統計の手順を先に固定し、本記事では初学者向けの難易度の捉え方と演習への落とし込みに集中すると整理しやすいです。",合格基準と演習目標の設定,"要項の合格基準は、模試の目標点設定に直結します。

| 設定 | 初学者向けの目安 | 理由 |
| --- | --- | --- |
| 目標得点 | 基準＋数問の余裕 | 読み違い・時間切れの吸収 |
| 通し頻度 | 月2回（120分計測） | 形式未慣れの解消 |
| 分野別 | 60%未満は週+2時間 | 総合点の底上げ |
| 5問免除 | 45問でも範囲は同じ | 演習問数だけ調整 |

基準ぎりぎりを狙うより、通しで安定して基準を超える状態を目指す方が、本番の緊張に強い得点構造になります。",最初の8週間の優先順位,"初学者の体感難易度は、暗記量より「3分野を毎週触れる設計」で大きく変わります。

| 週 | 重点 | 演習 |
| --- | --- | --- |
| 1〜2 | 要項・形式・章立て | 診断10問×3分野 |
| 3〜4 | 用語・登録・重説の骨格 | 分野別15問 |
| 5〜6 | 誤答理由の3分類 | 分野別20問 |
| 7〜8 | 50問120分の初回通し | 時間・未解答を記録 |

1分野だけ先行すると後半の調整コストが増えるため、週次で法令・契約・設備に最低枠を残してください。",統計を見たあとの演習アクション,"合格率を見たら、必ず次の演習で試す項目を1つ決めます。

| 自分の信号 | 取る行動 |
| --- | --- |
| 1分野だけ低得点 | その分野に週+3時間 |
| 時間切れ多い | 見切り基準を紙に書く |
| 再発誤答40％超 | 7日後解き直しを固定 |
| 統計だけで不安 | 閲覧15分/週に上限 |

令和8年度は11月15日試験です。学習計画の立て方と併用し、初学者期は「継続できる週次枠」を最優先にしてください。",,,,,初学者は合格率をどう見ればよいですか？,試験センター公表の最新年度を起点に、必要なら過去2〜3年の推移だけを参考にしてください。ただし個人の対策では、直近4週間の50問演習の得点と分野別正答数の方が意思決定に直結します。引用元が不明な数値は使わず、必ず公式資料で受験者数・合格者数・合格率をセット確認してください。,難易度は高いですか？,準備なしで合格できる試験ではありませんが、3分野を計画的に回せば十分到達可能です。初学者がつまずきやすいのは知識量より、50問120分の形式に慣れないまま本番へ行くことです。早期から通し演習を入れ、時間配分と弱点補強を同時に進める設計が体感難易度を下げます。,exam-difficulty:難易度;pass-score:合格点・合格率の見方;study-plan:学習計画の立て方,難易度の記事と本記事の違いは？,難易度の記事は統計・基準・演習の3軸で難易度全体を扱い、学習量の目安まで含めます。本記事は初学者が最初に見る数字の読み方と、最初の8週間の優先順位に焦点を当てています。合格点の見方と3本セットで読むと、基準・統計・個人得点の整理がぶれにくくなります。,,,統計・基準・演習を分離;率は3点セットで読む;8週で形式に慣れる;3分野に最低枠を残す;数字のあと演習1項目
study-plan-3months,学習計画,賃貸不動産経営管理士試験の3ヶ月学習計画,賃貸不動産経営管理士試験の3ヶ月学習計画を基礎・演習・直前の3段階で整理。3分野・50問120分・令和8年度11月15日試験向けの週次配分と復習サイクルを解説します。,3ヶ月計画は「詰め込み」ではなく、月ごとに役割を切り替える設計が成功の鍵です。賃貸不動産経営管理士試験は50問・120分・3分野、令和8年度は2026年11月15日（日）13:00〜15:00です。本記事では試験センター要項を前提に、1ヶ月目の基礎固め、2ヶ月目の演習強化、3ヶ月目の直前調整を表で説明し、週次レビューと50問通しの入れ方まで一続きで整理します。出題範囲の改定は https://www.chintaikanrishi.jp/ の要項で必ず上書き確認してください。,25,学習計画;試験対策,賃管マスター編集部,資格学習サイトの編集チーム,公式情報確認担当,公開前に一次情報との照合を行う担当者,2026-06-04,賃貸不動産経営管理士協議会（公式）|https://www.chintaikanrishi.jp/,手書きリライト 2026-06-04。自動prose差し替え 2026-06-04（要手書き）。学習計画向けテンプレートから作成。公開前に本文・参照URL・関連リンクを差し替える。,本記事を読むと、3ヶ月で試験準備を仕上げる際に各月で何を優先し、どの指標で進捗を判定すればよいかが具体的に分かります。,試験日から逆算し3ヶ月の月次目標をカレンダーに書き込む;1ヶ月目に3分野の基礎語句と頻出論点を一覧化する;2ヶ月目は週1回50問120分の通し演習で弱点を可視化する;3ヶ月目は再発誤答の集中補強と時間配分調整を行う;毎週末に正答率と迷い時間を記録して計画を更新する,試験要項・公式ページ更新時に本文と参照元を見直す。,2026-06-04,2026-06-29,2026-06-04,published,2026-06-04: 編集合格（手書きリライト）,3ヶ月の月次ロードマップ,"3ヶ月は短いため、月ごとの役割を先に固定します。

| 月 | 比率（基礎:演習） | 目的 |
| --- | --- | --- |
| 1ヶ月目 | 6:4 | 3分野の骨格と用語定着 |
| 2ヶ月目 | 3:7 | 分野別演習＋週1回通し |
| 3ヶ月目 | 1:9 | 再発誤答と時間配分の固定 |

初月は得点より誤答の型を重視し、2ヶ月目以降の演習配分を根拠を持って更新できる地図を作ってください。",3分野の週次配分（10時間の例）,"週10時間の例です。可処分時間に合わせて総量は調整してください。

| 分野 | 時間 | 内容 |
| --- | --- | --- |
| 法令・制度 | 3.5時間 | 用語＋演習15問 |
| 契約・実務 | 3.5時間 | 長文10問＋争点メモ |
| 設備・税務 | 2時間 | 数値早見＋演習10問 |
| 横断 | 1時間 | 誤答解き直し |

正答率が最も低い分野が決まった週は、最弱に+2時間、得意分野から1時間借りる配分に切り替えます。",週間スケジュールの例,"3ヶ月運用では、平日と週末の役割を分けると継続しやすくなります。

| 曜日 | 時間 | 作業 |
| --- | --- | --- |
| 月〜木 | 各45分 | 分野別インプット＋短問 |
| 金 | 30分 | 誤答整理・翌週計画 |
| 土 | 2時間 | 分野横断20問 |
| 日 | 2時間 | 50問通し（2ヶ月目以降） |

忙しい週でも平日15分×3日を最低ラインにすると、3分野の接触が途切れず後半の失速を防げます。",復習日の3層設計,"復習は「即日」「3日後」「週末」の3層で設計すると定着と再現性が両立します。

| 層 | 目的 | 記録 |
| --- | --- | --- |
| 即日 | 理解不足の洗い出し | 論点＋根拠1行 |
| 3日後 | 記憶の確認 | 自力説明できるか |
| 週末 | 応用への転用 | 再発誤答タグ |

月末には再発誤答だけを抽出した短時間テストを実施し、翌月の重点論点を3つに絞ってください。",3ヶ月目の直前調整,"最終月は新規論点の追加を抑え、既習範囲の再現性確認へ集中します。

| 残り | やめること | 残すこと |
| --- | --- | --- |
| 4週 | 新しい参考書 | 再発誤答上位15問 |
| 2週 | 広い範囲の初見 | 通し50問週1回 |
| 1週 | 深夜の情報収集 | 睡眠・争点メモ |
| 前日 | 長時間の新規演習 | 当日チェック |

令和8年度は11月15日試験です。過去問の効果的な使い方の復習サイクルと記録形式を揃えると、解きっぱなしを防げます。",,,,,3ヶ月で間に合いますか？,初学者でも計画的に進めれば十分現実的な期間です。ただし短期で詰め込むのではなく、基礎固め・演習強化・直前調整の3段階を守ることが前提になります。週次で計画を微修正し、月2回以上50問120分の通し演習で形式に慣れる運用にすると、無理なく得点を積み上げやすくなります。,最初に過去問を解いてもよいですか？,最初に過去問を解くのは有効ですが、実力判定というより弱点診断として使うのが適切です。初回で高得点を狙う必要はなく、誤答の原因と分野偏りを把握することが目的です。診断結果を1ヶ月目の基礎学習へ反映し、2ヶ月目に同テーマを再検証する流れにすると効率よく改善できます。,study-plan:学習計画の立て方;past-questions-how-to-use:過去問の効果的な使い方;schedule-application:日程・申込の確認手順,3ヶ月計画と学習計画の立て方の記事の違いは？,学習計画の立て方は独学全般の週次枠・誤答ノート・申込同期が中心です。本記事は残り3ヶ月に特化した月次ロードマップと直前調整が中心です。まず全体設計を立て方の記事で固め、残り期間が3ヶ月になった時点で本記事の表で週次配分を上書きする順がおすすめです。,,,月ごとに役割を固定;3分野に最低枠を残す;2ヶ月目から通し;復習は3層で設計;直前は削除優先
study-plan-6months,学習計画,賃貸不動産経営管理士試験の6ヶ月学習計画,賃貸不動産経営管理士試験の6ヶ月学習計画を前半基礎・後半実戦の2段階で整理。3分野・50問120分・令和8年度11月15日試験向けの月次レビューと通し演習を解説します。,6ヶ月計画の強みは、基礎理解と実戦演習の両方に十分な時間を配分できる点です。賃貸不動産経営管理士試験は50問・120分・3分野、令和8年度は2026年11月15日（日）13:00〜15:00です。本記事では試験センター要項を前提に、前半3ヶ月の定着期と後半3ヶ月の演習期、月次レビューの見方、50問通しの頻度を表で説明します。出題範囲の改定は https://www.chintaikanrishi.jp/ の要項で必ず上書き確認してください。,25,学習計画;試験対策,賃管マスター編集部,資格学習サイトの編集チーム,公式情報確認担当,公開前に一次情報との照合を行う担当者,2026-06-04,賃貸不動産経営管理士協議会（公式）|https://www.chintaikanrishi.jp/,手書きリライト 2026-06-04。自動prose差し替え 2026-06-04（要手書き）。学習計画向けテンプレートから作成。公開前に本文・参照URL・関連リンクを差し替える。,本記事を読むと、6ヶ月で試験準備を進める際に前半と後半で学習重点をどう切り替え、進捗管理をどう行えば失速せずに本番形式へ近づけられるかが分かります。,試験日から逆算し6ヶ月を前半・後半の2期に分ける;前半3ヶ月で基礎知識と用語の定着を完了する;後半3ヶ月で通し演習と時間配分調整を強化する;毎月末に分野別正答率と再発誤答を点検する;公式情報の更新確認を月次ルーティン化する,試験要項・公式ページ更新時に本文と参照元を見直す。,2026-06-04,2026-06-29,2026-06-04,published,2026-06-04: 編集合格（手書きリライト）,6ヶ月の2期構成,"長期計画では、前半と後半の役割を混ぜないことが重要です。

| 期間 | 重点 | 演習 |
| --- | --- | --- |
| 1〜2ヶ月目 | テキスト通読・用語 | 章末確認＋短問 |
| 3〜4ヶ月目 | 分野別演習 | 20問×3分野/週 |
| 5〜6ヶ月目 | 通し・直前調整 | 50問120分 月2回 |
| 各月末 | レビュー | 正答率・再発誤答 |

初期段階の曖昧な理解が後半の失点原因になりやすいため、前半で語句と判断基準を丁寧に揃えてください。",月次マイルストーンの設定,"月次目標は「読む・解く・直す」の3指標で設定すると管理しやすくなります。

| 指標 | 記録例 | 判定 |
| --- | --- | --- |
| 読む | テキスト章3〜4 | 確認問題8割理解 |
| 解く | 演習80〜120問/月 | 分野別正答率 |
| 直す | 再発誤答の解消件数 | 7日後解き直し |
| 通し | 50問120分 | 未解答・時間超過 |

点数だけでなく迷った問題の割合と解答時間も記録し、月次レビューで時間面の課題を残さない運用が後半の伸びを安定させます。",週間スケジュールの切り替え,"前半と後半で平日・週末の比重を変えると、単調化を防げます。

| 時期 | 平日 | 週末 |
| --- | --- | --- |
| 前半 | インプット＋用語 | 確認問題15問 |
| 後半 | 短問反復＋誤答 | 50問通しまたは40問 |
| 直前1か月 | 解き直しのみ | 通し月2回維持 |

週ごとの重点を1つに絞ると負荷管理もしやすく、6ヶ月の後半でも学習量を維持できます。",復習の三層構造,"復習は日次・週次・月次の三層で設計してください。

| 層 | 時間 | 作業 |
| --- | --- | --- |
| 日次 | 15分 | 新規学習の定着確認 |
| 週次 | 45分 | 誤答傾向の把握 |
| 月次 | 2時間 | 計画全体の再配分 |

月次レビューで再発誤答を上位化し翌月の重点へ落とし込む仕組みを持つと、6ヶ月の後半でも弱点を抱え込まず改善を続けられます。",試験前2ヶ月の調整,"試験前2ヶ月は新規学習を最小化し、既習範囲の再現性確認に集中します。

| 残り | 主作業 | やめること |
| --- | --- | --- |
| 8週 | 通し月2回 | 新しい教材追加 |
| 4週 | 再発誤答15問/日 | 広い範囲の初見 |
| 2週 | 争点メモ | 長時間の情報収集 |
| 前日 | 睡眠・持ち物 | 新規演習 |

令和8年度は11月15日試験です。得点を伸ばすより失点を減らす視点に切り替えることで、本番で安定した結果を狙えます。",,,,,6ヶ月は初学者に向いていますか？,基礎理解に不安がある人や仕事と両立する人に適した学習期間です。長期だからといって余裕があるわけではなく、月ごとの役割設定と定期的な見直しが必須です。前半で土台を固め、後半で50問120分の通し演習比重を上げる二段構えを守ると、無理なく合格水準へ近づけます。,途中で遅れた場合の立て直し方は？,未消化範囲を全部埋めるのではなく、頻出論点と再発誤答を上位から処理してください。低頻度論点は直前期の予備枠へ移し、週次の最低ライン（平日30分×3＋誤答3件）だけは維持します。計画の立て直しは学習時間の増量より復習対象の選別で行うと失速しにくくなります。,study-plan:学習計画の立て方;study-plan-3months:3ヶ月学習計画;exam-overview:試験概要・出題分野,6ヶ月計画と3ヶ月計画はどう使い分けますか？,6ヶ月計画は基礎定着に時間をかけられる中長期向け、3ヶ月計画は短期集中向けです。残り期間が6ヶ月以上ある場合は本記事の2期構成で開始し、残り3ヶ月になった時点で3ヶ月計画の表へ切り替える運用が現実的です。どちらも学習計画の立て方の週次枠と記録形式を共通化すると調整が一度で済みます。,,,前半基礎・後半実戦;月次は3指標で管理;復習は三層構造;通しは後半月2回;直前2か月は削除優先
study-plan-1year,学習計画,賃貸不動産経営管理士試験の1年学習計画,賃貸不動産経営管理士試験の1年学習計画を四半期ロードマップで整理。3分野・50問120分・令和8年度11月15日試験向けの月次目標と通し演習の段取りを解説します。,1年計画は細かい日次スケジュールより、四半期ごとの役割を先に決める設計が安定します。賃貸不動産経営管理士試験は50問・120分・3分野、令和8年度は2026年11月15日（日）13:00〜15:00です。本記事では試験センター要項を前提に、基礎理解期・演習強化期・実戦期・総仕上げ期の4期構成、月次マイルストーン、過去問運用の段取りを表で説明します。出題範囲の改定は https://www.chintaikanrishi.jp/ の要項で必ず上書き確認してください。,25,学習計画;試験対策,賃管マスター編集部,資格学習サイトの編集チーム,公式情報確認担当,公開前に一次情報との照合を行う担当者,2026-06-04,賃貸不動産経営管理士協議会（公式）|https://www.chintaikanrishi.jp/,手書きリライト 2026-06-04。自動prose差し替え 2026-06-04（要手書き）。学習計画向けテンプレートから作成。公開前に本文・参照URL・関連リンクを差し替える。,本記事を読むと、1年間で無理なく学習を積み上げる順序が明確になり、3分野を偏りなく回しながら本番形式へ段階的に近づける計画を自分で作れます。,試験センター要項で受験日から逆算した年間カレンダーを作成する;3分野ごとに四半期目標を設定し毎月末に正答率を点検する;四半期ごとに50問120分の通し演習で時間配分を記録する;誤答ノートを知識不足・読解・時間の3分類で管理する;直前期2か月は新規教材を増やさず解き直しに集中する,試験要項・公式ページ更新時に本文と参照元を見直す。,2026-06-04,2026-06-29,2026-06-04,published,2026-06-04: 編集合格（手書きリライト）,年間4期のロードマップ,"12か月を4期に分け、役割を明確にすると忙しい月でも修正しやすくなります。

| 期 | 月の目安 | 重点 |
| --- | --- | --- |
| 基礎理解期 | 1〜3ヶ月目 | テキスト通読・用語 |
| 演習強化期 | 4〜6ヶ月目 | 分野別演習・誤答記録 |
| 実戦期 | 7〜9ヶ月目 | 通し月2回・時間配分 |
| 総仕上げ期 | 10〜12ヶ月目 | 解き直し・直前調整 |

得意分野だけを早期に深掘りすると後半で調整コストが増えるため、各期で3分野すべてに最低枠を残してください。",月次目標の3指標,"月次目標は次の3指標で数値化すると、1年でも迷走しにくくなります。

| 指標 | 記録 | 月末判定 |
| --- | --- | --- |
| 読む | 完了章数 | 確認問題の理解度 |
| 解く | 演習問数 | 分野別正答率 |
| 直す | 再発誤答解消数 | 7日後正答 |

50問120分の処理力が合否に直結するため、実戦期以降は通し得点と未解答数を月次レビューに必ず含めてください。",平日と週末の配分,"1年計画では平日・週末の役割を固定すると実行可能性が上がります。

| 時間帯 | 役割 | 例 |
| --- | --- | --- |
| 平日30分 | 用語・短問 | 1章の確認5問 |
| 平日追加 | 誤答1件 | 根拠1行メモ |
| 週末2時間 | 分野横断 | 20問＋解き直し |
| 月1回 | 通し | 50問120分計測 |

平日30分でも継続する基準を置き週末で不足分を補う形にすると、年間の総学習量を維持しやすくなります。",過去問運用の段取り,"過去問は年度別で全体像を掴み、中盤から分野別で弱点補強へ移行します。

| 時期 | 使い方 | 記録 |
| --- | --- | --- |
| 初期 | 1年度を通し | 分野別正答数 |
| 中盤 | 分野別＋照合表 | 誤答理由3分類 |
| 後半 | 通し月2回 | 時間超過問番号 |
| 直前 | 解き直しのみ | 再発タグ |

正解肢の根拠だけでなく誤答肢がなぜ不適切かを説明できる状態を目指すと、言い換え問題にも対応しやすくなります。",直前期2か月の最終調整,"試験前2か月は新規論点の追加より再発防止を最優先にします。

| 残り | 主作業 | やめること |
| --- | --- | --- |
| 8週 | 通し月2回 | 新参考書 |
| 4週 | 再発上位20論点 | 初見の広い章 |
| 2週 | 争点メモ・持ち物 | 情報収集の増加 |
| 前日 | 睡眠 | 長時間演習 |

令和8年度は11月15日試験です。最後は「解ける問題を落とさない」運用へ集中し、申込・会場確認は日程・申込の記事と照合してください。",模試と通し演習の使い分け,模試と通し演習は目的を分けることで活用価値が上がります。模試は現在地の把握と時間配分検証、通し演習は手順の再現性確認に使ってください。50問120分で解く際は、見直し時間を必ず10分以上確保する配分を事前に決めます。演習後は未着手問題数、迷い時間、マークミス候補を記録し、次回の配分修正へ反映します。この反復により、知識量だけでなく試験運用力まで同時に鍛えられます。,直前期の最終調整,直前期は新規論点の追加より、既存誤答の再発防止を最優先にします。1年分の記録を見返し、誤答回数が多いテーマを上位20項目に絞って解き直してください。直前に教材を広げ過ぎると復習密度が下がり、得点の再現性が落ちます。公式情報の更新確認、当日の持ち物確認、会場までの移動計画を同時に整えることで、学習と手続きの両面で不安を減らせます。最後は『解ける問題を落とさない』運用へ集中することが重要です。,1年計画は細かく作るべきですか？,最初から日単位で細かく作り過ぎると、予定変更時に修正負担が大きくなります。月次目標と週次ルーティンを先に決め、日々の学習量は体調と業務に合わせて調整する方式が現実的です。3分野の循環が重要なので、完璧な日程より継続できる枠組みを優先してください。,通し演習はいつから始めますか？,基礎範囲を1周した段階（目安は4〜5ヶ月目）から短めの通し演習を開始する方法が効果的です。早い段階から50問120分を体験しておくと、時間不足や解答順序の課題を前倒しで発見できます。点数が低くても配分と手順の改善ログを残すことが、後半の本番得点に直結します。,study-plan:学習計画の立て方;study-plan-6months:6ヶ月学習計画;past-questions-how-to-use:過去問の効果的な使い方,1年計画と6ヶ月計画の使い分けは？,1年計画は余裕を持って基礎から積み上げたい人向け、6ヶ月計画はある程度前提知識がある人向けです。開始時点で残り1年以上ある場合は四半期ロードマップで進め、残り6ヶ月になった時点で6ヶ月計画の表へ切り替える運用がおすすめです。記録形式を学習計画の立て方と揃えると、期間を短縮しても修正が一度で済みます。,独学で1年計画を続けるコツは？,継続の鍵は、学習を『やる気』ではなく『手順』で回すことです。曜日ごとに学習内容を固定し、終わったら記録するだけの状態にしておくと、忙しい週でも学習が止まりません。進捗確認は週1回に限定し、できなかった日を責めるより次週の配分修正へ時間を使う方が成果につながります。,四半期で役割を固定;月次は読解直の3指標;過去問は段階的に移行;平日最低枠を守る;直前2か月は削除優先
study-plan-working,学習計画,賃貸不動産経営管理士試験の社会人向け学習計画,賃貸不動産経営管理士試験の社会人向け学習計画を平日最小・週末集中型で整理。3分野・50問120分・令和8年度11月15日試験向けの両立設計と繁忙期の調整を解説します。,社会人受験では、理想的な学習時間より再現可能な最低ラインを先に決める設計が成果を左右します。賃貸不動産経営管理士試験は50問・120分・3分野、令和8年度は2026年11月15日（日）13:00〜15:00です。本記事では試験センター要項を前提に、平日の短時間学習、週末の通し演習、通勤時間の使い方、繁忙期の計画修正を表で説明します。申込締切・受験料は https://www.chintaikanrishi.jp/ の要項で必ず確認してください。,25,学習計画;試験対策,賃管マスター編集部,資格学習サイトの編集チーム,公式情報確認担当,公開前に一次情報との照合を行う担当者,2026-06-04,賃貸不動産経営管理士協議会（公式）|https://www.chintaikanrishi.jp/,手書きリライト 2026-06-04。自動prose差し替え 2026-06-04（要手書き）。学習計画向けテンプレートから作成。公開前に本文・参照URL・関連リンクを差し替える。,本記事を読むと、平日が忙しい社会人でも学習継続できる計画の作り方が分かり、限られた時間で得点効率を高める優先順位の付け方を実践できます。,勤務日の学習可能時間を可視化し平日最低ラインを設定する;通勤時間を用語確認と誤答レビューに固定する;週末に分野横断演習と50問120分通しを交互に入れる;毎月1回通し演習で時間配分と見切り基準を確認する;繁忙期は新規範囲を絞り再発誤答対策に集中する,試験要項・公式ページ更新時に本文と参照元を見直す。,2026-06-04,2026-06-29,2026-06-04,published,2026-06-04: 編集合格（手書きリライト）,社会人学習の前提整理,"社会人向け計画の軸は、気合ではなく再現可能な時間設計です。

| 設計 | 向いている人 | 避ける設計 |
| --- | --- | --- |
| 最低ライン先 | 業務が不規則 | 毎日90分固定 |
| 週末集中 | 平日が短時間のみ | 平日に通し50問 |
| 3分野接触 | 総合点重視 | 1分野だけ平日 |
| 記録3項目 | 忙しい時期 | 長文ノート |

毎日20分でも必ず実施できる計画の方が、毎日90分できる計画より年間総量は安定しやすくなります。",平日学習の最小設計（30分）,"平日は短時間で終わる型を固定すると継続率が上がります。

| 順番 | 時間 | 作業 |
| --- | --- | --- |
| 1 | 10分 | 用語3語＋定義確認 |
| 2 | 10分 | 短問5問 |
| 3 | 10分 | 誤答1件の根拠メモ |

仕事終わりに重い演習を置くと継続しにくいため、50問120分の通しは週末へ回し、平日は知識維持と弱点把握に割り切ってください。",週末で差をつける演習,"週末は社会人受験の得点差が出る時間帯です。

| 週 | 土曜 | 日曜 |
| --- | --- | --- |
| A週 | 分野横断30問 | 誤答解き直し |
| B週 | 50問120分通し | 記録整理・翌週計画 |

AB週を交互に回すと、通しと復習の両方を月4回確保できます。通し後は分野別正答数・未解答数・2分超の問番号を必ず記録してください。",通勤時間の使い方,"通勤は新規インプットより復習向きです。

| 時間 | 用途 | 道具 |
| --- | --- | --- |
| 往路15分 | 用語カード | スマホメモ |
| 復路15分 | 誤答3件 | 誤答ノート |
| 週1回 | 要項確認 | 公式サイト |

通勤で長文演習をしない方が、集中力を週末の通しに温存できます。一問一答と用語確認に限定すると、平日の学習接点を増やしやすくなります。",繁忙期と直前の調整,"繁忙期は学習量を減らすのではなく、内容を絞ります。

| 状況 | 平日 | 週末 |
| --- | --- | --- |
| 通常 | 30分×4日 | 通しまたは30問 |
| 繁忙 | 15分×3日（復習のみ） | 誤答15問 |
| 直前4週 | 争点メモ | 通し月2回 |
| 前日 | 持ち物確認 | 睡眠優先 |

令和8年度は11月15日試験です。ゼロの日を作らない運用が、社会人の長期計画では最も大きな差になります。",復習効率を上げる記録法,復習効率を上げるには、記録を短文化して即参照できる形にすることが有効です。社会人は復習時間が限られるため、誤答ノートは1問1行で十分です。記録項目は『誤答理由』『正解根拠』『次回確認日』の3つに絞ると運用しやすくなります。さらに分野タグを付けると、週末に弱点だけを抽出して再演習できます。記録に時間をかけ過ぎない工夫が、実学習時間の確保につながります。記録様式を固定しておくと、疲れている日でも迷わず更新できるため継続率が上がります。,試験直前の働き方調整,試験直前は仕事との両立で負荷が上がるため、生活面も含めた調整が必要です。前週から睡眠時間を固定し、当日と同じ時刻に演習することで本番の集中を再現しやすくなります。公式情報の更新確認、持ち物点検、会場アクセス確認を早めに済ませ、前日の不安要因を減らしてください。学習面では新規論点を追わず、再発誤答と頻出テーマへ絞る判断が安全です。最後は安定して取れる問題を確実に回収する戦略で臨みましょう。,平日しか時間が取れない場合の目安は？,平日30分×4日＋週末2時間でも週4時間前後になり、6月開始なら試験日までに十分な総量が確保できます。短時間は1章の確認問題と誤答1件の見直しに限定し、週末にまとめて50問形式の演習を入れるとバランスが取りやすくなります。,残業が続く週はどうしますか？,新規範囲を止め、誤答ノートの見直しと用語3語だけでも実施し、学習の接続を切らないことが重要です。最低ラインは15分×2日でも構いません。翌週の週次レビューで削る範囲と残す範囲を1枚に書き、教材を増やすより既習の解き直しを優先すると得点が戻りやすくなります。,study-plan:学習計画の立て方;balance-work-study:仕事と勉強の両立;schedule-application:日程・申込の確認手順,社会人向け計画と学習計画の立て方の違いは？,学習計画の立て方は独学全般の週次枠と誤答ノートが中心です。本記事は勤務との両立に特化し、平日最小・週末集中・繁忙期調整・通勤活用が中心です。まず立て方で全体設計を固め、社会人向けの時間制約がある場合は本記事の表で平日と週末を上書きしてください。,直前に有休を取るべきですか？,可能であれば有効ですが、必須ではありません。有休より先に、前週の業務調整と学習範囲の絞り込みを整える方が効果的です。直前休暇を取る場合も新規学習は増やさず、誤答復習と本番手順確認へ使うことで安定得点につながります。,最低ラインを先に決める;平日30分・週末集中;通勤は復習向き;繁忙期は内容を絞る;通しは週末AB交互
study-plan-beginner,学習計画,賃貸不動産経営管理士試験の初学者向け学習計画,賃貸不動産経営管理士試験の初学者向け学習計画を要項正本で整理。3分野・50問120分・令和8年度11月15日試験向けに、教材選定から週次配分・通し演習までを表で解説します。,"初学者は「何をいつまでに」より先に、試験の前提と3分野の地図を固定すると迷いが減ります。賃貸不動産経営管理士試験は50問・120分・3分野、令和8年度は2026年11月15日（日）13:00〜15:00、受験料は12,000円（要項どおり）です。本記事では一般財団法人 賃貸不動産経営管理士試験センター要項を正本として、初月の優先順位、週次の最低枠、誤答ノート、通し演習の入れ方を表で説明します。日程・出題範囲は https://www.chintaikanrishi.jp/ で必ず最新要項を確認してください。",25,学習計画;試験対策,賃管マスター編集部,資格学習サイトの編集チーム,公式情報確認担当,公開前に一次情報との照合を行う担当者,2026-06-04,賃貸不動産経営管理士協議会（公式）|https://www.chintaikanrishi.jp/,手書きリライト 2026-06-04。自動prose差し替え 2026-06-04（要手書き）。学習計画向けテンプレートから作成。公開前に本文・参照URL・関連リンクを差し替える。,本記事を読むと、初学者が最初に迷いやすい教材選択と学習配分を整理でき、基礎固めから50問120分の演習まで段階的に進める具体的な手順が分かります。,要項で試験日・申込期間・出題範囲を確認し残り週数を数える;基本書と問題集を各1冊に絞り3分野の週次最低時間を決める;初月は分野別インプットと短問演習を毎週継続する;誤答を知識不足・読解・時間の3分類で記録する;月1回は50問120分の通し演習で時間配分を検証する,試験要項・公式ページ更新時に本文と参照元を見直す。,2026-06-04,2026-06-29,2026-06-04,published,2026-06-04: 編集合格（手書きリライト）,初学者が先に固定する公式前提,"学習量を決める前に、試験センター要項で年度前提を確定します。ブログの体験談だけで週次計画を作ると、申込締切や問題数の取り違えが起きやすくなります。

| 項目 | 令和8年度（要項・公式案内） | 計画への反映 |
| --- | --- | --- |
| 試験日 | 2026年11月15日（日）13:00〜15:00 | 残り週数の起点 |
| 形式 | 50問・120分・3分野 | 通し演習の条件 |
| 受験料 | 12,000円 | 申込週の学習調整 |
| 出題範囲 | 要項の科目表 | テキスト目次の照合 |
| 更新 | 公式お知らせ | 月1回15分で差分確認 |

試験概要の記事で3分野の全体像を押さえたうえで、本記事の週次表に入ると初学者でも配分がぶれにくくなります。",教材を1セットに絞る基準,"初学者は教材の追加より、同じセットの反復で定着を作る方が得点に直結しやすいです。

| 役割 | 選び方 | 避けること |
| --- | --- | --- |
| 基本書 | 3分野を通読できる1冊 | 要項未確認の範囲外 |
| 問題集 | 四肢択一・解説に根拠 | 形式が違うアプリだけ |
| 演習 | 当サイトの分野別・通し | 解きっぱなし |
| 用語 | 誤答直後5分 | 用語だけで終わる |
| 追加 | 正答率が伸びない分野のみ | 月2冊以上の購入 |

最初の30日の学習計画の記事と週次テンプレを揃えると、初月の役割分担（診断→配分）が一度で決まります。",初月の3分野配分（週8時間の例）,"週8時間の例です。可処分時間に合わせて総量は調整してください。

| 分野 | 時間 | 初月の中心 |
| --- | --- | --- |
| 法令・制度 | 3時間 | 用語＋章末確認 |
| 契約・実務 | 3時間 | 類型の読み方＋短問10問 |
| 設備・税務 | 2時間 | 数値早見＋短問5問 |
| 横断 | 週末1回 | ミニ演習15問で現在地 |

満点ではなく「3分野を同じ解像度で触れたか」を初月の成功基準にしてください。学習計画の立て方の記事で残り週数別の目安と数字を揃えると、翌月の修正が楽です。",誤答ノートと週次レビュー,"誤答ノートは次の4列で十分機能します。

| 列 | 記入例 | 使い道 |
| --- | --- | --- |
| 分野 | 契約・実務 | 翌週の+時間先 |
| 論点 | 重説の記載事項 | 用語確認 |
| 原因 | 読解・知識・時間 | 対策の種類 |
| 再確認日 | 7日後 | 解き直し |

毎週日曜に「再発誤答トップ3」を選び、翌週の平日30分枠へ優先配置してください。過去問の効果的な使い方の記事と記録形式を共通化すると、初月から復習が途切れにくくなります。",通し演習と直前の切り替え,"初学者でも、残り12週前からは50問120分の通しを月1回以上入れます。

| 残り | 演習 | 記録 |
| --- | --- | --- |
| 16週以上 | 分野別中心＋月1回通し | 分野別正答数 |
| 8〜15週 | 週末20問＋通し月2回 | 未解答数 |
| 5週以内 | 解き直し中心 | 再発誤答のみ |
| 申込期 | 手続き優先 | 誤答10問は維持 |

令和8年度は11月15日試験です。直前1か月は新規教材を増やさず、誤答上位と数値早見に時間を寄せてください。",本番形式への移行,本番形式への移行は、学習後半で急に行うのではなく早めに準備します。50問120分の配分を試すことで、問題の取捨選択と見直し手順が明確になります。通し演習では、迷った問題に使った時間を記録し、次回の見切り基準を設定してください。初学者は知識不足より時間配分で失点するケースが多いため、本番形式の訓練を継続的に入れることが安定得点への近道です。同時に、見直し時にどの項目を優先点検するかを決めると、終盤の取りこぼしを減らせます。,直前期の絞り込み,直前期は『新しいことを増やす』より『解ける問題を確実に取る』方針で進めます。過去の誤答記録から再発率の高い論点を抽出し、優先順に解き直してください。公式情報の更新確認、試験当日の持ち物確認、会場アクセス確認も同時に行います。精神的な不安を減らすには、直前の学習内容を固定して迷いを減らすことが有効です。最後は復習範囲を絞り、再現性のある手順を維持してください。,初学者は何週間前から始めればよいですか？,試験日の20週前からでも、8週前からでも構いません。重要なのは残り週数で週次の最低枠を決め、毎週同じ型で回すことです。開始が遅い場合は初月を短くし、8週前から通し50問120分の比重を上げてください。試験日・申込締切は要項で必ず再確認してください。,1分野だけ先に進めてもよいですか？,2週間程度の集中は有効な場面もありますが、長期間それだけだと他分野が劣化しやすくなります。賃貸不動産経営管理士試験は総合点勝負なので、3分野に最低の接触枠を残し、追加時間だけを苦手分野へ当てる二段階配分が安定しやすいです。,study-plan:学習計画の立て方;first-30-days-plan:最初の30日の学習計画;exam-overview:試験概要・出題分野,初学者向け計画と学習計画の立て方の違いは？,本記事は初学者の初月・教材選定・週次最低枠が中心です。学習計画の立て方の記事は、残り週数別の全体設計と申込・試験日との同期が中心です。先に本記事で初月を終え、翌月から全体設計の表で週合計だけ調整する順がおすすめです。,忙しい週に最低限やるべきことは？,忙しい週は新規学習を減らし、短時間の復習を優先すると失速を防げます。具体的には誤答ノートの見直しと短問演習だけでも実施し、学習の接続を切らないことが重要です。ゼロの日を作らない運用が、長期計画では最も大きな差になります。,要項で前提を先に固定;教材は1セットに絞る;初月は3分野の地図作り;誤答は4列で記録;通しは月1回から
first-30-days-plan,学習計画,賃貸不動産経営管理士試験の最初の30日の学習計画,賃貸不動産経営管理士試験の最初の30日を要項正本で設計。3分野の診断、10日×3段階、平日短時間と週末演習、令和8年度11月15日試験向けに表で解説します。,最初の30日は合格完成ではなく、3分野の地図と誤答の型を作る期間です。賃貸不動産経営管理士試験は50問・120分・3分野、令和8年度は2026年11月15日（日）13:00〜15:00です。本記事では一般財団法人 賃貸不動産経営管理士試験センター要項を正本として、初週の診断、10日ごとの役割、復習日の入れ方、30日目の再測定を表で説明します。要項の改定は https://www.chintaikanrishi.jp/ で必ず上書き確認してください。,25,学習計画;試験対策,賃管マスター編集部,資格学習サイトの編集チーム,公式情報確認担当,公開前に一次情報との照合を行う担当者,2026-06-04,賃貸不動産経営管理士協議会（公式）|https://www.chintaikanrishi.jp/,手書きリライト 2026-06-04。自動prose差し替え 2026-06-04（要手書き）。学習計画向けテンプレートから作成。公開前に本文・参照URL・関連リンクを差し替える。,本記事を読むと、学習初月で何を優先し、どの順番で演習と用語確認を回せば失速せずに基礎を固められるかが分かります。,要項と試験日をカレンダーに転記し残り日数から30日枠を決める;最初の7日で3分野のミニ演習15問で現在地を測る;誤答理由を知識不足・読解・時間に分類して記録する;平日短時間と週末集中の2段運用を固定する;30日目に再測定して次月の重点分野を1つ決める,試験要項・公式ページ更新時に本文と参照元を見直す。,2026-06-04,2026-06-29,2026-06-04,published,2026-06-04: 編集合格（手書きリライト）,30日計画の3段階（各10日）,"問題数を増やす前に、各10日の役割を固定すると立て直しが楽です。

| 期間 | 中心タスク | 成功の目安 |
| --- | --- | --- |
| 1〜10日目 | 要項確認＋3分野を薄く通読 | 章立てが説明できる |
| 11〜20日目 | 分野別短問＋誤答分類 | 原因が3分類で書ける |
| 21〜30日目 | ミニ通し20問＋解き直し | 再発誤答が見える |

得点より「どの分野で迷うか」を観察し、31日目以降の週次配分へ渡してください。",初週の診断（7日間）,"初週は演習量より、3分野を同じ解像度で触ることが目的です。

| 日 | 目安時間 | 内容 |
| --- | --- | --- |
| 1〜2日 | 各45分 | 要項・試験日・申込期限の転記 |
| 3日 | 40分 | 法令・制度の用語5語 |
| 4日 | 40分 | 契約・実務の短問5問 |
| 5日 | 40分 | 設備・税務の数値早見 |
| 6日 | 90分 | 分野別ミニ15問（診断） |
| 7日 | 60分 | 誤答を分野タグ付きで整理 |

似た語句の取り違えは、分野別に1行メモするだけでも後半の効率が上がります。",平日・週末の週間テンプレ,"同じ曜日に同じ役割を置くと、継続率が上がります。

| 曜日 | 時間 | 内容 |
| --- | --- | --- |
| 月・水 | 各30分 | 誤答タグの一問一答 |
| 火 | 45分 | 弱点分野の用語＋演習5問 |
| 木 | 30分 | 数値・期限の早見表 |
| 土 | 2時間 | 分野別15問＋分析 |
| 日 | 1時間 | 土曜と同セットの解き直し |

予定外の用事が入っても、役割固定があれば翌日に移し替えやすくなります。独学の週間・月間スケジュールの記事と表を共通化すると修正が一度で済みます。",復習日の三段階,"復習は当日だけで終わらせず、翌日と7日後をセットにします。

| タイミング | 役割 | 記録 |
| --- | --- | --- |
| 当日 | 理解不足の洗い出し | 争点3語 |
| 翌日 | 再現確認 | 正誤＋根拠1行 |
| 7日後 | 定着確認 | 再発の有無 |
| 週末 | まとめ | 再発トップ3 |

誤答ノートには長文を書かず、原因を一文で残してください。正解知識だけでなく、誤った判断の型を管理すると初月の得点差につながります。",30日目の再測定と次月へ,"30日目は新しい範囲を広げるより、再発誤答へ時間を寄せます。

| 確認 | 記録 | 次月のアクション |
| --- | --- | --- |
| 分野別正答率 | 3分野の数値 | 最弱分野に週+2時間 |
| 再発誤答数 | 上位5問 | 7日後解き直し日 |
| 迷い時間 | 2分超の問番号 | 読み方練習 |
| 要項更新 | あり／なし | 差分1行 |

初学者向け学習計画の記事で翌月の週次枠を決めると、初月の診断結果がそのまま配分に反映されます。",,,,,最初に過去問を解いてもよいですか？,診断目的なら有効です。初回は正答率より、どの分野で迷ったか、どの語句を誤認したかを記録してください。その記録を基に基礎確認へ戻ると、初月の学習効率が上がります。点数だけで自己評価しないことが重要です。,30日で合格ラインまで行けますか？,30日は土台形成の期間と位置付けるのが現実的です。3分野の現在地と誤答の型が把握できれば、その後2〜3か月で得点を伸ばしやすくなります。短期間で範囲を広げるより、週次で改善点を回す設計が結果的に効率的です。,study-plan-beginner:初学者向け学習計画;study-plan:学習計画の立て方;self-study-schedule:独学の週間・月間スケジュール,30日計画と独学スケジュールの記事の違いは？,本記事は学習開始直後の30日間の診断と段階設計が中心です。独学の週間・月間スケジュールの記事は、試験日から逆算した月次マイルストーンと長期運用が中心です。先に30日で地図を作り、翌月から週次テンプレを長期版に拡張する順がおすすめです。,,,30日は地図作りの期間;10日×3段階で役割固定;初週は診断優先;復習は当日・翌日・7日後;30日目に再測定
balance-work-study,学習計画,賃貸不動産経営管理士試験の仕事と勉強の両立｜週次リズムと繁忙期の調整,賃貸不動産経営管理士試験の仕事と勉強の両立を、3分野・50問120分前提で整理。令和8年度11月15日試験向けに可処分時間の見積もり、平日・休日の役割分担、繁忙週の最低ラインを表で解説します。,"社会人受験では、学習時間の総量より「毎週同じリズムで回せるか」が継続の鍵です。賃貸不動産経営管理士試験は50問・120分・3分野、令和8年度の試験日は2026年11月15日（日）13:00〜15:00、受験料は12,000円（要項どおり）です。本記事では一般財団法人 賃貸不動産経営管理士協議会および試験センター要項を正本として、試験日から逆算した週次の学習枠、平日と休日の使い分け、業務繁忙期の調整表を説明します。申込締切と学習は同じカレンダーで管理し、数字は https://www.chintaikanrishi.jp/ の要項で再確認してください。",25,学習計画;試験対策,賃管マスター編集部,資格学習サイトの編集チーム,公式情報確認担当,公開前に一次情報との照合を行う担当者,2026-06-04,賃貸不動産経営管理士協議会（公式）|https://www.chintaikanrishi.jp/,手書きリライト 2026-06-04。自動prose差し替え 2026-06-04（要手書き）。学習計画向けテンプレートから作成。公開前に本文・参照URL・関連リンクを差し替える。,本記事を読むと、フルタイム勤務でも無理なく続く週間学習リズムと、直前期に得点を落とさないための時間配分の作り方が分かります。,試験センター要項で試験日・申込期限を確認し逆算カレンダーを作る;平日と休日の可処分時間を30分単位で1週間記録する;平日は一問一答と短時間演習、休日は3分野の弱点補強に分ける;繁忙週は新規学習を減らし誤答解き直しだけを最低ラインにする;月1回は50問120分の通し演習で時間配分を修正する,試験要項・公式ページ更新時に本文と参照元を見直す。,2026-06-04,2026-06-29,2026-06-04,published,2026-06-04: 編集合格（手書きリライト）,両立の前提を3分野で固定する,"仕事と両立する場合は、最初に学習範囲を3分野へ分割し、今週どこを進めるかを明確にします。範囲を曖昧にしたまま勉強を始めると、疲労日に教材選びだけで時間を失いやすくなります。

| 分野 | 平日の向き | 休日の向き | 記録 |
| --- | --- | --- | --- |
| 法令・制度 | 用語・条文の短時間確認 | 事例演習10問 | 正答数／出題数 |
| 契約・実務 | 類型判別の一問一答 | 長文の当事者メモ | 主体ミス件数 |
| 設備・税務 | 数値早見 | 条件付き演習 | 単位ミス件数 |
| 全体 | 誤答タグ5問以内 | 50問通しまたは20問 | 120分の未解答数 |
| 更新 | 要項の確認日 | 月1回 | カレンダー色分け |

優先順位は固定せず、誤答率の推移を見ながら毎週見直すと、突発業務にも再配置しやすくなります。",残り週数から逆算する目安,"試験日2026年11月15日（日）から逆算し、学習期間を「基礎・演習・直前」の3区切りに分けます。下表は目安であり、実務負荷に合わせて週合計時間を調整してください。

| 残り期間 | 週あたりの目安 | 重点 |
| --- | --- | --- |
| 20週以上 | 8〜12時間 | 3分野の基礎と用語 |
| 12〜19週 | 10〜14時間 | 分野別演習＋誤答記録 |
| 6〜11週 | 12〜16時間 | 50問通しを月2回 |
| 5週以内 | 維持＋解き直し | 新規教材は増やさない |
| 申込期間中 | 手続きを先に完了 | 締切直前の学習停止を防ぐ |

WEB申込は9月30日（水）23:59、郵送は9月24日（木）消印有効（令和8年度要項・要再確認）です。手続き週は演習量を下げても、誤答解き直しの最低ラインは維持してください。",平日・休日の週間スケジュール例,"役割を分けると、短い時間でも前進しやすくなります。次の例をベースに調整してください。

| 曜日 | 目安時間 | 内容 |
| --- | --- | --- |
| 月・水 | 各30分 | 誤答タグの一問一答（10問以内） |
| 火 | 40分 | 弱点分野の用語2語＋演習5問 |
| 木 | 30分 | 数値・期限の早見表確認 |
| 金 | 休み or 15分 | 翌週の学習枠だけ決める |
| 土 | 2〜3時間 | 分野別演習20問＋誤答分析 |
| 日 | 1時間 | 同じ20問の解き直し |

通勤時間は「読むだけ」にせず、外した問題の争点3語を声に出して確認する運用が効きます。通し演習は月1回以上、直前2か月は月2回を目安にしてください。",繁忙期の最低ラインと復習日,"繁忙週は新規範囲を止め、再発防止に切り替えます。最低ラインを先に決めておくと挫折しにくくなります。

| 状況 | 止めること | 続けること |
| --- | --- | --- |
| 残業週 | 新しいテキスト章 | 誤答10問の解き直し |
| 出張週 | 長時間の通し演習 | 一問一答5問＋用語1語 |
| 申込週 | 分野の入れ替え | 要項確認と手続き完了 |
| 回復週 | — | 週末に20問演習でペース復帰 |

復習日はカレンダーに「学習」と同じ重要度で登録し、当日中・翌日・7日後の三段階で同じ誤答を見直すサイクルにすると定着が早まります。",直前期の調整と50問通し,"直前1か月は、業務負荷が高くても50問120分の時間感覚だけは維持します。

| 時期 | 両立のコツ | 演習 |
| --- | --- | --- |
| 4週前 | 睡眠を削らない | 分野別20問 |
| 2週前 | 新規論点を増やさない | 誤答ノート中心 |
| 1週前 | 通勤は争点メモのみ | 短い一問一答 |
| 前日 | 新規は見ない | 当日チェック表のみ |

令和8年度は11月15日試験です。学習計画の全体設計は学習計画の立て方、独学の週次配分は独学スケジュールの記事と併用すると迷いにくくなります。",,,,,仕事が忙しくても週に何時間あれば両立できますか？,残り週数によって異なりますが、まず1週間の可処分時間を30分単位で記録し、その合計の70〜80％を上限に計画するのが現実的です。20週以上残っている場合は週8時間前後から始め、伸びない週は量より解き直しの質を上げてください。試験日と申込締切は要項で必ず再確認してください。,繁忙期に新規学習を全部止めても大丈夫ですか？,1〜2週間なら、新規を止めて誤答解き直しと一問一答に切り替える運用で問題ありません。ただし月1回の50問通しは可能な範囲で維持し、時間配分の感覚が抜けないようにしてください。3週間以上止まる場合は、週末に分野別演習を最低1回入れてペースを戻すことを推奨します。,study-plan:学習計画の立て方;schedule-application:日程・申込の確認手順;self-study-schedule:独学の週間・月間スケジュール,平日と休日の役割分担はどう決めますか？,平日は短時間の反復（一問一答・用語・数値早見）、休日は演習量と誤答分析に充てる分担が安定しやすいです。弱点分野が1つに絞れている週は、平日もその分野に30分追加してください。独学の週間・月間スケジュールの記事と表を揃えると、計画の修正がしやすくなります。,,,週次リズムを先に固定;平日短時間・休日演習;繁忙週は解き直し維持;50問120分を月1回以上;要項で日程を再確認
time-management,学習計画,賃貸不動産経営管理士試験の時間管理と習慣化,賃貸不動産経営管理士試験の時間管理と習慣化を要項正本で整理。学習枠の確保、50問120分の配分訓練、繁忙期の最低ラインを令和8年度向けに表で解説します。,時間管理は「勉強時間を増やす」だけでなく、学習時間と本番120分の配分を同じ記録表で見ることが要点です。賃貸不動産経営管理士試験は50問・120分・3分野、令和8年度は2026年11月15日（日）13:00〜15:00です。本記事では一般財団法人 賃貸不動産経営管理士試験センター要項を正本として、可処分時間の見積もり、習慣化ルール、通し演習での時間記録を表で説明します。試験時間の変更は https://www.chintaikanrishi.jp/ の要項で必ず再確認してください。,25,学習計画;試験対策,賃管マスター編集部,資格学習サイトの編集チーム,公式情報確認担当,公開前に一次情報との照合を行う担当者,2026-06-04,賃貸不動産経営管理士協議会（公式）|https://www.chintaikanrishi.jp/,手書きリライト 2026-06-04。自動prose差し替え 2026-06-04（要手書き）。学習計画向けテンプレートから作成。公開前に本文・参照URL・関連リンクを差し替える。,本記事を読むと、学習時間の確保と本番時間の配分を同時に整えられ、忙しい時期でも失速しにくい継続ルールを実践できるようになります。,1週間の可処分時間を30分単位で記録し計画は70〜80％を上限にする;平日と休日の最小学習時間を決め実施可否を毎週記録する;分野別演習で2分超の問番号を記録し見切り基準を設定する;50問120分の通し演習を月1回以上で配分を調整する;繁忙期は新規を止め誤答解き直しを最低ラインにする,試験要項・公式ページ更新時に本文と参照元を見直す。,2026-06-04,2026-06-29,2026-06-04,published,2026-06-04: 編集合格（手書きリライト）,可処分時間の見積もり方,"感覚ではなく、1週間を30分単位で記録してから計画を書きます。

| ステップ | 作業 | 記録 |
| --- | --- | --- |
| 1 | 通勤・就寝前など空き枠を列挙 | 合計時間 |
| 2 | 予定外業務のバッファを引く | 実効時間 |
| 3 | 実効の70〜80％を週上限にする | 計画時間 |
| 4 | 平日短時間・休日演習に分割 | 曜日別 |
| 5 | 毎週日曜に実績と差分を1行 | 翌週の修正 |

仕事と勉強の両立の記事と表を揃えると、繁忙週の最低ラインも同じ型で運用できます。",習慣化のルール（3つだけ）,"ルールを増やし過ぎると続きません。次の3つに絞ってください。

| ルール | 内容 | 崩れたとき |
| --- | --- | --- |
| 同じ曜日 | 月水=短問、土=演習 | 翌日に同じ役割を移す |
| 最短15分 | 0分より15分 | 誤答1件だけ見直す |
| 記録1行 | 実施・正答数・再発数 | 完璧な表は不要 |

モチベーションより「曜日固定」の方が、長期の総量を確保しやすいです。",本番120分の配分訓練,"学習時間と並行して、50問120分の通しで時間感覚を鍛えます。

| チェック | 目安 | 記録 |
| --- | --- | --- |
| 30分経過 | 12〜15問 | 遅れ問番号 |
| 60分経過 | 25問前後 | 分野タグ |
| 90分経過 | 40問前後 | 見切り数 |
| 115分 | 見直し開始 | 未解答・マーク |

時間配分の戦略の記事で中間チェックポイントを先に固定し、本記事では学習枠との両立に集中すると整理しやすいです。",繁忙期の最低ライン,"繁忙週は新規範囲を止め、再発防止に切り替えます。

| 状況 | 止めること | 続けること |
| --- | --- | --- |
| 残業週 | 新しいテキスト章 | 誤答10問の解き直し |
| 出張週 | 長時間の通し | 一問一答5問 |
| 申込週 | 分野の入れ替え | 要項確認と手続き |
| 回復週 | — | 週末20問でペース復帰 |

1〜2週間の停止は許容しますが、3週間以上は週末に分野別演習を最低1回入れてください。",直前期は「時間の追加」より「削除」,"試験5週前以降は、学習項目を減らす判断が得点安定につながります。

| 残り | やめること | 残すこと |
| --- | --- | --- |
| 4週 | 新しい参考書 | 通し月1回 |
| 2週 | 広い範囲の初見 | 誤答上位15問 |
| 1週 | 深夜の詰め込み | 睡眠・争点メモ |
| 前日 | 長時間の新規演習 | 当日チェック |

令和8年度は11月15日試験です。学習計画の立て方で全体設計を終えている場合は、本表で週合計だけ調整すれば十分なことが多いです。",直前期と当日準備,"【実践セクション27】直前期の新規学習を絞る
時間管理と習慣化では「直前運用」を先に固定すると、学習判断がぶれにくくなります。
賃貸不動産経営管理士試験は3分野50問120分で構成されるため、知識学習と時間運用を同時に整えることが重要です。
とくに学習時間と解答時間の両立で迷った場面では、試験センター公表情報と教材の記述差分を確認して判断してください。
実行段階では、未習追加より既習範囲の再現性を優先するを小さく回し、時間配分の改善を毎週更新する流れが有効です。

【実践セクション28】前日準備を手順化する
時間管理と習慣化では「前日準備」を先に固定すると、学習判断がぶれにくくなります。
賃貸不動産経営管理士試験は3分野50問120分で構成されるため、知識学習と時間運用を同時に整えることが重要です。
とくに学習時間と解答時間の両立で迷った場面では、試験センター公表情報と教材の記述差分を確認して判断してください。
実行段階では、持ち物と移動経路を前日夜に確定するを小さく回し、時間配分の改善を毎週更新する流れが有効です。

【実践セクション29】当日朝の確認範囲を限定する
時間管理と習慣化では「当日調整」を先に固定すると、学習判断がぶれにくくなります。
賃貸不動産経営管理士試験は3分野50問120分で構成されるため、知識学習と時間運用を同時に整えることが重要です。
とくに学習時間と解答時間の両立で迷った場面では、試験センター公表情報と教材の記述差分を確認して判断してください。
実行段階では、高頻度誤答テーマだけ短時間で見直すを小さく回し、時間配分の改善を毎週更新する流れが有効です。

【実践セクション30】試験中のリズムを守る
時間管理と習慣化では「本番運用」を先に固定すると、学習判断がぶれにくくなります。
賃貸不動産経営管理士試験は3分野50問120分で構成されるため、知識学習と時間運用を同時に整えることが重要です。
とくに学習時間と解答時間の両立で迷った場面では、試験センター公表情報と教材の記述差分を確認して判断してください。
実行段階では、各設問で使う時間上限を意識して進めるを小さく回し、時間配分の改善を毎週更新する流れが有効です。

【実践セクション31】終了後の振り返りを残す
時間管理と習慣化では「振り返り」を先に固定すると、学習判断がぶれにくくなります。
賃貸不動産経営管理士試験は3分野50問120分で構成されるため、知識学習と時間運用を同時に整えることが重要です。
とくに学習時間と解答時間の両立で迷った場面では、試験センター公表情報と教材の記述差分を確認して判断してください。
実行段階では、迷った設問の型を本番後に記録するを小さく回し、時間配分の改善を毎週更新する流れが有効です。",再受験を含む継続改善,"【実践セクション32】再受験時の立て直しを設計する
時間管理と習慣化では「再設計」を先に固定すると、学習判断がぶれにくくなります。
賃貸不動産経営管理士試験は3分野50問120分で構成されるため、知識学習と時間運用を同時に整えることが重要です。
とくに学習時間と解答時間の両立で迷った場面では、試験センター公表情報と教材の記述差分を確認して判断してください。
実行段階では、前回失点分野の分析から再計画を作るを小さく回し、時間配分の改善を毎週更新する流れが有効です。

【実践セクション33】心理負荷の管理を行う
時間管理と習慣化では「心理調整」を先に固定すると、学習判断がぶれにくくなります。
賃貸不動産経営管理士試験は3分野50問120分で構成されるため、知識学習と時間運用を同時に整えることが重要です。
とくに学習時間と解答時間の両立で迷った場面では、試験センター公表情報と教材の記述差分を確認して判断してください。
実行段階では、不安要因を学習前に書き出して対処順を決めるを小さく回し、時間配分の改善を毎週更新する流れが有効です。

【実践セクション34】計画崩れ時の復旧手順を持つ
時間管理と習慣化では「復旧計画」を先に固定すると、学習判断がぶれにくくなります。
賃貸不動産経営管理士試験は3分野50問120分で構成されるため、知識学習と時間運用を同時に整えることが重要です。
とくに学習時間と解答時間の両立で迷った場面では、試験センター公表情報と教材の記述差分を確認して判断してください。
実行段階では、翌週で取り返す範囲を優先順で絞り込むを小さく回し、時間配分の改善を毎週更新する流れが有効です。

【実践セクション35】学習記録を一元管理する
時間管理と習慣化では「記録統一」を先に固定すると、学習判断がぶれにくくなります。
賃貸不動産経営管理士試験は3分野50問120分で構成されるため、知識学習と時間運用を同時に整えることが重要です。
とくに学習時間と解答時間の両立で迷った場面では、試験センター公表情報と教材の記述差分を確認して判断してください。
実行段階では、紙かアプリのどちらか一方に記録を集約するを小さく回し、時間配分の改善を毎週更新する流れが有効です。

【実践セクション36】合格までの到達基準を明文化する
時間管理と習慣化では「到達定義」を先に固定すると、学習判断がぶれにくくなります。
賃貸不動産経営管理士試験は3分野50問120分で構成されるため、知識学習と時間運用を同時に整えることが重要です。
とくに学習時間と解答時間の両立で迷った場面では、試験センター公表情報と教材の記述差分を確認して判断してください。
実行段階では、分野別目標点と所要時間を明確に置くを小さく回し、時間配分の改善を毎週更新する流れが有効です。",平日しか時間が取れない場合は？,平日30分×4日＋週末2時間でも週4時間前後になり、長期でも総量は確保できます。短時間は一問一答と誤答1件の見直しに限定し、週末に演習量と誤答分析をまとめる分担が安定しやすいです。残り週数が短い場合は週末に通し50問を月2回入れてください。,時間管理と時間配分の戦略の違いは？,本記事は学習枠の確保・習慣化・繁忙期の両立が中心です。時間配分の戦略の記事は、50問120分の中での解答順・見切り・中間チェックが中心です。先に学習時間を確保し、通し演習で本番配分を記録する順がおすすめです。,study-plan:学習計画の立て方;time-limit-strategy:時間配分の戦略;balance-work-study:仕事と勉強の両立,記録が続かないときは？,記録項目を3つ（実施したか、正答数、再発誤答数）に絞ってください。完璧な表より、毎週日曜に1行更新する運用の方が、翌週の配分修正に直結します。伸びない週は学習量を増やす前に、解き直しの質と通し1回を優先してください。,,,可処分時間を数値化;曜日固定で習慣化;通しで120分を記録;繁忙週は解き直し維持;直前は削除優先
self-study-start,独学対策,賃貸不動産経営管理士試験の独学の始め方,賃貸不動産経営管理士試験の独学の始め方を要項正本で整理。公式確認・教材1セット・現在地測定・復習設計を令和8年度11月15日試験向けに表で解説します。,"独学の初動は、問題を解き始める前に試験の前提と学習の型を固定することです。賃貸不動産経営管理士試験は50問・120分・3分野、令和8年度は2026年11月15日（日）13:00〜15:00、受験料は12,000円（要項どおり）です。本記事では一般財団法人 賃貸不動産経営管理士協議会および試験センター要項を正本として、確認順序、教材選定、過去問での診断、復習日の入れ方を表で説明します。申込・試験日は https://www.chintaikanrishi.jp/ で必ず最新要項を確認してください。",26,独学;教材;学習計画,賃管マスター編集部,資格学習サイトの編集チーム,公式情報確認担当,公開前に一次情報との照合を行う担当者,2026-06-04,賃貸不動産経営管理士協議会（公式）|https://www.chintaikanrishi.jp/,手書きリライト 2026-06-04。自動prose差し替え 2026-06-04（要手書き）。独学対策向けテンプレートから作成。公開前に本文・参照URL・関連リンクを差し替える。,本記事を読むと、独学開始時に何を先に決めるべきかが明確になり、3分野を無理なく回す習慣と50問120分へつなげる基礎設計を作れるようになります。,試験センター要項と協議会公表で当年度の前提を確認する;基本書と問題集を各1冊に絞り学習範囲を固定する;過去問または演習で分野別正答率を計測する;復習日を週内に固定し誤答原因を記録する;直前期に残す論点を早めに決め教材追加を抑える,試験要項・公式ページ更新時に本文と参照元を見直す。,2026-06-04,2026-06-29,2026-06-04,published,2026-06-04: 編集合格（手書きリライト）,独学前に終える確認順序,"確認の順番を固定すると、学習開始後の手戻りが減ります。

| 順番 | 確認項目 | 記録 |
| --- | --- | --- |
| 1 | 試験日・時間・問題数 | カレンダー |
| 2 | 受験資格・申込方法 | 区分の該当 |
| 3 | 出題範囲・科目表 | 3分野一覧 |
| 4 | 受験料・締切 | 手続き日 |
| 5 | 合格発表（予定） | 参考 |

日程・申込の確認手順の記事と表を揃えると、独学の初週で手続きと学習を同じカレンダーに載せやすくなります。",教材を1セットに絞る,"独学では反復しやすさを最優先に選びます。

| 種類 | 目安 | 運用 |
| --- | --- | --- |
| 基本書 | 公式テキストまたは同等 | 章単位で2周 |
| 問題集 | 四肢択一 | 週末15〜20問 |
| 演習 | 当サイト分野別・通し | 月1回120分 |
| 用語 | 誤答直後 | 争点3語メモ |
| 追加 | 月1回まで検討 | 再発率を先に見る |

教材を増やす前に、既存セットの再発誤答率を確認してください。独学スケジュールの記事へ進む前に、本節でセットを固定すると迷いが減ります。",過去問・演習で現在地を測る,"初回演習は点数評価より診断目的で使います。

| 記録 | 目的 | 次の行動 |
| --- | --- | --- |
| 分野別正答数 | 弱点の特定 | 週+2時間 |
| 迷い時間 | 読み方 | 2分超の問を練習 |
| 根拠曖昧 | 知識の穴 | 用語へ戻る |
| 未解答 | 見切り基準 | 解答順の見直し |

50問120分の形式を早い段階から意識し、過去問の効果的な使い方の記事と記録形式を共通化すると改善が速くなります。",復習日を計画に組み込む,"復習を余った時間の作業にしないことが継続の要点です。

| 層 | タイミング | 内容 |
| --- | --- | --- |
| 即日 | 演習直後 | 誤答の争点3語 |
| 翌日 | 24時間以内 | 同問の再挑戦 |
| 週次 | 日曜 | 再発トップ3の選定 |
| 月次 | 月末 | 配分の修正1行 |

週内に復習日を2回カレンダー登録し、忙しい週でも最低ライン（誤答3件の見直し）を守ってください。",独学開始後の記事の使い分け,"初動が終わったら、次の記事へ役割分担で進みます。

| 記事 | 中心テーマ |
| --- | --- |
| 本記事 | 確認・教材・診断 |
| 最初の30日 | 初月の段階設計 |
| 独学スケジュール | 週次・月次テンプレ |
| 学習計画の立て方 | 残り週数別の全体設計 |

令和8年度は11月15日試験です。直前1か月は新規論点より、誤答解き直しと通しの時間感覚を優先してください。",,,,,独学では何から始めればよいですか？,試験センター要項と協議会公表で年度条件を確かめ、基本書と問題集を固定してから演習で現在地を測る順が安全です。この順序を守ると学習範囲がぶれず、初期の手戻りを抑えられます。申込締切も同じカレンダーに登録してください。,過去問だけで足りますか？,過去問は必須ですが、根拠理解が浅いまま回数だけ増やすと形式変化に弱くなります。基本書で論点を確認しつつ、過去問で判断力を鍛える往復にすると独学でも安定します。誤答原因の記録を演習のたびに更新することが運用の中心です。,self-study-schedule:独学の週間・月間スケジュール;study-plan:学習計画の立て方;past-questions-how-to-use:過去問の効果的な使い方,独学の始め方と独学スケジュールの違いは？,本記事は開始前後の確認・教材・診断が中心です。独学の週間・月間スケジュールの記事は、試験日から逆算した長期の週次テンプレが中心です。本記事で初動を終えてから、スケジュール記事の月次表に入る順がおすすめです。,,,要項確認が初動;教材は1セット;初回演習は診断;復習日を先に確保;記事は役割分担
self-study-schedule,独学対策,賃貸不動産経営管理士試験の独学スケジュール｜週間・月間の具体例,賃貸不動産経営管理士試験の独学を週間・月間で設計。3分野・50問120分・令和8年度11月15日試験向けに、公式確認から演習・復習・直前調整までを表で解説します。,独学スケジュールは、教材の量より「いつ・何を・どの精度で」が書かれたカレンダーかで成果が変わります。賃貸不動産経営管理士試験は50問・120分・3分野、令和8年度は2026年11月15日（日）13:00〜15:00です。本記事では一般財団法人 賃貸不動産経営管理士協議会および試験センター要項を正本として、試験日から逆算した月次マイルストーン、週次の役割分担、復習日の入れ方を表にまとめます。日程・申込は https://www.chintaikanrishi.jp/ の要項で必ず上書き確認してください。,26,独学;教材;学習計画,賃管マスター編集部,資格学習サイトの編集チーム,公式情報確認担当,公開前に一次情報との照合を行う担当者,2026-06-04,賃貸不動産経営管理士協議会（公式）|https://www.chintaikanrishi.jp/,手書きリライト 2026-06-04。自動prose差し替え 2026-06-04（要手書き）。独学対策向けテンプレートから作成。公開前に本文・参照URL・関連リンクを差し替える。,本記事を読むと、独学の学習時間を週単位・月単位で配分する方法が分かり、3分野を偏りなく回しながら50問120分に対応できるスケジュールを組めるようになります。,試験日から逆算して月間目標と週間タスクを設定する;平日学習枠と週末演習枠を先にカレンダーへ固定する;教材は固定し月次で進捗と正答率を評価する;復習日を週2回設定し誤答の再発防止を記録する;直前1か月は新規論点を抑え頻出論点へ集中する,試験要項・公式ページ更新時に本文と参照元を見直す。,2026-06-04,2026-06-29,2026-06-04,published,2026-06-04: 編集合格（手書きリライト）,独学前に固定する公式前提,"スケジュールを書く前に、試験センター要項と協議会公表で年度前提を確定します。日程が曖昧なまま週次計画を作ると、途中で全体が組み直しになりやすくなります。

| 項目 | 令和8年度（要項・公式案内） | 計画への反映 |
| --- | --- | --- |
| 試験日 | 2026年11月15日（日）13:00〜15:00 | 残り週数の起点 |
| 形式 | 50問・120分・3分野 | 通し演習の間隔 |
| 受験料 | 12,000円 | 申込週の学習調整 |
| WEB申込 | 8/3 12:00〜9/30 23:59 | 手続き完了の期限 |
| 合格発表 | 12/24（木）予定 | 直前の心理負荷調整 |

数値は執筆時点の公表整理です。申込前に要項で必ず再確認してください。",教材を1セットに絞る基準,"独学では、基本書1冊＋問題集1冊＋当サイト演習に絞るとスケジュールが守りやすくなります。

| 役割 | 選び方 | スケジュール上の置き方 |
| --- | --- | --- |
| 基本書 | 3分野を通読できる1冊 | 月前半で1周 |
| 問題集 | 四肢択一形式 | 週末20問 |
| 過去問・演習 | 当サイトの分野別・通し | 月2回の120分 |
| 用語 | 用語解説 | 誤答直後5分 |
| 追加 | 正答率が伸びない分野のみ | 月1回まで検討 |

教材を増やす前に、既存セットの再発誤答率を見てください。独学の始め方の記事で初期準備を終えてから、本記事の週次表に入ると迷いが減ります。",月間マイルストーンの例,"試験日から逆算した月次の例です。開始時期に合わせて前後させてください。

| フェーズ | 期間の目安 | 週の中心タスク |
| --- | --- | --- |
| 基礎 | 残り16週以上 | 分野別インプット＋用語 |
| 演習 | 残り8〜15週 | 分野別20問＋誤答分類 |
| 通し | 残り4〜7週 | 50問120分を月2回 |
| 直前 | 残り3週 | 誤答解き直し＋数値早見 |
| 申込 | 8〜9月 | 資格・写真・決済を先に完了 |

各月末に「3分野の正答数」「再発誤答数」「通しの未解答数」を1行で記録すると、翌月の配分修正が数値で決められます。",週間テンプレと復習日,"週次は同じ型を繰り返すと習慣化しやすくなります。

| 曜日 | 時間 | 内容 |
| --- | --- | --- |
| 月・水 | 30分×2 | 誤答タグの一問一答 |
| 火 | 45分 | 弱点分野の演習10問 |
| 木 | 30分 | 用語2語＋条文メモ |
| 土 | 2.5時間 | 分野別20問＋分析 |
| 日 | 1時間 | 土曜と同セットの解き直し |
| 随時 | 復習日2回 | 7日後の再確認 |

過去問の効果的な使い方に沿って、誤答理由を知識不足・読解・時間に分類し、翌週の火曜時間を再配分してください。",直前期の絞り込み,"直前1か月は、スケジュールの「追加」ではなく「削除」が主作業になります。

| 残り | やめること | 残すこと |
| --- | --- | --- |
| 4週 | 新しい参考書 | 既習範囲の通し |
| 2週 | 広い範囲の初見 | 誤答上位15問 |
| 1週 | 長時間の新規演習 | 数値・手続の早見 |
| 前日 | 深夜の詰め込み | 睡眠・持ち物確認 |

仕事との両立が必要な場合は、仕事と勉強の両立の記事の繁忙期ルールと表を共通化すると、週次の修正が一度で済みます。",,,,,独学スケジュールは何週間前から作ればよいですか？,試験日の20週前からでも、8週前からでも構いません。重要なのは、残り週数で月次目標を3段階に分け、週次テンプレを同じ型で回すことです。開始が遅い場合は基礎期を短くし、演習と通しの比重を早めに上げてください。最新日程は試験センター要項で確認してください。,週に何時間を目安にすればよいですか？,残り12週以上なら週10〜14時間、6〜11週なら12〜16時間を目安にし、実績が続かない週は70％上限に下げても構いません。量より、50問通しの月2回と誤答の7日後解き直しを優先すると得点が安定しやすくなります。可処分時間の記録は仕事と勉強の両立の記事の手順が使えます。,self-study-start:独学の始め方;study-plan:学習計画の立て方;past-questions-how-to-use:過去問の効果的な使い方,過去問は週のどこに入れるのがよいですか？,週末にまとまった時間で分野別20問、月2回は50問120分の通しを入れる配置が扱いやすいです。平日は一問一答と用語確認に限定し、長文の連続処理は休日に集中させてください。記録法は過去問の効果的な使い方の記事と揃えると、誤答分類がぶれにくくなります。,,,要項で前提を先に固定;教材は1セットに絞る;月次で正答数を記録;週次テンプレを反復;直前は削除で調整
self-study-mistakes,独学対策,賃貸不動産経営管理士試験の独学のよくある失敗,賃貸不動産経営管理士試験の独学で起こりやすい失敗と回避策を整理。3分野の偏り・誤答放置・教材増殖を令和8年度50問120分前提で表で解説します。,独学の失敗は能力不足だけでなく、記録と配分の設計ミスで起きることが多いです。賃貸不動産経営管理士試験は50問・120分・3分野、令和8年度は2026年11月15日（日）13:00〜15:00です。本記事では一般財団法人 賃貸不動産経営管理士試験センター要項を正本として、よくある失敗パターン、早期の見分け方、再発を止める運用を表で説明します。非公式情報だけで計画を変えないよう、https://www.chintaikanrishi.jp/ で必ず再確認してください。,26,独学;教材;学習計画,賃管マスター編集部,資格学習サイトの編集チーム,公式情報確認担当,公開前に一次情報との照合を行う担当者,2026-06-04,賃貸不動産経営管理士協議会（公式）|https://www.chintaikanrishi.jp/,手書きリライト 2026-06-04。自動prose差し替え 2026-06-04（要手書き）。独学対策向けテンプレートから作成。公開前に本文・参照URL・関連リンクを差し替える。,本記事を読むと、独学で失点につながる行動パターンを早期に把握し、演習記録を使って失敗の再発を防ぐ具体策が分かります。,要項を月1回確認し誤情報に基づく計画変更を防ぐ;3分野を週内で最低1回ずつ触れる配分にする;誤答は解いた当日に原因を1行記録する;教材追加前に既存セットの再発率を見る;直前期は新規論点より再発誤答を優先する,試験要項・公式ページ更新時に本文と参照元を見直す。,2026-06-04,2026-06-29,2026-06-04,published,2026-06-04: 編集合格（手書きリライト）,独学で多い失敗パターン,"次の5つは、独学受験で再発しやすい型です。

| 失敗 | 信号 | 回避 |
| --- | --- | --- |
| 公式未確認 | 締切・問題数の誤記憶 | 要項を月1回 |
| 1分野偏重 | 他分野の正答率低下 | 週次最低枠 |
| 解きっぱなし | 同型誤答が続く | 当日1行記録 |
| 教材増殖 | 進捗が見えない | 再発率を先に見る |
| 通し不足 | 時間切れが増える | 月1回50問120分 |

失敗を責めるより、信号が出た週に配分を1項目だけ直す運用が現実的です。",誤答放置を止める記録,"誤答は演習の直後に処理しないと、再発率が上がります。

| タイミング | 記録（1行） | 次アクション |
| --- | --- | --- |
| 当日 | 争点＋原因 | 用語5分 |
| 翌日 | 再挑戦の正誤 | 類題5問 |
| 7日後 | 再発の有無 | 週次の+時間 |
| 月末 | 再発トップ5 | 翌月の重点 |

過去問の効果的な使い方の復習サイクルと合わせると、独学でも「解いたが伸びない」状態を早めに断てます。",3分野の偏りを週次で直す,"得意分野だけ進むと、総合点が伸びにくくなります。

| 分野 | 週の最低接触 | 偏りの信号 |
| --- | --- | --- |
| 法令・制度 | 30分＋短問5問 | 2週未接触 |
| 契約・実務 | 30分＋短問5問 | 長文ミス増加 |
| 設備・税務 | 20分＋数値確認 | 単位ミス増加 |
| 全体 | 週末の誤答分析 | 1分野だけ高得点 |

科目構成と配点の記事で週次時間を決め、偏り信号が出た週は最弱分野に+2時間を上乗せしてください。",教材を増やす前の判断,"新しい問題集は、再発率が下がらないときだけ検討します。

| 判断材料 | 追加してよい | 追加を待つ |
| --- | --- | --- |
| 再発誤答率 | 40％超が2週続く | 解き直しで半減 |
| 通し得点 | 基準未満が続く | 月1回で改善 |
| 学習時間 | 週上限に余裕 | 既習が未完了 |
| 形式 | 本番と同条件 | 画面のみの演習 |

教材追加より、既習範囲の解き直しと通し1回を先に試す方が、多くの場合で得点が戻りやすいです。",直前期にやりがちな失敗,"試験5週前以降に増える失敗も型があります。

| 行動 | リスク | 代わりにやること |
| --- | --- | --- |
| 予想情報の収集 | 要項外へ時間消費 | 月15分で要項確認 |
| 新規の広い章 | 定着不足 | 再発誤答のみ |
| 深夜の長時間 | 判断力低下 | 睡眠優先 |
| 通しゼロ | 時間切れ | 短い一問一答 |

独学の始め方で作った復習日を維持し、令和8年度は11月15日試験として当日チェックまで含めて整えてください。",当日対応の準備,"【実践セクション27】直前期の新規範囲を制限する
独学で起こりやすい失敗の回避では「直前運用」を判断軸として先に固定すると、日々の学習がぶれにくくなります。
賃貸不動産経営管理士の学習は、3分野を往復しながら精度を高める設計が有効です。
とくに学習計画の崩れと誤答放置の防止に迷った時は、試験センターの公表情報を確認し、一次情報を優先して修正してください。
実行段階では、未学習追加より既習再現を優先するを小さく回し、週次レビューで改善点を1つだけ更新する運用が効果的です。

【実践セクション28】前日準備を固定化する
独学で起こりやすい失敗の回避では「前日チェック」を判断軸として先に固定すると、日々の学習がぶれにくくなります。
賃貸不動産経営管理士の学習は、3分野を往復しながら精度を高める設計が有効です。
とくに学習計画の崩れと誤答放置の防止に迷った時は、試験センターの公表情報を確認し、一次情報を優先して修正してください。
実行段階では、持ち物と当日の移動計画を前日に確定するを小さく回し、週次レビューで改善点を1つだけ更新する運用が効果的です。

【実践セクション29】当日朝の学習内容を限定する
独学で起こりやすい失敗の回避では「当日朝」を判断軸として先に固定すると、日々の学習がぶれにくくなります。
賃貸不動産経営管理士の学習は、3分野を往復しながら精度を高める設計が有効です。
とくに学習計画の崩れと誤答放置の防止に迷った時は、試験センターの公表情報を確認し、一次情報を優先して修正してください。
実行段階では、暗記確認は高頻度誤答テーマだけに絞るを小さく回し、週次レビューで改善点を1つだけ更新する運用が効果的です。

【実践セクション30】本番中の見切り基準を定義する
独学で起こりやすい失敗の回避では「本番配分」を判断軸として先に固定すると、日々の学習がぶれにくくなります。
賃貸不動産経営管理士の学習は、3分野を往復しながら精度を高める設計が有効です。
とくに学習計画の崩れと誤答放置の防止に迷った時は、試験センターの公表情報を確認し、一次情報を優先して修正してください。
実行段階では、長考上限を超えたら一旦保留するを小さく回し、週次レビューで改善点を1つだけ更新する運用が効果的です。

【実践セクション31】見直しの優先順を決める
独学で起こりやすい失敗の回避では「見直し順」を判断軸として先に固定すると、日々の学習がぶれにくくなります。
賃貸不動産経営管理士の学習は、3分野を往復しながら精度を高める設計が有効です。
とくに学習計画の崩れと誤答放置の防止に迷った時は、試験センターの公表情報を確認し、一次情報を優先して修正してください。
実行段階では、数値問題と主体表現から点検するを小さく回し、週次レビューで改善点を1つだけ更新する運用が効果的です。",継続運用の見直し,"【実践セクション32】試験後の振り返り観点を準備する
独学で起こりやすい失敗の回避では「試験後整理」を判断軸として先に固定すると、日々の学習がぶれにくくなります。
賃貸不動産経営管理士の学習は、3分野を往復しながら精度を高める設計が有効です。
とくに学習計画の崩れと誤答放置の防止に迷った時は、試験センターの公表情報を確認し、一次情報を優先して修正してください。
実行段階では、再受験可能性も想定して記録項目を決めるを小さく回し、週次レビューで改善点を1つだけ更新する運用が効果的です。

【実践セクション33】公式更新の監視頻度を決める
独学で起こりやすい失敗の回避では「更新監視」を判断軸として先に固定すると、日々の学習がぶれにくくなります。
賃貸不動産経営管理士の学習は、3分野を往復しながら精度を高める設計が有効です。
とくに学習計画の崩れと誤答放置の防止に迷った時は、試験センターの公表情報を確認し、一次情報を優先して修正してください。
実行段階では、試験センター告知ページを定期確認するを小さく回し、週次レビューで改善点を1つだけ更新する運用が効果的です。

【実践セクション34】記録ツールを単純化する
独学で起こりやすい失敗の回避では「記録運用」を判断軸として先に固定すると、日々の学習がぶれにくくなります。
賃貸不動産経営管理士の学習は、3分野を往復しながら精度を高める設計が有効です。
とくに学習計画の崩れと誤答放置の防止に迷った時は、試験センターの公表情報を確認し、一次情報を優先して修正してください。
実行段階では、紙かアプリのどちらかに統一して迷いを減らすを小さく回し、週次レビューで改善点を1つだけ更新する運用が効果的です。

【実践セクション35】学習の優先順位を毎週更新する
独学で起こりやすい失敗の回避では「優先順位」を判断軸として先に固定すると、日々の学習がぶれにくくなります。
賃貸不動産経営管理士の学習は、3分野を往復しながら精度を高める設計が有効です。
とくに学習計画の崩れと誤答放置の防止に迷った時は、試験センターの公表情報を確認し、一次情報を優先して修正してください。
実行段階では、過去問の誤答傾向で翌週配分を調整するを小さく回し、週次レビューで改善点を1つだけ更新する運用が効果的です。

【実践セクション36】本番までの到達基準を明文化する
独学で起こりやすい失敗の回避では「到達目標」を判断軸として先に固定すると、日々の学習がぶれにくくなります。
賃貸不動産経営管理士の学習は、3分野を往復しながら精度を高める設計が有効です。
とくに学習計画の崩れと誤答放置の防止に迷った時は、試験センターの公表情報を確認し、一次情報を優先して修正してください。
実行段階では、分野別正答目安と所要時間を具体化するを小さく回し、週次レビューで改善点を1つだけ更新する運用が効果的です。",独学で一番危ない失敗は何ですか？,誤答の放置と1分野偏重の組み合わせです。解いた量は増えても、再発誤答と他分野の劣化で総合点が伸びない状態になりやすいです。週次で3分野の接触と誤答1行記録を最低ラインにすると、早期に軌道修正できます。,失敗したあとどう立て直しますか？,今週の最低ライン（誤答3件の見直し＋1分野30分）だけを実行し、来週の日曜に削る範囲と残す範囲を1枚に書いてください。教材を増やすより、通し50問120分を1回入れて時間切れの問番号を記録すると改善が速いです。,self-study-start:独学の始め方;past-questions-how-to-use:過去問の効果的な使い方;study-plan:学習計画の立て方,失敗回避と独学の始め方はどう使い分けますか？,独学の始め方は確認・教材・診断の初動が中心です。本記事は学習が進んだあとに起きる偏り・放置・教材増殖の回避が中心です。初動を終えたら、週次レビューで本記事の表を見て信号がないか確認する運用がおすすめです。,,,失敗は設計ミスも多い;誤答は当日に1行;3分野に最低枠;追加前に再発率;直前は削除優先
self-study-environment,独学対策,賃貸不動産経営管理士試験の独学環境の整え方,賃貸不動産経営管理士試験の独学環境づくりを要項正本で整理。3分野・50問120分・令和8年度11月15日試験向けに、学習場所・教材配置・復習導線を表で解説します。,"独学が続かない原因の多くは、意志より環境と着手の設計にあります。賃貸不動産経営管理士試験は50問・120分・3分野、令和8年度は2026年11月15日（日）13:00〜15:00、受験料は12,000円（要項どおり）です。本記事では一般財団法人 賃貸不動産経営管理士試験センター要項を正本として、学習場所の固定、教材の置き方、誤答記録の一元管理、中断時の代替手順を表で説明します。日程・出題範囲は https://www.chintaikanrishi.jp/ で必ず最新要項を確認してください。",26,独学;教材;学習計画,賃管マスター編集部,資格学習サイトの編集チーム,公式情報確認担当,公開前に一次情報との照合を行う担当者,2026-06-04,賃貸不動産経営管理士協議会（公式）|https://www.chintaikanrishi.jp/,手書きリライト 2026-06-04。自動prose差し替え 2026-06-04（要手書き）。独学対策向けテンプレートから作成。公開前に本文・参照URL・関連リンクを差し替える。,本記事を読むと、独学を続けやすい学習環境を先に設計でき、日々の学習開始が速くなって3分野の復習サイクルを安定運用できるようになります。,要項で試験日・出題範囲を確認し残り週数をカレンダーに登録する;3分野ごとに教材置き場と復習順を決め迷いなく着手できる状態を作る;平日と休日で学習場所を2パターン準備し中断時の代替手順も決める;誤答記録を1ツールに統一し週1回の見直し時間を固定する;月末に環境面の阻害要因を洗い出し翌月の運用を最小修正する,試験要項・公式ページ更新時に本文と参照元を見直す。,2026-06-04,2026-06-29,2026-06-04,published,2026-06-04: 編集合格（手書きリライト）,独学環境づくりの公式前提,"環境設計の前に、試験センター要項で年度条件を固定します。非公式まとめだけで学習場所を整えても、問題数や試験日の誤記憶は防げません。

| 項目 | 令和8年度（要項・公式案内） | 環境設計への反映 |
| --- | --- | --- |
| 試験日 | 2026年11月15日（日）13:00〜15:00 | 残り週数の起点 |
| 形式 | 50問・120分・3分野 | 通し演習の机配置 |
| 受験料 | 12,000円 | 申込週の学習調整 |
| 出題範囲 | 要項の科目表 | 教材棚の3分野ラベル |
| 更新 | 公式お知らせ | 月1回15分で差分確認 |

独学の始め方の記事で確認順序を終えたうえで、本記事の物理・デジタル環境に入ると手戻りが減ります。",学習場所と着手ルーティン,"場所は「静かさ」より、毎回同じ手順で始められるかが重要です。

| 要素 | 平日の目安 | 休日・代替 |
| --- | --- | --- |
| 場所 | 自宅の固定席 | 図書館・カフェ（予約席） |
| 開始前 | 通知オフ・教材3点だけ机に | 持ち歩きセットを事前梱包 |
| 時間 | 30〜45分×1〜2枠 | 90分×1枠＋休憩10分 |
| 中断時 | 誤答1件メモで終了 | 翌日同時間に再開 |
| 終了後 | 次回の章を付箋1枚 | 週次レビュー用に正答数記録 |

着手前ルーティンは3項目（要項確認メモ・今日の分野・演習枚数）に絞ると、社会人の学習計画の記事と曜日固定の習慣がつながりやすくなります。",3分野の教材配置と復習導線,"教材は増やすより、3分野を同じ順で触れる配置にします。

| 分野 | 机の配置 | 復習の出口 |
| --- | --- | --- |
| 法令・制度 | 左：基本書＋短問 | 争点3語メモ |
| 契約・実務 | 中央：問題集＋メモ | 類型1枚の読み直し |
| 設備・税務 | 右：数値早見＋短問 | 単位チェックリスト |
| 横断 | 週末フォルダ | 誤答トップ3の選定 |

デジタルだけの環境でも、フォルダ名を分野別に揃えれば同じ導線が作れます。独学スケジュールの週次表と「今日触る分野」を一致させてください。",誤答記録と週次レビューの固定,"環境の弱点は、記録が散らばることです。1ツールに統一します。

| 記録項目 | 書き方（1行） | 見直し |
| --- | --- | --- |
| 争点 | 条文・条項名 | 当日5分 |
| 原因 | 知識・読解・時間 | 翌日再挑戦 |
| 次行動 | 用語／類題／通し | 日曜15分 |
| 再発 | 有無のみ | 月末の配分修正 |

過去問の効果的な使い方の復習サイクルと形式を揃えると、環境を整えたあとすぐに得点改善へつなげられます。",環境まわりで起きやすい混乱,"独学環境を整える際、次の混同に注意してください。

### 環境改善と学習量の増加
新しい机やアプリを導入しても、演習量が増えなければ得点は動きません。環境は「始めやすさ」のための投資で、週次の最低演習枠は別途カレンダーに書いてください。

### 1分野だけ机に置く配置
得意分野の教材だけ手元にあると、他分野の接触が週内で途切れます。3分野の最低接触を週次レビューで確認する運用をセットにしてください。

### 非公式情報での計画変更
SNSの学習法動画だけで環境を作り直すと、要項外の論点に時間を使いがちです。令和8年度は11月15日試験として、月1回は必ず公式サイトで前提を再確認してください。",当日対応の準備,"【実践セクション27】直前期の新規範囲を制限する
独学環境の整え方では「直前運用」を判断軸として先に固定すると、日々の学習がぶれにくくなります。
賃貸不動産経営管理士の学習は、3分野を往復しながら精度を高める設計が有効です。
とくに学習場所と学習時間の固定に迷った時は、試験センターの公表情報を確認し、一次情報を優先して修正してください。
実行段階では、未学習追加より既習再現を優先するを小さく回し、週次レビューで改善点を1つだけ更新する運用が効果的です。

【実践セクション28】前日準備を固定化する
独学環境の整え方では「前日チェック」を判断軸として先に固定すると、日々の学習がぶれにくくなります。
賃貸不動産経営管理士の学習は、3分野を往復しながら精度を高める設計が有効です。
とくに学習場所と学習時間の固定に迷った時は、試験センターの公表情報を確認し、一次情報を優先して修正してください。
実行段階では、持ち物と当日の移動計画を前日に確定するを小さく回し、週次レビューで改善点を1つだけ更新する運用が効果的です。

【実践セクション29】当日朝の学習内容を限定する
独学環境の整え方では「当日朝」を判断軸として先に固定すると、日々の学習がぶれにくくなります。
賃貸不動産経営管理士の学習は、3分野を往復しながら精度を高める設計が有効です。
とくに学習場所と学習時間の固定に迷った時は、試験センターの公表情報を確認し、一次情報を優先して修正してください。
実行段階では、暗記確認は高頻度誤答テーマだけに絞るを小さく回し、週次レビューで改善点を1つだけ更新する運用が効果的です。

【実践セクション30】本番中の見切り基準を定義する
独学環境の整え方では「本番配分」を判断軸として先に固定すると、日々の学習がぶれにくくなります。
賃貸不動産経営管理士の学習は、3分野を往復しながら精度を高める設計が有効です。
とくに学習場所と学習時間の固定に迷った時は、試験センターの公表情報を確認し、一次情報を優先して修正してください。
実行段階では、長考上限を超えたら一旦保留するを小さく回し、週次レビューで改善点を1つだけ更新する運用が効果的です。

【実践セクション31】見直しの優先順を決める
独学環境の整え方では「見直し順」を判断軸として先に固定すると、日々の学習がぶれにくくなります。
賃貸不動産経営管理士の学習は、3分野を往復しながら精度を高める設計が有効です。
とくに学習場所と学習時間の固定に迷った時は、試験センターの公表情報を確認し、一次情報を優先して修正してください。
実行段階では、数値問題と主体表現から点検するを小さく回し、週次レビューで改善点を1つだけ更新する運用が効果的です。",継続運用の見直し,"【実践セクション32】試験後の振り返り観点を準備する
独学環境の整え方では「試験後整理」を判断軸として先に固定すると、日々の学習がぶれにくくなります。
賃貸不動産経営管理士の学習は、3分野を往復しながら精度を高める設計が有効です。
とくに学習場所と学習時間の固定に迷った時は、試験センターの公表情報を確認し、一次情報を優先して修正してください。
実行段階では、再受験可能性も想定して記録項目を決めるを小さく回し、週次レビューで改善点を1つだけ更新する運用が効果的です。

【実践セクション33】公式更新の監視頻度を決める
独学環境の整え方では「更新監視」を判断軸として先に固定すると、日々の学習がぶれにくくなります。
賃貸不動産経営管理士の学習は、3分野を往復しながら精度を高める設計が有効です。
とくに学習場所と学習時間の固定に迷った時は、試験センターの公表情報を確認し、一次情報を優先して修正してください。
実行段階では、試験センター告知ページを定期確認するを小さく回し、週次レビューで改善点を1つだけ更新する運用が効果的です。

【実践セクション34】記録ツールを単純化する
独学環境の整え方では「記録運用」を判断軸として先に固定すると、日々の学習がぶれにくくなります。
賃貸不動産経営管理士の学習は、3分野を往復しながら精度を高める設計が有効です。
とくに学習場所と学習時間の固定に迷った時は、試験センターの公表情報を確認し、一次情報を優先して修正してください。
実行段階では、紙かアプリのどちらかに統一して迷いを減らすを小さく回し、週次レビューで改善点を1つだけ更新する運用が効果的です。

【実践セクション35】学習の優先順位を毎週更新する
独学環境の整え方では「優先順位」を判断軸として先に固定すると、日々の学習がぶれにくくなります。
賃貸不動産経営管理士の学習は、3分野を往復しながら精度を高める設計が有効です。
とくに学習場所と学習時間の固定に迷った時は、試験センターの公表情報を確認し、一次情報を優先して修正してください。
実行段階では、過去問の誤答傾向で翌週配分を調整するを小さく回し、週次レビューで改善点を1つだけ更新する運用が効果的です。

【実践セクション36】本番までの到達基準を明文化する
独学環境の整え方では「到達目標」を判断軸として先に固定すると、日々の学習がぶれにくくなります。
賃貸不動産経営管理士の学習は、3分野を往復しながら精度を高める設計が有効です。
とくに学習場所と学習時間の固定に迷った時は、試験センターの公表情報を確認し、一次情報を優先して修正してください。
実行段階では、分野別正答目安と所要時間を具体化するを小さく回し、週次レビューで改善点を1つだけ更新する運用が効果的です。",独学環境で最初に整えるべきは何ですか？,試験日と50問120分・3分野をカレンダーに書いたうえで、毎回同じ席・同じ着手手順・誤答を書く1ツールを決めることです。静かな部屋より、30分で始めて終えられる設計の方が継続に効きます。独学の始め方で確認順序を終えてから本記事の配置に入ると手戻りが少ないです。,自宅しか学習場所がない場合は？,固定席に教材を3分野分だけ置き、開始前にスマートフォンを別室に置く運用が有効です。中断が多い週は演習を15問に減らし、誤答1件の見直しだけを最低ラインにしてください。休日に90分枠を1つ確保し、週次レビューと通し演習の記録をまとめると偏りを防げます。,self-study-start:独学の始め方;self-study-schedule:独学の週間・月間スケジュール;study-plan-working:社会人の学習計画,独学環境と独学スケジュールの違いは？,本記事は場所・教材配置・記録ツールなど「始めやすさ」の設計が中心です。独学の週間・月間スケジュールの記事は、試験日から逆算した時間配分が中心です。環境を整えたあと、スケジュール記事の週次表に演習量を書き込む順がおすすめです。,,,要項確認が環境設計の前提;着手ルーティンは3項目;3分野の配置を固定;誤答記録は1ツール;改善は始めやすさ優先
self-study-motivation,独学対策,賃貸不動産経営管理士試験の独学のモチベーション維持,賃貸不動産経営管理士試験の独学モチベーション維持を要項正本で整理。3分野・50問120分・令和8年度11月15日試験向けに、進捗の見える化と最低ライン設計を表で解説します。,"モチベーションは気分ではなく、達成感と負荷の設計で維持しやすくなります。賃貸不動産経営管理士試験は50問・120分・3分野、令和8年度は2026年11月15日（日）13:00〜15:00、受験料は12,000円（要項どおり）です。本記事では一般財団法人 賃貸不動産経営管理士試験センター要項を正本として、残り期間の可視化、週次の小目標、誤答再発数の記録、低下時の最低ラインを表で説明します。日程・合格発表は https://www.chintaikanrishi.jp/ で必ず最新要項を確認してください。",26,独学;教材;学習計画,賃管マスター編集部,資格学習サイトの編集チーム,公式情報確認担当,公開前に一次情報との照合を行う担当者,2026-06-04,賃貸不動産経営管理士協議会（公式）|https://www.chintaikanrishi.jp/,手書きリライト 2026-06-04。自動prose差し替え 2026-06-04（要手書き）。独学対策向けテンプレートから作成。公開前に本文・参照URL・関連リンクを差し替える。,本記事を読むと、学習意欲の波がある時期でも継続可能な設計へ切り替えられ、3分野の到達度を見失わずに本番まで進める方法が分かります。,要項で試験日を可視化し残り週数に対する週目標を明文化する;3分野ごとに小目標を設定し達成したら即時に記録する;学習時間だけでなく誤答再発数も管理し改善実感を作る;気力低下時は最低ライン学習へ切り替え連続性を優先する;週末に達成項目を振り返り翌週は負荷を微調整する,試験要項・公式ページ更新時に本文と参照元を見直す。,2026-06-04,2026-06-29,2026-06-04,published,2026-06-04: 編集合格（手書きリライト）,モチベーション設計の公式前提,"やる気の前に、試験の終わりが見える状態を作ります。

| 項目 | 令和8年度（要項・公式案内） | 記録への反映 |
| --- | --- | --- |
| 試験日 | 2026年11月15日（日）13:00〜15:00 | 残り週数・カウントダウン |
| 形式 | 50問・120分・3分野 | 週次の演習目標 |
| 合格発表 | 2026年12月24日（木）予定 | 長期の区切り |
| 申込締切 | 要項のWEB・郵送 | 手続き週の負荷調整 |
| 更新 | 公式お知らせ | 計画の根拠を月1回確認 |

ブログの「毎日3時間」だけを目標にすると、繁忙期に挫折しやすくなります。残り週数から逆算した最低ラインと理想ラインの2段階が現実的です。",進捗を見える化する指標,"学習時間だけでは改善実感が出にくいため、再発誤答数を並べます。

| 指標 | 記録の仕方 | 見るタイミング |
| --- | --- | --- |
| 学習日数 | 実施したか（○/×） | 毎日 |
| 分野接触 | 3分野を触れた週（○/×） | 日曜 |
| 演習数 | 解いた問数 | 週末 |
| 再発誤答 | 同型の再ミス数 | 週末 |
| 通し | 50問120分の正答・時間切れ | 月1回 |

完璧な表より、毎週日曜に3行更新する運用の方が、翌週の配分修正に直結します。独学のよくある失敗の記事と照らし、再発が増えた週は配分だけ直してください。",週次の小目標と3分野のバランス,"目標は大きく取らず、週に達成項目を2つに限定します。

| 週の例 | 達成項目1 | 達成項目2 |
| --- | --- | --- |
| 基礎週 | 法令・制度を30分 | 短問10問 |
| 実務週 | 契約条項を1類型 | 誤答3件の見直し |
| 設備週 | 数値早見を更新 | 短問5問 |
| 演習週 | ミニ通し25問 | 時間切れの問番号記録 |

3分野すべてに最低接触がある週を、モチベーション維持の成功基準にしてください。独学環境の整え方で記録ツールを固定しておくと、達成の記入が続きやすくなります。",気力低下時の最低ライン,"低下期は量を減らし、連続性だけ守ります。

| 状態 | 最低ライン（15〜20分） | 避けること |
| --- | --- | --- |
| 繁忙 | 誤答3件の見直し | 新規の広い章 |
| 疲労 | 一問一答10問 | 通し50問の無理な追加 |
| 不安 | 要項15分確認 | 予想問題の収集 |
| 停滞 | 同型誤答5問 | 教材の一括買い替え |

ゼロの日を作らないことが、翌週のフル負荷復帰を楽にします。社会人の学習計画の繁忙週テンプレと組み合わせると運用が安定します。",やる気設計で混同しやすい点,"モチベーション維持でよくある誤解を整理します。

### 気分と成果の混同
調子が良い日だけ長時間勉強すると、不振の週に学習がゼロになりがちです。最低ラインを先に決め、理想ラインは達成した週のボーナスにすると継続しやすくなります。

### SNSの比較
他受験者の進捗投稿は参考になりますが、要項と無関係な学習法を取り込むと計画がぶれます。比較は再発誤答数の改善だけに使い、学習量の競争にはしないでください。

### 教材購入による気分転換
新しい問題集は一時的な安心感を与えますが、直前期は再現性を下げることがあります。令和8年度は11月15日試験として、購入より既習の解き直しを優先してください。",当日対応の準備,"【実践セクション27】直前期の新規範囲を制限する
独学モチベーションの維持では「直前運用」を判断軸として先に固定すると、日々の学習がぶれにくくなります。
賃貸不動産経営管理士の学習は、3分野を往復しながら精度を高める設計が有効です。
とくに継続負荷の調整と達成感の設計に迷った時は、試験センターの公表情報を確認し、一次情報を優先して修正してください。
実行段階では、未学習追加より既習再現を優先するを小さく回し、週次レビューで改善点を1つだけ更新する運用が効果的です。

【実践セクション28】前日準備を固定化する
独学モチベーションの維持では「前日チェック」を判断軸として先に固定すると、日々の学習がぶれにくくなります。
賃貸不動産経営管理士の学習は、3分野を往復しながら精度を高める設計が有効です。
とくに継続負荷の調整と達成感の設計に迷った時は、試験センターの公表情報を確認し、一次情報を優先して修正してください。
実行段階では、持ち物と当日の移動計画を前日に確定するを小さく回し、週次レビューで改善点を1つだけ更新する運用が効果的です。

【実践セクション29】当日朝の学習内容を限定する
独学モチベーションの維持では「当日朝」を判断軸として先に固定すると、日々の学習がぶれにくくなります。
賃貸不動産経営管理士の学習は、3分野を往復しながら精度を高める設計が有効です。
とくに継続負荷の調整と達成感の設計に迷った時は、試験センターの公表情報を確認し、一次情報を優先して修正してください。
実行段階では、暗記確認は高頻度誤答テーマだけに絞るを小さく回し、週次レビューで改善点を1つだけ更新する運用が効果的です。

【実践セクション30】本番中の見切り基準を定義する
独学モチベーションの維持では「本番配分」を判断軸として先に固定すると、日々の学習がぶれにくくなります。
賃貸不動産経営管理士の学習は、3分野を往復しながら精度を高める設計が有効です。
とくに継続負荷の調整と達成感の設計に迷った時は、試験センターの公表情報を確認し、一次情報を優先して修正してください。
実行段階では、長考上限を超えたら一旦保留するを小さく回し、週次レビューで改善点を1つだけ更新する運用が効果的です。

【実践セクション31】見直しの優先順を決める
独学モチベーションの維持では「見直し順」を判断軸として先に固定すると、日々の学習がぶれにくくなります。
賃貸不動産経営管理士の学習は、3分野を往復しながら精度を高める設計が有効です。
とくに継続負荷の調整と達成感の設計に迷った時は、試験センターの公表情報を確認し、一次情報を優先して修正してください。
実行段階では、数値問題と主体表現から点検するを小さく回し、週次レビューで改善点を1つだけ更新する運用が効果的です。",継続運用の見直し,"【実践セクション32】試験後の振り返り観点を準備する
独学モチベーションの維持では「試験後整理」を判断軸として先に固定すると、日々の学習がぶれにくくなります。
賃貸不動産経営管理士の学習は、3分野を往復しながら精度を高める設計が有効です。
とくに継続負荷の調整と達成感の設計に迷った時は、試験センターの公表情報を確認し、一次情報を優先して修正してください。
実行段階では、再受験可能性も想定して記録項目を決めるを小さく回し、週次レビューで改善点を1つだけ更新する運用が効果的です。

【実践セクション33】公式更新の監視頻度を決める
独学モチベーションの維持では「更新監視」を判断軸として先に固定すると、日々の学習がぶれにくくなります。
賃貸不動産経営管理士の学習は、3分野を往復しながら精度を高める設計が有効です。
とくに継続負荷の調整と達成感の設計に迷った時は、試験センターの公表情報を確認し、一次情報を優先して修正してください。
実行段階では、試験センター告知ページを定期確認するを小さく回し、週次レビューで改善点を1つだけ更新する運用が効果的です。

【実践セクション34】記録ツールを単純化する
独学モチベーションの維持では「記録運用」を判断軸として先に固定すると、日々の学習がぶれにくくなります。
賃貸不動産経営管理士の学習は、3分野を往復しながら精度を高める設計が有効です。
とくに継続負荷の調整と達成感の設計に迷った時は、試験センターの公表情報を確認し、一次情報を優先して修正してください。
実行段階では、紙かアプリのどちらかに統一して迷いを減らすを小さく回し、週次レビューで改善点を1つだけ更新する運用が効果的です。

【実践セクション35】学習の優先順位を毎週更新する
独学モチベーションの維持では「優先順位」を判断軸として先に固定すると、日々の学習がぶれにくくなります。
賃貸不動産経営管理士の学習は、3分野を往復しながら精度を高める設計が有効です。
とくに継続負荷の調整と達成感の設計に迷った時は、試験センターの公表情報を確認し、一次情報を優先して修正してください。
実行段階では、過去問の誤答傾向で翌週配分を調整するを小さく回し、週次レビューで改善点を1つだけ更新する運用が効果的です。

【実践セクション36】本番までの到達基準を明文化する
独学モチベーションの維持では「到達目標」を判断軸として先に固定すると、日々の学習がぶれにくくなります。
賃貸不動産経営管理士の学習は、3分野を往復しながら精度を高める設計が有効です。
とくに継続負荷の調整と達成感の設計に迷った時は、試験センターの公表情報を確認し、一次情報を優先して修正してください。
実行段階では、分野別正答目安と所要時間を具体化するを小さく回し、週次レビューで改善点を1つだけ更新する運用が効果的です。",モチベーションが下がったときは？,学習量を増やす前に、最低ライン（誤答3件の見直し＋短問10問）だけ実行してください。翌週の日曜に、削る範囲と残す範囲を1枚に書くと負荷の調整が楽になります。3分野のうち1つだけ30分触れる週を設けると、到達度の見失いを防げます。,やる気を数値化するには？,学習日数・分野接触・再発誤答数の3つを週次で記録するのが扱いやすいです。時間だけを追うと、解きっぱなしで再発が増えても達成感が出にくくなります。月1回の50問120分通しで、時間切れの問番号を書くと改善の実感につながります。,self-study-environment:独学環境の整え方;study-plan-working:社会人の学習計画;self-study-mistakes:独学のよくある失敗,モチベーション維持と独学環境の違いは？,独学環境の整え方は、場所・教材配置・記録ツールなど着手のしやすさが中心です。本記事は、達成感の設計・週次目標・低下時の最低ラインが中心です。環境を整えたあと、本記事の指標で週次レビューを回す順がおすすめです。,,,残り週数を先に可視化;再発誤答も指標に;週の目標は2つまで;低下期は最低ライン;比較は改善だけに
self-study-without-school,独学対策,賃貸不動産経営管理士試験の資格学校なしの独学,賃貸不動産経営管理士試験を資格学校なしで独学する手順を要項正本で整理。3分野・50問120分・令和8年度11月15日試験向けに、進度管理と一次情報確認を表で解説します。,"資格学校がなくても、判断基準と記録の型があれば独学は再現可能です。賃貸不動産経営管理士試験は50問・120分・3分野、令和8年度は2026年11月15日（日）13:00〜15:00、受験料は12,000円（要項どおり）です。本記事では一般財団法人 賃貸不動産経営管理士協議会および試験センター要項を正本として、学習範囲の確定、週次進度、疑問の確認先、復習日の確保を表で説明します。申込・試験日は https://www.chintaikanrishi.jp/ で必ず最新要項を確認してください。",26,独学;教材;学習計画,賃管マスター編集部,資格学習サイトの編集チーム,公式情報確認担当,公開前に一次情報との照合を行う担当者,2026-06-04,賃貸不動産経営管理士協議会（公式）|https://www.chintaikanrishi.jp/,手書きリライト 2026-06-04。自動prose差し替え 2026-06-04（要手書き）。独学対策向けテンプレートから作成。公開前に本文・参照URL・関連リンクを差し替える。,本記事を読むと、学校に通わない前提でも学習判断の基準を保てるようになり、一次情報確認と過去問演習を軸に独学を着実に進められます。,要項と協議会公表で学習範囲を確定し計画のブレを防ぐ;3分野の進度を週次で記録し遅れが出た分野を早期補正する;疑問点は一次資料で根拠確認し記録して再発を防ぐ;過去問演習の復習日を先に確保し解きっぱなしを防止する;直前期は自作チェックリストで当日行動まで含めて整える,試験要項・公式ページ更新時に本文と参照元を見直す。,2026-06-04,2026-06-29,2026-06-04,published,2026-06-04: 編集合格（手書きリライト）,学校なし独学の公式前提,"講義がない分、要項と公式案内が学習の正本になります。

| 確認先 | 主な内容 | 独学での使い方 |
| --- | --- | --- |
| 試験センター要項 | 日程・申込・出題範囲 | 週次計画の根拠 |
| 協議会公表 | 制度・登録の案内 | 試験後手続きの整理 |
| 公式サイト | お知らせ・差分 | 月1回の更新確認 |
| 当サイト演習 | 分野別・通し | 進度の測定 |
| 用語解説 | 争点の補足 | 誤答直後の5分 |

公式情報の確認先の記事と表を揃えると、学校なしでも「どこを見ればよいか」が固定されます。",週次進度と3分野の補正,"進度は章数ではなく、分野別の接触と正答の推移で見ます。

| 分野 | 週の最低 | 遅れの信号 | 補正 |
| --- | --- | --- | --- |
| 法令・制度 | 30分＋短問5問 | 2週未接触 | 翌週+2時間 |
| 契約・実務 | 30分＋短問5問 | 長文ミス増 | 読み順の固定 |
| 設備・税務 | 20分＋数値確認 | 単位ミス増 | 早見表の更新 |
| 全体 | 日曜レビュー | 1分野だけ高得点 | 最弱分野を先 |

独学の週間・月間スケジュールのテンプレに、本表の「遅れの信号」を書き込んでおくと早期補正が楽です。",疑問点の確認先（学校の代替）,"講師に聞く代わりに、根拠の階層を固定します。

| 疑問の型 | 最初に見るもの | 記録 |
| --- | --- | --- |
| 日程・申込 | 試験センター要項 | 和暦・西暦両方 |
| 出題範囲 | 要項の科目表 | 章と分野の対応 |
| 条文趣旨 | 法令条文・ガイドライン | 争点3語 |
| 解説の食い違い | 公式テキスト優先 | 採用した根拠1行 |
| 体験談のみ | 計画に反映しない | 要項で再確認 |

SNSの「こう出る」情報は、要項と矛盾する場合は採用しないでください。過去問の効果的な使い方で、解説と条文の往復手順を共通化すると安定します。",復習日と通し演習の確保,"学校がない独学ほど、復習をカレンダーに先に入れます。

| 層 | タイミング | 内容 |
| --- | --- | --- |
| 即日 | 演習直後 | 誤答の争点と原因 |
| 翌日 | 24時間以内 | 同問の再挑戦 |
| 週次 | 日曜 | 再発トップ3 |
| 月次 | 月末 | 50問120分通し1回 |

通しは月1回から始め、時間切れの問番号を記録してください。直前期は新規範囲より、再発誤答と時間感覚を優先します。",学校なし独学で混同しやすい点,"独学判断で起きやすい混同を整理します。

### 試験合格と業法登録
学科試験の合格と、賃貸住宅管理業法上の登録・届出は別手続きです。学校の案内と協議会公表を混読すると、合格後の義務を取り違えやすくなります。

### 教材販売サイトの「申込代行」
試験センターとは無関係な代行サービスがあります。申込は要項記載の方法のみにしてください。

### 独学＝過去問だけ
過去問は必須ですが、根拠が浅いまま回数だけ増やすと形式変化に弱くなります。基本書で論点を確認し、過去問で判断力を鍛える往復にしてください。",当日対応の準備,"【実践セクション27】直前期の新規範囲を制限する
資格学校なし独学の進め方では「直前運用」を判断軸として先に固定すると、日々の学習がぶれにくくなります。
賃貸不動産経営管理士の学習は、3分野を往復しながら精度を高める設計が有効です。
とくに自己管理と一次情報確認の徹底に迷った時は、試験センターの公表情報を確認し、一次情報を優先して修正してください。
実行段階では、未学習追加より既習再現を優先するを小さく回し、週次レビューで改善点を1つだけ更新する運用が効果的です。

【実践セクション28】前日準備を固定化する
資格学校なし独学の進め方では「前日チェック」を判断軸として先に固定すると、日々の学習がぶれにくくなります。
賃貸不動産経営管理士の学習は、3分野を往復しながら精度を高める設計が有効です。
とくに自己管理と一次情報確認の徹底に迷った時は、試験センターの公表情報を確認し、一次情報を優先して修正してください。
実行段階では、持ち物と当日の移動計画を前日に確定するを小さく回し、週次レビューで改善点を1つだけ更新する運用が効果的です。

【実践セクション29】当日朝の学習内容を限定する
資格学校なし独学の進め方では「当日朝」を判断軸として先に固定すると、日々の学習がぶれにくくなります。
賃貸不動産経営管理士の学習は、3分野を往復しながら精度を高める設計が有効です。
とくに自己管理と一次情報確認の徹底に迷った時は、試験センターの公表情報を確認し、一次情報を優先して修正してください。
実行段階では、暗記確認は高頻度誤答テーマだけに絞るを小さく回し、週次レビューで改善点を1つだけ更新する運用が効果的です。

【実践セクション30】本番中の見切り基準を定義する
資格学校なし独学の進め方では「本番配分」を判断軸として先に固定すると、日々の学習がぶれにくくなります。
賃貸不動産経営管理士の学習は、3分野を往復しながら精度を高める設計が有効です。
とくに自己管理と一次情報確認の徹底に迷った時は、試験センターの公表情報を確認し、一次情報を優先して修正してください。
実行段階では、長考上限を超えたら一旦保留するを小さく回し、週次レビューで改善点を1つだけ更新する運用が効果的です。

【実践セクション31】見直しの優先順を決める
資格学校なし独学の進め方では「見直し順」を判断軸として先に固定すると、日々の学習がぶれにくくなります。
賃貸不動産経営管理士の学習は、3分野を往復しながら精度を高める設計が有効です。
とくに自己管理と一次情報確認の徹底に迷った時は、試験センターの公表情報を確認し、一次情報を優先して修正してください。
実行段階では、数値問題と主体表現から点検するを小さく回し、週次レビューで改善点を1つだけ更新する運用が効果的です。",継続運用の見直し,"【実践セクション32】試験後の振り返り観点を準備する
資格学校なし独学の進め方では「試験後整理」を判断軸として先に固定すると、日々の学習がぶれにくくなります。
賃貸不動産経営管理士の学習は、3分野を往復しながら精度を高める設計が有効です。
とくに自己管理と一次情報確認の徹底に迷った時は、試験センターの公表情報を確認し、一次情報を優先して修正してください。
実行段階では、再受験可能性も想定して記録項目を決めるを小さく回し、週次レビューで改善点を1つだけ更新する運用が効果的です。

【実践セクション33】公式更新の監視頻度を決める
資格学校なし独学の進め方では「更新監視」を判断軸として先に固定すると、日々の学習がぶれにくくなります。
賃貸不動産経営管理士の学習は、3分野を往復しながら精度を高める設計が有効です。
とくに自己管理と一次情報確認の徹底に迷った時は、試験センターの公表情報を確認し、一次情報を優先して修正してください。
実行段階では、試験センター告知ページを定期確認するを小さく回し、週次レビューで改善点を1つだけ更新する運用が効果的です。

【実践セクション34】記録ツールを単純化する
資格学校なし独学の進め方では「記録運用」を判断軸として先に固定すると、日々の学習がぶれにくくなります。
賃貸不動産経営管理士の学習は、3分野を往復しながら精度を高める設計が有効です。
とくに自己管理と一次情報確認の徹底に迷った時は、試験センターの公表情報を確認し、一次情報を優先して修正してください。
実行段階では、紙かアプリのどちらかに統一して迷いを減らすを小さく回し、週次レビューで改善点を1つだけ更新する運用が効果的です。

【実践セクション35】学習の優先順位を毎週更新する
資格学校なし独学の進め方では「優先順位」を判断軸として先に固定すると、日々の学習がぶれにくくなります。
賃貸不動産経営管理士の学習は、3分野を往復しながら精度を高める設計が有効です。
とくに自己管理と一次情報確認の徹底に迷った時は、試験センターの公表情報を確認し、一次情報を優先して修正してください。
実行段階では、過去問の誤答傾向で翌週配分を調整するを小さく回し、週次レビューで改善点を1つだけ更新する運用が効果的です。

【実践セクション36】本番までの到達基準を明文化する
資格学校なし独学の進め方では「到達目標」を判断軸として先に固定すると、日々の学習がぶれにくくなります。
賃貸不動産経営管理士の学習は、3分野を往復しながら精度を高める設計が有効です。
とくに自己管理と一次情報確認の徹底に迷った時は、試験センターの公表情報を確認し、一次情報を優先して修正してください。
実行段階では、分野別正答目安と所要時間を具体化するを小さく回し、週次レビューで改善点を1つだけ更新する運用が効果的です。",資格学校なしでも合格できますか？,可能です。要項で範囲を固定し、週次で3分野に触れ、誤答を記録して再発を減らす運用が再現性を作ります。講義の代わりに、公式案内と演習記録を週次レビューする習慣を中心に据えてください。令和8年度は11月15日試験として、申込締切も同じカレンダーに載せると手続き漏れを防げます。,独学で質問先がない不安は？,日程・出題は試験センター要項、制度は協議会公表を正本にしてください。解説の食い違いは公式テキストを優先し、争点を3語でメモして同型問題に戻すと改善が速いです。体験談だけで計画を変えず、変更前に要項で上書き確認する習慣を付けると不安が減ります。,self-study-start:独学の始め方;official-info-sources:公式情報の確認先;past-questions-how-to-use:過去問の効果的な使い方,学校なし独学と独学の始め方の違いは？,独学の始め方は確認・教材・診断の初動が中心です。本記事は、講義がない前提での進度管理・疑問の確認先・復習設計が中心です。初動を終えたあと、本記事の週次進度表で遅れを補正する運用がおすすめです。要項確認の習慣は両方の記事で共通の前提になります。,,,要項が正本;進度は分野別に;疑問は階層で確認;復習日を先に確保;合格と登録は別
textbook-selection,独学対策,賃貸不動産経営管理士試験のテキストの選び方,賃貸不動産経営管理士試験のテキスト選びを要項正本で整理。3分野・50問120分・令和8年度11月15日試験向けに、選定基準と1セット運用を表で解説します。,"テキスト選びで先に決めるべきは、人気ではなく選定基準と役割分担です。賃貸不動産経営管理士試験は50問・120分・3分野、令和8年度は2026年11月15日（日）13:00〜15:00、受験料は12,000円（要項どおり）です。本記事では一般財団法人 賃貸不動産経営管理士試験センター要項を正本として、要項との照合、基本書1冊の運用、分野別補強、乗り換え判断を表で説明します。出題範囲は https://www.chintaikanrishi.jp/ で必ず最新要項を確認してください。",26,独学;教材;学習計画,賃管マスター編集部,資格学習サイトの編集チーム,公式情報確認担当,公開前に一次情報との照合を行う担当者,2026-06-04,賃貸不動産経営管理士協議会（公式）|https://www.chintaikanrishi.jp/,手書きリライト 2026-06-04。自動prose差し替え 2026-06-04（要手書き）。独学対策向けテンプレートから作成。公開前に本文・参照URL・関連リンクを差し替える。,本記事を読むと、教材選びで迷う時間を減らし、現在の理解度と学習期間に合ったテキスト構成を作れます。教材を増やし過ぎず復習効率を維持する判断基準も身につけられます。,要項の出題範囲とテキスト目次を照合する;基本テキスト1冊を主軸に補助は目的別に限定する;3分野の理解度を自己評価し不足分野だけ追加する;月次で教材活用率を確認し使えていない本は整理する;直前期は教材追加を止め誤答復習と通し演習を優先する,試験要項・公式ページ更新時に本文と参照元を見直す。,2026-06-04,2026-06-29,2026-06-04,published,2026-06-04: 編集合格（手書きリライト）,テキスト選定の3つの軸,"賃貸不動産経営管理士試験は3分野を横断して問われるため、特定分野だけ詳しい本より、全体像と用語の接続が明確な教材が独学では扱いやすいです。

| 軸 | 見るポイント | 避ける判断 |
| --- | --- | --- |
| 理解しやすさ | 章立てと用語の定義 | 口コミだけ |
| 復習しやすさ | 索引・まとめ欄 | 装丁・価格だけ |
| 演習へつなげやすさ | 章末問題・争点の明示 | 要項未確認の範囲外 |

要項の科目表と目次を突き合わせ、未対応の章がないか申込前に確認してください。50問120分で解く前提では、読む教材と解く教材の連携が必須です。",基本構成は1冊＋問題集1冊,"最初は総合テキスト1冊と問題集1冊に絞ります。

| 種類 | 役割 | 運用 |
| --- | --- | --- |
| 基本書 | 3分野の骨格 | 章単位で2周 |
| 問題集 | 四肢択一の演習 | 週末15〜20問 |
| 当サイト演習 | 分野別・通し | 月1回120分 |
| 用語 | 誤答直後 | 争点3語 |
| 追加 | 月1回まで検討 | 再発率を先に見る |

複数の基本書を並行すると表現差で混乱し、復習時間が分散します。独学の始め方の記事でセットを固定してから、本記事の補強判断に進んでください。",分野別の補助教材（弱点が見えてから）,"補助は、誤答が続く分野に限定します。

| 信号 | 補助の例 | 出口 |
| --- | --- | --- |
| 法令で再発 | 条文趣旨の整理 | 同テーマ短問10問 |
| 契約で読解ミス | 類型の読み方資料 | 長文5問 |
| 設備・税務で数値ミス | 図解・早見表 | 単位チェック付き5問 |
| 全体で時間切れ | 通し演習 | 問番号の記録 |

補助を増やした週は、必ず対応する問題を再解答し、得点に反映されたか確認してください。テキストと過去問の使い分けの記事と役割を揃えると重複を防げます。",教材過多と乗り換えの判断,"月1回、棚卸しと乗り換え基準を見ます。

| 状況 | 判断 | 行動 |
| --- | --- | --- |
| 未読が半分超 | 追加しない | 既習を完了 |
| 同分野の再発40％超・2週 | 説明スタイル不一致の疑い | 部分的乗り換え |
| 進捗だけ遅い | 教材ではなく時間 | 週次配分を修正 |
| 直前5週 | 新規購入を控える | 誤答解き直し |

乗り換え時は「残す本・置換する本・理由」を1枚に書き、2〜3週間で再発率が下がるか評価してください。",テキスト選びで混同しやすい点,"教材選定でよくある誤解を整理します。

### 高価＝良い
価格より、要項範囲との対応と復習のしやすさを優先してください。使い切れない高価な教材は、得点には直結しにくいです。

### テキストだけで足りる
読了だけでは選択肢の判断力が育ちにくく、問題集と通し演習が必要です。読む→解く→誤答記録の往復を1セットにしてください。

### 最新版への即乗り換え
要項の改定と教材版の差分を確認し、必要範囲だけ補強する方が安全です。令和8年度は11月15日試験として、直前の全面買い替えは避けてください。",乗り換え判断のタイミング,教材の乗り換えは、気分ではなく客観指標で判断することが重要です。例えば2か月以上学習しても同じ分野の誤答率が改善しない場合は、説明スタイルが合っていない可能性があるため部分的な乗り換えを検討します。一方で、単に進捗が遅い理由で全教材を変更すると復習資産が失われます。乗り換え時は『残す教材』『置換する教材』『理由』を明文化して実行してください。変更後は2〜3週間で効果を評価し、改善が弱い場合は元の教材へ戻す判断も持っておきましょう。,直前期の教材管理,直前期の教材管理は、情報を増やさず精度を上げる運用が基本です。新刊や新講座が気になっても、既存教材の誤答復習を優先した方が得点再現性は高まります。直前の追加は不安を増幅しやすいため、どうしても追加する場合は特定論点の補強に限定してください。最終週は通し演習と誤答ノートの再確認を中心に据え、当日の解答手順を固定します。教材は増やすより使い切る意識で管理することが合格に近づく道です。,初心者はどんなテキストから？,要項の科目表と目次が一致する総合テキスト1冊から始め、週末に四肢択一の問題集で理解度を測る順が安全です。3分野を同じ解像度で触れたかを初月の成功基準にすると、後の配分がぶれにくくなります。問題集の選び方の記事とセットを先に決めると役割が重なりません。,テキストは何周すれば十分ですか？,周回数より、その章の争点を短く説明できるかが目安です。読んでも同型の誤答が続く場合は、読み方か補助教材の不足を疑い、問題演習に戻してください。月1回の50問120分通しで、知識不足と時間不足を分けて記録すると改善が速いです。,problem-book-selection:問題集の選び方;textbook-vs-past-questions:テキストと過去問の使い分け;self-study-start:独学の始め方,テキスト選びと問題集選びの違いは？,本記事は読む教材の選定・1冊運用・補強・乗り換えが中心です。問題集の選び方の記事は、解く教材の解説品質・周回・過去問との分担が中心です。基本書を1冊に固定してから、問題集記事の基準で演習側を決める順がおすすめです。,直前に新しい問題集を買っても良いですか？,原則としては控える方が安全です。直前期は新規問題より、既存教材の誤答再演習と時間配分の最終調整の方が得点へ直結します。どうしても追加する場合は、未理解の特定論点を補う最小限の範囲に限定してください。購入後は全体学習を崩さず、既存計画の補助として短時間で使う前提を守ることが重要です。,選定は3軸で比較;基本は1冊＋問題集;補助は弱点だけ;乗り換えは再発率;直前は追加を控える
problem-book-selection,独学対策,賃貸不動産経営管理士試験の問題集の選び方,賃貸不動産経営管理士試験の問題集選びを要項正本で整理。3分野・50問120分・令和8年度11月15日試験向けに、選定基準と周回管理を表で解説します。,"問題集は冊数より、解説の根拠と本番形式への転用しやすさで選びます。賃貸不動産経営管理士試験は50問・120分・3分野、令和8年度は2026年11月15日（日）13:00〜15:00、受験料は12,000円（要項どおり）です。本記事では一般財団法人 賃貸不動産経営管理士試験センター要項を正本として、範囲の一致、学習段階別の用途、周回と再発率、過去問との役割分担を表で説明します。出題範囲は https://www.chintaikanrishi.jp/ で必ず最新要項を確認してください。",26,独学;教材;学習計画,賃管マスター編集部,資格学習サイトの編集チーム,公式情報確認担当,公開前に一次情報との照合を行う担当者,2026-06-04,賃貸不動産経営管理士協議会（公式）|https://www.chintaikanrishi.jp/,手書きリライト 2026-06-04。自動prose差し替え 2026-06-04（要手書き）。独学対策向けテンプレートから作成。公開前に本文・参照URL・関連リンクを差し替える。,本記事を読むと、問題集を増やし過ぎずに必要な教材を選べるようになり、過去問との役割分担を明確にして学習効率を高める方法が分かります。,要項の出題範囲と問題集の対象範囲を照合する;3分野の段階ごとに問題集の用途を定義し役割重複を避ける;購入前に解説の根拠と誤答分析のしやすさを確認する;周回回数と再発誤答率で評価し合わない教材は早めに見直す;直前期は新規購入を抑え既存問題集の再現性向上に集中する,試験要項・公式ページ更新時に本文と参照元を見直す。,2026-06-04,2026-06-29,2026-06-04,published,2026-06-04: 編集合格（手書きリライト）,問題集選びの公式前提,"購入前に、要項の出題範囲と問題集の収録範囲を照合します。

| 項目 | 令和8年度（要項・公式案内） | 問題集で確認 |
| --- | --- | --- |
| 試験日 | 2026年11月15日（日）13:00〜15:00 | 直前の周回計画 |
| 形式 | 50問・120分・四肢択一 | 1問あたりの目安時間 |
| 分野 | 3分野（要項の科目表） | 分野タグ・索引 |
| 範囲 | 要項どおり | 未収録章の有無 |
| 更新 | 公式お知らせ | 版の差分 |

形式が異なるアプリだけに頼ると、本番の時間感覚が育ちにくいです。テキストの選び方で基本書を固定したうえで、本記事の演習側を決めてください。",解説品質と誤答分析のしやすさ,"正解肢の説明だけでなく、誤答肢がなぜ外れるかが書かれているかを見ます。

| チェック | 良い信号 | 弱い信号 |
| --- | --- | --- |
| 根拠 | 条文・要項への参照 | 「こういうもの」だけ |
| 誤答 | 肢ごとの否定理由 | 正解のみ |
| 分野 | タグ・難易度 | 分野不明 |
| 復習 | メモ欄・索引 | 解きっぱなし向け |
| 本番 | 通しに組める問数 | 極端に短いだけ |

サンプル解説を1問読み、争点を3語で書けるか試してから購入すると失敗が減ります。",学習段階と過去問の役割分担,"問題集と過去問は、時期で役割を分けます。

| 段階 | 問題集 | 過去問・通し |
| --- | --- | --- |
| 初月 | 分野別短問・章末 | 診断目的の一部 |
| 中盤 | 周回・再発追跡 | 年度別で弱点抽出 |
| 後半 | 既習の解き直し | 50問120分を月2回 |
| 直前 | 新規を増やさない | 時間切れの問番号 |

過去問の効果的な使い方と復習サイクルの記事と記録形式を揃えると、問題集を増やしても改善が見えにくい状態を防げます。",周回管理と再発誤答率,"合う・合わないは、周回と再発で判断します。

| 指標 | 続行 | 見直し |
| --- | --- | --- |
| 1周目正答 | 記録のみ | — |
| 2周目再発 | 30％未満 | 40％超が2週 |
| 通し得点 | 改善傾向 | 基準未満が続く |
| 学習時間 | 週上限に余裕 | 未完了が溜まる |

見直しは全面放棄ではなく、分野別に別冊へ置換する部分変更が現実的です。直前期は新規購入より、既存問題集の再発誤答を優先してください。",問題集選びで混同しやすい点,"演習教材で起きやすい混同を整理します。

### 問題数が多い＝良い
解いた後に改善へつながらなければ、冊数は得点に直結しません。再発誤答率と通しの時間切れを先に見てください。

### 過去問と問題集の二重持ち
同じ論点を別表現で繰り返すだけの組み合わせは、復習が分散します。テキスト1冊・問題集1冊・過去問の役割を固定し、追加は弱点分野だけに限定してください。

### 直前の新刊問題集
新しい問題に慣れる時間が足りず、不安だけが増えることがあります。令和8年度は11月15日試験として、既習の解き直しと通しに集中してください。",当日対応の準備,"【実践セクション27】直前期の新規範囲を制限する
問題集の選び方では「直前運用」を判断軸として先に固定すると、日々の学習がぶれにくくなります。
賃貸不動産経営管理士の学習は、3分野を往復しながら精度を高める設計が有効です。
とくに教材選定基準と周回運用の整合に迷った時は、試験センターの公表情報を確認し、一次情報を優先して修正してください。
実行段階では、未学習追加より既習再現を優先するを小さく回し、週次レビューで改善点を1つだけ更新する運用が効果的です。

【実践セクション28】前日準備を固定化する
問題集の選び方では「前日チェック」を判断軸として先に固定すると、日々の学習がぶれにくくなります。
賃貸不動産経営管理士の学習は、3分野を往復しながら精度を高める設計が有効です。
とくに教材選定基準と周回運用の整合に迷った時は、試験センターの公表情報を確認し、一次情報を優先して修正してください。
実行段階では、持ち物と当日の移動計画を前日に確定するを小さく回し、週次レビューで改善点を1つだけ更新する運用が効果的です。

【実践セクション29】当日朝の学習内容を限定する
問題集の選び方では「当日朝」を判断軸として先に固定すると、日々の学習がぶれにくくなります。
賃貸不動産経営管理士の学習は、3分野を往復しながら精度を高める設計が有効です。
とくに教材選定基準と周回運用の整合に迷った時は、試験センターの公表情報を確認し、一次情報を優先して修正してください。
実行段階では、暗記確認は高頻度誤答テーマだけに絞るを小さく回し、週次レビューで改善点を1つだけ更新する運用が効果的です。

【実践セクション30】本番中の見切り基準を定義する
問題集の選び方では「本番配分」を判断軸として先に固定すると、日々の学習がぶれにくくなります。
賃貸不動産経営管理士の学習は、3分野を往復しながら精度を高める設計が有効です。
とくに教材選定基準と周回運用の整合に迷った時は、試験センターの公表情報を確認し、一次情報を優先して修正してください。
実行段階では、長考上限を超えたら一旦保留するを小さく回し、週次レビューで改善点を1つだけ更新する運用が効果的です。

【実践セクション31】見直しの優先順を決める
問題集の選び方では「見直し順」を判断軸として先に固定すると、日々の学習がぶれにくくなります。
賃貸不動産経営管理士の学習は、3分野を往復しながら精度を高める設計が有効です。
とくに教材選定基準と周回運用の整合に迷った時は、試験センターの公表情報を確認し、一次情報を優先して修正してください。
実行段階では、数値問題と主体表現から点検するを小さく回し、週次レビューで改善点を1つだけ更新する運用が効果的です。",継続運用の見直し,"【実践セクション32】試験後の振り返り観点を準備する
問題集の選び方では「試験後整理」を判断軸として先に固定すると、日々の学習がぶれにくくなります。
賃貸不動産経営管理士の学習は、3分野を往復しながら精度を高める設計が有効です。
とくに教材選定基準と周回運用の整合に迷った時は、試験センターの公表情報を確認し、一次情報を優先して修正してください。
実行段階では、再受験可能性も想定して記録項目を決めるを小さく回し、週次レビューで改善点を1つだけ更新する運用が効果的です。

【実践セクション33】公式更新の監視頻度を決める
問題集の選び方では「更新監視」を判断軸として先に固定すると、日々の学習がぶれにくくなります。
賃貸不動産経営管理士の学習は、3分野を往復しながら精度を高める設計が有効です。
とくに教材選定基準と周回運用の整合に迷った時は、試験センターの公表情報を確認し、一次情報を優先して修正してください。
実行段階では、試験センター告知ページを定期確認するを小さく回し、週次レビューで改善点を1つだけ更新する運用が効果的です。

【実践セクション34】記録ツールを単純化する
問題集の選び方では「記録運用」を判断軸として先に固定すると、日々の学習がぶれにくくなります。
賃貸不動産経営管理士の学習は、3分野を往復しながら精度を高める設計が有効です。
とくに教材選定基準と周回運用の整合に迷った時は、試験センターの公表情報を確認し、一次情報を優先して修正してください。
実行段階では、紙かアプリのどちらかに統一して迷いを減らすを小さく回し、週次レビューで改善点を1つだけ更新する運用が効果的です。

【実践セクション35】学習の優先順位を毎週更新する
問題集の選び方では「優先順位」を判断軸として先に固定すると、日々の学習がぶれにくくなります。
賃貸不動産経営管理士の学習は、3分野を往復しながら精度を高める設計が有効です。
とくに教材選定基準と周回運用の整合に迷った時は、試験センターの公表情報を確認し、一次情報を優先して修正してください。
実行段階では、過去問の誤答傾向で翌週配分を調整するを小さく回し、週次レビューで改善点を1つだけ更新する運用が効果的です。

【実践セクション36】本番までの到達基準を明文化する
問題集の選び方では「到達目標」を判断軸として先に固定すると、日々の学習がぶれにくくなります。
賃貸不動産経営管理士の学習は、3分野を往復しながら精度を高める設計が有効です。
とくに教材選定基準と周回運用の整合に迷った時は、試験センターの公表情報を確認し、一次情報を優先して修正してください。
実行段階では、分野別正答目安と所要時間を具体化するを小さく回し、週次レビューで改善点を1つだけ更新する運用が効果的です。",問題集は1冊で足りますか？,初めは1冊に絞り、要項範囲をカバーし、解説で根拠まで追えるものが目安です。再発誤答が特定分野に偏る場合だけ、分野別の補助問題集を検討してください。過去問との使い分けを先に決めると、同じ論点の二重学習を防げます。,購入前にどこを見ればよいですか？,目次と要項の科目表の一致、サンプル解説の根拠、誤答肢の説明の有無を確認してください。分野タグがあると、弱点対策の配分が立てやすくなります。50問120分の通しに組める問数があるかも、中盤以降の選定基準にしてください。,textbook-selection:テキストの選び方;past-questions-how-to-use:過去問の効果的な使い方;past-questions-review-cycle:過去問の復習サイクル,問題集選びとテキスト選びの違いは？,テキストの選び方は読む教材の選定と1冊運用が中心です。本記事は解く教材の解説品質・周回・過去問との分担が中心です。基本書を固定したあと、本記事の基準で問題集を1冊決める順がおすすめです。どちらも要項の出題範囲との照合が選定の第一歩になります。,,,要項と範囲を照合;誤答肢の解説を確認;段階で役割分担;再発率で評価;直前は新規を控える
correspondence-course-guide,独学対策,賃貸不動産経営管理士試験の通信講座の選び方,賃貸不動産経営管理士試験の通信講座の選び方を要項正本で整理。独学との使い分け、比較の4軸、令和8年度50問120分向けの受講運用を表で解説します。,"通信講座は「買えば合格」ではなく、継続と演習の型が合うかで効果が変わります。賃貸不動産経営管理士試験は50問・120分・3分野、令和8年度は2026年11月15日（日）13:00〜15:00、受験料は12,000円（要項どおり）です。本記事では一般財団法人 賃貸不動産経営管理士試験センター要項を正本として、講座が必要な人の見分け方、比較表、受講中の通し演習と誤答管理を説明します。出題範囲・申込締切は https://www.chintaikanrishi.jp/ で必ず最新要項を確認してください。",26,独学;教材;学習計画,賃管マスター編集部,資格学習サイトの編集チーム,公式情報確認担当,公開前に一次情報との照合を行う担当者,2026-06-04,賃貸不動産経営管理士協議会（公式）|https://www.chintaikanrishi.jp/,手書きリライト 2026-06-04。自動prose差し替え 2026-06-04（要手書き）。独学対策向けテンプレートから作成。公開前に本文・参照URL・関連リンクを差し替える。,本記事を読むと、通信講座が必要な人と独学で進められる人の違いが分かり、講座を選ぶ場合に失敗しにくい比較基準と受講中の学習配分を持てるようになります。,試験センター要項で出題範囲と試験形式を確認し講座カリキュラムと照合する;2週間独学を試し継続可否と弱点分野を記録してから講座検討する;比較では質問対応・模試・法改正更新・教材量の4軸を優先する;受講中も月1回は50問120分の通し演習で実戦力を測る;直前期は新規動画より誤答解き直しと時間配分を優先する,試験要項・公式ページ更新時に本文と参照元を見直す。,2026-06-04,2026-06-29,2026-06-04,published,2026-06-04: 編集合格（手書きリライト）,講座検討前に固定する公式前提,"講座の比較表を見る前に、試験センター要項で年度前提を確定します。

| 項目 | 令和8年度（要項・公式案内） | 講座選定への反映 |
| --- | --- | --- |
| 試験日 | 2026年11月15日（日）13:00〜15:00 | 残り週数の起点 |
| 形式 | 50問・120分・3分野 | 模試・通しの条件 |
| 出題範囲 | 要項の科目表 | カリキュラム一致 |
| 受験料 | 12,000円 | 学習予算の枠 |
| 更新 | 公式お知らせ | 法改正対応の有無 |

前提が曖昧なまま講座を選ぶと、進度や分量のミスマッチが起きやすくなります。独学の始め方の記事で確認順序を先に終えてから、本記事の比較表に入ると手戻りが減ります。",通信講座と独学の使い分け,"講座は「学習の外注」ではなく、継続とフィードバックが必要なときの補助です。

| 状況 | 独学で十分になりやすい | 講座検討の目安 |
| --- | --- | --- |
| 週次継続 | 曜日固定で8週以上回せる | 2週で計画が崩れる |
| 誤答処理 | 当日1行記録が続く | 解きっぱなしが続く |
| 質問 | 要項・一次資料で解決 | 条文解釈で毎週停滞 |
| 演習 | 月1回通し50問を実施 | 動画視聴だけで演習不足 |
| 直前 | 誤答上位に絞れる | 未視聴が山積み |

まず2週間、基本書1冊と問題集1冊で独学を試し、継続率と分野別正答率を記録してから講座の要否を判断してください。",講座比較の4軸（表）,"価格だけで選ぶと、本番形式とのズレが残りやすくなります。

| 比較軸 | 確認すること | 避けたい状態 |
| --- | --- | --- |
| 範囲整合 | 3分野を要項どおりカバー | 1分野だけ厚い |
| 質問対応 | 疑問の返答期限が明確 | 放置で進度遅延 |
| 演習設計 | 四肢択一・通し模試 | 記述のみ・形式不一致 |
| 更新 | 法改正・要項差分の案内 | 旧版のまま完走 |

テキストの選び方の記事で主軸教材を固定したうえで、講座は弱点分野の補助に限定すると、教材増殖を防げます。",受講中の週次運用,"講座の進行に合わせるだけだと、演習と復習が後回しになりがちです。

| 曜日 | 目安 | 内容 |
| --- | --- | --- |
| 火・木 | 各45分 | 講座指定範囲の短問10問 |
| 水 | 30分 | 誤答1行＋用語5分 |
| 土 | 2時間 | 分野別15問またはミニ通し |
| 日 | 1時間 | 土曜と同セットの解き直し |
| 月末 | 120分 | 50問通し＋配分記録 |

視聴時間の合計より、演習後の誤答分類（知識・読解・時間）を週次で見ると、講座費用に見合う改善が見えやすくなります。",直前期は未視聴より再現性,"試験5週前以降は、コンテンツ完走より得点再現性を優先します。

| 残り | 止めること | 残すこと |
| --- | --- | --- |
| 4週 | 新規カリキュラム | 通し月1回 |
| 2週 | 長時間の未視聴消化 | 誤答上位15問 |
| 1週 | 予想情報の収集 | 要項15分確認 |
| 前日 | 深夜の新規視聴 | 持ち物・会場確認 |

令和8年度は11月15日試験です。学習計画の立て方で全体設計を終えている場合は、講座は弱点補助に切り替え、通し50問120分の時間記録だけを週次で更新すれば十分なことが多いです。",,,,,通信講座は必須ですか？,必須ではありません。週次で演習と誤答記録が続く独学でも合格は十分狙えます。2週間試して継続が難しい、質問で毎週止まる、通し演習が月1回もできない場合は、講座の質問対応と進度管理が有効なことが多いです。いずれも要項と申込締切は公式サイトで再確認してください。,講座と独学を併用するコツは？,講座を「主教材」にせず、基本書と問題集1セットを軸に据えるのが安定しやすいです。講座は弱点分野の解説と質問に限定し、演習・通し・誤答ノートは自分のカレンダーで管理してください。月1回の50問120分の記録が講座の効果判定にもなり、不要な教材追加を防げます。,self-study-start:独学の始め方;study-plan:学習計画の立て方;textbook-selection:テキストの選び方,講座の選び方とテキスト選びの違いは？,本記事は通信講座の要否・比較・受講運用が中心です。テキストの選び方の記事は、紙の教材1セットの選定と乗り換え判断が中心です。先にテキストを固定し、継続が難しい部分だけ講座で補う順が、費用対効果の面でもおすすめです。,,,要項確認が講座選定の前提;2週独学で要否を判断;比較は4軸で見る;受講中も通し月1回;直前は未視聴より誤答
free-materials-online,独学対策,賃貸不動産経営管理士試験の無料教材の活用,賃貸不動産経営管理士試験の無料教材の活用法を要項正本で整理。公式情報・3分野配分・過去問との組み合わせを令和8年度50問120分向けに表で解説します。,無料教材は費用を抑えられる一方、出典と範囲のズレで学習が散らばりやすくなります。賃貸不動産経営管理士試験は50問・120分・3分野、令和8年度は2026年11月15日（日）13:00〜15:00です。本記事では一般財団法人 賃貸不動産経営管理士試験センター要項を正本として、無料教材の棚卸し、週次配分、誤答記録、通し演習への接続を表で説明します。要項の改定は https://www.chintaikanrishi.jp/ で必ず上書き確認してください。,26,独学;教材;学習計画,賃管マスター編集部,資格学習サイトの編集チーム,公式情報確認担当,公開前に一次情報との照合を行う担当者,2026-06-04,賃貸不動産経営管理士協議会（公式）|https://www.chintaikanrishi.jp/,手書きリライト 2026-06-04。自動prose差し替え 2026-06-04（要手書き）。独学対策向けテンプレートから作成。公開前に本文・参照URL・関連リンクを差し替える。,本記事を読むと、無料教材だけでも一次情報照合と誤答管理を組み合わせ、3分野を偏らせず50問120分の演習へつなげる運用が分かります。,試験センター要項で範囲・形式を確認し無料教材の過不足を点検する;無料教材を3分野タグ付きで整理し週次配分表に載せる;演習後は誤答理由を1行記録し用語解説で不足を補う;月1回は50問120分の通しで時間配分を確認する;直前期は教材追加を止め再発誤答の解き直しを優先する,試験要項・公式ページ更新時に本文と参照元を見直す。,2026-06-04,2026-06-29,2026-06-04,published,2026-06-04: 編集合格（手書きリライト）,無料教材の前提（公式正本）,"無料でも、学習の正本は試験センター要項と協議会公表です。

| 情報源 | 役割 | 無料教材との関係 |
| --- | --- | --- |
| 受験要項 | 範囲・問題数・時間 | 過不足の判定 |
| お知らせ | 法改正・日程 | 古い記事の除外 |
| 当サイト演習 | 四肢択一・通し | 本番形式の補完 |
| 用語解説 | 誤答直後の確認 | 定義の補強 |
| 外部ブログ | 参考程度 | 計画へ未検証で反映しない |

出典不明のまま週次計画へ入れると、要項外の論点に時間を使いがちです。月1回15分で公式ページを開き、差分があれば無料リストを更新してください。",3分野別の棚卸し表,"無料教材を「集める」より「分野ごとに1役割」に割り当てます。

| 分野 | 無料で足りやすい | 有料検討の目安 |
| --- | --- | --- |
| 法令・制度 | 要項・条文索引・用語 | 体系的テキスト1冊 |
| 契約・実務 | 短問・当サイト演習 | 解説厚い問題集 |
| 設備・税務 | 数値早見・用語 | 図解入り参考書 |
| 横断 | 通し50問・誤答ノート | 予想模試（直前のみ） |

週次では3分野すべてに最低30分の接触枠を残し、無料だけで1分野が2週空く信号が出たら、その分野に有料1冊を検討する判断が現実的です。",週次テンプレ（無料中心）,"同じ曜日に同じ役割を置くと、無料素材の寄せ集めでも継続しやすくなります。

| 曜日 | 時間 | 内容 |
| --- | --- | --- |
| 月・水 | 各30分 | 無料短問＋誤答1件 |
| 火 | 45分 | 弱点分野の用語記事 |
| 木 | 30分 | 数値・期限の早見 |
| 土 | 2時間 | 分野別15問 |
| 日 | 1時間 | 解き直し |
| 月末 | 120分 | 50問通し |

過去問の効果的な使い方の記事と誤答記録形式を揃えると、無料演習の結果が翌週の配分修正にそのまま反映されます。",誤答を得点に変える記録,"無料教材では復習設計の質が得点差になります。

| 列 | 記入例 | 使い道 |
| --- | --- | --- |
| 出典 | 当サイト分野別 | 再演習の参照 |
| 分野 | 契約・実務 | 翌週の+時間 |
| 原因 | 読解・知識・時間 | 対策の種類 |
| 用語 | 重説の記載 | 5分確認 |
| 再確認 | 7日後 | 解き直し日 |

正答率だけを見ると、無料で解いた量は増えても総合点が伸びない週が続きます。再発誤答数を週次で数えると、追加教材が必要かどうかが判断しやすくなります。",直前期の無料運用,"直前は「無料を増やす」より「使っている無料を反復」します。

| 残り | やめること | 続けること |
| --- | --- | --- |
| 4週 | 新しいPDF収集 | 通し月1回 |
| 2週 | 未整理リンクの探索 | 誤答上位10問 |
| 1週 | 要項外の予想記事 | 公式15分確認 |
| 前日 | 長時間の新規演習 | 争点メモのみ |

令和8年度は11月15日試験です。学習計画の立て方で残り週数を把握している場合は、無料リストを3行に圧縮し、誤答解き直しと通しだけに絞ると安定しやすいです。",本番対応の確認,"【拡張セクション27】教材追加の判断基準を作る
無料教材の活用の学習では「教材管理」を起点に判断基準をそろえると、設問処理が安定します。
とくに無料教材と公式情報の併用に関する設問は、賃貸不動産経営管理士 examの文脈で主体・期限・条件が同時に問われます。
実行手順としては、不足が定量で見えた時のみ追加するを固定し、学習ログへ翌週の修正点を一行で残してください。
迷った項目は試験センターの公表情報と照合し、3分野のどこに属するかを再分類すると再発を減らせます。

【拡張セクション28】誤答ノートの書式を単純化する
無料教材の活用の学習では「ノート運用」を起点に判断基準をそろえると、設問処理が安定します。
とくに無料教材と公式情報の併用に関する設問は、賃貸不動産経営管理士 examの文脈で主体・期限・条件が同時に問われます。
実行手順としては、再読しやすい短文テンプレにするを固定し、学習ログへ翌週の修正点を一行で残してください。
迷った項目は試験センターの公表情報と照合し、3分野のどこに属するかを再分類すると再発を減らせます。

【拡張セクション29】演習セットの再利用率を上げる
無料教材の活用の学習では「再利用」を起点に判断基準をそろえると、設問処理が安定します。
とくに無料教材と公式情報の併用に関する設問は、賃貸不動産経営管理士 examの文脈で主体・期限・条件が同時に問われます。
実行手順としては、同テーマ問題を周期的に回すを固定し、学習ログへ翌週の修正点を一行で残してください。
迷った項目は試験センターの公表情報と照合し、3分野のどこに属するかを再分類すると再発を減らせます。

【拡張セクション30】分野別正答率の目標を明確化する
無料教材の活用の学習では「目標設定」を起点に判断基準をそろえると、設問処理が安定します。
とくに無料教材と公式情報の併用に関する設問は、賃貸不動産経営管理士 examの文脈で主体・期限・条件が同時に問われます。
実行手順としては、達成基準を数値で管理するを固定し、学習ログへ翌週の修正点を一行で残してください。
迷った項目は試験センターの公表情報と照合し、3分野のどこに属するかを再分類すると再発を減らせます。

【拡張セクション31】焦りを抑える当日ルーティンを作る
無料教材の活用の学習では「当日準備」を起点に判断基準をそろえると、設問処理が安定します。
とくに無料教材と公式情報の併用に関する設問は、賃貸不動産経営管理士 examの文脈で主体・期限・条件が同時に問われます。
実行手順としては、入室前の確認事項を固定するを固定し、学習ログへ翌週の修正点を一行で残してください。
迷った項目は試験センターの公表情報と照合し、3分野のどこに属するかを再分類すると再発を減らせます。",運用チェックリスト,"【拡張セクション32】体調管理を得点戦略へ含める
無料教材の活用の学習では「コンディション」を起点に判断基準をそろえると、設問処理が安定します。
とくに無料教材と公式情報の併用に関する設問は、賃貸不動産経営管理士 examの文脈で主体・期限・条件が同時に問われます。
実行手順としては、睡眠と食事の優先順位を守るを固定し、学習ログへ翌週の修正点を一行で残してください。
迷った項目は試験センターの公表情報と照合し、3分野のどこに属するかを再分類すると再発を減らせます。

【拡張セクション33】見直し手順を工程化する
無料教材の活用の学習では「見直し」を起点に判断基準をそろえると、設問処理が安定します。
とくに無料教材と公式情報の併用に関する設問は、賃貸不動産経営管理士 examの文脈で主体・期限・条件が同時に問われます。
実行手順としては、数字条件と主体表現を先に点検するを固定し、学習ログへ翌週の修正点を一行で残してください。
迷った項目は試験センターの公表情報と照合し、3分野のどこに属するかを再分類すると再発を減らせます。

【拡張セクション34】質問が残る論点を公式資料で照合する
無料教材の活用の学習では「一次情報照合」を起点に判断基準をそろえると、設問処理が安定します。
とくに無料教材と公式情報の併用に関する設問は、賃貸不動産経営管理士 examの文脈で主体・期限・条件が同時に問われます。
実行手順としては、不明点を出典付きで解消するを固定し、学習ログへ翌週の修正点を一行で残してください。
迷った項目は試験センターの公表情報と照合し、3分野のどこに属するかを再分類すると再発を減らせます。

【拡張セクション35】学習計画の見直し日を固定する
無料教材の活用の学習では「計画更新」を起点に判断基準をそろえると、設問処理が安定します。
とくに無料教材と公式情報の併用に関する設問は、賃貸不動産経営管理士 examの文脈で主体・期限・条件が同時に問われます。
実行手順としては、毎週同じ曜日に配分を修正するを固定し、学習ログへ翌週の修正点を一行で残してください。
迷った項目は試験センターの公表情報と照合し、3分野のどこに属するかを再分類すると再発を減らせます。

【拡張セクション36】本番直前の確認範囲を限定する
無料教材の活用の学習では「最終確認」を起点に判断基準をそろえると、設問処理が安定します。
とくに無料教材と公式情報の併用に関する設問は、賃貸不動産経営管理士 examの文脈で主体・期限・条件が同時に問われます。
実行手順としては、高頻度誤答だけを再確認するを固定し、学習ログへ翌週の修正点を一行で残してください。
迷った項目は試験センターの公表情報と照合し、3分野のどこに属するかを再分類すると再発を減らせます。",無料教材だけで足りますか？,演習の質と要項照合ができれば、無料中心でも合格は狙えます。ただし、3分野のどこかが長期間手薄になる、通し50問120分が月1回もできない、誤答が解きっぱなしになる場合は、基本書または問題集を1冊だけ追加する判断が有効です。追加前に再発誤答率を2週見てください。,無料情報の信頼性はどう見極めますか？,試験センター要項・協議会公表と矛盾する記述は学習計画に入れないのが原則です。ブログやSNSは「要項で裏取りできた事実だけ」をメモし、締切・問題数・受験料は必ず公式ページで上書き確認してください。古い年度の体験談は、令和8年度の日程とは切り分けて読むと安全です。,self-study-start:独学の始め方;past-questions-how-to-use:過去問の効果的な使い方;study-plan:学習計画の立て方,無料活用と過去問活用法の違いは？,本記事は無料素材の棚卸しと週次配分・記録が中心です。過去問の効果的な使い方の記事は、演習サイクルと誤答分類・用語への戻し方が中心です。先に本記事でリストと曜日を固定し、演習手順は過去問記事の表に合わせる順がおすすめです。,,,正本は要項と公式;分野ごとに1役割;曜日固定で継続;誤答は4列で記録;直前は反復優先
textbook-vs-past-questions,独学対策,賃貸不動産経営管理士試験のテキストと過去問の優先順位,賃貸不動産経営管理士試験のテキストと過去問の優先順位を要項正本で整理。残り週数別の配分、往復学習、令和8年度50問120分向けの判断を表で解説します。,「テキスト先行か過去問先行か」は、残り週数と現在地で答えが変わります。賃貸不動産経営管理士試験は50問・120分・3分野、令和8年度は2026年11月15日（日）13:00〜15:00です。本記事では一般財団法人 賃貸不動産経営管理士試験センター要項を正本として、段階別の時間比率、誤答からテキストへ戻る条件、通し演習の入れ方を表で説明します。出題範囲の更新は https://www.chintaikanrishi.jp/ で必ず確認してください。,26,独学;教材;学習計画,賃管マスター編集部,資格学習サイトの編集チーム,公式情報確認担当,公開前に一次情報との照合を行う担当者,2026-06-04,賃貸不動産経営管理士協議会（公式）|https://www.chintaikanrishi.jp/,手書きリライト 2026-06-04。自動prose差し替え 2026-06-04（要手書き）。独学対策向けテンプレートから作成。公開前に本文・参照URL・関連リンクを差し替える。,本記事を読むと、テキストと過去問の使い分けが明確になり、理解度に合った順序で得点効率の高い学習を設計できるようになります。,要項で出題範囲を確認しテキスト目次と照合する;残り週数に応じてテキストと過去問の週次比率を決める;誤答理由を分類しテキストへ戻る章を特定する;月1回以上50問120分の通しで時間配分を点検する;直前期は新規範囲より既習の再現性を優先する,試験要項・公式ページ更新時に本文と参照元を見直す。,2026-06-04,2026-06-29,2026-06-04,published,2026-06-04: 編集合格（手書きリライト）,残り週数で決める優先順位,"優先順位は「どちらが正しいか」ではなく、残り週数と正答率で決めます。

| 残り週数 | テキスト | 過去問・演習 | 目安比率（週） |
| --- | --- | --- | --- |
| 16週以上 | 章立て通読＋用語 | 分野別短問 | 6:4 |
| 8〜15週 | 誤答章のみ戻る | 分野別＋通し月2回 | 4:6 |
| 5〜7週 | 争点確認のみ | 通し＋解き直し | 2:8 |
| 4週以内 | 新規章は止める | 再発誤答中心 | 1:9 |

令和8年度は11月15日試験です。試験日から逆算した週数を先に数え、表の行を1つ選んでから週次カレンダーへ落とすと迷いが減ります。",テキスト先行が向く条件,"次のいずれかに当てはまる場合は、テキスト比重を先に上げます。

| 信号 | 具体例 | 次の一手 |
| --- | --- | --- |
| 用語説明不可 | 争点を一言で言えない | 該当章を再読 |
| 初受験 | 3分野未接触 | 薄く通読 |
| 分野別正答率低 | 40％未満が続く | 章末確認＋短問 |
| 形式未経験 | 通し未実施 | ミニ15問から |

テキストの選び方で主軸1冊を固定し、過去問は診断目的の短問から入ると、解きっぱなしを防げます。",過去問先行が向く条件,"基礎を一通り触れたあとは、過去問比重を上げても効率が上がることが多いです。

| 信号 | 具体例 | 次の一手 |
| --- | --- | --- |
| 再発誤答 | 同型が週2回以上 | 解き直し日固定 |
| 時間切れ | 未解答が毎回ある | 解答順の見直し |
| 読解ミス | 主体・期限の取り違え | 長文の読み順練習 |
| 残り8週 | 演習不足 | 通し月2回 |

過去問の効果的な使い方の記事と誤答3分類を共通化すると、過去問だけ増やしても伸びない状態を早めに断てます。",往復学習の1サイクル,"テキストと過去問は直線ではなく、往復でつなげます。

| ステップ | 作業 | 記録 |
| --- | --- | --- |
| 1 | 分野別10〜15問 | 誤答番号 |
| 2 | 原因を1行 | 知識・読解・時間 |
| 3 | テキスト該当章 | 争点3語 |
| 4 | 翌日同型5問 | 再発の有無 |
| 5 | 週末通し | 時間・未解答 |

正解しても根拠が説明できない問題は、テキストへ戻る対象に含めてください。偶然正解は本番で再発しやすいためです。",直前期は比率より削除,"試験5週前以降は、テキストと過去問の比率調整より範囲の削除が効きます。

| 残り | 削除 | 残す |
| --- | --- | --- |
| 4週 | 未読の広い章 | 誤答上位 |
| 2週 | 新しい問題集 | 通し1回 |
| 1週 | 深夜の新規 | 争点メモ |

独学の始め方で作った復習日を維持し、50問120分の配分記録だけを更新する運用で、直前の不安を減らせます。",直前期と当日準備,"【実践セクション27】直前期の新規学習を絞る
テキストと過去問の優先順位では「直前運用」を先に固定すると、学習判断がぶれにくくなります。
賃貸不動産経営管理士試験は3分野50問120分で構成されるため、知識学習と時間運用を同時に整えることが重要です。
とくにインプットと演習の切替で迷った場面では、試験センター公表情報と教材の記述差分を確認して判断してください。
実行段階では、未習追加より既習範囲の再現性を優先するを小さく回し、学習配分の見直しを毎週更新する流れが有効です。

【実践セクション28】前日準備を手順化する
テキストと過去問の優先順位では「前日準備」を先に固定すると、学習判断がぶれにくくなります。
賃貸不動産経営管理士試験は3分野50問120分で構成されるため、知識学習と時間運用を同時に整えることが重要です。
とくにインプットと演習の切替で迷った場面では、試験センター公表情報と教材の記述差分を確認して判断してください。
実行段階では、持ち物と移動経路を前日夜に確定するを小さく回し、学習配分の見直しを毎週更新する流れが有効です。

【実践セクション29】当日朝の確認範囲を限定する
テキストと過去問の優先順位では「当日調整」を先に固定すると、学習判断がぶれにくくなります。
賃貸不動産経営管理士試験は3分野50問120分で構成されるため、知識学習と時間運用を同時に整えることが重要です。
とくにインプットと演習の切替で迷った場面では、試験センター公表情報と教材の記述差分を確認して判断してください。
実行段階では、高頻度誤答テーマだけ短時間で見直すを小さく回し、学習配分の見直しを毎週更新する流れが有効です。

【実践セクション30】試験中のリズムを守る
テキストと過去問の優先順位では「本番運用」を先に固定すると、学習判断がぶれにくくなります。
賃貸不動産経営管理士試験は3分野50問120分で構成されるため、知識学習と時間運用を同時に整えることが重要です。
とくにインプットと演習の切替で迷った場面では、試験センター公表情報と教材の記述差分を確認して判断してください。
実行段階では、各設問で使う時間上限を意識して進めるを小さく回し、学習配分の見直しを毎週更新する流れが有効です。

【実践セクション31】終了後の振り返りを残す
テキストと過去問の優先順位では「振り返り」を先に固定すると、学習判断がぶれにくくなります。
賃貸不動産経営管理士試験は3分野50問120分で構成されるため、知識学習と時間運用を同時に整えることが重要です。
とくにインプットと演習の切替で迷った場面では、試験センター公表情報と教材の記述差分を確認して判断してください。
実行段階では、迷った設問の型を本番後に記録するを小さく回し、学習配分の見直しを毎週更新する流れが有効です。",再受験を含む継続改善,"【実践セクション32】再受験時の立て直しを設計する
テキストと過去問の優先順位では「再設計」を先に固定すると、学習判断がぶれにくくなります。
賃貸不動産経営管理士試験は3分野50問120分で構成されるため、知識学習と時間運用を同時に整えることが重要です。
とくにインプットと演習の切替で迷った場面では、試験センター公表情報と教材の記述差分を確認して判断してください。
実行段階では、前回失点分野の分析から再計画を作るを小さく回し、学習配分の見直しを毎週更新する流れが有効です。

【実践セクション33】心理負荷の管理を行う
テキストと過去問の優先順位では「心理調整」を先に固定すると、学習判断がぶれにくくなります。
賃貸不動産経営管理士試験は3分野50問120分で構成されるため、知識学習と時間運用を同時に整えることが重要です。
とくにインプットと演習の切替で迷った場面では、試験センター公表情報と教材の記述差分を確認して判断してください。
実行段階では、不安要因を学習前に書き出して対処順を決めるを小さく回し、学習配分の見直しを毎週更新する流れが有効です。

【実践セクション34】計画崩れ時の復旧手順を持つ
テキストと過去問の優先順位では「復旧計画」を先に固定すると、学習判断がぶれにくくなります。
賃貸不動産経営管理士試験は3分野50問120分で構成されるため、知識学習と時間運用を同時に整えることが重要です。
とくにインプットと演習の切替で迷った場面では、試験センター公表情報と教材の記述差分を確認して判断してください。
実行段階では、翌週で取り返す範囲を優先順で絞り込むを小さく回し、学習配分の見直しを毎週更新する流れが有効です。

【実践セクション35】学習記録を一元管理する
テキストと過去問の優先順位では「記録統一」を先に固定すると、学習判断がぶれにくくなります。
賃貸不動産経営管理士試験は3分野50問120分で構成されるため、知識学習と時間運用を同時に整えることが重要です。
とくにインプットと演習の切替で迷った場面では、試験センター公表情報と教材の記述差分を確認して判断してください。
実行段階では、紙かアプリのどちらか一方に記録を集約するを小さく回し、学習配分の見直しを毎週更新する流れが有効です。

【実践セクション36】合格までの到達基準を明文化する
テキストと過去問の優先順位では「到達定義」を先に固定すると、学習判断がぶれにくくなります。
賃貸不動産経営管理士試験は3分野50問120分で構成されるため、知識学習と時間運用を同時に整えることが重要です。
とくにインプットと演習の切替で迷った場面では、試験センター公表情報と教材の記述差分を確認して判断してください。
実行段階では、分野別目標点と所要時間を明確に置くを小さく回し、学習配分の見直しを毎週更新する流れが有効です。",初学者はどちらから始めますか？,初学者は、要項確認のあとテキストで3分野の地図を作り、週1回は分野別短問で現在地を測る構成が安全です。通し50問120分は残り12週前から月1回入れ、時間切れの問番号を記録してください。テキストを読むだけで終わらせないことが、後半の過去問比重アップの前提になります。,過去問だけ回しても伸びないときは？,回数より、誤答理由が「知識不足」に偏っていないかを確認してください。偏っている場合はテキストの該当章へ戻り、争点を3語でメモしてから同型問題を再解答します。読解・時間に偏る場合はテキスト追加より、解答順と見切り基準の訓練を優先した方が効率的です。,past-questions-how-to-use:過去問の効果的な使い方;textbook-selection:テキストの選び方;self-study-start:独学の始め方,本記事と過去問活用法の使い分けは？,本記事はテキストと過去問の時間配分と優先判断が中心です。過去問の効果的な使い方の記事は、演習の記録法と復習サイクルが中心です。先に本記事で週次比率を決め、記録形式は過去問記事に合わせると実装が一度で済みます。,,,優先は残り週数で決める;テキストは用語不足時;過去問は再発・時間切れ時;往復で1サイクル;直前は削除優先
material-update-cycle,独学対策,賃貸不動産経営管理士試験の教材の版・年度更新,賃貸不動産経営管理士試験の教材更新を要項正本で整理。改訂版への切替基準、差分確認、既習の活かし方を令和8年度向けに表で解説します。,教材の版・年度更新は、買い替えのタイミングと差分の取り方で学習の中断を防げます。賃貸不動産経営管理士試験は50問・120分・3分野、令和8年度は2026年11月15日（日）13:00〜15:00です。本記事では一般財団法人 賃貸不動産経営管理士試験センター要項を正本として、要項更新の監視、章単位の差分、買い替え判断、直前の更新対応を表で説明します。法改正・試験案内の変更は https://www.chintaikanrishi.jp/ で必ず確認してください。,26,独学;教材;学習計画,賃管マスター編集部,資格学習サイトの編集チーム,公式情報確認担当,公開前に一次情報との照合を行う担当者,2026-06-04,賃貸不動産経営管理士協議会（公式）|https://www.chintaikanrishi.jp/,手書きリライト 2026-06-04。自動prose差し替え 2026-06-04（要手書き）。独学対策向けテンプレートから作成。公開前に本文・参照URL・関連リンクを差し替える。,本記事を読むと、教材更新のたびに迷わず必要な差分だけを取り込み、学習計画を崩さず最新版へ対応する判断基準を持てるようになります。,要項と公式お知らせで法改正・出題範囲の更新有無を確認する;現行版と改訂版を章単位で比較し優先度を付ける;影響大の分野から演習を組み直す;買い替え前に既習の再発誤答率を棚卸しする;直前期は改訂対応を必要範囲に限定する,試験要項・公式ページ更新時に本文と参照元を見直す。,2026-06-04,2026-06-29,2026-06-04,published,2026-06-04: 編集合格（手書きリライト）,更新情報の確認順序,"教材出版社の案内より先に、試験センター要項と協議会公表を確認します。

| 順番 | 確認先 | 記録 |
| --- | --- | --- |
| 1 | 受験要項（当年度） | 範囲・形式 |
| 2 | お知らせ・改正点 | 影響分野 |
| 3 | 教材の改訂目次 | 章の追加・削除 |
| 4 | 過去問の当該年度 | 出題の言い換え |
| 5 | 学習ノート | 差分1行 |

月1回、同じ曜日に15分だけカレンダー登録すると、直前にまとめて買い替える事態を防げます。",章単位の差分の見方,"全冊を読み直す前に、章ごとに影響度を付けます。

| 影響度 | 目安 | 学習への反映 |
| --- | --- | --- |
| 高 | 要項の範囲変更・新設条文 | 該当章を最優先 |
| 中 | 数値・期限の改正 | 早見表を更新 |
| 低 | 排版・例題追加のみ | 既習を維持 |
| 要確認 | 解説の書き換え | 誤答再発を見る |

テキストと過去問の優先順位の記事で残り週数を把握し、影響度「高」だけ週次時間を上乗せすると、計画全体が崩れにくくなります。",買い替え・乗り換えの判断表,"新版発売＝即購入ではありません。次の表で判断してください。

| 状況 | 買い替え | 待つ |
| --- | --- | --- |
| 要項と旧版目次が不一致 | 該当分野のみ | — |
| 再発誤答40％超が2週 | 問題集追加検討 | 解き直しで半減 |
| 既習が半分以上未完了 | — | 現行を完走 |
| 残り4週以内 | 差分資料のみ | 全冊入れ替え |
| 中古・旧年度版 | 改訂情報を照合 | そのまま暗記 |

テキストの選び方で主軸を固定している場合は、乗り換えは「置換する章」と「残す章」をメモに書いてから実行してください。",既習教材の活かし方,"旧版を捨てる前に、誤答ノートと通し記録を移します。

| 資産 | 移すもの | 捨てるもの |
| --- | --- | --- |
| 誤答ノート | 争点・原因・再発 | 要項外の論点 |
| 通し記録 | 時間切れ問番号 | 古い申込締切 |
| 用語メモ | 混同ペア | 廃止条文 |
| 書き込み | マーカー箇所 | 重複章 |

新版では影響度「高」の章だけ読み、それ以外は旧版の解き直しで再現性を確認する運用が、時間対効果が高いです。",直前期の更新対応,"試験5週前以降の改訂対応は、範囲を絞って実施します。

| 残り | 対応 | やらないこと |
| --- | --- | --- |
| 4週 | 要項差分1枚 | 全冊買い替え |
| 2週 | 数値・期限の更新 | 新問題集の初見 |
| 1週 | 公式15分確認 | 予想記事の収集 |

令和8年度は11月15日試験です。過去問の効果的な使い方と同じ誤答記録で、改訂で増えた論点だけを週末に短問10問で確認すれば足りることが多いです。",直前期と当日準備,"【実践セクション27】直前期の新規学習を絞る
教材の版・年度更新の判断では「直前運用」を先に固定すると、学習判断がぶれにくくなります。
賃貸不動産経営管理士試験は3分野50問120分で構成されるため、知識学習と時間運用を同時に整えることが重要です。
とくに改訂差分の取捨選択で迷った場面では、試験センター公表情報と教材の記述差分を確認して判断してください。
実行段階では、未習追加より既習範囲の再現性を優先するを小さく回し、改訂対応の優先付けを毎週更新する流れが有効です。

【実践セクション28】前日準備を手順化する
教材の版・年度更新の判断では「前日準備」を先に固定すると、学習判断がぶれにくくなります。
賃貸不動産経営管理士試験は3分野50問120分で構成されるため、知識学習と時間運用を同時に整えることが重要です。
とくに改訂差分の取捨選択で迷った場面では、試験センター公表情報と教材の記述差分を確認して判断してください。
実行段階では、持ち物と移動経路を前日夜に確定するを小さく回し、改訂対応の優先付けを毎週更新する流れが有効です。

【実践セクション29】当日朝の確認範囲を限定する
教材の版・年度更新の判断では「当日調整」を先に固定すると、学習判断がぶれにくくなります。
賃貸不動産経営管理士試験は3分野50問120分で構成されるため、知識学習と時間運用を同時に整えることが重要です。
とくに改訂差分の取捨選択で迷った場面では、試験センター公表情報と教材の記述差分を確認して判断してください。
実行段階では、高頻度誤答テーマだけ短時間で見直すを小さく回し、改訂対応の優先付けを毎週更新する流れが有効です。

【実践セクション30】試験中のリズムを守る
教材の版・年度更新の判断では「本番運用」を先に固定すると、学習判断がぶれにくくなります。
賃貸不動産経営管理士試験は3分野50問120分で構成されるため、知識学習と時間運用を同時に整えることが重要です。
とくに改訂差分の取捨選択で迷った場面では、試験センター公表情報と教材の記述差分を確認して判断してください。
実行段階では、各設問で使う時間上限を意識して進めるを小さく回し、改訂対応の優先付けを毎週更新する流れが有効です。

【実践セクション31】終了後の振り返りを残す
教材の版・年度更新の判断では「振り返り」を先に固定すると、学習判断がぶれにくくなります。
賃貸不動産経営管理士試験は3分野50問120分で構成されるため、知識学習と時間運用を同時に整えることが重要です。
とくに改訂差分の取捨選択で迷った場面では、試験センター公表情報と教材の記述差分を確認して判断してください。
実行段階では、迷った設問の型を本番後に記録するを小さく回し、改訂対応の優先付けを毎週更新する流れが有効です。",再受験を含む継続改善,"【実践セクション32】再受験時の立て直しを設計する
教材の版・年度更新の判断では「再設計」を先に固定すると、学習判断がぶれにくくなります。
賃貸不動産経営管理士試験は3分野50問120分で構成されるため、知識学習と時間運用を同時に整えることが重要です。
とくに改訂差分の取捨選択で迷った場面では、試験センター公表情報と教材の記述差分を確認して判断してください。
実行段階では、前回失点分野の分析から再計画を作るを小さく回し、改訂対応の優先付けを毎週更新する流れが有効です。

【実践セクション33】心理負荷の管理を行う
教材の版・年度更新の判断では「心理調整」を先に固定すると、学習判断がぶれにくくなります。
賃貸不動産経営管理士試験は3分野50問120分で構成されるため、知識学習と時間運用を同時に整えることが重要です。
とくに改訂差分の取捨選択で迷った場面では、試験センター公表情報と教材の記述差分を確認して判断してください。
実行段階では、不安要因を学習前に書き出して対処順を決めるを小さく回し、改訂対応の優先付けを毎週更新する流れが有効です。

【実践セクション34】計画崩れ時の復旧手順を持つ
教材の版・年度更新の判断では「復旧計画」を先に固定すると、学習判断がぶれにくくなります。
賃貸不動産経営管理士試験は3分野50問120分で構成されるため、知識学習と時間運用を同時に整えることが重要です。
とくに改訂差分の取捨選択で迷った場面では、試験センター公表情報と教材の記述差分を確認して判断してください。
実行段階では、翌週で取り返す範囲を優先順で絞り込むを小さく回し、改訂対応の優先付けを毎週更新する流れが有効です。

【実践セクション35】学習記録を一元管理する
教材の版・年度更新の判断では「記録統一」を先に固定すると、学習判断がぶれにくくなります。
賃貸不動産経営管理士試験は3分野50問120分で構成されるため、知識学習と時間運用を同時に整えることが重要です。
とくに改訂差分の取捨選択で迷った場面では、試験センター公表情報と教材の記述差分を確認して判断してください。
実行段階では、紙かアプリのどちらか一方に記録を集約するを小さく回し、改訂対応の優先付けを毎週更新する流れが有効です。

【実践セクション36】合格までの到達基準を明文化する
教材の版・年度更新の判断では「到達定義」を先に固定すると、学習判断がぶれにくくなります。
賃貸不動産経営管理士試験は3分野50問120分で構成されるため、知識学習と時間運用を同時に整えることが重要です。
とくに改訂差分の取捨選択で迷った場面では、試験センター公表情報と教材の記述差分を確認して判断してください。
実行段階では、分野別目標点と所要時間を明確に置くを小さく回し、改訂対応の優先付けを毎週更新する流れが有効です。",最新年度版でないとダメですか？,法令改正と要項の範囲が現行版と一致しているかが重要です。購入・継続時は2026年度版（最新版）を選び、中古は目次と改訂情報を要項と照合してください。残り4週を切っている場合は全冊入れ替えより、差分と誤答解き直しを優先した方が得点は安定しやすいです。,改訂が出た週、計画はどう直しますか？,今週の新規範囲を削り、影響度「高」の章だけを+2時間上乗せしてください。来週の日曜に、再発誤答が減ったかを見て、通常配分へ戻すか判断します。全面やり直しは避け、通し50問120分は月1回のペースを維持すると時間感覚が崩れません。,textbook-selection:テキストの選び方;textbook-vs-past-questions:テキストと過去問の優先順位;past-questions-how-to-use:過去問の効果的な使い方,版更新とテキスト選びの違いは？,本記事は改訂・年度更新の監視と買い替え判断が中心です。テキストの選び方の記事は、初めて主軸教材を選ぶ基準が中心です。選定を終えたあと、本記事の月次チェックで版ずれを防ぐ運用がおすすめです。要項の更新日も同じタイミングで確認すると、教材差分の見落としを減らせます。,,,要項が更新の正本;章単位で影響度;買い替えは条件付き;既習の誤答は移す;直前は差分のみ
past-questions-by-year,過去問活用,賃貸不動産経営管理士試験の年度別過去問の解き方,賃貸不動産経営管理士試験の年度別過去問の解き方を要項正本で整理。年度差の読み方、3分野分析、50問120分の実戦運用を令和8年度向けに表で解説します。,年度別過去問は「回数」より、年度差の記録と再演習の設計で効きます。賃貸不動産経営管理士試験は50問・120分・3分野、令和8年度は2026年11月15日（日）13:00〜15:00です。本記事では一般財団法人 賃貸不動産経営管理士試験センター要項を正本として、初回の通し、年度横断の論点タグ、解き直し間隔、分野別への戻し方を表で説明します。出題範囲の更新は https://www.chintaikanrishi.jp/ で必ず確認してください。,30,過去問;模試;復習,賃管マスター編集部,資格学習サイトの編集チーム,公式情報確認担当,公開前に一次情報との照合を行う担当者,2026-06-04,賃貸不動産経営管理士協議会（公式）|https://www.chintaikanrishi.jp/,手書きリライト 2026-06-04。自動prose差し替え 2026-06-04（要手書き）。過去問活用向けテンプレートから作成。公開前に本文・参照URL・関連リンクを差し替える。,本記事を読むと、年度別過去問で出題の変化を把握し、本番に必要な時間配分と分野別対策を自分で設計できるようになります。,要項で当年度と前年の差分を確認してから演習を始める;年度ごとに3分野の正答数と迷い時間を記録する;50問120分の配分チェックポイント表を作る;年度をまたぐ再出論点に優先タグを付ける;月末に年度横断の解き直し日を入れる,試験要項・公式ページ更新時に本文と参照元を見直す。,2026-06-04,2026-06-29,2026-06-04,published,2026-06-04: 編集合格（手書きリライト）,初回は年度別で50問通し,"最初の段階では分野別に細分化せず、1年度を50問120分で通します。

| 記録項目 | 目的 | 次の行動 |
| --- | --- | --- |
| 分野別正答数 | 弱点特定 | 週+2時間 |
| 2分超の問番号 | 読み方 | 類題練習 |
| 未解答数 | 見切り基準 | 解答順修正 |
| 30/60/90分地点 | 配分 | 中間目標更新 |

得点より「どの分野で時間を使ったか」を初回の成功基準にしてください。テキストと過去問の優先順位の記事で残り週数に応じた比率も同時に決めると、2周目以降の分野別へ移るタイミングがぶれにくくなります。",年度差を論点タグで残す,"年度ごとの正答率だけでは、次の復習が曖昧になります。

| タグ | 付ける場面 | 月末の使い道 |
| --- | --- | --- |
| 再出 | 2年度で同型誤答 | 優先解き直し |
| 言い換え | 正解だが根拠薄弱 | 用語確認 |
| 数値 | 単位・期限ミス | 早見更新 |
| 新設 | 要項改正後の初出 | テキスト該当章 |

要項で範囲改定があった年度は、古い表現をそのまま暗記しないよう、公式お知らせと照合してからタグを付けてください。",解き直しの間隔（年度別）,"同一年度は周期的に再挑戦し、別年度で再現性を確認します。

| タイミング | 目的 | 目標 |
| --- | --- | --- |
| 翌日 | 根拠確認 | 争点3語 |
| 7日後 | 定着 | 再発なし |
| 別年度 | 移転 | 同型正解 |
| 月末 | 横断 | 再出タグ上位5 |

過去問の効果的な使い方の復習サイクルと合わせると、年度を増やしても誤答ノートが散らばりません。",模試・一問一答との役割分担,"年度別通しと短時間演習は役割を分けます。

| 形式 | 向く用途 | 記録の中心 |
| --- | --- | --- |
| 年度別50問 | 配分・流れ | 時間・未解答 |
| 一問一答 | 定義・数値 | 混同ペア |
| 分野別15問 | 弱点補強 | 再発数 |
| 当サイト通し | 本番慣れ | 中間チェック |

平日は一問一答と誤答1件、週末は年度別または分野別、月末に50問通し、という二層構造が社会人でも続けやすいです。",弱点は分野別・用語へ戻す,"年度別で見つかった穴は、分野別演習と用語確認へ戻します。

| 誤答型 | 戻り先 | 再確認 |
| --- | --- | --- |
| 知識不足 | テキスト章＋用語 | 短問5問 |
| 読解 | 主体・期限メモ | 長文5問 |
| 時間 | 解答順表 | 通し1回 |

令和8年度は11月15日試験です。直前1か月は新しい年度を増やさず、再出タグ上位と通しの時間記録に集中してください。",,,,,過去問は何年分やれば十分ですか？,年数より、同じ論点を解き直せるかが重要です。直近3年分を年度別で通し、再出タグを用語と条文で補完できれば十分なことが多いです。古い年度は要項の出題範囲と照合し、範囲外の論点に時間を使わないよう注意してください。,年度別と分野別、どちらを先にしますか？,初回は年度別の50問120分通しを推奨します。時間配分と流れを把握したあと、誤答の多い分野へ分野別15問を増やす順が、判断のぶれが少ないです。残り8週を切ったら分野別より解き直しと通しの比重を上げてください。,past-questions-how-to-use:過去問の効果的な使い方;textbook-vs-past-questions:テキストと過去問の優先順位;study-plan:学習計画の立て方,本記事と過去問活用法の違いは？,本記事は年度別セットの解き方と年度差の記録が中心です。過去問の効果的な使い方の記事は、演習全体のサイクルと誤答分類が中心です。記録形式は過去問記事に揃え、年度の回し方は本記事の表で運用するのがおすすめです。,,,初回は年度通し;論点タグで年度差;解き直しは翌日・7日;形式は役割分担;弱点は分野へ戻す
past-questions-by-field,過去問活用,賃貸不動産経営管理士試験の分野別過去問の解き方,賃貸不動産経営管理士試験の分野別過去問の解き方を要項正本で整理。3分野の弱点抽出、50問120分との接続、令和8年度11月15日試験向けの週次配分を表で解説します。,分野別過去問は「分野を細かく分けすぎる」より、3分野の正答率と再発誤答を同じ表で見ることが要点です。賃貸不動産経営管理士試験は50問・120分・3分野、令和8年度は2026年11月15日（日）13:00〜15:00です。本記事では一般財団法人 賃貸不動産経営管理士試験センター要項を正本として、通し演習後の分野別分析、週次の演習順、用語への戻し方を表で説明します。出題範囲の改定は https://www.chintaikanrishi.jp/ の要項で必ず上書き確認してください。,30,過去問;模試;復習,賃管マスター編集部,資格学習サイトの編集チーム,公式情報確認担当,公開前に一次情報との照合を行う担当者,2026-06-04,賃貸不動産経営管理士協議会（公式）|https://www.chintaikanrishi.jp/,手書きリライト 2026-06-04。自動prose差し替え 2026-06-04（要手書き）。過去問活用向けテンプレートから作成。公開前に本文・参照URL・関連リンクを差し替える。,本記事を読むと、分野別過去問で弱点を可視化し、法令・契約実務・設備税務の順に復習を回しながら本番得点へつなげる進め方が分かります。,試験センター要項で当年度の出題範囲と試験形式を確認する;50問120分の通し後に3分野の正答数と迷い問番号を記録する;最弱分野に週+2時間を配分し演習順を固定する;誤答を争点3語と原因3分類で1行記録する;週末に分野横断の解き直し日をカレンダーに登録する,試験要項・公式ページ更新時に本文と参照元を見直す。,2026-06-04,2026-06-29,2026-06-04,published,2026-06-04: 編集合格（手書きリライト）,分野別演習の前提（要項と通し）,"分野別に入る前に、50問120分の通しで現在地を取ります。

| ステップ | 内容 | 記録 |
| --- | --- | --- |
| 1 | 要項で試験日・問題数・3分野を確認 | 確認日 |
| 2 | 1回分を120分で通し解答 | 総得点・未解答 |
| 3 | 分野別に正答数を集計 | 3分野の表 |
| 4 | 迷い2分超の問番号をタグ | 読解・知識・時間 |
| 5 | 翌週の重点分野を1つ決定 | 週次計画 |

初手から分野だけに閉じると、横断論点の弱点が見えにくくなります。過去問の初回の解き方の記事で通しの記録形式を先に固定すると、本記事の分野表へスムーズに移れます。",3分野の記録表と優先順位,"通しのあと、次の表を毎回更新してください。

| 分野 | 出題数の目安 | 正答/出題 | 再発誤答 | 翌週のアクション |
| --- | --- | --- | --- | --- |
| 法令・制度 | 約17問 | 例 12/17 | 3件 | 用語10語＋短問10問 |
| 契約・実務 | 約17問 | 例 10/17 | 5件 | 長文10問＋争点メモ |
| 設備・税務 | 約16問 | 例 11/16 | 2件 | 数値早見＋短問8問 |

正答率が最も低い分野を「今週の重点」にし、他分野は誤答解き直しを最低30分確保します。1分野だけ極端に高得点でも、他分野の週次接触を止めないことが総合点安定の前提です。",分野別の演習の進め方,"分野別演習は「量」より「同じ論点を再現できるか」で設計します。

| 分野 | 平日（30〜45分） | 週末（90分） |
| --- | --- | --- |
| 法令・制度 | 用語5語＋短問5問 | 章末確認＋15問 |
| 契約・実務 | 争点メモ＋短問5問 | 長文10問＋解説照合 |
| 設備・税務 | 数値早見 | 単位ミス再発の解き直し |
| 横断 | 誤答1行整理 | 分野ミックス20問 |

解説を読む前に自分の判断理由を1文書き、根拠曖昧な正解も復習対象に含めてください。当サイトの分野別演習と用語解説を往復すると、記録と補強がつながりやすくなります。",模試・一問一答との役割分担,"分野別過去問は、通し・一問一答・模試と役割を分けると効率が上がります。

| 手段 | 役割 | 頻度の目安 |
| --- | --- | --- |
| 通し50問 | 時間配分・総合点 | 月2回 |
| 分野別過去問 | 弱点の深掘り | 週1回 |
| 一問一答 | 再発誤答の短時間復習 | 平日毎日10問以内 |
| 模試 | 直前の現在地確認 | 残り8週から月1回 |

分野別だけを増やして通しを止めると、本番の120分感覚が戻りにくくなります。ブックマークを使った復習の記事と併用し、誤答・迷い問をリスト化して分野演習へ渡してください。",直前期の分野別の切り替え,"試験5週前以降は、新規の広い分野演習より再発誤答へ寄せます。

| 残り | 分野別の重点 | 止めること |
| --- | --- | --- |
| 8週 | 最弱分野に週+3時間 | 未読の別問題集 |
| 4週 | 3分野の再発トップ各5問 | 初見の長い章 |
| 2週 | 数値・期限の早見 | 深夜の詰め込み |
| 前日 | 争点メモの最終確認 | 新規50問通し |

令和8年度は11月15日試験です。過去問の解き直しサイクルの記事で間隔を固定し、分野別は「再発だけ」に絞ると直前の失速を防げます。",,,,,最初から分野別だけで解いてもよいですか？,診断目的なら分野別から始めても構いませんが、早い段階で50問120分の通しを1回入れると、時間切れと分野バランスの弱点が一度に見えます。通しの記録を土台に分野別へ進む順が、後半の配分修正が少なくて済みます。要項の試験形式は演習前に必ず再確認してください。,1分野だけ極端に低いときは？,翌週はその分野に演習20問と用語確認30分を追加し、他分野は誤答解き直しのみに留めます。2週続けて改善がなければ、基本書の該当章へ戻り、争点を3語ずつメモしてから再演習してください。総合点のため、他分野の週次最低枠（各30分）は維持することが重要です。,past-questions-how-to-use:過去問の効果的な使い方;past-questions-first-attempt:過去問の初回の解き方;law-subject:法令・制度の学習ハブ,分野別の記事と過去問活用法の違いは？,過去問の効果的な使い方は演習サイクル全体（通し・記録・用語往復）が中心です。本記事は通し後の3分野分析と、週次の分野別演習の配分が中心です。活用法で記録形式を固定し、本記事で分野の優先順位だけ毎週更新する運用がおすすめです。,,,通し後に分野表を作る;最弱1分野に週+2時間;正解も根拠曖昧なら復習;通しは月2回維持;直前は再発中心
past-questions-review-cycle,過去問活用,賃貸不動産経営管理士試験の過去問の解き直しサイクル,賃貸不動産経営管理士試験の過去問解き直しサイクルを要項正本で設計。当日・3日後・7日後の復習枠と50問120分の再演習を令和8年度向けに表で解説します。,解き直しは回数より、間隔と記録の型が決まっているかで効果が変わります。賃貸不動産経営管理士試験は50問・120分・3分野、令和8年度は2026年11月15日（日）13:00〜15:00です。本記事では試験センター要項を正本として、初回通し後の復習間隔、3分野の優先順位、月2回の再演習日の置き方を表で説明します。日程・出題範囲は https://www.chintaikanrishi.jp/ で必ず最新要項を確認してください。,30,過去問;模試;復習,賃管マスター編集部,資格学習サイトの編集チーム,公式情報確認担当,公開前に一次情報との照合を行う担当者,2026-06-04,賃貸不動産経営管理士協議会（公式）|https://www.chintaikanrishi.jp/,手書きリライト 2026-06-04。自動prose差し替え 2026-06-04（要手書き）。過去問活用向けテンプレートから作成。公開前に本文・参照URL・関連リンクを差し替える。,本記事を読むと、過去問を何度・いつ解き直すかが明確になり、生活リズムに合わせた解き直しサイクルを自分で設計できます。,要項で学習期間の締切を決め解き直し枠をカレンダー登録する;初回通しの記録から3分野の再発誤答を抽出する;当日・3日後・7日後の復習日を演習ごとに固定する;50問120分の再演習を月2回以上スケジュールする;月次で正答率と再発率を比較し配分だけ修正する,試験要項・公式ページ更新時に本文と参照元を見直す。,2026-06-04,2026-06-29,2026-06-04,published,2026-06-04: 編集合格（手書きリライト）,解き直しサイクルの土台（初回通し）,"周期を決める前に、年度別の通しで基準点を取ります。

| 記録項目 | 目的 | 次の解き直しへ |
| --- | --- | --- |
| 総得点 | 全体の現在地 | 月次比較 |
| 分野別正答数 | 優先分野 | 週次配分 |
| 誤答の争点3語 | 復習対象 | 当日・7日後 |
| 2分超の問番号 | 時間・読解 | 配分調整 |
| 未解答数 | 見切り基準 | 通し再演習 |

初回結果がないまま間隔だけ決めても、何を優先復習すべきか判断できません。過去問の初回の解き方の記事と記録形式を揃えてから、本記事の間隔表に入ってください。",3段階の復習間隔（当日・3日・7日）,"誤答は次の3タイミングで処理すると再発が減ります。

| タイミング | 時間 | 作業 |
| --- | --- | --- |
| 当日 | 30分 | 誤答のみ：正解理由を1文＋争点3語 |
| 3日後 | 20分 | 同問または類問5問 |
| 7日後 | 30分 | 再発の有無を記録 |
| 週末 | 60分 | 再発トップ5を選定 |

長文の解説を丸写ししないで、自分の誤った判断の型を1行で残してください。原因は知識不足・読解・時間の3分類に固定すると、翌週の対策がぶれにくくなります。",50問120分の再演習の入れ方,"解き直しは短問だけで終わらせず、月2回は本番形式で再現します。

| 残り週数 | 再演習 | 記録の重点 |
| --- | --- | --- |
| 16週以上 | 月1回通し | 分野別正答数 |
| 8〜15週 | 月2回通し | 未解答・見切り数 |
| 5週以内 | 同一年度の解き直し中心 | 再発誤答のみ |
| 直前2週 | 短い一問一答＋誤答 | 睡眠優先 |

2回目以降は同じ年度をそのまま繰り返すより、誤答論点を別年度・分野別演習で補強してから通しに戻すと定着が進みます。",3分野の解き直し優先順位,"毎週日曜に、再発率の高い分野から順に翌週の枠を割り当てます。

| 信号 | 判断 | 翌週のアクション |
| --- | --- | --- |
| 再発40％超が2週 | 最優先 | その分野+3時間 |
| 正答率が横ばい | 維持 | 解き直しのみ増 |
| 時間切れが増加 | 配分 | 見切り基準を紙に固定 |
| 1分野だけ高得点 | 偏り | 他分野に最低30分 |

分野別過去問の解き方の記事で分野表を更新し、本記事では間隔と通しの再演習日だけを月次で見直すと運用が軽くなります。",直前期と停滞期のサイクル調整,"忙しい週・直前週は、サイクルを縮めても「空白日」を作らない設計にします。

| 状況 | 縮めること | 守ること |
| --- | --- | --- |
| 残業週 | 新規の通し | 誤答3件の当日復習 |
| 停滞2週 | 教材追加 | 7日後解き直し1セット |
| 試験5週前 | 広い初見 | 再発誤答＋数値早見 |
| 前日 | 長時間演習 | 争点メモ・持ち物確認 |

令和8年度は11月15日試験です。点数分析の記事で週次3指標（得点・再発率・時間超過）だけ見れば、サイクルの修正が一度で済みます。",,,,,同じ過去問は何回解き直せばよいですか？,回数より、7日後に再発しなければその論点は一旦卒業、再発すれば14日後に再登録、という運用が現実的です。同じ年度を何度も通しするより、誤答論点を分野別・一問一答で補強してから通しに戻す方が、形式変化にも強い定着になります。,解き直しと点数分析はどう連動しますか？,毎回の通し後に年度別・分野別の得点を記録し、再発誤答数だけを週次で比較してください。得点が横ばいでも再発が減っていればサイクルは機能しています。逆に得点だけ上がり再発が増える場合は、解き直し間隔を短くするか、用語確認を挟んでください。,past-questions-how-to-use:過去問の効果的な使い方;past-questions-score-analysis:過去問の点数分析;bookmark-review-method:ブックマークを使った復習,解き直しサイクルとブックマーク復習の違いは？,本記事は時間軸（当日・3日・7日・通し再演習）の設計が中心です。ブックマークを使った復習は、誤答・迷い問のリスト管理と週1回の解き直しが中心です。ブックマークで対象を集め、本記事の間隔で回すと、リストが溜まりすぎずに済みます。,,,初回通しで基準を取る;当日・3日・7日で復習;通し再演習は月2回;再発率で優先分野;直前は再発中心
past-questions-score-analysis,過去問活用,賃貸不動産経営管理士試験の過去問の点数分析,賃貸不動産経営管理士試験の過去問点数分析を要項正本で整理。年度別・分野別の記録、再発率と50問120分の配分調整を令和8年度向けに表で解説します。,"点数分析は採点結果の保存ではなく、翌週の学習配分へつなげる記録設計が要点です。賃貸不動産経営管理士試験は50問・120分・3分野、令和8年度は2026年11月15日（日）13:00〜15:00、受験料は12,000円（要項どおり）です。本記事では試験センター・協議会公表を正本として、分析軸の固定、誤答原因の分解、時間超過の記録、月次レビューまでを表で説明します。比較する年度の出題範囲は https://www.chintaikanrishi.jp/ の要項で必ず揃えて確認してください。",30,過去問;模試;復習,賃管マスター編集部,資格学習サイトの編集チーム,公式情報確認担当,公開前に一次情報との照合を行う担当者,2026-06-04,賃貸不動産経営管理士協議会（公式）|https://www.chintaikanrishi.jp/,手書きリライト 2026-06-04。自動prose差し替え 2026-06-04（要手書き）。過去問活用向けテンプレートから作成。公開前に本文・参照URL・関連リンクを差し替える。,本記事を読むと、過去問の点数を単なる結果で終わらせず、分野別の課題抽出と翌週学習への反映まで一連の手順として運用できます。,協議会・試験センター要項で年度比較の前提を揃える;得点を年度別・分野別・論点タグで記録する;再発誤答を原因3分類で週次集計する;2分超の問番号で50問120分の配分を調整する;月次レビューで停滞分野のみ対策を追加する,試験要項・公式ページ更新時に本文と参照元を見直す。,2026-06-04,2026-06-29,2026-06-04,published,2026-06-04: 編集合格（手書きリライト）,分析の前に固定する公式前提,"年度をまたいで比較する前に、要項で前提を揃えます。

| 項目 | 令和8年度（要項・公式） | 分析への影響 |
| --- | --- | --- |
| 試験日 | 2026年11月15日（日）13:00〜15:00 | 残り週数 |
| 形式 | 50問・120分・3分野 | 通し記録の単位 |
| 合格基準 | 要項記載 | 目標得点の設定 |
| 出題範囲 | 科目表 | 年度比較の可否 |
| 5問免除 | 45問受験の有無 | 演習問数の調整 |

範囲改定のある年度は、古い得点を新年度の目標に直結させないでください。合格点の見方の記事で基準点と公表統計の読み分けを先に固定すると、個人得点の解釈がぶれにくくなります。",点数記録の書式（年度・分野・論点）,"1枚の表で十分機能します。演習のたびに更新してください。

| 列 | 記入例 | 使い道 |
| --- | --- | --- |
| 実施日 | 2026-06-01 | 間隔管理 |
| 年度 | 令和7年度過去問 | 比較軸 |
| 総得点 | 32/50 | 推移 |
| 法令 | 11/17 | 分野配分 |
| 契約 | 10/17 | 分野配分 |
| 設備 | 11/16 | 分野配分 |
| 再発数 | 4 | 解き直し優先 |

正答率だけでなく、再発誤答数を週次で見ると、「解いたが伸びない」状態を早めに検知できます。",誤答原因の3分類と翌週への反映,"誤答は次の3分類に固定し、対策を振り分けます。

| 原因 | 信号 | 翌週の対策 |
| --- | --- | --- |
| 知識不足 | 争点が説明できない | 用語＋基本書該当章 |
| 読解不足 | 主体・時点の取り違え | 読み順手順の練習 |
| 時間不足 | 2分超・未解答 | 見切り基準・解答順 |

原因別の件数を週次で棒グラフ化しなくても、最多の原因1つだけ翌週の+時間に割り当てれば、改善が速いことが多いです。",時間超過と50問120分の配分調整,"得点と並行して、時間の記録を入れます。

| チェック時刻 | 目安進捗 | 記録 |
| --- | --- | --- |
| 30分 | 12〜15問 | 遅れ問番号 |
| 60分 | 25問前後 | 分野タグ |
| 90分 | 40問前後 | 見切り数 |
| 115分 | 見直し開始 | 未確定・マーク |

時間超過が続く週は、学習量を増やす前に見切り基準と解答順を1枚に書き、次の通しで実験してください。時間配分の戦略の記事と中間チェックを揃えると調整が楽です。",月次レビューと直前期の判断,"月末に次の3指標だけ確認し、翌月の配分を1行修正します。

| 指標 | 改善の目安 | 追加対策 |
| --- | --- | --- |
| 総得点推移 | 2回連続で+3以上 | 現行維持 |
| 再発率 | 週次で減少 | 解き直し間隔を維持 |
| 時間超過数 | 通しごとに減少 | 配分表の更新 |
| 停滞 | 4週横ばい | 最弱分野のみ+時間 |

令和8年度は11月15日試験です。直前1か月は新規教材より、分析表の再発上位15問の解き直しを優先してください。",直前期の優先順位,"【実践セクション27】SNS情報の取捨を厳格化する
過去問の点数分析では「情報選別」を先に定義しておくと、演習と復習の判断がぶれにくくなります。
賃管 examは3分野を横断して50q/120minで処理するため、知識量だけでなく運用手順の固定が重要です。
とくに点数推移と再発誤答の接続で迷った場面では、公式発表を確認して一次情報ベースで手順を更新してください。
実行段階では、出典不明情報は学習計画へ採用しないを週次で反復し、再発誤答の減少を改善指標に置くと安定します。

【実践セクション28】模試結果の読み方を統一する
過去問の点数分析では「模試分析」を先に定義しておくと、演習と復習の判断がぶれにくくなります。
賃管 examは3分野を横断して50q/120minで処理するため、知識量だけでなく運用手順の固定が重要です。
とくに点数推移と再発誤答の接続で迷った場面では、公式発表を確認して一次情報ベースで手順を更新してください。
実行段階では、合計点と時間超過を分離して評価するを週次で反復し、再発誤答の減少を改善指標に置くと安定します。

【実践セクション29】停滞期の立て直し手順を準備する
過去問の点数分析では「停滞復旧」を先に定義しておくと、演習と復習の判断がぶれにくくなります。
賃管 examは3分野を横断して50q/120minで処理するため、知識量だけでなく運用手順の固定が重要です。
とくに点数推移と再発誤答の接続で迷った場面では、公式発表を確認して一次情報ベースで手順を更新してください。
実行段階では、最低ライン学習へ一時退避して連続性を守るを週次で反復し、再発誤答の減少を改善指標に置くと安定します。

【実践セクション30】直前期の新規追加を制限する
過去問の点数分析では「直前運用」を先に定義しておくと、演習と復習の判断がぶれにくくなります。
賃管 examは3分野を横断して50q/120minで処理するため、知識量だけでなく運用手順の固定が重要です。
とくに点数推移と再発誤答の接続で迷った場面では、公式発表を確認して一次情報ベースで手順を更新してください。
実行段階では、新規論点より再発論点の再演習を優先するを週次で反復し、再発誤答の減少を改善指標に置くと安定します。

【実践セクション31】試験前週の行動を固定する
過去問の点数分析では「前週準備」を先に定義しておくと、演習と復習の判断がぶれにくくなります。
賃管 examは3分野を横断して50q/120minで処理するため、知識量だけでなく運用手順の固定が重要です。
とくに点数推移と再発誤答の接続で迷った場面では、公式発表を確認して一次情報ベースで手順を更新してください。
実行段階では、会場経路・持ち物・当日朝の確認項目を先に決めるを週次で反復し、再発誤答の減少を改善指標に置くと安定します。",本番運用と振り返り,"【実践セクション32】試験当日の開始手順を短文化する
過去問の点数分析では「当日手順」を先に定義しておくと、演習と復習の判断がぶれにくくなります。
賃管 examは3分野を横断して50q/120minで処理するため、知識量だけでなく運用手順の固定が重要です。
とくに点数推移と再発誤答の接続で迷った場面では、公式発表を確認して一次情報ベースで手順を更新してください。
実行段階では、開始直後の見通し確認を1分以内で実施するを週次で反復し、再発誤答の減少を改善指標に置くと安定します。

【実践セクション33】終了直前の判断を標準化する
過去問の点数分析では「終盤判断」を先に定義しておくと、演習と復習の判断がぶれにくくなります。
賃管 examは3分野を横断して50q/120minで処理するため、知識量だけでなく運用手順の固定が重要です。
とくに点数推移と再発誤答の接続で迷った場面では、公式発表を確認して一次情報ベースで手順を更新してください。
実行段階では、未確定問題へ戻る順序を事前ルール化するを週次で反復し、再発誤答の減少を改善指標に置くと安定します。

【実践セクション34】試験後の振り返りを次回へ接続する
過去問の点数分析では「試験後整理」を先に定義しておくと、演習と復習の判断がぶれにくくなります。
賃管 examは3分野を横断して50q/120minで処理するため、知識量だけでなく運用手順の固定が重要です。
とくに点数推移と再発誤答の接続で迷った場面では、公式発表を確認して一次情報ベースで手順を更新してください。
実行段階では、迷い問題の型を分類して再利用するを週次で反復し、再発誤答の減少を改善指標に置くと安定します。

【実践セクション35】継続学習の最小単位を守る
過去問の点数分析では「継続設計」を先に定義しておくと、演習と復習の判断がぶれにくくなります。
賃管 examは3分野を横断して50q/120minで処理するため、知識量だけでなく運用手順の固定が重要です。
とくに点数推移と再発誤答の接続で迷った場面では、公式発表を確認して一次情報ベースで手順を更新してください。
実行段階では、忙しい日でも10分復習を継続して空白日を作らないを週次で反復し、再発誤答の減少を改善指標に置くと安定します。

【実践セクション36】最終到達基準を言語化する
過去問の点数分析では「到達目標」を先に定義しておくと、演習と復習の判断がぶれにくくなります。
賃管 examは3分野を横断して50q/120minで処理するため、知識量だけでなく運用手順の固定が重要です。
とくに点数推移と再発誤答の接続で迷った場面では、公式発表を確認して一次情報ベースで手順を更新してください。
実行段階では、3分野で安定得点できる再現手順を文書化するを週次で反復し、再発誤答の減少を改善指標に置くと安定します。",点数分析は何から始めればよいですか？,まず1回分の50問120分通しを終え、総得点と3分野別正答数を同じ日に記録してください。次に誤答を原因3分類でタグ付けし、再発数だけを週次で比較します。年度比較は2回目以降で十分で、初回は自分の現在地の把握が最優先です。,点数が伸びないときは量を増やしますか？,先に再発率と原因別件数を確認し、最多原因にだけ翌週の学習時間を追加してください。知識不足が多い週は用語と基本書、時間不足が多い週は配分と見切りの練習が効きます。2週改善がなければ通し再演習を1回入れ、未解答と長考問番号を記録してください。,past-questions-how-to-use:過去問の効果的な使い方;past-questions-review-cycle:過去問の解き直しサイクル;pass-score:合格点・合格率の見方,点数分析と合格率の記事の違いは？,合格率の見方は試験センター公表の統計と合格基準の読み方が中心です。本記事は自分の過去問得点の記録と、翌週・翌月への反映手順が中心です。統計は月1回、個人得点は週1回の頻度で分けると、不安と対策が混ざりにくくなります。,,,要項で比較前提を固定;年度・分野・再発を記録;原因は3分類;時間超過も数値化;月次は3指標だけ
bookmark-review-method,過去問活用,賃貸不動産経営管理士試験のブックマークを使った復習,賃貸不動産経営管理士試験のブックマーク復習を要項正本で設計。誤答・迷い問の管理、解き直し間隔、50問120分との接続を令和8年度向けに表で解説します。,ブックマークは保存機能ではなく、得点改善用の復習リストとして運用することが要点です。賃貸不動産経営管理士試験は50問・120分・3分野、令和8年度は2026年11月15日（日）13:00〜15:00です。本記事では試験センター要項を正本として、何をブックマークするか、理由の1行記録、翌日・7日後・14日後の解き直し、分野別件数の集計を表で説明します。演習形式の変更は https://www.chintaikanrishi.jp/ の要項で必ず確認してください。,30,過去問;模試;復習,賃管マスター編集部,資格学習サイトの編集チーム,公式情報確認担当,公開前に一次情報との照合を行う担当者,2026-06-04,賃貸不動産経営管理士協議会（公式）|https://www.chintaikanrishi.jp/,手書きリライト 2026-06-04。自動prose差し替え 2026-06-04（要手書き）。過去問活用向けテンプレートから作成。公開前に本文・参照URL・関連リンクを差し替える。,本記事を読むと、ブックマークを単なる保存で終わらせず、得点改善に直結する復習リストとして運用する手順が分かります。,誤答と迷った設問を演習直後にブックマークし理由を1行記録する;週1回ブックマーク問題だけを解き直し再発を確認する;解き直しは翌日・7日後・14日後の3段階で実施する;分野別件数を集計し翌週の重点分野を決める;月1回50問120分の通しでリストの効果を検証する,試験要項・公式ページ更新時に本文と参照元を見直す。,2026-06-04,2026-06-29,2026-06-04,published,2026-06-04: 編集合格（手書きリライト）,ブックマークする対象の基準,"正誤だけでなく、本番で失点しうる問を残します。

| 対象 | 理由の記録例 | 優先度 |
| --- | --- | --- |
| 誤答 | 用語混同 | 高 |
| 正解だが根拠曖昧 | 条文未確認 | 高 |
| 2分超で正解 | 時間圧迫 | 中 |
| マークした未確定 | 見切り検討 | 中 |
| 偶然正解の類似 | 再発懸念 | 週次で確認 |

初回通しのあとにリストを作ると、何を残すか基準がぶれません。過去問の初回の解き方の記事で通し記録を終えてから、ブックマーク運用に入ると効率が上がります。",1行メモと分野タグの付け方,"リストが増えすぎるのを防ぐため、付け方を統一します。

| 項目 | 書き方 | 例 |
| --- | --- | --- |
| 分野タグ | 法令／契約／設備 | 契約 |
| 争点 | 3語以内 | 重説記載 |
| 原因 | 知識・読解・時間 | 読解 |
| 再確認日 | 7日後 | 6/11 |
| 状態 | 未／再発／卒業 | 未 |

解説のコピペは避け、自分の誤判断を一文で残してください。当サイトの演習モードでブックマークし、用語解説へ1クリックで戻れる導線を使うと往復が短くなります。",解き直しの3段階（翌日・7日・14日）,"ブックマーク一覧は、次の間隔で必ず消化します。

| 段階 | 対象 | 作業 |
| --- | --- | --- |
| 翌日 | 新規追加分 | 同問または類問5問 |
| 7日後 | 再発あり | 争点の用語確認10分 |
| 14日後 | 再発なし | リストから卒業 |
| 週末 | 全体 | 件数が20超なら優先度見直し |

件数が増え続ける場合は、新規演習を1週止めてリスト消化週に切り替えてください。過去問の解き直しサイクルと間隔を共通化すると、二重管理になりません。",分野別件数と翌週の重点,"毎週日曜に分野別のブックマーク件数を数え、翌週の+時間を決めます。

| 分野 | 件数の目安 | 翌週のアクション |
| --- | --- | --- |
| 最多分野 | 全体の40％超 | +2時間＋短問15問 |
| 中間 | 20〜40％ | 解き直し維持 |
| 最少 | 20％未満 | 最低30分の接触 |
| 合計20件超 | リスト過多 | 消化週を設定 |

分野別過去問の解き方の記事で週次配分を更新し、ブックマークは「誰を復習するか」のキュー、分野記事は「時間をどこへ置くか」の設計と役割分担できます。",通し演習との接続と直前期,"月1回は50問120分の通しで、リスト運用の効果を検証します。

| タイミング | 確認 | 調整 |
| --- | --- | --- |
| 通し直後 | 再発数 | 7日後を追加 |
| 通し1週後 | 分野別得点 | 最多分野に+時間 |
| 試験8週前 | リスト総数 | 20件以内を目標 |
| 試験2週前 | 新規追加停止 | 再発のみ |

令和8年度は11月15日試験です。直前はブックマークの新規追加を止め、再発上位だけを一問一答で回すと本番の取りこぼしが減ります。",,,,,正解した問題もブックマークしますか？,根拠を一文で説明できない正解は、ブックマークして7日後に再挑戦してください。偶然正解は本番で再発しやすいため、リストに入れる価値があります。説明できる正解は卒業し、リスト件数を抑える運用が続きやすくなります。,ブックマークが増えすぎたときは？,新規演習を1週間止め、リスト消化週に切り替えてください。優先度の高い誤答から10問ずつ解き直し、再発が止まった問は卒業させます。20件を超えた状態で新規を続けると、復習が形骸化しやすいです。消化後に通し50問を1回入れ、リスト運用が機能しているか数字で確認してください。,past-questions-review-cycle:過去問の解き直しサイクル;ichimon-practice:一問一答の活用法;past-questions-how-to-use:過去問の効果的な使い方,ブックマークと一問一答はどう使い分けますか？,ブックマークは「後で必ず戻る問」のキュー、一問一答は平日の短時間定着が中心です。ブックマークから争点を抜き出し、一問一答で類似5問を回すと効率が上がります。通し演習の前週は、一問一答をブックマーク確認モードに切り替えるのがおすすめです。,,,誤答と迷い問を残す;争点・原因を1行;翌日・7日・14日で消化;分野件数で+時間;月1回通しで検証
past-questions-first-attempt,過去問活用,賃貸不動産経営管理士試験の過去問の初回の解き方,賃貸不動産経営管理士試験の過去問初回演習を要項正本で整理。50問120分の診断手順、3分野の記録、翌週計画への接続を令和8年度向けに表で解説します。,"初回の過去問は採点競争ではなく、弱点の型を集める診断作業として実施することが要点です。賃貸不動産経営管理士試験は50問・120分・3分野、令和8年度は2026年11月15日（日）13:00〜15:00、受験料は12,000円（要項どおり）です。本記事では一般財団法人 賃貸不動産経営管理士試験センター要項を正本として、初回前の確認、通しの進め方、直後の記録、1週間以内の再確認までを表で説明します。申込・試験日は https://www.chintaikanrishi.jp/ で必ず最新要項を確認してください。",30,過去問;模試;復習,賃管マスター編集部,資格学習サイトの編集チーム,公式情報確認担当,公開前に一次情報との照合を行う担当者,2026-06-04,賃貸不動産経営管理士協議会（公式）|https://www.chintaikanrishi.jp/,手書きリライト 2026-06-04。自動prose差し替え 2026-06-04（要手書き）。過去問活用向けテンプレートから作成。公開前に本文・参照URL・関連リンクを差し替える。,本記事を読むと、過去問の初回演習を採点だけで終えず、改善計画へつなげる診断の進め方が具体的に分かります。,試験センター要項で初回演習の前提（50問120分）を確認する;初回は120分計測の通し解答で記録を残す;3分野ごとに正答数と迷い問題数を集計する;誤答を原因3分類でタグ付けする;1週間以内に同系統で再確認テストを実施する,試験要項・公式ページ更新時に本文と参照元を見直す。,2026-06-04,2026-06-29,2026-06-04,published,2026-06-04: 編集合格（手書きリライト）,初回演習の前に終える確認,"初回から時計を使う価値があるため、前提を先に固定します。

| 確認項目 | 内容 | 記録 |
| --- | --- | --- |
| 問題数・時間 | 50問・120分 | 演習日 |
| 3分野 | 要項の科目表 | 分野タグの準備 |
| 試験日 | 令和8年度11月15日 | 残り週数 |
| 出題範囲 | 当年度要項 | 使用する年度 |
| 持ち物想定 | HB鉛筆・消しゴム | 本番形式の意識 |

日程・申込の確認手順の記事でカレンダーを整え、初回と同じ週に申込準備を進めると、後半の演習が途切れにくくなります。",初回通しの進め方（120分）,"初回は本番に近い条件で実施し、数字より「迷いの位置」を記録します。

| フェーズ | 目安 | 記録 |
| --- | --- | --- |
| 0〜30分 | 12〜15問 | 遅れ問番号 |
| 31〜60分 | 累計25問前後 | 分野タグ |
| 61〜90分 | 累計40問前後 | 見切り候補 |
| 91〜115分 | 見直し | 未確定数 |
| 終了後30分 | 誤答整理 | 争点3語 |

解説を全部読む前に、誤答の判断理由を1文書いてから正解根拠へ進んでください。得点より、時間切れと根拠曖昧の問番号を残す意識が、2回目以降の改善速度を左右します。",直後の記録（3分野と原因）,"終了当日に、次の表を必ず更新します。

| 分野 | 正答/出題 | 迷い数 | 原因トップ |
| --- | --- | --- | --- |
| 法令・制度 | 記入 | 記入 | 例：知識 |
| 契約・実務 | 記入 | 記入 | 例：読解 |
| 設備・税務 | 記入 | 記入 | 例：時間 |
| 全体 | 総得点 | 未解答 | 見切り数 |

この表を分野別過去問の解き方・点数分析の記事へ渡すと、初回の診断が翌週の配分にそのまま反映されます。",1週間以内の再確認テスト,"初回の誤答論点は、7日以内に短いセットで再現確認します。

| 日 | 作業 | 時間 |
| --- | --- | --- |
| 翌日 | 誤答5問の再挑戦 | 30分 |
| 3日後 | 類問5問 | 30分 |
| 7日後 | 再発の有無 | 30分 |
| 週末 | 分野別10問 | 90分 |

再発が多い論点はブックマークに登録し、解き直しサイクルの間隔表に載せてください。初回だけで終わらせないことが、得点伸長の分岐点です。",2回目以降への接続と直前期,"初回が終わったら、次の記事へ役割分担で進みます。

| 記事 | 役割 |
| --- | --- |
| 本記事 | 初回診断・記録 |
| 分野別過去問 | 週次の弱点演習 |
| 点数分析 | 推移と月次修正 |
| 解き直しサイクル | 間隔の固定 |

令和8年度は11月15日試験です。直前1か月は初回と同じ年度の通しを繰り返すより、初回で拾った再発誤答の解き直しを優先してください。",,,,,初回から過去問でよいですか？,基礎の章立てを一度確認したうえで初回通しに入ると、誤答の原因分類がしやすくなります。いきなり過去問でも構いませんが、争点が言語化できない誤答が増える場合は、1週間だけ基本書で用語を補強してから再挑戦してください。要項の出題範囲と使用する過去問の年度は必ず一致させてください。,初回の得点が低くても大丈夫ですか？,初回は得点より、3分野のバランスと時間切れの有無を見る段階です。低得点でも記録が取れていれば、分野別演習と解き直しサイクルで改善余地は十分あります。自己評価を数字1つで決めず、再発しそうな論点リストを作ることが次の一手です。,past-questions-how-to-use:過去問の効果的な使い方;past-questions-by-field:分野別過去問の解き方;exam-overview:試験概要・出題分野,初回の解き方と過去問活用法の違いは？,本記事は初回1回分の診断手順と直後〜1週間の再確認が中心です。過去問の効果的な使い方は、通し・記録・用語往復を含む全体サイクルが中心です。初回を本記事で終え、2回目以降は活用法と解き直しサイクルで運用する順がおすすめです。,,,初回は診断目的;120分計測で通し;迷い位置を記録;当日に3分野表;7日以内に再確認
past-questions-wrong-reasons,過去問活用,賃貸不動産経営管理士試験の過去問の誤答原因の分析,賃貸不動産経営管理士試験の過去問誤答原因分析を要項正本で整理。3分類の記録法・読解手順・再発防止を50問120分・令和8年度11月15日試験向けに表で解説します。,過去問の得点は、解いた回数より「同じ失点を再発させないか」で決まります。賃貸不動産経営管理士試験は50問・120分・3分野、令和8年度は2026年11月15日（日）13:00〜15:00です。本記事では一般財団法人 賃貸不動産経営管理士試験センター要項を正本として、誤答の3分類、読解手順、週次レビュー、直前の絞り込みを表で説明します。出題範囲の改定は https://www.chintaikanrishi.jp/ で必ず上書き確認してください。,30,過去問;模試;復習,賃管マスター編集部,資格学習サイトの編集チーム,公式情報確認担当,公開前に一次情報との照合を行う担当者,2026-06-04,賃貸不動産経営管理士協議会（公式）|https://www.chintaikanrishi.jp/,手書きリライト 2026-06-04。自動prose差し替え 2026-06-04（要手書き）。過去問活用向けテンプレートから作成。公開前に本文・参照URL・関連リンクを差し替える。,本記事を読むと、誤答を偶発ミスで片づけず原因別に対策でき、同じ失点の再発を抑えながら50問120分の本番で安定得点につなげられます。,要項で試験形式・出題範囲を確認してから誤答記録を始める;誤答を知識不足・読解不足・時間不足の3分類で記録する;読解ミスは主体・時点・条件の抽出手順を固定して再演習する;再発誤答を週次で集計し翌週の重点論点を1つ決める;正解問題も根拠を一文で残し曖昧理解を除外する,試験要項・公式ページ更新時に本文と参照元を見直す。,2026-06-04,2026-06-29,2026-06-04,published,2026-06-04: 編集合格（手書きリライト）,誤答分析の3分類,"分類を固定しないと、復習が「解き直し」だけで終わります。

| 分類 | 信号 | 次の一手 |
| --- | --- | --- |
| 知識不足 | 根拠が説明できない | 用語・条文へ戻る |
| 読解不足 | 条件を読み落とした | 抽出手順を再演習 |
| 時間不足 | 2分超で未確定 | 見切り基準を見直す |
| 記録 | 争点3語＋分類1つ | 翌週の+時間先 |

過去問の効果的な使い方の記事と記録形式を揃えると、初回演習から改善サイクルが途切れにくくなります。",読解ミスの抽出手順,"設問文を先に読む前に、次の3点をメモ欄に書きます。

| 抽出項目 | 確認例 | 誤りパターン |
| --- | --- | --- |
| 主体 | 管理業者・賃借人 | 当事者の取り違え |
| 時点 | 契約時・更新時 | 期限の混同 |
| 条件 | 書面・口頭の限定 | 例外条項の見落とし |
| 手順 | 肢を読む前に3点固定 | 後追い読み |

読解不足が続く論点は、同型の短問を5問だけ追加し、主体・時点・条件のメモを必須にしてください。",知識不足の補強サイクル,"量を増やす前に、根拠の一文化を優先します。

| 段階 | 作業 | 目安時間 |
| --- | --- | --- |
| 1 | 誤答の争点3語を書く | 3分 |
| 2 | 用語記事で定義確認 | 5分 |
| 3 | 関連短問5問 | 15分 |
| 4 | 翌日に同問再挑戦 | 5分 |
| 5 | 7日後に再発確認 | 5分 |

3分野のうち再発率が高い分野に週+2時間を当て、他分野は誤答解き直しのみに留めると全体が崩れにくいです。",時間不足の数値管理,"時間切れは「知識がない」だけでなく配分設計の問題でもあります。

| 記録 | 目安 | 改善 |
| --- | --- | --- |
| 2分超の問番号 | 週次で上位5 | 解答順の見直し |
| 未解答数 | 通しごと | 見切り基準 |
| 30分時点 | 12〜15問 | 中間チェック |
| 115分 | 見直し開始 | マーク確認 |

時間を計った演習の記事で段階演習（20問→50問）を先に固定し、本記事では誤答原因が時間側か読解側かを分離してください。",週次レビューと直前の絞り込み,"毎週日曜に、再発誤答だけを次週へ渡します。

| 残り | 誤答分析の重点 | やめること |
| --- | --- | --- |
| 8週以上 | 3分類の精度 | 分類なし解き直し |
| 4〜7週 | 再発トップ10 | 新規問題集追加 |
| 2週 | 再発のみ | 広い初見 |
| 前週 | 争点メモ | 深夜の長時間 |

令和8年度は11月15日試験です。直前1か月は誤答上位15問と数値早見に時間を寄せてください。",直前期の優先順位,"【実践セクション27】SNS情報の取捨を厳格化する
過去問の誤答原因分析では「情報選別」を先に定義しておくと、演習と復習の判断がぶれにくくなります。
賃管 examは3分野を横断して50q/120minで処理するため、知識量だけでなく運用手順の固定が重要です。
とくに誤答原因の再発防止と手順化で迷った場面では、公式発表を確認して一次情報ベースで手順を更新してください。
実行段階では、出典不明情報は学習計画へ採用しないを週次で反復し、再発誤答の減少を改善指標に置くと安定します。

【実践セクション28】模試結果の読み方を統一する
過去問の誤答原因分析では「模試分析」を先に定義しておくと、演習と復習の判断がぶれにくくなります。
賃管 examは3分野を横断して50q/120minで処理するため、知識量だけでなく運用手順の固定が重要です。
とくに誤答原因の再発防止と手順化で迷った場面では、公式発表を確認して一次情報ベースで手順を更新してください。
実行段階では、合計点と時間超過を分離して評価するを週次で反復し、再発誤答の減少を改善指標に置くと安定します。

【実践セクション29】停滞期の立て直し手順を準備する
過去問の誤答原因分析では「停滞復旧」を先に定義しておくと、演習と復習の判断がぶれにくくなります。
賃管 examは3分野を横断して50q/120minで処理するため、知識量だけでなく運用手順の固定が重要です。
とくに誤答原因の再発防止と手順化で迷った場面では、公式発表を確認して一次情報ベースで手順を更新してください。
実行段階では、最低ライン学習へ一時退避して連続性を守るを週次で反復し、再発誤答の減少を改善指標に置くと安定します。

【実践セクション30】直前期の新規追加を制限する
過去問の誤答原因分析では「直前運用」を先に定義しておくと、演習と復習の判断がぶれにくくなります。
賃管 examは3分野を横断して50q/120minで処理するため、知識量だけでなく運用手順の固定が重要です。
とくに誤答原因の再発防止と手順化で迷った場面では、公式発表を確認して一次情報ベースで手順を更新してください。
実行段階では、新規論点より再発論点の再演習を優先するを週次で反復し、再発誤答の減少を改善指標に置くと安定します。

【実践セクション31】試験前週の行動を固定する
過去問の誤答原因分析では「前週準備」を先に定義しておくと、演習と復習の判断がぶれにくくなります。
賃管 examは3分野を横断して50q/120minで処理するため、知識量だけでなく運用手順の固定が重要です。
とくに誤答原因の再発防止と手順化で迷った場面では、公式発表を確認して一次情報ベースで手順を更新してください。
実行段階では、会場経路・持ち物・当日朝の確認項目を先に決めるを週次で反復し、再発誤答の減少を改善指標に置くと安定します。",本番運用と振り返り,"【実践セクション32】試験当日の開始手順を短文化する
過去問の誤答原因分析では「当日手順」を先に定義しておくと、演習と復習の判断がぶれにくくなります。
賃管 examは3分野を横断して50q/120minで処理するため、知識量だけでなく運用手順の固定が重要です。
とくに誤答原因の再発防止と手順化で迷った場面では、公式発表を確認して一次情報ベースで手順を更新してください。
実行段階では、開始直後の見通し確認を1分以内で実施するを週次で反復し、再発誤答の減少を改善指標に置くと安定します。

【実践セクション33】終了直前の判断を標準化する
過去問の誤答原因分析では「終盤判断」を先に定義しておくと、演習と復習の判断がぶれにくくなります。
賃管 examは3分野を横断して50q/120minで処理するため、知識量だけでなく運用手順の固定が重要です。
とくに誤答原因の再発防止と手順化で迷った場面では、公式発表を確認して一次情報ベースで手順を更新してください。
実行段階では、未確定問題へ戻る順序を事前ルール化するを週次で反復し、再発誤答の減少を改善指標に置くと安定します。

【実践セクション34】試験後の振り返りを次回へ接続する
過去問の誤答原因分析では「試験後整理」を先に定義しておくと、演習と復習の判断がぶれにくくなります。
賃管 examは3分野を横断して50q/120minで処理するため、知識量だけでなく運用手順の固定が重要です。
とくに誤答原因の再発防止と手順化で迷った場面では、公式発表を確認して一次情報ベースで手順を更新してください。
実行段階では、迷い問題の型を分類して再利用するを週次で反復し、再発誤答の減少を改善指標に置くと安定します。

【実践セクション35】継続学習の最小単位を守る
過去問の誤答原因分析では「継続設計」を先に定義しておくと、演習と復習の判断がぶれにくくなります。
賃管 examは3分野を横断して50q/120minで処理するため、知識量だけでなく運用手順の固定が重要です。
とくに誤答原因の再発防止と手順化で迷った場面では、公式発表を確認して一次情報ベースで手順を更新してください。
実行段階では、忙しい日でも10分復習を継続して空白日を作らないを週次で反復し、再発誤答の減少を改善指標に置くと安定します。

【実践セクション36】最終到達基準を言語化する
過去問の誤答原因分析では「到達目標」を先に定義しておくと、演習と復習の判断がぶれにくくなります。
賃管 examは3分野を横断して50q/120minで処理するため、知識量だけでなく運用手順の固定が重要です。
とくに誤答原因の再発防止と手順化で迷った場面では、公式発表を確認して一次情報ベースで手順を更新してください。
実行段階では、3分野で安定得点できる再現手順を文書化するを週次で反復し、再発誤答の減少を改善指標に置くと安定します。",誤答理由はどこまで細かく分ければよいですか？,最初は知識不足・読解不足・時間不足の3分類で十分です。読解不足だけは主体・時点・条件のどこを落としたかを1行追加すると、対策が具体化しやすくなります。分類が安定してから、分野別の再発率を見て週次の重点論点を1つに絞ってください。試験形式の変更は要項で必ず再確認してください。,正解した問題も復習すべきですか？,根拠を一文で説明できない正解は、復習対象に残してください。偶然正解は本番の言い換えで再び失点になりやすいため、争点3語と根拠1行を書けるまで用語確認と短問5問をセットにします。説明できる正解は記録から外し、再発誤答に時間を集中させると効率が上がります。,past-questions-how-to-use:過去問の効果的な使い方;past-questions-score-analysis:過去問の点数分析;study-plan:学習計画の立て方,誤答分析と点数分析の記事の違いは？,本記事は1問ごとの失点原因と再発防止が中心です。過去問の点数分析の記事は、年度別・分野別の得点推移と週次配分への反映が中心です。先に点数分析で全体像を把握し、本記事の3分類表で誤答を処理する順がおすすめです。,,,誤答は3分類で記録;読解は主体・時点・条件;知識不足は用語へ戻る;時間不足は数値で管理;週次で再発を絞る
past-questions-latest-year,過去問活用,賃貸不動産経営管理士試験の最新年度過去問の活用法,賃貸不動産経営管理士試験の最新年度過去問活用法を要項正本で整理。現状確認・年度間比較・再演習設計を50問120分・令和8年度向けに表で解説します。,最新年度の過去問は「一回解いて終わり」ではなく、弱点抽出の入口として使います。賃貸不動産経営管理士試験は50問・120分・3分野、令和8年度は2026年11月15日（日）13:00〜15:00です。本記事では一般財団法人 賃貸不動産経営管理士試験センター要項を正本として、初回の位置づけ、過去年度との接続、時間計測、月次比較を表で説明します。公表問題の入手先・範囲改定は https://www.chintaikanrishi.jp/ で必ず確認してください。,30,過去問;模試;復習,賃管マスター編集部,資格学習サイトの編集チーム,公式情報確認担当,公開前に一次情報との照合を行う担当者,2026-06-04,賃貸不動産経営管理士協議会（公式）|https://www.chintaikanrishi.jp/,手書きリライト 2026-06-04。自動prose差し替え 2026-06-04（要手書き）。過去問活用向けテンプレートから作成。公開前に本文・参照URL・関連リンクを差し替える。,本記事を読むと、最新年度問題を診断として使い、過去年度との往復で弱点を補強しながら本番形式の再現性を高める運用が分かります。,要項で出題範囲を確認してから最新年度を現状確認として解く;分野別正答数と迷い時間を初回から記録する;誤答論点を過去年度の類題で根拠確認する;最新年度を50問120分で時間計測し配分課題を数値化する;月次で年度比較表を更新し改善が遅い分野を重点補強する,試験要項・公式ページ更新時に本文と参照元を見直す。,2026-06-04,2026-06-29,2026-06-04,published,2026-06-04: 編集合格（手書きリライト）,最新年度の2つの役割,"最新年度は「現状確認」と「直前の総仕上げ」で使い方が変わります。

| タイミング | 目的 | 記録 |
| --- | --- | --- |
| 基礎一巡後 | 弱点の抽出 | 分野別正答数 |
| 残り8週 | 配分の検証 | 2分超の問番号 |
| 残り4週 | 再発確認 | 再発誤答数 |
| 残り2週 | 争点メモ | 根拠1行 |

初回は得点より、どの分野で根拠が曖昧かを観察してください。過去問の効果的な使い方の3段階サイクルと合わせると立て直しが楽です。",過去年度との接続,"最新年度だけを繰り返すと、論点の偏りに気づきにくくなります。

| 手順 | 作業 | 成果 |
| --- | --- | --- |
| 1 | 最新年度で誤答論点を抽出 | 争点リスト |
| 2 | 同論点を過去年度で検索 | 類題の根拠 |
| 3 | 用語で定義を固定 | 言い換え耐性 |
| 4 | 7日後に最新年度のみ解き直し | 再発の有無 |

出題範囲の改定がある年度は、要項の科目表と照合してから接続してください。範囲外の古い問題は演習から外し、記録表に除外理由を1行残します。",年度比較表の書き方,"月1回、次の4列で十分機能します。

| 列 | 記入例 | 使い道 |
| --- | --- | --- |
| 年度 | 最新・一つ前 | 推移の比較 |
| 分野 | 契約・実務 | 重点配分 |
| 正答/出題 | 12/17 | 弱点の特定 |
| 再発論点 | 重説の記載 | 翌月の+時間 |

過去問の点数分析の記事と表形式を共通化すると、年度間の改善速度が一目で分かります。",時間計測での最新年度演習,"最新年度は、できるだけ本番条件で計測します。

| チェック | 目安 | 記録 |
| --- | --- | --- |
| 開始 | 50問・120分 | 開始時刻 |
| 30分 | 12〜15問 | 遅れ問番号 |
| 60分 | 25問前後 | 分野タグ |
| 115分 | 見直し | 未解答・マーク |

初回は正答率より、後半失速の問番号を残すことを優先してください。時間を計った演習の段階設計と組み合わせると、配分改善が速くなります。",直前期の最新年度の使い方,"試験5週前以降は、最新年度の「新規追加」より解き直しに寄せます。

| 残り | 最新年度の使い方 | 避けること |
| --- | --- | --- |
| 5週 | 通し1回＋誤答分析 | 未読の別年度 |
| 3週 | 再発誤答のみ | 予想情報の収集 |
| 1週 | 争点メモ10件 | 深夜の長時間 |
| 前日 | 持ち物・会場確認 | 新規演習 |

令和8年度は11月15日試験です。非公式の「最新傾向」だけで計画を変えず、要項確認を月15分で維持してください。",直前期の優先順位,"【実践セクション27】SNS情報の取捨を厳格化する
最新年度過去問の活用では「情報選別」を先に定義しておくと、演習と復習の判断がぶれにくくなります。
賃管 examは3分野を横断して50q/120minで処理するため、知識量だけでなく運用手順の固定が重要です。
とくに最新年度と過去年度の往復設計で迷った場面では、公式発表を確認して一次情報ベースで手順を更新してください。
実行段階では、出典不明情報は学習計画へ採用しないを週次で反復し、再発誤答の減少を改善指標に置くと安定します。

【実践セクション28】模試結果の読み方を統一する
最新年度過去問の活用では「模試分析」を先に定義しておくと、演習と復習の判断がぶれにくくなります。
賃管 examは3分野を横断して50q/120minで処理するため、知識量だけでなく運用手順の固定が重要です。
とくに最新年度と過去年度の往復設計で迷った場面では、公式発表を確認して一次情報ベースで手順を更新してください。
実行段階では、合計点と時間超過を分離して評価するを週次で反復し、再発誤答の減少を改善指標に置くと安定します。

【実践セクション29】停滞期の立て直し手順を準備する
最新年度過去問の活用では「停滞復旧」を先に定義しておくと、演習と復習の判断がぶれにくくなります。
賃管 examは3分野を横断して50q/120minで処理するため、知識量だけでなく運用手順の固定が重要です。
とくに最新年度と過去年度の往復設計で迷った場面では、公式発表を確認して一次情報ベースで手順を更新してください。
実行段階では、最低ライン学習へ一時退避して連続性を守るを週次で反復し、再発誤答の減少を改善指標に置くと安定します。

【実践セクション30】直前期の新規追加を制限する
最新年度過去問の活用では「直前運用」を先に定義しておくと、演習と復習の判断がぶれにくくなります。
賃管 examは3分野を横断して50q/120minで処理するため、知識量だけでなく運用手順の固定が重要です。
とくに最新年度と過去年度の往復設計で迷った場面では、公式発表を確認して一次情報ベースで手順を更新してください。
実行段階では、新規論点より再発論点の再演習を優先するを週次で反復し、再発誤答の減少を改善指標に置くと安定します。

【実践セクション31】試験前週の行動を固定する
最新年度過去問の活用では「前週準備」を先に定義しておくと、演習と復習の判断がぶれにくくなります。
賃管 examは3分野を横断して50q/120minで処理するため、知識量だけでなく運用手順の固定が重要です。
とくに最新年度と過去年度の往復設計で迷った場面では、公式発表を確認して一次情報ベースで手順を更新してください。
実行段階では、会場経路・持ち物・当日朝の確認項目を先に決めるを週次で反復し、再発誤答の減少を改善指標に置くと安定します。",本番運用と振り返り,"【実践セクション32】試験当日の開始手順を短文化する
最新年度過去問の活用では「当日手順」を先に定義しておくと、演習と復習の判断がぶれにくくなります。
賃管 examは3分野を横断して50q/120minで処理するため、知識量だけでなく運用手順の固定が重要です。
とくに最新年度と過去年度の往復設計で迷った場面では、公式発表を確認して一次情報ベースで手順を更新してください。
実行段階では、開始直後の見通し確認を1分以内で実施するを週次で反復し、再発誤答の減少を改善指標に置くと安定します。

【実践セクション33】終了直前の判断を標準化する
最新年度過去問の活用では「終盤判断」を先に定義しておくと、演習と復習の判断がぶれにくくなります。
賃管 examは3分野を横断して50q/120minで処理するため、知識量だけでなく運用手順の固定が重要です。
とくに最新年度と過去年度の往復設計で迷った場面では、公式発表を確認して一次情報ベースで手順を更新してください。
実行段階では、未確定問題へ戻る順序を事前ルール化するを週次で反復し、再発誤答の減少を改善指標に置くと安定します。

【実践セクション34】試験後の振り返りを次回へ接続する
最新年度過去問の活用では「試験後整理」を先に定義しておくと、演習と復習の判断がぶれにくくなります。
賃管 examは3分野を横断して50q/120minで処理するため、知識量だけでなく運用手順の固定が重要です。
とくに最新年度と過去年度の往復設計で迷った場面では、公式発表を確認して一次情報ベースで手順を更新してください。
実行段階では、迷い問題の型を分類して再利用するを週次で反復し、再発誤答の減少を改善指標に置くと安定します。

【実践セクション35】継続学習の最小単位を守る
最新年度過去問の活用では「継続設計」を先に定義しておくと、演習と復習の判断がぶれにくくなります。
賃管 examは3分野を横断して50q/120minで処理するため、知識量だけでなく運用手順の固定が重要です。
とくに最新年度と過去年度の往復設計で迷った場面では、公式発表を確認して一次情報ベースで手順を更新してください。
実行段階では、忙しい日でも10分復習を継続して空白日を作らないを週次で反復し、再発誤答の減少を改善指標に置くと安定します。

【実践セクション36】最終到達基準を言語化する
最新年度過去問の活用では「到達目標」を先に定義しておくと、演習と復習の判断がぶれにくくなります。
賃管 examは3分野を横断して50q/120minで処理するため、知識量だけでなく運用手順の固定が重要です。
とくに最新年度と過去年度の往復設計で迷った場面では、公式発表を確認して一次情報ベースで手順を更新してください。
実行段階では、3分野で安定得点できる再現手順を文書化するを週次で反復し、再発誤答の減少を改善指標に置くと安定します。",最新年度の過去問はいつ解くのが効果的ですか？,基礎を一通り触れたあと、現状確認として解くのが効果的です。初回は正答率より分野別の弱点と迷い時間を記録し、誤答論点を過去年度の類題と用語確認で補強する往復を1週間以内に始めてください。公表問題の範囲は試験センター要項と協議会サイトで必ず照合してください。,最新年度だけを繰り返せば十分ですか？,十分ではありません。最新年度は現在地の把握に向きますが、論点の定着確認には過去年度の類題往復が有効です。同じ争点を2年度以上で根拠説明できれば、言い換え問題への耐性が上がります。直前2週間は最新年度の再発誤答に絞り、新規年度を増やさない運用が安定します。,past-questions-how-to-use:過去問の効果的な使い方;past-questions-wrong-reasons:過去問の誤答原因の分析;timed-practice:時間を計った演習,最新年度活用と点数分析の違いは？,本記事は最新年度を軸にした診断・年度間接続・時間計測が中心です。過去問の点数分析の記事は、複数年度の得点推移と週次計画への落とし込みが中心です。最新年度で弱点を抽出し、点数分析の表で月次改善を追う組み合わせがおすすめです。,,,最新年度は診断の入口;過去年度で根拠確認;月次で年度比較;50問120分で計測;直前は解き直し優先
mock-exam-how-to,過去問活用,賃貸不動産経営管理士試験の模試の活用法,賃貸不動産経営管理士試験の模試活用法を要項正本で整理。受験タイミング・24時間以内の分析・改善3項目を50問120分・令和8年度向けに表で解説します。,模試は点数を取るイベントではなく、本番120分の配分と判断力を検証する場です。賃貸不動産経営管理士試験は50問・120分・3分野、令和8年度は2026年11月15日（日）13:00〜15:00です。本記事では一般財団法人 賃貸不動産経営管理士試験センター要項を正本として、実施前の準備、受験後24時間以内の分析、一問一答との役割分担を表で説明します。模試の形式・範囲は https://www.chintaikanrishi.jp/ の要項と照合してください。,30,過去問;模試;復習,賃管マスター編集部,資格学習サイトの編集チーム,公式情報確認担当,公開前に一次情報との照合を行う担当者,2026-06-04,賃貸不動産経営管理士協議会（公式）|https://www.chintaikanrishi.jp/,手書きリライト 2026-06-04。自動prose差し替え 2026-06-04（要手書き）。過去問活用向けテンプレートから作成。公開前に本文・参照URL・関連リンクを差し替える。,本記事を読むと、模試を受けっぱなしにせず、分析と復習を通じて本番で再現できる判断力へ変換する手順が分かります。,模試前に時間配分表と見切り基準を紙1枚に書く;受験後24時間以内に誤答を3分類で整理する;分野別正答率と2分超の問番号を同時に記録する;1週間以内に弱点論点の短問で再テストする;次回模試までに改善項目を3つに絞る,試験要項・公式ページ更新時に本文と参照元を見直す。,2026-06-04,2026-06-29,2026-06-04,published,2026-06-04: 編集合格（手書きリライト）,模試を受けるタイミング,"初回は基礎一巡後、以降は月1回を目安にします。

| 残り週数 | 模試の目的 | 記録の中心 |
| --- | --- | --- |
| 16週以上 | 全体配分の把握 | 未解答数 |
| 8〜15週 | 弱点の可視化 | 分野別正答数 |
| 4〜7週 | 見切り基準の固定 | 2分超の問 |
| 2週以内 | 再発確認 | 争点メモのみ |

初回は得点に一喜一憂せず、120分の中で迷った問番号を残してください。過去問の通し演習と月をずらして入れると、改善点の比較がしやすくなります。",模試と一問一答の役割分担,"2つを同じ目的で使うと、点数だけが上下して改善が止まります。

| 形式 | 役割 | 頻度の目安 |
| --- | --- | --- |
| 模試・通し | 120分・解答順 | 月1〜2回 |
| 一問一答 | 弱点の短時間反復 | 平日15分 |
| 分野別 | バランス確認 | 週末20問 |
| 解き直し | 再発防止 | 週1回 |

模試で見つかった弱点は、翌週の一問一答と用語確認へ接続してください。一問一答の活用法の記事と表を揃えると、役割分担がぶれにくくなります。",受験後24時間以内の分析,"時間が空くと誤答の判断プロセスを忘れやすくなります。

| 項目 | 記録 | 翌週のアクション |
| --- | --- | --- |
| 総得点 | 前回比 | 参考のみ |
| 分野別正答 | 3分野 | 最弱に+2時間 |
| 誤答分類 | 3分類 | 対策の種類 |
| 迷い時間 | 2分超 | 読解or見切り |
| 改善3項目 | 箇条書き | 週次の必須 |

過去問の誤答原因の分析の3分類表と形式を共通化すると、模試と過去問の失点を同じノートで管理できます。",1週間以内の再テスト,"分析後は、同テーマの短問で再現性を確認します。

| 日 | 作業 | 目安 |
| --- | --- | --- |
| 当日 | 誤答の争点3語 | 30分 |
| 翌日 | 同論点短問5問 | 20分 |
| 3日後 | 読解手順の再演習 | 15分 |
| 7日後 | 模試誤答の解き直し | 30分 |

正解を覚えただけでは改善とみなさず、根拠を一文で説明できるかで判定してください。改善3項目のうち1つでも再発したら、翌週の重点論点を差し替えます。",次回模試までの改善3項目,"項目を増やすと実行率が下がるため、3つに絞ります。

| 例 | 改善項目 | 検証 |
| --- | --- | --- |
| 配分 | 30分時点15問 | 次回模試 |
| 読解 | 主体・時点・条件 | 短問10問 |
| 分野 | 設備・税務+2時間 | 週次正答数 |
| 直前 | 再発誤答15問 | 解き直し |

令和8年度は11月15日試験です。直前1か月は改善項目を1つ（再発誤答）に減らし、睡眠と争点メモを優先してください。",,,,,模試は年に何回受ければよいですか？,月1回を目安に、50問120分（45問免除の場合は45問）の本番条件で受ける運用が扱いやすいです。残り8週以降は月2回まで増やしてもよいですが、分析と解き直しが追いつかない回数は避けてください。過去問の通し演習と合わせ、同じ月に2回以上入れる場合は記録形式を統一してください。,模試の点数が伸びないときは？,新しい模試を増やす前に、前回の誤答3分類と2分超の問番号を見直してください。知識不足が多い場合は用語確認、読解不足が多い場合は抽出手順、時間不足が多い場合は見切り基準の見直しを優先します。2週間後に同じ改善3項目だけを再検証し、再発が減った項目から外していくと安定します。,past-questions-how-to-use:過去問の効果的な使い方;ichimon-practice:一問一答の活用法;time-limit-strategy:時間配分の戦略,模試と過去問の使い分けは？,過去問は公表問題による論点確認と反復、模試は時間制約下での総合判断の確認に向きます。過去問の効果的な使い方で記録法を固定し、模試で配分と見切りを検証する二段構えが効率的です。どちらも受験後24時間以内の分析をセットにしてください。,,,模試は配分の検証;24時間以内に分析;一問一答と役割分担;7日以内に再テスト;改善は3項目に絞る
ichimon-practice,過去問活用,賃貸不動産経営管理士試験の一問一答の活用法,賃貸不動産経営管理士試験の一問一答活用法を要項正本で整理。弱点反復・3日7日解き直し・通し演習との接続を令和8年度50問120分向けに表で解説します。,一問一答は暗記確認ではなく、弱点論点を短時間で反復するための手段です。賃貸不動産経営管理士試験は50問・120分・3分野、令和8年度は2026年11月15日（日）13:00〜15:00です。本記事では一般財団法人 賃貸不動産経営管理士試験センター要項を正本として、開始前の全体像、日次の回し方、通し演習との接続、直前の切り替えを表で説明します。出題範囲は https://www.chintaikanrishi.jp/ の要項で確認してください。,30,過去問;模試;復習,賃管マスター編集部,資格学習サイトの編集チーム,公式情報確認担当,公開前に一次情報との照合を行う担当者,2026-06-04,賃貸不動産経営管理士協議会（公式）|https://www.chintaikanrishi.jp/,手書きリライト 2026-06-04。自動prose差し替え 2026-06-04（要手書き）。過去問活用向けテンプレートから作成。公開前に本文・参照URL・関連リンクを差し替える。,本記事を読むと、一問一答を断片暗記で終わらせず、通し演習と組み合わせて本番で必要な判断力へつなげる復習設計が分かります。,通しまたは分野別演習で全体像を掴んでから一問一答を始める;誤答論点を優先し1日20問以内で反復する;誤答は原因と根拠を1行で記録する;3日後と7日後に同論点を再挑戦する;週1回は50問120分の通しで転用できるか検証する,試験要項・公式ページ更新時に本文と参照元を見直す。,2026-06-04,2026-06-29,2026-06-04,published,2026-06-04: 編集合格（手書きリライト）,一問一答を始める前の前提,"細切れ学習だけ先行すると、本番の文脈変化に弱くなります。

| 順番 | 作業 | 目的 |
| --- | --- | --- |
| 1 | 要項で3分野を確認 | 範囲の固定 |
| 2 | 通しまたは分野別15問 | 出題感覚 |
| 3 | 誤答論点をリスト化 | 一問一答の対象 |
| 4 | 日次20問以内 | 弱点反復 |
| 5 | 週末通し | 転用確認 |

当サイトの一問一答モードの使い方の記事は、アプリ上の誤答タグ運用に特化しています。本記事は学習設計全般を扱います。",日次20問の回し方,"量より、同じ誤答が再発しないことに集中します。

| ステップ | 内容 | 時間 |
| --- | --- | --- |
| 1 | 前回の誤答論点を開く | 3分 |
| 2 | 一問一答20問以内 | 20分 |
| 3 | 外した語を用語で確認 | 10分 |
| 4 | 根拠を1行メモ | 5分 |
| 5 | 翌日・7日後をカレンダー登録 | 2分 |

正解でも根拠が説明できない問題は、誤答と同じ扱いで7日後に再挑戦してください。",3分野別の優先付け,"全分野を均等に回すより、再発率の高い分野から優先します。

| 分野 | 一問一答の焦点 | 補強 |
| --- | --- | --- |
| 法令・制度 | 条文語の言い換え | 法令ハブ |
| 契約・実務 | 類型・主体 | 比較表 |
| 設備・税務 | 数値・条件 | 数値早見 |
| 記録 | 再発率 | 週末通し |

再発が2週続く分野だけ週末の演習時間を+30分し、他分野は維持ライン（短問5問）に留めてください。",通し演習との接続,"一問一答だけでは120分の連続処理に弱くなります。

| 週 | 一問一答 | 通し・分野別 |
| --- | --- | --- |
| 平日 | 15〜20分×4日 | — |
| 土 | — | 分野別20問 |
| 日 | 誤答解き直し | 50問120分（月2回） |
| 月末 | 再発トップ5 | 配分修正1行 |

模試の活用法の記事と組み合わせ、月1回の模試週は分析優先・翌週一問一答重点の2週サイクルにすると整理しやすいです。",直前期の切り替え,"試験4週前以降は、新規論点を増やさず再発誤答に絞ります。

| 残り | 一問一答 | 通し |
| --- | --- | --- |
| 4週 | 誤答論点のみ | 月1回 |
| 2週 | 1日10問上限 | 短い一問一答 |
| 1週 | 数値早見 | 新規なし |
| 前日 | 争点メモ | 睡眠優先 |

令和8年度は11月15日試験です。一問一答モードの使い方で直前1週間の画面運用を、本記事の論点リストと同期させてください。",,,,,一問一答は毎日何問が目安ですか？,20問以内を目安に、誤答論点・再発タグに限定する運用が安定しやすいです。量を増やすより、外した問題を翌日と7日後に解き直すサイクルを先に固定してください。週末に50問120分または分野別20問を入れ、長文の連続処理も本番形式で確認してください。,通し演習なしで一問一答だけでもよいですか？,一問一答だけでは、120分・50問の時間配分や設問文の連続読解に弱くなることがあります。月2回以上、本番条件の通し演習を入れてください。過去問の効果的な使い方で記録法を揃えると、一問一答と通しの失点を同じノートで管理できます。,ichimon-practice-mode:一問一答モードの使い方;past-questions-how-to-use:過去問の効果的な使い方;mock-exam-how-to:模試の活用法,一問一答と一問一答モードの記事の違いは？,本記事は一問一答学習全般の設計・通しとの接続が中心です。一問一答モードの使い方の記事は、当サイトの演習画面・誤答タグの操作が中心です。先に本記事で週次テンプレを決め、モード記事で日次の画面運用を固定する順がおすすめです。,,,先に全体像を掴む;日次20問・誤答優先;3日7日で解き直し;週1通しで転用確認;直前は再発語に絞る
drill-volume-guide,過去問活用,賃貸不動産経営管理士試験の演習問題量の目安,賃貸不動産経営管理士試験の演習問題量の目安を要項正本で整理。段階別の週次問題数・復習比率・通し頻度を50問120分・令和8年度向けに表で解説します。,"演習量は「多ければよい」ではなく、本番120分で処理できる定着率で決まります。賃貸不動産経営管理士試験は50問・120分・3分野、令和8年度は2026年11月15日（日）13:00〜15:00、受験料は12,000円（要項どおり）です。本記事では一般財団法人 賃貸不動産経営管理士試験センター要項を正本として、残り週数別の問題数、復習比率、通し頻度、直前の削減を表で説明します。試験時間・問題数の変更は https://www.chintaikanrishi.jp/ で必ず再確認してください。",30,過去問;模試;復習,賃管マスター編集部,資格学習サイトの編集チーム,公式情報確認担当,公開前に一次情報との照合を行う担当者,2026-06-04,賃貸不動産経営管理士協議会（公式）|https://www.chintaikanrishi.jp/,手書きリライト 2026-06-04。自動prose差し替え 2026-06-04（要手書き）。過去問活用向けテンプレートから作成。公開前に本文・参照URL・関連リンクを差し替える。,本記事を読むと、演習をどれくらい解けばよいかの現実的な目安と、量より定着率を上げる復習設計で遠回りの少ない計画を作れます。,要項で50問120分の条件を確認し演習環境を固定する;残り週数から週次の問題数上限と下限を決める;演習後は誤答を3分類し翌週の復習対象を10〜20問に絞る;正答率が低い分野は量より用語定義を先に確認する;直前2か月は通し演習を月2回に増やし配分を固める,試験要項・公式ページ更新時に本文と参照元を見直す。,2026-06-04,2026-06-29,2026-06-04,published,2026-06-04: 編集合格（手書きリライト）,演習量を決める起点,"問題数の目安は、残り週数と可処分時間から逆算します。

| 確認 | 内容 | 記録 |
| --- | --- | --- |
| 試験条件 | 50問・120分 | 通しの単位 |
| 残り週数 | 試験日から逆算 | 週次上限 |
| 可処分時間 | 70〜80％を計画 | 曜日別 |
| 初回通し | 1年度分 | 分野別正答 |
| 記録形式 | 正答・再発・時間 | 表1枚 |

最初に1回通しで弱点分野と時間配分の崩れ方を把握してから、週次の問題数を決めると、後から量だけ増やす必要が減ります。",残り週数別の目安（週8時間の例）,"週8時間の例です。可処分時間に合わせて総量は比例調整してください。

| 残り | 週の演習量 | 通し |
| --- | --- | --- |
| 20週以上 | 分野別25〜35問 | 月1回 |
| 12〜19週 | 分野別30〜40問 | 月1〜2回 |
| 8〜11週 | 分野別20問＋通し | 月2回 |
| 4週以内 | 解き直し中心 | 月2回 |

学習計画の立て方の記事と週次枠を揃えると、演習量の増減を計画全体の中で一度に調整できます。",形式別の役割と配分,"形式ごとに役割を分けないと、量だけ増えて得点が伸びにくくなります。

| 形式 | 役割 | 週の目安 |
| --- | --- | --- |
| 一問一答 | 弱点反復 | 平日15分×4 |
| 分野別 | バランス | 週末20問 |
| 50問通し | 120分配分 | 月1〜2回 |
| 解き直し | 再発防止 | 週1回10〜20問 |

一問一答の活用法・模試の活用法と表を共通化すると、週次カレンダーへの転記が一度で済みます。",量を増やす前の判断,"正答率が低い週は、追加より復習品質を先に見ます。

| 信号 | やらないこと | 先にやること |
| --- | --- | --- |
| 再発40％超 | 新問題集購入 | 誤答解き直し |
| 同型ミス | 分野の入れ替え | 読解手順 |
| 時間切れ | 問題数だけ増加 | 見切り基準 |
| 1分野だけ低得点 | 他分野を止める | 最低枠維持 |

過去問の誤答原因の分析の3分類表で原因を特定し、量を増やす判断は週1回に限定してください。",直前2か月の量の切り替え,"試験8週前以降は、新規論点より再発誤答へ時間を寄せます。

| 残り | 週の演習 | 通し |
| --- | --- | --- |
| 8週 | 解き直し＋分野別15問 | 月2回 |
| 4週 | 再発15問のみ | 月2回 |
| 2週 | 争点メモ | 短時間確認 |
| 前日 | 持ち物確認 | 新規なし |

令和8年度は11月15日試験です。直前1か月は問題数を減らし、50問120分の時間感覚と睡眠を優先してください。",,,,,週に何問解けば十分ですか？,残り12週以上なら分野別25〜35問、8週前からは通しを月2回入れる目安が現実的です。週8時間未満の場合は問題数を比例して減らし、解き直し10〜20問は毎週維持してください。正答率より再発率と2分超の問番号を週次で見ると、量の調整が客観的に行えます。,演習量と学習計画の記事の違いは？,本記事は問題数・形式別配分・通し頻度の目安が中心です。学習計画の立て方の記事は、残り週数別の全体設計と申込・試験日との同期が中心です。学習計画で週次枠を決め、本記事の表で演習量だけ調整する順がおすすめです。,past-questions-how-to-use:過去問の効果的な使い方;study-plan:学習計画の立て方;timed-practice:時間を計った演習,過去問だけで足りる量はありますか？,過去問の反復は中心になりますが、解き直しと通しの時間計測まで含めた総量設計が必要です。問題数だけを数えず、50問120分で未解答が出ない状態を月2回確認する目安を置いてください。出題範囲の改定は試験センター要項で必ず照合してください。,,,残り週数から逆算;形式別に役割分担;量より再発率を見る;低得点は用語を先に;直前は削減優先
timed-practice,過去問活用,賃貸不動産経営管理士試験の時間を計った演習,賃貸不動産経営管理士試験の時間計測演習を要項正本で整理。20問→50問の段階・2分上限・30分チェックを50問120分・令和8年度向けに表で解説します。,時間を計った演習は、正答率だけでなく「120分で処理できるか」を数値で確認する作業です。賃貸不動産経営管理士試験は50問・120分・3分野、令和8年度は2026年11月15日（日）13:00〜15:00です。本記事では一般財団法人 賃貸不動産経営管理士試験センター要項を正本として、段階的な導入、見切り基準、中間チェック、解き直し、直前の切り替えを表で説明します。問題数・試験時間の変更は https://www.chintaikanrishi.jp/ で必ず再確認してください。,30,過去問;模試;復習,賃管マスター編集部,資格学習サイトの編集チーム,公式情報確認担当,公開前に一次情報との照合を行う担当者,2026-06-04,賃貸不動産経営管理士協議会（公式）|https://www.chintaikanrishi.jp/,手書きリライト 2026-06-04。自動prose差し替え 2026-06-04（要手書き）。過去問活用向けテンプレートから作成。公開前に本文・参照URL・関連リンクを差し替える。,本記事を読むと、時間不足の原因を分野別に切り分け、段階演習から50問120分の本番条件まで配分を固められる手順が分かります。,要項で50問120分の条件を確認してから計測演習を始める;分野別20問に慣れてから50問通しを時間計測する;2分超の問番号と未着手数を毎回記録する;30分・60分時点の到達問数を中間目標に固定する;週次で時間切れを3分類し翌週の見切り基準を1行更新する,試験要項・公式ページ更新時に本文と参照元を見直す。,2026-06-04,2026-06-29,2026-06-04,published,2026-06-04: 編集合格（手書きリライト）,時間計測を始める段階,"最初から50問フル計測すると、知識不足と時間不足が混ざります。

| 段階 | 内容 | 計測 |
| --- | --- | --- |
| 1 | 分野別10問 | 任意（理解確認） |
| 2 | 分野別20問 | 推奨（弱点の可視化） |
| 3 | 50問通し | 必須（本番模拟） |

令和8年度は11月15日試験です。通し計測は残り8週以降に月2回をカレンダー固定し、演習問題量の目安の記事と週次枠を揃えてください。",2分上限と見切り基準,"120分÷50問は平均2分24秒です。読解時間を含め「2分で印→先へ」が現実的です。

| 信号 | 記録 | 次の一手 |
| --- | --- | --- |
| 2分超 | 問番号 | 解答順の見直し |
| 印付き未確定 | マーク | 115分から見直し |
| 未着手 | 件数 | 前半の遅れ要因 |
| 30分時点 | 12〜15問 | 中間チェック |

時間配分の戦略の記事で中間目標を先に固定し、本記事では計測結果を週次で1行更新してください。",模試・一問一答との役割分担,"計測演習と他形式の目的を分けないと、点数だけが上下します。

| 形式 | 計測 | 役割 |
| --- | --- | --- |
| 一問一答 | 不要 | 弱点の短時間反復 |
| 分野別20問 | 推奨 | 分野バランス |
| 50問通し | 必須 | 120分の配分検証 |
| 模試 | 必須 | 得点＋所要時間 |

模試の活用法で24時間以内の分析を固定し、計測週は分析優先・翌週一問一答重点の2週サイクルにすると整理しやすいです。",時間切れの3分類,"時間切れは「遅い」だけでなく原因が分かれます。

| 分類 | 信号 | 対策 |
| --- | --- | --- |
| 知識不足 | 根拠が説明できない | 用語・条文へ戻る |
| 読解不足 | 条件の読み落とし | 主体・時点・条件 |
| 配分不足 | 後半の未着手 | 見切り・解答順 |
| 記録 | 争点3語＋分類 | 翌週の+時間 |

過去問の誤答原因の分析の3分類表と形式を共通化すると、計測演習と過去問の失点を同じノートで管理できます。",解き直しと直前の切り替え,"計測後は、次の通しまでに解き直しを1周完了させます。

| 日 | 作業 | 目安 |
| --- | --- | --- |
| 当日 | 2分超・未着手をリスト化 | 30分 |
| 3日後 | 時間切れのみ再計測 | 20分 |
| 7日後 | 同じ50問を再計測 | 120分 |
| 直前2週 | 新規通しを止める | 再発のみ |

令和8年度は11月15日試験です。直前1か月は計測回数を減らし、争点メモと睡眠を優先してください。",直前期の優先順位,"【実践セクション27】SNS情報の取捨を厳格化する
時間を計った演習では「情報選別」を先に定義しておくと、演習と復習の判断がぶれにくくなります。
賃管 examは3分野を横断して50q/120minで処理するため、知識量だけでなく運用手順の固定が重要です。
とくに時間配分の固定と見直し最適化で迷った場面では、公式発表を確認して一次情報ベースで手順を更新してください。
実行段階では、出典不明情報は学習計画へ採用しないを週次で反復し、再発誤答の減少を改善指標に置くと安定します。

【実践セクション28】模試結果の読み方を統一する
時間を計った演習では「模試分析」を先に定義しておくと、演習と復習の判断がぶれにくくなります。
賃管 examは3分野を横断して50q/120minで処理するため、知識量だけでなく運用手順の固定が重要です。
とくに時間配分の固定と見直し最適化で迷った場面では、公式発表を確認して一次情報ベースで手順を更新してください。
実行段階では、合計点と時間超過を分離して評価するを週次で反復し、再発誤答の減少を改善指標に置くと安定します。

【実践セクション29】停滞期の立て直し手順を準備する
時間を計った演習では「停滞復旧」を先に定義しておくと、演習と復習の判断がぶれにくくなります。
賃管 examは3分野を横断して50q/120minで処理するため、知識量だけでなく運用手順の固定が重要です。
とくに時間配分の固定と見直し最適化で迷った場面では、公式発表を確認して一次情報ベースで手順を更新してください。
実行段階では、最低ライン学習へ一時退避して連続性を守るを週次で反復し、再発誤答の減少を改善指標に置くと安定します。

【実践セクション30】直前期の新規追加を制限する
時間を計った演習では「直前運用」を先に定義しておくと、演習と復習の判断がぶれにくくなります。
賃管 examは3分野を横断して50q/120minで処理するため、知識量だけでなく運用手順の固定が重要です。
とくに時間配分の固定と見直し最適化で迷った場面では、公式発表を確認して一次情報ベースで手順を更新してください。
実行段階では、新規論点より再発論点の再演習を優先するを週次で反復し、再発誤答の減少を改善指標に置くと安定します。

【実践セクション31】試験前週の行動を固定する
時間を計った演習では「前週準備」を先に定義しておくと、演習と復習の判断がぶれにくくなります。
賃管 examは3分野を横断して50q/120minで処理するため、知識量だけでなく運用手順の固定が重要です。
とくに時間配分の固定と見直し最適化で迷った場面では、公式発表を確認して一次情報ベースで手順を更新してください。
実行段階では、会場経路・持ち物・当日朝の確認項目を先に決めるを週次で反復し、再発誤答の減少を改善指標に置くと安定します。",本番運用と振り返り,"【実践セクション32】試験当日の開始手順を短文化する
時間を計った演習では「当日手順」を先に定義しておくと、演習と復習の判断がぶれにくくなります。
賃管 examは3分野を横断して50q/120minで処理するため、知識量だけでなく運用手順の固定が重要です。
とくに時間配分の固定と見直し最適化で迷った場面では、公式発表を確認して一次情報ベースで手順を更新してください。
実行段階では、開始直後の見通し確認を1分以内で実施するを週次で反復し、再発誤答の減少を改善指標に置くと安定します。

【実践セクション33】終了直前の判断を標準化する
時間を計った演習では「終盤判断」を先に定義しておくと、演習と復習の判断がぶれにくくなります。
賃管 examは3分野を横断して50q/120minで処理するため、知識量だけでなく運用手順の固定が重要です。
とくに時間配分の固定と見直し最適化で迷った場面では、公式発表を確認して一次情報ベースで手順を更新してください。
実行段階では、未確定問題へ戻る順序を事前ルール化するを週次で反復し、再発誤答の減少を改善指標に置くと安定します。

【実践セクション34】試験後の振り返りを次回へ接続する
時間を計った演習では「試験後整理」を先に定義しておくと、演習と復習の判断がぶれにくくなります。
賃管 examは3分野を横断して50q/120minで処理するため、知識量だけでなく運用手順の固定が重要です。
とくに時間配分の固定と見直し最適化で迷った場面では、公式発表を確認して一次情報ベースで手順を更新してください。
実行段階では、迷い問題の型を分類して再利用するを週次で反復し、再発誤答の減少を改善指標に置くと安定します。

【実践セクション35】継続学習の最小単位を守る
時間を計った演習では「継続設計」を先に定義しておくと、演習と復習の判断がぶれにくくなります。
賃管 examは3分野を横断して50q/120minで処理するため、知識量だけでなく運用手順の固定が重要です。
とくに時間配分の固定と見直し最適化で迷った場面では、公式発表を確認して一次情報ベースで手順を更新してください。
実行段階では、忙しい日でも10分復習を継続して空白日を作らないを週次で反復し、再発誤答の減少を改善指標に置くと安定します。

【実践セクション36】最終到達基準を言語化する
時間を計った演習では「到達目標」を先に定義しておくと、演習と復習の判断がぶれにくくなります。
賃管 examは3分野を横断して50q/120minで処理するため、知識量だけでなく運用手順の固定が重要です。
とくに時間配分の固定と見直し最適化で迷った場面では、公式発表を確認して一次情報ベースで手順を更新してください。
実行段階では、3分野で安定得点できる再現手順を文書化するを週次で反復し、再発誤答の減少を改善指標に置くと安定します。",いつから50問通しを時間計測すればよいですか？,分野別20問に慣れた後からが安全です。初回は正答率より30分・60分時点の到達問数と2分超の問番号を記録し、残り8週以降は月2回の50問120分計測をカレンダーに固定してください。配分の型は時間配分の戦略の記事と要項で確認します。出題範囲の改定は試験センター要項で必ず照合してください。,時間計測演習と時間配分の戦略の違いは？,本記事は計測の導入段階・記録・解き直しが中心です。時間配分の戦略の記事は、解答順・見切り・中間チェックの設計が中心です。先に戦略で配分表を1枚作り、本記事の段階表で計測を週次に落とし込む順がおすすめです。模試月は分析を24時間以内に完了させてから次の計測に進んでください。,time-limit-strategy:時間配分の戦略;drill-volume-guide:演習問題量の目安;past-questions-wrong-reasons:過去問の誤答原因の分析;mock-exam-how-to:模試の活用法,独学でも時間計測演習はできますか？,はい。公表過去問または当サイトの演習で、スマホタイマーと紙1枚の記録表があれば十分です。月2回の通し計測に、分野別正答数と2分超の問番号を同時に書く運用が再現性を上げます。演習量の目安の記事と週次問題数を揃えると、計測週の負荷が崩れにくくなります。,,,段階的に計測導入;2分で印を付ける;30分で中間確認;時間切れは3分類;直前は再発に絞る
simulation-exam-schedule,過去問活用,賃貸不動産経営管理士試験の模試日程と学習計画,賃貸不動産経営管理士試験の模試日程と学習計画を要項正本で整理。試験日逆算・月1回配置・24時間分析を50問120分・令和8年度向けに表で解説します。,模試日程は、得点の一喜一憂より「いつ弱点が見えるか」で決めます。賃貸不動産経営管理士試験は50問・120分・3分野、令和8年度は2026年11月15日（日）13:00〜15:00です。本記事では一般財団法人 賃貸不動産経営管理士試験センター要項を正本として、試験日からの逆算、通し・一問一答との配置、受験後24時間の分析、直前の削減を表で説明します。模試の形式・範囲は https://www.chintaikanrishi.jp/ の要項と照合してください。,30,過去問;模試;復習,賃管マスター編集部,資格学習サイトの編集チーム,公式情報確認担当,公開前に一次情報との照合を行う担当者,2026-06-04,賃貸不動産経営管理士協議会（公式）|https://www.chintaikanrishi.jp/,手書きリライト 2026-06-04。自動prose差し替え 2026-06-04（要手書き）。過去問活用向けテンプレートから作成。公開前に本文・参照URL・関連リンクを差し替える。,本記事を読むと、模試をいつ何回入れるかをカレンダーに落とし、日々の演習と同期した学習計画の修正手順が分かります。,要項で試験日・50問120分を確認し模試3回分をカレンダー登録する;初回は基礎一巡後・月1回を目安に本番条件で受ける;受験後24時間以内に分野別正答数と2分超を記録する;弱点分野に翌週の学習時間を再配分する;直前2週はミニ20問と解き直し中心に切り替える,試験要項・公式ページ更新時に本文と参照元を見直す。,2026-06-04,2026-06-29,2026-06-04,published,2026-06-04: 編集合格（手書きリライト）,試験日から逆算する,"模試計画の起点は、11月15日（日）本番からの逆算です。

| 残り週数 | 模試の目的 | 記録の中心 |
| --- | --- | --- |
| 16週以上 | 全体配分の把握 | 未着手数 |
| 8〜15週 | 弱点の可視化 | 分野別正答数 |
| 4〜7週 | 見切り基準の固定 | 2分超の問 |
| 2週以内 | 再発確認 | 争点メモのみ |

学習計画の立て方で週次枠を先に決め、模試日を演習量の増減ポイントとして印を付けてください。",月1回×3回の配置例,"週8時間の独学例です。可処分時間に合わせて回数は調整してください。

| 回 | 目安時期 | 形式 | 目的 |
| --- | --- | --- | --- |
| 1 | 基礎一巡後 | 50問・計測 | 現在地確認 |
| 2 | 残り12週前後 | 50問120分 | 配分検証 |
| 3 | 残り4週前後 | 再発中心 | 解き直し |

1回目は得点より分野別の遅れ方を観察し、過去問の効果的な使い方の記録形式と揃えると改善が速くなります。",通し・一問一答との週次配置,"模試週は分析と復習が主役になります。

| 週 | 模試 | 平日 | 週末 |
| --- | --- | --- | --- |
| 通常 | — | 一問一答15分 | 分野別20問 |
| 模試週 | 50問120分 | 誤答整理 | 解き直し |
| 翌週 | — | 弱点短問 | 同論点再テスト |

模試の活用法の24時間分析と改善3項目をセットにし、時間を計った演習の2分超リストと同じノートへ転記してください。",受験後24時間の記録,"時間が空くと判断プロセスを忘れやすくなります。

| 項目 | 記録 | 翌週へ |
| --- | --- | --- |
| 総得点 | 前回比（参考） | — |
| 分野別正答 | 3分野 | 最弱に+2時間 |
| 誤答分類 | 3分類 | 対策の種類 |
| 2分超 | 問番号 | 見切りor読解 |
| 改善3項目 | 箇条書き | 週次必須 |

過去問の誤答原因の分析の表と形式を共通化すると、模試と過去問の失点を一括管理できます。",直前2週の削減,"試験2週前以降は、新規模試より解き直しに寄せます。

| 残り | 模試 | 演習 |
| --- | --- | --- |
| 4週 | 月1回まで | 通し維持 |
| 2週 | ミニ20問可 | 再発のみ |
| 1週 | 実施しない | 争点メモ |
| 前日 | — | 持ち物確認 |

令和8年度は11月15日試験です。申込締切と学習ブロックは別カレンダーで管理し、直前の深夜長時間は避けてください。",,,,,模試は年に何回受ければよいですか？,月1回を目安に、50問120分（45問免除の場合は45問）の本番条件で受ける運用が扱いやすいです。残り8週以降は月2回まで増やしてもよいですが、分析と解き直しが追いつかない回数は避けてください。模試の活用法の記事と記録形式を統一し、得点より分野別正答数を主指標にしてください。,模試日程計画と模試の活用法の違いは？,本記事はカレンダー配置・学習計画との同期が中心です。模試の活用法の記事は、受験前準備・24時間分析・改善3項目の手順が中心です。先に本記事で模試日を固定し、活用法の記事で分析テンプレを運用する順がおすすめです。,study-plan:学習計画の立て方;mock-exam-how-to:模試の活用法;past-questions-how-to-use:過去問の効果的な使い方;timed-practice:時間を計った演習,模試と過去問通しの日程はずらすべきですか？,同じ週に50問通しを2回入れると分析が追いつきにくいため、模試週と過去問通し週は1週ずらすか、どちらかを短い分野別演習に置き換えてください。過去問の効果的な使い方で週次記録を固定し、模試後は誤答論点の解き直しを1週間以内に完了させる運用が安定します。,,,試験日から逆算;月1回を目安;24時間以内に分析;弱点へ時間再配分;直前は解き直し優先
glossary-study-method,用語ハブ活用法,賃貸不動産経営管理士試験の用語集の活用法,賃貸不動産経営管理士試験の用語集活用法を要項正本で整理。演習後の辞書運用・週10語・3分野ローテを50問120分・令和8年度向けに表で解説します。,用語集は暗記帳ではなく、演習で出た語の定義を固定する辞書として使います。賃貸不動産経営管理士試験は50問・120分・3分野、令和8年度は2026年11月15日（日）13:00〜15:00です。本記事では一般財団法人 賃貸不動産経営管理士試験センター要項を正本として、1周の手順、3分野の選び方、関連語の深掘り上限、数値語、解き直しへの接続を表で説明します。出題範囲の改定は https://www.chintaikanrishi.jp/ で必ず確認してください。,35,用語集;知識整理,賃管マスター編集部,資格学習サイトの編集チーム,公式情報確認担当,公開前に一次情報との照合を行う担当者,2026-06-04,賃貸不動産経営管理士協議会（公式）|https://www.chintaikanrishi.jp/,手書きリライト 2026-06-04。自動prose差し替え 2026-06-04（要手書き）。用語ハブ活用法向けテンプレートから作成。公開前に本文・参照URL・関連リンクを差し替える。,本記事を読むと、用語ページを演習とセットで回し、定義確認から選択肢判断へつなげる週次ループが持てます。,要項で3分野の範囲を確認してから今週の用語10語を選ぶ;演習で迷った語を優先し定義と争点を1行メモする;関連リンクは1語から2語までに制限する;用語10語ごとに同分野の演習5問を解く;土曜に今週の語と誤答演習を解き直す,試験要項・公式ページ更新時に本文と参照元を見直す。,2026-06-04,2026-06-29,2026-06-04,published,2026-06-04: 編集合格（手書きリライト）,用語学習の1周（手順表）,"用語集を使った1周の流れは次のとおりです。

| ステップ | 行動 | 目安 |
| --- | --- | --- |
| 1 | 今週の学習分野を決める | 5分 |
| 2 | 誤答・迷い語から10語選ぶ | 10分 |
| 3 | 定義＋試験論点を1行メモ | 30分 |
| 4 | 同分野の演習5問 | 25分 |
| 5 | 外した語を翌週リストへ | 10分 |

全用語を一度に読む必要はなく、演習後に都度開く運用でも得点に結びつきます。",3分野での選び方,"選び方の優先順位を固定すると、量だけ増える事故を防げます。

| 優先 | 語の出どころ |
| --- | --- |
| 1 | 直近演習・一問一答の誤答語 |
| 2 | 今週テキストの見出し語 |
| 3 | 重要用語リストの未確認語 |

法令・制度、契約・実務、設備・税務・その他を3週ローテにすると、試験直前までに主要語を一通り触れられます。重要用語の押さえ方の記事とリスト形式を揃えてください。",関連語の深掘り上限,"関連リンクは便利ですが、深掘りしすぎると学習が終わりません。

| ルール | 内容 |
| --- | --- |
| 起点 | 演習で迷った1語 |
| 深さ | 関連2語まで |
| 時間 | 1セット15分（3語） |
| 終了 | 演習5問を解いたら終了 |

混同しやすい用語の記事と比較表をセットにすると、似た語の差分が短時間で固定できます。15分で終えられない日は、翌日の演習比率を上げてバランスを取ってください。",数値・期限語のカード化,"数字とセットの用語は、表裏1行のカードにまとめます。

| カード | 書き方 | 例 |
| --- | --- | --- |
| 表 | 用語名 | 普通借家／定期借家 |
| 裏 | 数字＋要件1行 | 更新・解約の条件 |
| 束 | 混同ペア同梱 | 敷金／保証金 |

数値の正本は要項と公式テキストです。用語解説の数字も直前に照合してください。",過去問・解き直しとの接続,"用語10語を読んだ週の土曜に、同分野の誤答演習を解き直します。

| 曜日 | 作業 |
| --- | --- |
| 平日 | 用語2語＋演習2問/日 |
| 土曜 | 10語読み返し＋解き直し |
| 日曜 | 来週の分野決定 |

過去問の効果的な使い方で記録法を固定し、語と問題番号をノートで紐付けてください。直前2週は新規語を増やさず再発語のみに絞ります。",本番対応の確認,"【拡張セクション27】教材追加の判断基準を作る
用語集の活用法の学習では「教材管理」を起点に判断基準をそろえると、設問処理が安定します。
とくに用語学習の継続運用に関する設問は、賃貸不動産経営管理士 examの文脈で主体・期限・条件が同時に問われます。
実行手順としては、不足が定量で見えた時のみ追加するを固定し、学習ログへ翌週の修正点を一行で残してください。
迷った項目は試験センターの公表情報と照合し、3分野のどこに属するかを再分類すると再発を減らせます。

【拡張セクション28】誤答ノートの書式を単純化する
用語集の活用法の学習では「ノート運用」を起点に判断基準をそろえると、設問処理が安定します。
とくに用語学習の継続運用に関する設問は、賃貸不動産経営管理士 examの文脈で主体・期限・条件が同時に問われます。
実行手順としては、再読しやすい短文テンプレにするを固定し、学習ログへ翌週の修正点を一行で残してください。
迷った項目は試験センターの公表情報と照合し、3分野のどこに属するかを再分類すると再発を減らせます。

【拡張セクション29】演習セットの再利用率を上げる
用語集の活用法の学習では「再利用」を起点に判断基準をそろえると、設問処理が安定します。
とくに用語学習の継続運用に関する設問は、賃貸不動産経営管理士 examの文脈で主体・期限・条件が同時に問われます。
実行手順としては、同テーマ問題を周期的に回すを固定し、学習ログへ翌週の修正点を一行で残してください。
迷った項目は試験センターの公表情報と照合し、3分野のどこに属するかを再分類すると再発を減らせます。

【拡張セクション30】分野別正答率の目標を明確化する
用語集の活用法の学習では「目標設定」を起点に判断基準をそろえると、設問処理が安定します。
とくに用語学習の継続運用に関する設問は、賃貸不動産経営管理士 examの文脈で主体・期限・条件が同時に問われます。
実行手順としては、達成基準を数値で管理するを固定し、学習ログへ翌週の修正点を一行で残してください。
迷った項目は試験センターの公表情報と照合し、3分野のどこに属するかを再分類すると再発を減らせます。

【拡張セクション31】焦りを抑える当日ルーティンを作る
用語集の活用法の学習では「当日準備」を起点に判断基準をそろえると、設問処理が安定します。
とくに用語学習の継続運用に関する設問は、賃貸不動産経営管理士 examの文脈で主体・期限・条件が同時に問われます。
実行手順としては、入室前の確認事項を固定するを固定し、学習ログへ翌週の修正点を一行で残してください。
迷った項目は試験センターの公表情報と照合し、3分野のどこに属するかを再分類すると再発を減らせます。",運用チェックリスト,"【拡張セクション32】体調管理を得点戦略へ含める
用語集の活用法の学習では「コンディション」を起点に判断基準をそろえると、設問処理が安定します。
とくに用語学習の継続運用に関する設問は、賃貸不動産経営管理士 examの文脈で主体・期限・条件が同時に問われます。
実行手順としては、睡眠と食事の優先順位を守るを固定し、学習ログへ翌週の修正点を一行で残してください。
迷った項目は試験センターの公表情報と照合し、3分野のどこに属するかを再分類すると再発を減らせます。

【拡張セクション33】見直し手順を工程化する
用語集の活用法の学習では「見直し」を起点に判断基準をそろえると、設問処理が安定します。
とくに用語学習の継続運用に関する設問は、賃貸不動産経営管理士 examの文脈で主体・期限・条件が同時に問われます。
実行手順としては、数字条件と主体表現を先に点検するを固定し、学習ログへ翌週の修正点を一行で残してください。
迷った項目は試験センターの公表情報と照合し、3分野のどこに属するかを再分類すると再発を減らせます。

【拡張セクション34】質問が残る論点を公式資料で照合する
用語集の活用法の学習では「一次情報照合」を起点に判断基準をそろえると、設問処理が安定します。
とくに用語学習の継続運用に関する設問は、賃貸不動産経営管理士 examの文脈で主体・期限・条件が同時に問われます。
実行手順としては、不明点を出典付きで解消するを固定し、学習ログへ翌週の修正点を一行で残してください。
迷った項目は試験センターの公表情報と照合し、3分野のどこに属するかを再分類すると再発を減らせます。

【拡張セクション35】学習計画の見直し日を固定する
用語集の活用法の学習では「計画更新」を起点に判断基準をそろえると、設問処理が安定します。
とくに用語学習の継続運用に関する設問は、賃貸不動産経営管理士 examの文脈で主体・期限・条件が同時に問われます。
実行手順としては、毎週同じ曜日に配分を修正するを固定し、学習ログへ翌週の修正点を一行で残してください。
迷った項目は試験センターの公表情報と照合し、3分野のどこに属するかを再分類すると再発を減らせます。

【拡張セクション36】本番直前の確認範囲を限定する
用語集の活用法の学習では「最終確認」を起点に判断基準をそろえると、設問処理が安定します。
とくに用語学習の継続運用に関する設問は、賃貸不動産経営管理士 examの文脈で主体・期限・条件が同時に問われます。
実行手順としては、高頻度誤答だけを再確認するを固定し、学習ログへ翌週の修正点を一行で残してください。
迷った項目は試験センターの公表情報と照合し、3分野のどこに属するかを再分類すると再発を減らせます。",用語は全部覚える必要がありますか？,全部の暗記は不要です。演習で繰り返し出る語と、今週の学習分野の語を優先してください。直前1か月は、間違えた語と混同ペアに絞ると効率が上がります。重要度の判断は用語の重要度の見方の記事と誤答記録を併用してください。,用語だけ読んで演習しないのは効果がありますか？,効果は限定的です。用語解説は演習の補助なので、最低でも同分野5問はセットで解いてください。正答率が上がらない語は、テキスト該当章への往復を優先し、新語の追加は止めます。読む時間と演習時間を1対1で割り当てると計画が立てやすくなります。,important-terms-list:重要用語の押さえ方;confusing-terms:混同しやすい用語;terms-importance-levels:用語の重要度の見方;past-questions-how-to-use:過去問の効果的な使い方,用語集の活用法と重要用語の押さえ方の違いは？,本記事は週次ループ・演習との接続・深掘りルールが中心です。重要用語の押さえ方の記事は、リストの作り方と頻出語の積み上げが中心です。先に本記事で週次テンプレを決め、重要語リストで優先語を更新する順がおすすめです。,,,演習後に辞書として使う;週10語・誤答優先;関連は2語まで;数値語はカード化;土曜に解き直し
important-terms-list,用語ハブ活用法,賃貸不動産経営管理士試験の重要用語の押さえ方,賃貸不動産経営管理士試験の重要用語整理を要項正本で整理。誤答起点のリスト・3分野ローテ・直前30語を50問120分向けに表で解説します。,重要用語は「他人の頻出表」より、自分の誤答から作ると定着します。賃貸不動産経営管理士試験は50問・120分・3分野、令和8年度は2026年11月15日（日）13:00〜15:00です。本記事では一般財団法人 賃貸不動産経営管理士試験センター要項を正本として、リストの3段階、3分野での積み上げ、1語3分の読み方、演習セット、直前の絞り込みを表で説明します。出題範囲の改定は https://www.chintaikanrishi.jp/ で必ず確認してください。,35,用語集;知識整理,賃管マスター編集部,資格学習サイトの編集チーム,公式情報確認担当,公開前に一次情報との照合を行う担当者,2026-06-04,賃貸不動産経営管理士協議会（公式）|https://www.chintaikanrishi.jp/,手書きリライト 2026-06-04。自動prose差し替え 2026-06-04（要手書き）。用語ハブ活用法向けテンプレートから作成。公開前に本文・参照URL・関連リンクを差し替える。,本記事を読むと、得点に直結する語から順にリスト化でき、暗記負荷を抑えながら3分野を一周する進め方が分かります。,演習で2回以上間違えた語をリスト最上位に追加する;今週の分野から用語10語枠をノート1ページに作る;1語3分で定義と試験論点を1行メモする;重要語10語ごとに同分野演習5問を解く;直前1か月はリストを30語前後に圧縮する,試験要項・公式ページ更新時に本文と参照元を見直す。,2026-06-04,2026-06-29,2026-06-04,published,2026-06-04: 編集合格（手書きリライト）,重要語リストの3段階,"リストは段階を分けると、週次で更新しやすくなります。

| 段階 | 語の出どころ | 目安 |
| --- | --- | --- |
| 1 | 今週テキストの見出し語 | 10語/週 |
| 2 | 演習で1回ミス | +5〜10語/週 |
| 3 | 2回以上ミス・混同ペア | 優先復習に固定 |

語名だけをノートに書き、定義は用語ページで都度確認する運用が続きやすいです。用語集の活用法の週次ループと表形式を揃えてください。",3分野で積み上げる,"50語相当は一気に作らず、3分野×週7〜8語で約7週を目安にします。

| 分野 | 最初に入れる語の例 |
| --- | --- |
| 法令・制度 | 登録、業務範囲、監督 |
| 契約・実務 | 重説、更新、原状回復 |
| 設備・税務 | 修繕、点検、税務の横断 |

分野名は要項の科目表と公式テキスト目次で揃え、1分野終了ごとに演習10問の正答率で語数を増やすか判断してください。",1語3分の読み方,"用語1語あたりの標準手順です。

| 分 | 作業 |
| --- | --- |
| 0〜1分 | 用語ページで定義を読む |
| 1〜2分 | 試験論点を1行メモ |
| 2〜3分 | 関連は1語だけ開きすぐ閉じる |

3分を超えそうなら深掘りを切り上げ、演習に戻ります。コピペ暗記より、自分の言葉で1行に要約した方が想起しやすくなります。要約できない語は、重要度を最上位に上げて反復回数を増やしてください。",演習・解き直しとのセット,"重要語10語を読んだら、同じ週に同分野演習5問以上を解きます。

| 曜日 | 作業 |
| --- | --- |
| 月〜金 | 用語2語＋演習2問/日 |
| 土曜 | 10語読み返し＋誤答解き直し |
| 日曜 | 来週の10語枠を空ける |

カレンダーに「演習5問」を先に書き、用語だけで週を終えないチェックを入れてください。正答率が伸びない語は新語追加を止め、章の読み直しを優先します。",直前1か月の30語,"試験直前はリストを30語前後に圧縮します。

| 残す語 | 外す語 |
| --- | --- |
| 2回以上ミス、混同ペア、数値語 | 1回だけミス、安定した語 |

30語×1分読み返し＋解き直し15分を毎日の下限にすると維持できます。新語追加は原則停止し、用語の重要度の見方でA級だけを回してください。令和8年度は11月15日試験です。直前は争点メモと睡眠を優先し、深夜の長時間暗記は避けてください。",,,,,頻出50語の正解リストはありますか？,公開されている唯一の正解リストはありません。本記事の手順で、演習ミスとテキスト見出しから自分用リストを作るのが確実です。他人のまとめは参考程度にし、最終的には自分のミスデータで並べ替えてください。数字・手続きは要項と公式テキストで照合してから学習に戻してください。,重要語は用語解説だけで足りますか？,定義確認には足りますが、得点には演習が必要です。各語のあとに同分野を最低3問解き、解説で根拠まで追えるか確認してください。用語だけ1週間続けた場合は、翌週から演習比率を増やすのがおすすめです。過去問の記録法は過去問の効果的な使い方の記事と揃えてください。,glossary-study-method:用語集の活用法;terms-importance-levels:用語の重要度の見方;confusing-terms:混同しやすい用語;past-questions-how-to-use:過去問の効果的な使い方,3分野を同時に覚えますか？,同時並行はおすすめしません。1週間1分野に絞り、10語＋演習5問をセットで一周してから次分野へ進んでください。3分野を3週ローテにすると、試験直前までに主要語を一通り触れられます。混同ペアは混同しやすい用語の比較表とセットで復習してください。,,,誤答からリストを作る;週10語×演習5問;3分野でローテ;1語3分で要約;直前は30語に絞る
confusing-terms,用語ハブ活用法,賃貸不動産経営管理士試験の混同しやすい用語,賃貸不動産経営管理士試験の混同語を要項正本で整理。ペア比較・15分ルーティン・比較表を3分野・50問120分向けに表で解説します。,混同しやすい用語は、単語暗記よりペアで差分を固定すると判別精度が上がります。賃貸不動産経営管理士試験は50問・120分・3分野、令和8年度は2026年11月15日（日）13:00〜15:00です。本記事では一般財団法人 賃貸不動産経営管理士試験センター要項を正本として、頻出ペア、15分ルーティン、比較表、演習接続、直前の上位5組を表で説明します。定義の正本は用語解説と公式テキストです。,35,用語集;知識整理,賃管マスター編集部,資格学習サイトの編集チーム,公式情報確認担当,公開前に一次情報との照合を行う担当者,2026-06-04,賃貸不動産経営管理士協議会（公式）|https://www.chintaikanrishi.jp/,手書きリライト 2026-06-04。自動prose差し替え 2026-06-04（要手書き）。用語ハブ活用法向けテンプレートから作成。公開前に本文・参照URL・関連リンクを差し替える。,本記事を読むと、どの語と語をセットで覚えるべきかが分かり、演習の混同失点を減らす復習手順が持てます。,演習履歴から混同ペア10組をノートにリスト化する;各ペアを用語解説で並べ読み、違いを1行で書く;ペアごとに同分野演習3問を解く;再び間違えた行だけ比較表に色を付ける;日曜に混同ペア上位5組だけ復習する,試験要項・公式ページ更新時に本文と参照元を見直す。,2026-06-04,2026-06-29,2026-06-04,published,2026-06-04: 編集合格（手書きリライト）,頻出の混同ペア例,"次は混同の報告が多いペアの例です。個人の誤答でリストを上書きしてください。

| ペア | 混同しやすい点 | 確認のコツ |
| --- | --- | --- |
| 重説／契約書面 | 交付義務・記載事項 | 時点で切り分け |
| 敷金／保証金 | 目的・返還 | 会計処理で対比 |
| 普通借家／定期借家 | 更新・終了 | 数字をカード化 |
| 原状回復／修繕 | 費用負担 | 主体・範囲を1行 |
| 管理業者／賃貸住宅管理業 | 登録・業務 | 法令の章で整理 |

自分の演習から「混同ペア10組」を作ることが最重要です。",1ペア15分のルーティン,"混同ペア1組あたりの標準手順です。

| 分 | 作業 |
| --- | --- |
| 0〜5分 | 用語A・Bのページを並べて開く |
| 5〜10分 | 違いを1行（主体・時点・効果） |
| 10〜15分 | 同分野演習3問＋解説 |

週に3ペア進めれば、8週で24ペア分の対策ができます。用語集の活用法の深掘り上限（関連2語）と併用してください。",比較表の3列,"手書きの比較表は次の3列で十分です。

| 列 | 書く内容 |
| --- | --- |
| 項目 | 主体・要件・効果などの軸 |
| 語A | 短い定義 |
| 語B | 短い定義 |

演習で再び間違えた行だけ色を付け、直前2週間はその行だけ復習する運用が効きます。写真より手書きの方が、試験直前の想起練習に向いています。新しいペアを追加する前に、前週ペアを口頭で言えるか確認してください。",読解ミスとの接続,"混同失点は、読解不足とセットで出ることがあります。

| 抽出 | 確認例 | 混同との関係 |
| --- | --- | --- |
| 主体 | 貸主・借主・管理業者 | 当事者の取り違え |
| 時点 | 契約時・更新時 | 手続の混同 |
| 条件 | 書面・口頭の限定 | 例外の見落とし |

過去問の誤答原因の分析の抽出手順と表を共通化すると、用語ペアと設問文の読み落としを同じノートで処理できます。",直前の上位5組,"試験4週前以降は、新規ペアを増やさず再発ペアに絞ります。

| 残り | 混同対策 | 演習 |
| --- | --- | --- |
| 4週 | 週3ペア | 分野別維持 |
| 2週 | 上位5組のみ | 短問中心 |
| 1週 | 比較表読み返し | 新規なし |
| 前日 | 争点メモ | 睡眠優先 |

令和8年度は11月15日試験です。重要用語リストの直前30語と、混同上位5組を同期させてください。",,,,,混同ペアはどこまで作ればよいですか？,最初は演習から10組で十分です。2週連続で正答できたペアはリストから外し、新たに混同したペアだけを追加する運用が負担を抑えます。他人のまとめペアは参考にし、最終的には自分の誤答データを正本にしてください。,混同しやすい用語と重要用語の押さえ方の違いは？,本記事は似た語のペア比較と15分ルーティンが中心です。重要用語の押さえ方の記事は、リストの作り方と週10語の積み上げが中心です。重要語リストで語を集め、本記事で混同ペアに分解する順がおすすめです。読解ミスが多い場合は過去問の誤答原因の分析も併用してください。,glossary-study-method:用語集の活用法;important-terms-list:重要用語の押さえ方;terms-importance-levels:用語の重要度の見方;past-questions-wrong-reasons:過去問の誤答原因の分析,比較表はデジタルでもよいですか？,可能ですが、試験直前の想起練習は手書きの方が向くことが多いです。デジタルで作った場合も、主体・時点・効果の3軸は必ず1行で残してください。週日曜に上位5組だけを声に出して言えるか確認し、言えないペアは翌週の最優先に戻してください。,,,ペアで差分を固定;15分×演習3問;比較表は3列;主体・時点・条件;直前は上位5組
related-terms-navigation,用語ハブ活用法,賃貸不動産経営管理士試験の関連用語での回遊,賃貸不動産経営管理士試験の関連用語回遊を要項正本で整理。起点語・2段階リンク・週次ログ・50問120分・令和8年度11月15日試験向けに表で解説します。,用語学習は「1語ずつ暗記」より、関連語を辿って差分を説明できるかが本番の分かれ目です。賃貸不動産経営管理士試験は50問・120分・3分野、令和8年度は2026年11月15日（日）13:00〜15:00です。本記事では一般財団法人 賃貸不動産経営管理士試験センター要項を正本として、起点語の選び方、2段階の回遊ルート、週次ログ、演習への接続を表で説明します。出題範囲の改定は https://www.chintaikanrishi.jp/ の要項で必ず上書き確認してください。,35,用語集;知識整理,賃管マスター編集部,資格学習サイトの編集チーム,公式情報確認担当,公開前に一次情報との照合を行う担当者,2026-06-04,賃貸不動産経営管理士協議会（公式）|https://www.chintaikanrishi.jp/,手書きリライト 2026-06-04。自動prose差し替え 2026-06-04（要手書き）。用語ハブ活用法向けテンプレートから作成。公開前に本文・参照URL・関連リンクを差し替える。,本記事を読むと、用語解説の関連リンクを使って知識を面で理解し、似た選択肢が並ぶ設問でも根拠を持って判別できる回遊の手順が分かります。,要項で3分野の出題範囲を確認してから今週の起点語を1つ決める;関連語を2段階辿り主体・時点・条件の差分を1行ずつ書く;回遊ログを週10語以内に絞り重要度を毎週更新する;回遊後に同テーマの演習を5問解き誤答語をログへ戻す;数字語は別カードへ転記し公式情報で月1回更新確認する,試験要項・公式ページ更新時に本文と参照元を見直す。,2026-06-04,2026-06-29,2026-06-04,published,2026-06-04: 編集合格（手書きリライト）,回遊の前提（要項と起点語）,"回遊を始める前に、試験センター要項で当年度の3分野を確認します。範囲外の語に時間を使うと、50問120分の本番で使える語彙が増えません。

| ステップ | 作業 | 記録 |
| --- | --- | --- |
| 1 | 要項で出題範囲を確認 | 確認日 |
| 2 | 今週の学習テーマを1つ選ぶ | 分野タグ |
| 3 | 起点語を1語決める | 語名＋出典 |
| 4 | 関連リンクを2段階まで辿る | 回遊ルート |
| 5 | 差分を3項目で1行メモ | 主体・時点・条件 |

用語集の活用法の記事で週次の語数上限を先に決めると、本記事の回遊ログが散らかりにくくなります。",2段階回遊のルート設計,"関連語は深さより「比較できるペア」を作ることが目的です。

| 段階 | 目安 | 確認すること |
| --- | --- | --- |
| 起点 | 誤答または今週の章 | 定義を一文で言える |
| 1段目 | 関連語1〜2語 | 何が同じで何が違うか |
| 2段目 | さらに1語まで | 手続・主体の差 |
| 停止 | 週10語超えない | ログへ転記 |
| 演習 | 同テーマ5問 | 再発の有無 |

3段以上辿ると管理が重くなるため、迷った語だけを翌週の起点に戻す運用が現実的です。",3分野別の回遊例,"分野ごとに比較軸を固定すると、回遊メモの再利用がしやすくなります。

| 分野 | 起点の例 | 比較で見る軸 |
| --- | --- | --- |
| 法令・制度 | 登録・業務規制 | 義務の主体と根拠 |
| 契約・実務 | 重説・原状回復 | 手続時点と記載事項 |
| 設備・税務 | 修繕・税務処理 | 費用負担と期限 |
| 横断 | 誤答語 | 再発回数 |

混同しやすい用語の記事と併用すると、似た語のペアを回遊の起点にしやすく、判別練習が一段進みます。",週次ログと重要度の更新,"回遊ログは次の4列で十分機能します。

| 列 | 記入例 | 翌週の使い道 |
| --- | --- | --- |
| 語 | 管理業務の範囲 | 起点候補 |
| 差分 | 主体が管理業者 | 比較メモ |
| 演習 | 5問中2問誤答 | 重要度↑ |
| 再確認 | 7日後 | 解き直し |

毎週日曜に「再発した語トップ3」だけを翌週へ渡し、それ以外は維持確認に回すと負荷を抑えられます。",演習接続と直前の絞り込み,"回遊だけで終わらせず、同週中に短い演習を必ず入れます。

| 残り | 回遊の語数 | 演習 |
| --- | --- | --- |
| 12週以上 | 週10語 | テーマ別10問 |
| 8週 | 週8語 | 分野ミックス15問 |
| 4週 | 再発語のみ | 解き直し中心 |
| 前週 | 争点メモ | 新規回遊なし |

令和8年度は11月15日試験です。直前1か月は回遊の新規ルートを増やさず、再発語と数値早見に時間を寄せてください。",,,,,関連語は何語まで辿ればよいですか？,起点から2段階（関連語1〜2語）までが目安です。それ以上はログが散らかり、復習で再現しにくくなります。深掘りが必要な語だけを翌週の起点に戻し、毎週の総語数は10語前後に抑えてください。回遊後は同テーマの演習を5問入れ、誤答語をログへ戻すと定着が進みます。,回遊と重要用語リストの使い分けは？,重要用語の押さえ方の記事は、得点に直結する語の選定と優先順位が中心です。本記事は、選んだ語を関連リンクでつなぎ、比較で理解を深める手順が中心です。先に重要語リストで週の語数を決め、本記事の2段階回遊で差分を固める順が効率的です。,glossary-study-method:用語集の活用法;important-terms-list:重要用語の押さえ方;confusing-terms:混同しやすい用語,用語だけ回遊しても本番で使えますか？,定義の理解だけでは、四肢択一の言い換えに弱いまま残りやすいです。回遊の同週に短い演習を入れ、正誤と争点3語を記録してください。過去問の効果的な使い方の記事と誤答記録形式を揃えると、回遊ログから演習へ迷わず移れます。,,,要項で範囲を先に固定;回遊は2段階まで;差分は主体・時点・条件;週次ログは10語以内;回遊後は必ず演習
terms-with-past-questions,用語ハブ活用法,賃貸不動産経営管理士試験の用語と過去問の併用,賃貸不動産経営管理士試験の用語と過去問併用を要項正本で整理。誤答語→定義→演習の往復、3分野・50問120分・令和8年度向けに表で解説します。,用語確認と過去問演習を別日にすると、知識と判断が結びつきにくくなります。賃貸不動産経営管理士試験は50問・120分・3分野、令和8年度は2026年11月15日（日）13:00〜15:00です。本記事では一般財団法人 賃貸不動産経営管理士試験センター要項を正本として、誤答語の抽出、定義確認、同テーマ再演習、週次の往復サイクルを表で説明します。公表問題の範囲は https://www.chintaikanrishi.jp/ で必ず最新要項と照合してください。,35,用語集;知識整理,賃管マスター編集部,資格学習サイトの編集チーム,公式情報確認担当,公開前に一次情報との照合を行う担当者,2026-06-04,賃貸不動産経営管理士協議会（公式）|https://www.chintaikanrishi.jp/,手書きリライト 2026-06-04。自動prose差し替え 2026-06-04（要手書き）。用語ハブ活用法向けテンプレートから作成。公開前に本文・参照URL・関連リンクを差し替える。,本記事を読むと、過去問で出た語を用語解説で補強し、数日後の解き直しまで含めた往復サイクルで実戦力に変える手順が分かります。,要項で試験形式と出題範囲を確認してから演習を始める;演習後に誤答語を3語まで抽出し争点を1行記録する;誤答語の定義と関連語を用語解説で同日確認する;翌日または7日後に同テーマを5問解き直して再発を見る;偶然正解は根拠1行が書けるまで復習対象に残す,試験要項・公式ページ更新時に本文と参照元を見直す。,2026-06-04,2026-06-29,2026-06-04,published,2026-06-04: 編集合格（手書きリライト）,往復サイクルの型（演習→用語→再演習）,"往復の順番を固定しないと、用語読了で満足して演習が止まりがちです。

| 順番 | 目安時間 | 成果物 |
| --- | --- | --- |
| 1 演習 | 30〜60分 | 誤答リスト |
| 2 用語 | 15分 | 争点3語＋定義 |
| 3 関連 | 10分 | 比較1行 |
| 4 再演習 | 翌日5問 | 再発の有無 |
| 5 週次 | 日曜30分 | 翌週の重点語 |

過去問の効果的な使い方の記事で誤答の3分類表を先に揃えると、用語へ戻る理由（知識・読解・時間）が明確になります。",誤答語の記録と重要度,"誤答語は「多い順」ではなく「再発しそうな順」で並べます。

| 信号 | 重要度 | 次の一手 |
| --- | --- | --- |
| 法令の基礎語 | 最優先 | 定義＋短問10問 |
| 読解ミス | 高 | 主体・時点・条件 |
| 単発の初見 | 中 | 再出まで待つ |
| 偶然正解 | 高 | 根拠1行 |
| 時間切れ | 配分 | 見切り基準 |

失点影響が大きい語ほど、用語確認の時間を厚くしてください。3語以上同時に深掘りすると翌日の再演習が遅れやすいです。",3分野での往復の入れ方,"分野ごとに往復の重点が異なります。

| 分野 | 用語確認の中心 | 再演習の型 |
| --- | --- | --- |
| 法令・制度 | 義務の主体 | 短問10問 |
| 契約・実務 | 手続時点 | 長文5問 |
| 設備・税務 | 数値の前提 | 数値早見＋8問 |
| 横断 | 再発誤答 | ミックス15問 |

1分野だけに閉じると他分野が劣化するため、週次では最低1回、3分野を触れるミニ演習を残してください。",通し50問との接続,"分野別の往復が安定したら、50問120分の通しで時間感覚を検証します。

| 段階 | 頻度 | 往復への反映 |
| --- | --- | --- |
| 分野別 | 毎週 | 誤答語トップ5 |
| ミニ通し | 月1回20問 | 配分の仮説 |
| 本番通し | 残り8週から月2回 | 未解答数 |
| 解き直し | 週1回 | 再発のみ |

通し後は必ず誤答語を用語へ戻し、翌週の平日枠に再演習5問を先に予約しておくとサイクルが途切れません。",直前の往復の絞り込み,"試験8週前以降は、新規語の追加より再発誤答の往復を優先します。

| 残り | 用語 | 演習 |
| --- | --- | --- |
| 8週 | 再発トップ15語 | 通し月2回 |
| 4週 | 争点メモのみ | 解き直し |
| 2週 | 数値早見 | 短時間確認 |
| 前日 | 持ち物・会場 | 新規なし |

令和8年度は11月15日試験です。直前1か月は用語の網羅を止め、誤答上位と時間配分の再現に集中してください。",,,,,用語を先に読んでから過去問の方がよいですか？,初学者でも、先に大量の用語を読むより、演習で出た誤答語へ戻る方が定着しやすいです。初月だけは章立て把握のため分野別の用語を薄く触り、2か月目以降は本記事の往復サイクルを主軸にしてください。出題範囲は要項で必ず再確認してください。,解き直しは何日後が目安ですか？,翌日5問と7日後の同テーマ5問の二段が再発確認に向いています。間隔を空けすぎると忘れ、詰めすぎると消化だけになります。カレンダーに再演習枠を先に書き、争点メモをそのまま使い回すと効率が上がります。再発が残る語だけ間隔を短く調整してください。,past-questions-how-to-use:過去問の効果的な使い方;glossary-study-method:用語集の活用法;study-plan:学習計画の立て方,用語併用と過去問記事の違いは？,過去問の効果的な使い方の記事は、演習全体の設計と誤答分類が中心です。本記事は、誤答語と用語解説を同日〜翌週で往復させる運用が中心です。先に過去問記事で記録形式を決め、本記事で用語への戻し順を固定するのがおすすめです。,,,演習→用語→再演習の順;誤答語は3語まで深掘り;偶然正解も復習対象;3分野に最低接触;通しで時間を検証
terms-importance-levels,用語ハブ活用法,賃貸不動産経営管理士試験の用語の重要度の見方,賃貸不動産経営管理士試験の用語重要度の見方を要項正本で整理。頻出と誤答再発の二軸、3分野・50問120分・令和8年度向けに表で解説します。,用語の重要度は「有名かどうか」ではなく、自分の誤答と失点影響で決めると復習が楽になります。賃貸不動産経営管理士試験は50問・120分・3分野、令和8年度は2026年11月15日（日）13:00〜15:00です。本記事では一般財団法人 賃貸不動産経営管理士試験センター要項を正本として、二軸の判定表、週次の更新、3分野別の優先付け、直前の絞り込みを表で説明します。制度の更新は https://www.chintaikanrishi.jp/ の公式案内で必ず確認してください。,35,用語集;知識整理,賃管マスター編集部,資格学習サイトの編集チーム,公式情報確認担当,公開前に一次情報との照合を行う担当者,2026-06-04,賃貸不動産経営管理士協議会（公式）|https://www.chintaikanrishi.jp/,手書きリライト 2026-06-04。自動prose差し替え 2026-06-04（要手書き）。用語ハブ活用法向けテンプレートから作成。公開前に本文・参照URL・関連リンクを差し替える。,本記事を読むと、用語学習の対象を感覚ではなく記録で選べ、時間が限られても再発しやすい語に集中できる優先順位の付け方が分かります。,演習結果から誤答再発率の高い語を週次で抽出する;頻出だが正答安定の語は維持確認に回す;重要度Aの語は平日15分×3回の反復を予約する;数字・期限語は別リストで重要度を上げる;直前8週は重要度Aのみにリストを縮小する,試験要項・公式ページ更新時に本文と参照元を見直す。,2026-06-04,2026-06-29,2026-06-04,published,2026-06-04: 編集合格（手書きリライト）,重要度の二軸（頻出×誤答再発）,"二軸を表にすると、感覚的な「なんとなく重要」を排除できます。

| 頻出 | 再発 | 重要度 | 運用 |
| --- | --- | --- | --- |
| 高 | 高 | A | 毎週反復 |
| 高 | 低 | B | 月1確認 |
| 低 | 高 | A | 演習連動 |
| 低 | 低 | C | 再出まで待つ |
| 不明 | 高 | A | 用語で定義確認 |

頻出度は過去問の傾向、再発は自分の誤答ログで更新してください。どちらか一方だけで決めると、直前期に復習対象が膨らみます。",週次の更新手順,"毎週日曜の30分で、リストを入れ替えます。

| 手順 | 内容 | 記録 |
| --- | --- | --- |
| 1 | 今週の演習を集計 | 誤答数 |
| 2 | 再発語をタグ | 分野 |
| 3 | Aを最大15語に制限 | 語名 |
| 4 | B・Cを整理 | 削除候補 |
| 5 | 翌週の平日枠へ配置 | 月火水 |

重要用語の押さえ方の記事で初回リストの作り方を決め、本記事の二軸表で毎週の入れ替えだけ行うと運用が軽くなります。",3分野別の優先付け,"分野ごとに失点の波及が異なるため、Aの語数配分も変えます。

| 分野 | Aに入れやすい語 | 週の目安 |
| --- | --- | --- |
| 法令・制度 | 登録・監督・義務 | 5語 |
| 契約・実務 | 重説・更新・原状 | 5語 |
| 設備・税務 | 数値・期限 | 5語 |
| 調整 | 再発トップ | +2語まで |

1分野だけAが偏ると総合点が伸びにくいため、週次で最弱分野に+2語まで配分を寄せるルールが有効です。",維持確認と降格の基準,"正答が続く語は、早めにBへ降格して負荷を下げます。

| 状態 | 判断 | 次週 |
| --- | --- | --- |
| 2回連続正解＋根拠説明可 | 降格候補 | Bへ |
| 再発 | 昇格 | A固定 |
| 初見正解のみ | 維持 | 短問3問 |
| 数値取り違え | 昇格 | カード見直し |

数字・期限のまとめ方の記事と数値リストをリンクさせると、Aの語が増えすぎたときに数字語だけを別管理へ逃がせます。",直前8週のリスト縮小,"試験8週前は、Aを15語以内に固定します。

| 残り | Aの語数 | 演習 |
| --- | --- | --- |
| 8週 | 15語 | 分野別20問 |
| 4週 | 10語 | 解き直し |
| 2週 | 争点メモ | 確認のみ |
| 前週 | 5語 | 新規追加なし |

令和8年度は11月15日試験です。直前は新語の追加を止め、再発率が高い語だけを反復してください。",,,,,頻出リストだけで勉強しても足りますか？,頻出だけでは、自分が毎回迷う語がリストから漏れることがあります。再発率を同じ重みで見て、誤答ログからAへ昇格させる運用を足してください。二軸表を使うと、直前期でも優先順位を客観的に説明できます。出題範囲の変更は要項で必ず再確認してください。,重要度Aは何語までが現実的ですか？,週15語前後が、平日30分×3回の反復と週末演習を両立しやすい目安です。それを超える場合は、数字語を別カード管理に分離するか、Bへ降格できる語がないかを見直してください。語数より再発率を週次で見る方が得点に直結しやすいです。,important-terms-list:重要用語の押さえ方;numbers-and-deadlines:数字・期限のまとめ方;exam-overview:試験概要・出題分野,重要度と重要用語リストの違いは？,重要用語の押さえ方の記事は、初回の語選定と3分野の骨格語が中心です。本記事は、演習結果に応じて毎週入れ替える判定基準が中心です。初回リストを作ったあと、本記事の二軸表で週次更新する流れがおすすめです。,,,頻出と再発の二軸;Aは週15語上限;週日曜に更新;正答安定は降格;直前はリスト縮小
numbers-and-deadlines,用語ハブ活用法,賃貸不動産経営管理士試験の数字・期限のまとめ方,賃貸不動産経営管理士試験の数字・期限整理を要項正本で解説。分野別カード・誤答再発・50問120分・令和8年度11月15日試験向けに表で整理します。,数字・期限の取り違えは、1問のミスではなく同型の連鎖失点につながりやすい領域です。賃貸不動産経営管理士試験は50問・120分・3分野、令和8年度は2026年11月15日（日）13:00〜15:00です。本記事では一般財団法人 賃貸不動産経営管理士試験センター要項を正本として、分野別カード、出典の併記、誤答再発の管理、演習との同日運用を表で説明します。数値の改定は https://www.chintaikanrishi.jp/ で必ず公式案内と照合してください。,35,用語集;知識整理,賃管マスター編集部,資格学習サイトの編集チーム,公式情報確認担当,公開前に一次情報との照合を行う担当者,2026-06-04,賃貸不動産経営管理士協議会（公式）|https://www.chintaikanrishi.jp/,手書きリライト 2026-06-04。自動prose差し替え 2026-06-04（要手書き）。用語ハブ活用法向けテンプレートから作成。公開前に本文・参照URL・関連リンクを差し替える。,本記事を読むと、数値を単独暗記せず制度・手続とセットで管理でき、四肢択一で条件読み違えを減らすカード運用が分かります。,3分野別に数字・期限カードを作り項目名と根拠を併記する;誤答した数値語を毎日5分見返す枠をカレンダーに入れる;カード見返しと数値問題演習を同じ日に行う;月1回公式サイトで更新有無を確認し該当カードだけ修正する;直前8週は再発数値のみにカードを絞る,試験要項・公式ページ更新時に本文と参照元を見直す。,2026-06-04,2026-06-29,2026-06-04,published,2026-06-04: 編集合格（手書きリライト）,カードの必須4項目,"数字だけを書くと、設問の条件変更に弱くなります。

| 項目 | 記入例 | 確認 |
| --- | --- | --- |
| 名称 | 更新申込の期限 | 制度名 |
| 数値・期限 | 要項どおり | 単位 |
| 前提 | 書面・当事者 | 条件 |
| 出典 | 要項の章 | 確認日 |

日程・申込の記事で試験日や受験料12,000円など年度数字を先に転記し、本記事のカードは学習中に増えた数値語を受け皿にすると重複が減ります。",3分野別のカード分け,"分野を混ぜると似た数字の取り違えが増えます。

| 分野 | カードに入れやすい例 | 演習の型 |
| --- | --- | --- |
| 法令・制度 | 手続期限・届出 | 短問10問 |
| 契約・実務 | 通知・更新 | 長文5問 |
| 設備・税務 | 費用・税務期限 | 数値8問 |
| 横断 | 誤答再発 | 週1解き直し |

同系統の項目は1枚にまとめ、表の行数を増やしすぎないよう週5枚までの追加を目安にしてください。",誤答再発と重要度,"数値語の重要度は、頻出より取り違え回数を優先します。

| 再発 | 重要度 | 反復 |
| --- | --- | --- |
| 3回以上 | 最優先 | 毎日5分 |
| 2回 | 高 | 週3回 |
| 1回 | 中 | 週1回 |
| 0回・正答安定 | 低 | 月1確認 |

用語の重要度の見方の二軸表と語リストを共有すると、数値語だけがAからあふれたときに別トラックへ移しやすくなります。",演習との同日運用,"カード見返しだけでは、本番の時間圧で再び迷うことがあります。

| 曜日 | 時間 | 内容 |
| --- | --- | --- |
| 月・水 | 各5分 | 再発カード |
| 火 | 30分 | 数値問題8問 |
| 木 | 10分 | 出典確認 |
| 土 | 60分 | カード＋演習 |
| 日 | 20分 | 翌週の追加5枚 |

週末は「見返し→演習→誤答をカードへ戻す」を一セットにし、翌週の毎日5分枠に再発語だけを載せると負荷が一定します。",更新確認と直前の絞り込み,"数値は年度で変わるため、月1回の差分確認をカレンダーに固定します。

| タイミング | 作業 | 記録 |
| --- | --- | --- |
| 月1回 | 公式お知らせ | 変更なし／修正 |
| 演習後 | 誤答数値 | カード追加 |
| 8週前 | 再発のみ残す | 15枚以内 |
| 前週 | 争点メモ | 新規なし |

令和8年度は11月15日試験です。直前はカード枚数を減らし、50問120分の時間配分練習を優先してください。",,,,,数値は暗記カードだけで足りますか？,カードは整理の入口であり、演習なしでは条件読み違えが残りやすいです。週1回は時間を計った数値問題を解き、誤答をカードの前提欄へ追記してください。数値そのものより「どの手続の数字か」を書けるかが本番の判断速度に直結します。,申込期限と学習用の数字は同じカードでよいですか？,試験運用の数字（試験日・申込・受験料）は日程・申込の記事側で管理し、出題範囲の制度・契約・設備の数字は本記事の分野別カードで管理する分離が安全です。混在すると更新時に修正漏れが起きやすく、直前の見直しも重くなります。,terms-importance-levels:用語の重要度の見方;formula-memorization:公式・計算式の覚え方;schedule-application:日程・申込,公式・計算式の記事との使い分けは？,公式・計算式の覚え方の記事は、式の前提と適用場面が中心です。本記事は、期限・回数・期間などの数値語のカード管理が中心です。計算式は式カード、制度数字は本記事の4項目カードと分けると混同が減ります。演習後の振り分けを週次で固定すると見直しが楽になります。,,,カードは4項目必須;3分野で分ける;再発回数で優先;見返しと演習は同日;月1で公式確認
formula-memorization,用語ハブ活用法,賃貸不動産経営管理士試験の公式・計算式の覚え方,賃貸不動産経営管理士試験の公式・計算式の覚え方を要項正本で整理。前提条件・3分野・過去問連動・50問120分・令和8年度向けに表で解説します。,計算式は丸暗記より、前提条件と主体をセットで覚えると四肢択一で取り違えにくくなります。賃貸不動産経営管理士試験は50問・120分・3分野、令和8年度は2026年11月15日（日）13:00〜15:00です。本記事では一般財団法人 賃貸不動産経営管理士試験センター要項を正本として、出題範囲の確認、用途別カード、読み落とし記録、週次テスト、直前の絞り込みを表で説明します。範囲改定は https://www.chintaikanrishi.jp/ の要項で必ず上書き確認してください。,35,用語集;知識整理,賃管マスター編集部,資格学習サイトの編集チーム,公式情報確認担当,公開前に一次情報との照合を行う担当者,2026-06-04,賃貸不動産経営管理士協議会（公式）|https://www.chintaikanrishi.jp/,手書きリライト 2026-06-04。自動prose差し替え 2026-06-04（要手書き）。用語ハブ活用法向けテンプレートから作成。公開前に本文・参照URL・関連リンクを差し替える。,本記事を読むと、式を増やしすぎず前提付きで定着させ、数値条件の読み落としを記録で減らしながら本番形式へ適用する手順が分かります。,要項で計算・数値論点の出題範囲を確認してからカードを作る;各式に用途・前提・主体を1行ずつ併記する;過去問で数値条件の読み落としを争点3語で記録する;毎週同じ曜日に10分の式確認テストを行う;直前8週は新規式を追加せず頻出式の再現性を優先する,試験要項・公式ページ更新時に本文と参照元を見直す。,2026-06-04,2026-06-29,2026-06-04,published,2026-06-04: 編集合格（手書きリライト）,要項で範囲を固定してからカード化,"要項未確認で式を増やすと、範囲外の暗記に時間を使いがちです。

| 確認 | 記録 | カード化 |
| --- | --- | --- |
| 出題範囲の章立て | 確認日 | 論点リスト |
| 3分野の割合 | 分野タグ | 枚数上限 |
| 数値・計算の有無 | 要項の記載 | 優先度 |
| 更新お知らせ | 差分 | 修正対象 |
| 演習 | 誤答式 | 追加 |

設備・税務の科目別ハブで分野の目次を押さえたうえで、本記事のカードは演習で出た式だけを追加する運用が効率的です。",用途別カード（式・前提・主体）,"カード1枚に次の3行を必ず書きます。

| 行 | 内容 | 例 |
| --- | --- | --- |
| 式 | 何を求めるか | 率・額の関係 |
| 前提 | いつ使えるか | 契約形態・手続 |
| 主体 | 誰の義務か | 管理業者・賃借人 |
| 演習 | 適用確認 | 短問3問 |

式だけを見た暗記は、条件が1語変わった設問で崩れやすいです。数字・期限のまとめ方のカードと役割を分け、期限数字はそちらへ逃がしてください。",読み落とし記録と過去問,"計算ミスは計算力だけでなく読解の問題として残ります。

| 記録列 | 記入 | 対策 |
| --- | --- | --- |
| 争点 | 3語 | 用語確認 |
| 落とした条件 | 主体・単位 | カード追記 |
| 分類 | 知識・読解・時間 | 翌週枠 |
| 再確認 | 7日後 | 同型3問 |

過去問の効果的な使い方の3分類と記録形式を共通化すると、式の誤答が知識不足か読解不足かを切り分けやすくなります。",週次の式確認テスト,"毎週同じ曜日10分で、カードの再現性を測ります。

| 週 | テスト内容 | 合格基準 |
| --- | --- | --- |
| 通常 | カード10枚 | 前提・主体を説明 |
| 演習週 | 誤答式のみ | 同型3問正解 |
| 通し週 | テスト省略可 | 120分記録優先 |
| 直前8週 | 頻出10式 | 説明1分以内 |

新規式の追加は「再発した誤答」か「要項で明示された論点」に限定し、枚数が20を超えたら古いBカードから整理してください。",直前の式の絞り込み,"試験8週前は、新規式より再現性を優先します。

| 残り | カード | 演習 |
| --- | --- | --- |
| 8週 | 頻出10式 | 数値問題週2回 |
| 4週 | 再発のみ | 解き直し |
| 2週 | 争点メモ | 短問確認 |
| 前週 | 5式 | 新規なし |

令和8年度は11月15日試験です。直前1か月は式の追加を止め、50問120分の通しで時間配分を固めてください。",本番対応の確認,"【拡張セクション27】教材追加の判断基準を作る
公式・計算式の覚え方の学習では「教材管理」を起点に判断基準をそろえると、設問処理が安定します。
とくに計算式と前提条件の定着に関する設問は、賃貸不動産経営管理士 examの文脈で主体・期限・条件が同時に問われます。
実行手順としては、不足が定量で見えた時のみ追加するを固定し、学習ログへ翌週の修正点を一行で残してください。
迷った項目は試験センターの公表情報と照合し、3分野のどこに属するかを再分類すると再発を減らせます。

【拡張セクション28】誤答ノートの書式を単純化する
公式・計算式の覚え方の学習では「ノート運用」を起点に判断基準をそろえると、設問処理が安定します。
とくに計算式と前提条件の定着に関する設問は、賃貸不動産経営管理士 examの文脈で主体・期限・条件が同時に問われます。
実行手順としては、再読しやすい短文テンプレにするを固定し、学習ログへ翌週の修正点を一行で残してください。
迷った項目は試験センターの公表情報と照合し、3分野のどこに属するかを再分類すると再発を減らせます。

【拡張セクション29】演習セットの再利用率を上げる
公式・計算式の覚え方の学習では「再利用」を起点に判断基準をそろえると、設問処理が安定します。
とくに計算式と前提条件の定着に関する設問は、賃貸不動産経営管理士 examの文脈で主体・期限・条件が同時に問われます。
実行手順としては、同テーマ問題を周期的に回すを固定し、学習ログへ翌週の修正点を一行で残してください。
迷った項目は試験センターの公表情報と照合し、3分野のどこに属するかを再分類すると再発を減らせます。

【拡張セクション30】分野別正答率の目標を明確化する
公式・計算式の覚え方の学習では「目標設定」を起点に判断基準をそろえると、設問処理が安定します。
とくに計算式と前提条件の定着に関する設問は、賃貸不動産経営管理士 examの文脈で主体・期限・条件が同時に問われます。
実行手順としては、達成基準を数値で管理するを固定し、学習ログへ翌週の修正点を一行で残してください。
迷った項目は試験センターの公表情報と照合し、3分野のどこに属するかを再分類すると再発を減らせます。

【拡張セクション31】焦りを抑える当日ルーティンを作る
公式・計算式の覚え方の学習では「当日準備」を起点に判断基準をそろえると、設問処理が安定します。
とくに計算式と前提条件の定着に関する設問は、賃貸不動産経営管理士 examの文脈で主体・期限・条件が同時に問われます。
実行手順としては、入室前の確認事項を固定するを固定し、学習ログへ翌週の修正点を一行で残してください。
迷った項目は試験センターの公表情報と照合し、3分野のどこに属するかを再分類すると再発を減らせます。",運用チェックリスト,"【拡張セクション32】体調管理を得点戦略へ含める
公式・計算式の覚え方の学習では「コンディション」を起点に判断基準をそろえると、設問処理が安定します。
とくに計算式と前提条件の定着に関する設問は、賃貸不動産経営管理士 examの文脈で主体・期限・条件が同時に問われます。
実行手順としては、睡眠と食事の優先順位を守るを固定し、学習ログへ翌週の修正点を一行で残してください。
迷った項目は試験センターの公表情報と照合し、3分野のどこに属するかを再分類すると再発を減らせます。

【拡張セクション33】見直し手順を工程化する
公式・計算式の覚え方の学習では「見直し」を起点に判断基準をそろえると、設問処理が安定します。
とくに計算式と前提条件の定着に関する設問は、賃貸不動産経営管理士 examの文脈で主体・期限・条件が同時に問われます。
実行手順としては、数字条件と主体表現を先に点検するを固定し、学習ログへ翌週の修正点を一行で残してください。
迷った項目は試験センターの公表情報と照合し、3分野のどこに属するかを再分類すると再発を減らせます。

【拡張セクション34】質問が残る論点を公式資料で照合する
公式・計算式の覚え方の学習では「一次情報照合」を起点に判断基準をそろえると、設問処理が安定します。
とくに計算式と前提条件の定着に関する設問は、賃貸不動産経営管理士 examの文脈で主体・期限・条件が同時に問われます。
実行手順としては、不明点を出典付きで解消するを固定し、学習ログへ翌週の修正点を一行で残してください。
迷った項目は試験センターの公表情報と照合し、3分野のどこに属するかを再分類すると再発を減らせます。

【拡張セクション35】学習計画の見直し日を固定する
公式・計算式の覚え方の学習では「計画更新」を起点に判断基準をそろえると、設問処理が安定します。
とくに計算式と前提条件の定着に関する設問は、賃貸不動産経営管理士 examの文脈で主体・期限・条件が同時に問われます。
実行手順としては、毎週同じ曜日に配分を修正するを固定し、学習ログへ翌週の修正点を一行で残してください。
迷った項目は試験センターの公表情報と照合し、3分野のどこに属するかを再分類すると再発を減らせます。

【拡張セクション36】本番直前の確認範囲を限定する
公式・計算式の覚え方の学習では「最終確認」を起点に判断基準をそろえると、設問処理が安定します。
とくに計算式と前提条件の定着に関する設問は、賃貸不動産経営管理士 examの文脈で主体・期限・条件が同時に問われます。
実行手順としては、高頻度誤答だけを再確認するを固定し、学習ログへ翌週の修正点を一行で残してください。
迷った項目は試験センターの公表情報と照合し、3分野のどこに属するかを再分類すると再発を減らせます。",公式は全部覚える必要がありますか？,要項の範囲内でも、演習で出た式と再発式に絞る方が本番向きです。全部を同時に増やすと、前提のない丸暗記が増え、条件変更に弱くなります。週次テストで「前提・主体を1分で説明できるか」を基準にしてください。,計算が苦手な場合はどこから手を付けますか？,まず読み落とし記録をつけ、ミスが計算そのものか条件抽出かを分けます。抽出ミスが多い場合は短問より、主体・単位・期限をメモする読解手順を先に固定してください。計算ミスが多い場合だけ、同型の小問を3問ずつ反復します。,numbers-and-deadlines:数字・期限のまとめ方;past-questions-how-to-use:過去問の効果的な使い方;limit-subject:設備・税務の学習ハブ,数字・期限の記事と併用する順番は？,期限・回数・期間の数値は数字・期限のまとめ方の4項目カードで管理し、率や額の関係などの式は本記事の用途別カードで管理する分離がおすすめです。演習後に誤答を振り分けると、更新時の修正箇所も明確になります。,,,要項で範囲を先に固定;式・前提・主体の3行;読み落としを記録;週次10分テスト;直前は新規式を止める
calculation-drill,用語ハブ活用法,賃貸不動産経営管理士試験の計算ドリル,賃貸不動産経営管理士試験の計算ドリルを要項正本で整理。用語確認→短問反復→解き直し、3分野・50問120分・令和8年度11月15日試験向けに表で解説します。,計算ドリルは式の暗記より、前提語の確認と誤答型の反復で効果が出ます。賃貸不動産経営管理士試験は50問・120分・3分野、令和8年度は2026年11月15日（日）13:00〜15:00です。本記事では一般財団法人 賃貸不動産経営管理士試験センター要項を正本として、ドリルの設計、3分野別の入れ方、誤答分類、週次サイクル、直前の絞り込みを表で説明します。出題範囲の改定は https://www.chintaikanrishi.jp/ の要項で必ず上書き確認してください。,35,用語集;知識整理,賃管マスター編集部,資格学習サイトの編集チーム,公式情報確認担当,公開前に一次情報との照合を行う担当者,2026-06-04,賃貸不動産経営管理士協議会（公式）|https://www.chintaikanrishi.jp/,手書きリライト 2026-06-04。自動prose差し替え 2026-06-04（要手書き）。用語ハブ活用法向けテンプレートから作成。公開前に本文・参照URL・関連リンクを差し替える。,本記事を読むと、計算問題を量だけ増やさず、用語と演習を往復させながら50問120分で再現できる処理速度を作る手順が分かります。,要項で計算・数値論点の出題範囲を確認してからドリルを始める;演習前に計算に登場する前提語の定義を用語解説で確認する;誤答を計算ミスと条件読解に分類し争点3語を1行記録する;同型を週2回・各3問ずつ時間計測して反復する;7日後に同テーマ5問を解き直し再発だけ翌週へ戻す,試験要項・公式ページ更新時に本文と参照元を見直す。,2026-06-04,2026-06-29,2026-06-04,published,2026-06-04: 編集合格（手書きリライト）,ドリルの前提（要項と用語）,"計算ドリルを始める前に、要項で当年度の数値・計算論点がどこに載るかを確認します。範囲外の式を増やすと、50問120分の本番で使える時間が減ります。

| ステップ | 作業 | 記録 |
| --- | --- | --- |
| 1 | 要項で出題範囲を確認 | 確認日 |
| 2 | 演習で出た計算誤答を抽出 | 争点3語 |
| 3 | 前提語を用語解説で確認 | 主体・期間・単位 |
| 4 | 同型3問を時間計測 | 2分以内の可否 |
| 5 | 7日後に5問解き直し | 再発の有無 |

公式・計算式の覚え方の記事で式カードの作り方を先に決めると、本記事のドリルは演習で出た型だけを追加する運用にしやすくなります。",誤答の二分類と記録,"計算ミスはすべて「計算力不足」とは限りません。分類を固定すると対策が速くなります。

| 分類 | 信号 | 次の一手 |
| --- | --- | --- |
| 条件読解 | 主体・単位・期限の取り違え | 設問の下線確認 |
| 計算手順 | 式は合うが最終値が違う | 同型3問の反復 |
| 選択肢比較 | 近い数字で迷う | 数値ペア表へ |
| 偶然正解 | 根拠が1行で書けない | 解き直し対象 |
| 記録 | 争点3語＋分類 | 翌週のドリル |

過去問の効果的な使い方の3分類表と記録形式を揃えると、計算ドリルと過去問の失点を同じノートで管理できます。",3分野別のドリル設計,"分野ごとに計算の型が異なるため、週のドリル枠も分けます。

| 分野 | ドリルの中心 | 週の目安 |
| --- | --- | --- |
| 法令・制度 | 期限・回数・手続数字 | 短問8問 |
| 契約・実務 | 費用分担・更新・原状 | 長文5問 |
| 設備・税務 | 率・額・税務処理 | 数値10問 |
| 横断 | 再発型のみ | 解き直し |

1分野だけに閉じると他分野が劣化するため、週次では最低1回、3分野を触れるミニ演習を残してください。",週次サイクル（解く→記録→解き直し）,"ドリルは「解く→記録→用語→再演習」の順を固定します。

| 曜日 | 時間 | 内容 |
| --- | --- | --- |
| 火 | 30分 | 分野別ドリル＋計測 |
| 水 | 10分 | 争点メモの見返し |
| 木 | 15分 | 前提語の用語確認 |
| 土 | 45分 | 同型の解き直し |
| 日 | 20分 | 翌週の型を3つ選定 |

割合・パーセント問題の記事と併用すると、率の取り違えと式の取り違えを分けてドリルに載せやすくなります。",直前8週のドリル縮小,"試験8週前は、新規の型を増やさず再発型だけに絞ります。

| 残り | ドリル | 演習 |
| --- | --- | --- |
| 8週 | 再発型10 | 分野ミックス15問 |
| 4週 | 争点メモ | 解き直し中心 |
| 2週 | 数値早見 | 短時間確認 |
| 前週 | 5型 | 新規なし |

令和8年度は11月15日試験です。直前1か月はドリル量を減らし、50問120分の通しで時間配分を固めてください。",,,,,計算ドリルは毎日やる必要がありますか？,毎日である必要はなく、週2回の同型反復と週1回の解き直しが目安です。量を増やすより、争点3語と分類を毎回残し、再発した型だけ頻度を上げてください。式の整理は公式・計算式の覚え方の記事側で行い、本記事は演習で出た型の反復に集中すると負荷が一定します。,用語確認なしで計算だけ練習してもよいですか？,途中式が合っても最終選択肢で外れる場合、前提語の理解不足が多いです。演習前に主体・対象期間・単位を1行メモし、用語解説で定義を確認してからドリルに入る順が安全です。条件読解の誤答が続く週は、同型の数を減らし下線確認の手順を先に固定してください。,formula-memorization:公式・計算式の覚え方;rate-and-percentage:割合・パーセント問題;past-questions-how-to-use:過去問の効果的な使い方,計算ドリルと公式の覚え方の記事の違いは？,公式・計算式の覚え方の記事は、式・前提・主体のカード化が中心です。本記事は、演習連動のドリル設計と誤答型の反復が中心です。先に式カードの型を決め、本記事で週次ドリルと解き直しを回す流れがおすすめです。出題範囲は要項で必ず再確認してください。,,,要項で範囲を先に固定;誤答は二分類で記録;前提語を演習前に確認;同型は週2回・計測;直前は再発型のみ
rate-and-percentage,用語ハブ活用法,賃貸不動産経営管理士試験の割合・パーセント問題,賃貸不動産経営管理士試験の割合・パーセント対策を要項正本で整理。分数対応・条件読み・3分野・50問120分・令和8年度向けに表で解説します。,割合・パーセント問題は計算より、何を100％とみなすかの判断が失点の中心です。賃貸不動産経営管理士試験は50問・120分・3分野、令和8年度は2026年11月15日（日）13:00〜15:00です。本記事では一般財団法人 賃貸不動産経営管理士試験センター要項を正本として、表現の対応づけ、3分野別の比率語、誤答パターン、週次演習、直前の絞り込みを表で説明します。数値の改定は https://www.chintaikanrishi.jp/ で必ず公式案内と照合してください。,35,用語集;知識整理,賃管マスター編集部,資格学習サイトの編集チーム,公式情報確認担当,公開前に一次情報との照合を行う担当者,2026-06-04,賃貸不動産経営管理士協議会（公式）|https://www.chintaikanrishi.jp/,手書きリライト 2026-06-04。自動prose差し替え 2026-06-04（要手書き）。用語ハブ活用法向けテンプレートから作成。公開前に本文・参照URL・関連リンクを差し替える。,本記事を読むと、割合と比率の条件を取り違えず、四肢択一で似た数値を比較しながら安定して処理する手順が分かります。,割合・比率・率の定義を用語解説で分野別に整理する;分数とパーセントを同じカードに対応づけて記録する;演習後に誤答パターンを基準・分母の取り違えで分類する;週1回割合問題を10問・時間計測で解く;7日後に同パターン5問を解き直し再発だけ反復する,試験要項・公式ページ更新時に本文と参照元を見直す。,2026-06-04,2026-06-29,2026-06-04,published,2026-06-04: 編集合格（手書きリライト）,表現の対応（割合・比率・率）,"用語の定義を曖昧にしたまま演習すると、選択肢比較で迷いが残ります。

| 表現 | 確認すること | 記録例 |
| --- | --- | --- |
| 割合 | 全体に対する部分 | 分母＝何か |
| 比率 | 二つの量の比 | A:Bの意味 |
| 率 | 百分率・その他 | ％の前提 |
| 分数↔％ | 同値か | 1/5＝20％ |
| 演習 | 誤答パターン | 基準の取り違え |

数字・期限のまとめ方の4項目カードと役割を分け、期限数字はそちらへ、率・割合は本記事の対応表で管理すると混同が減ります。",誤答パターンと重要度,"頻出語より、毎回迷う比率パターンを優先します。

| パターン | 信号 | 次の一手 |
| --- | --- | --- |
| 基準の取り違え | 分母が違う | 設問の下線 |
| ％と小数 | 単位ミス | 変換1行 |
| 逆数の混同 | 増減の向き | 図1行 |
| 安定正答 | 説明可 | 維持確認 |
| 再発 | 同型2回以上 | 週2反復 |

重要度は演習ログで週次更新し、Aは最大10パターンに抑えると直前期の負荷が一定します。",3分野別の比率語,"分野ごとに「何を100％とみなすか」が変わります。

| 分野 | 比率語の例 | 演習の型 |
| --- | --- | --- |
| 法令・制度 | 手続上の割合・率 | 短問8問 |
| 契約・実務 | 費用負担・更新料 | 長文5問 |
| 設備・税務 | 経費・税務上の率 | 数値10問 |
| 横断 | 誤答再発 | 解き直し |

関連用語を2段階まで辿り、適用条件の差分を1行メモしてから演習に戻すと、計算前の判断が速くなります。",週次演習と解き直し,"割合問題は見返しと演習を同じ週に入れます。

| 曜日 | 時間 | 内容 |
| --- | --- | --- |
| 火 | 30分 | 割合10問・計測 |
| 水 | 10分 | 対応表の見返し |
| 木 | 15分 | 誤答パターンの整理 |
| 土 | 20分 | 7日後の解き直し5問 |
| 日 | 15分 | 翌週のAパターン選定 |

計算ドリルの記事と記録形式を共通化すると、率の誤答と式の誤答を同じノートで追えます。",直前の比率パターン縮小,"試験8週前は、新規パターンの追加を止めます。

| 残り | パターン数 | 演習 |
| --- | --- | --- |
| 8週 | 再発10 | 週1回10問計測 |
| 4週 | 争点メモ | 解き直し |
| 2週 | 変換表 | 確認のみ |
| 前週 | 5パターン | 新規なし |

令和8年度は11月15日試験です。直前1か月は割合の網羅を止め、50問120分の通しで時間感覚を優先してください。",,,,,割合問題は計算練習だけで足りますか？,計算手順だけでは、設問の「何に対する割合か」の読み取りで再び失点しやすいです。演習前に基準を1行書き、誤答はパターン名で記録してください。週1回は10問を時間計測し、7日後に同パターン5問の解き直しを入れると定着が進みます。数値の更新は要項と公式サイトで必ず確認してください。,割合と数値の引っかけ対策は別にすべきですか？,似た数字の識別は数値問題の引っかけの記事、基準の取り違えは本記事で管理する分離がおすすめです。演習後に誤答を振り分けると、見直し箇所が明確になります。両方の記事で記録形式を揃えると、週次の復習が一本化しやすくなります。,calculation-drill:計算ドリル;numeric-trap-choices:数値問題の引っかけ;numbers-and-deadlines:数字・期限のまとめ方,用語集はどこから読めばよいですか？,直近演習で迷った比率語から優先し、割合・比率・率の定義差を確認してください。3分野ごとに頻出語を5語ずつ抽出し、分数とパーセントの対応を同じカードに書くと混同が減ります。整理後に短い演習を入れ、説明できない語だけを翌週の起点に戻す運用が効率的です。,,,基準・分母を先に固定;分数と％を対応づけ;誤答パターンで優先;見返しと演習は同週;直前は再発のみ
numeric-trap-choices,用語ハブ活用法,賃貸不動産経営管理士試験の数値問題の引っかけ,賃貸不動産経営管理士試験の数値ひっかけ対策を要項正本で整理。混同ペア・条件差・3分野・50問120分・令和8年度11月15日試験向けに表で解説します。,数値の引っかけは暗記力より、似た数字を条件ごとに並べて比較できるかが分かれ目です。賃貸不動産経営管理士試験は50問・120分・3分野、令和8年度は2026年11月15日（日）13:00〜15:00です。本記事では一般財団法人 賃貸不動産経営管理士試験センター要項を正本として、ペア管理、重要度、3分野別の整理、演習との同日運用、直前の絞り込みを表で説明します。制度数字の改定は https://www.chintaikanrishi.jp/ で必ず照合してください。,35,用語集;知識整理,賃管マスター編集部,資格学習サイトの編集チーム,公式情報確認担当,公開前に一次情報との照合を行う担当者,2026-06-04,賃貸不動産経営管理士協議会（公式）|https://www.chintaikanrishi.jp/,手書きリライト 2026-06-04。自動prose差し替え 2026-06-04（要手書き）。用語ハブ活用法向けテンプレートから作成。公開前に本文・参照URL・関連リンクを差し替える。,本記事を読むと、近い選択肢で迷ったときに根拠で絞り込み、同型の数値ミスを記録で減らす手順が分かります。,混同した数値ペアを演習後にリスト化する;各ペアの違いを主体・時点・条件の1行で説明できるようにする;関連語回遊で適用場面の差を確認する;数値問題を週1回・時間計測で解く;誤答ペア上位だけを毎日5分見返す枠を固定する,試験要項・公式ページ更新時に本文と参照元を見直す。,2026-06-04,2026-06-29,2026-06-04,published,2026-06-04: 編集合格（手書きリライト）,混同ペアの作り方,"数字を単独で覚えると、設問の条件変更に弱くなります。

| 列 | 記入 | 確認 |
| --- | --- | --- |
| ペア | 似た2語または2数値 | 名称 |
| 差分 | 主体・時点・条件 | 1行説明 |
| 分野 | 法令／契約／設備 | タグ |
| 再発 | 誤答回数 | 優先度 |
| 出典 | 要項の章 | 確認日 |

数字・期限のまとめ方の4項目カードと分離し、ひっかけ用ペアは本記事の表、期限数字はそちらで管理すると更新漏れが減ります。",重要度（混同頻度優先）,"頻出でも迷わないペアは優先度を下げ、再発ペアを最上位に置きます。

| 再発 | 重要度 | 反復 |
| --- | --- | --- |
| 3回以上 | A | 毎日5分 |
| 2回 | 高 | 週3回 |
| 1回 | 中 | 週1回 |
| 0回・説明可 | 低 | 月1確認 |
| 週上限 | Aは15ペア | 演習連動 |

用語の重要度の見方の二軸表と語リストを共有すると、数値ペアだけが増えすぎたときに別トラックへ逃がせます。",3分野別のペア例,"分野を混ぜると似た数字の取り違えが増えます。

| 分野 | ペアに入れやすい例 | 演習の型 |
| --- | --- | --- |
| 法令・制度 | 手続期限・届出回数 | 短問10問 |
| 契約・実務 | 通知期間・更新 | 長文5問 |
| 設備・税務 | 費用・税務数値 | 数値8問 |
| 横断 | 誤答再発 | 解き直し |

混同しやすい用語の記事と併用すると、語のペアと数値のペアを同じ週に整理しやすくなります。",演習との同日運用,"ペア表の見返しだけでは、時間圧で再び迷うことがあります。

| 曜日 | 時間 | 内容 |
| --- | --- | --- |
| 月・水 | 各5分 | 再発ペア |
| 火 | 30分 | 数値問題・計測 |
| 木 | 10分 | 出典・要項確認 |
| 土 | 45分 | 見返し→演習→記録 |
| 日 | 20分 | 翌週の追加5ペア |

週末は誤答ペアだけを表へ戻し、翌週の毎日5分枠に再発上位だけを載せると負荷が一定します。",直前のペア縮小,"試験8週前は、ペア数を15以内に固定します。

| 残り | ペア | 演習 |
| --- | --- | --- |
| 8週 | 15ペア | 週2回計測 |
| 4週 | 10ペア | 解き直し |
| 2週 | 争点メモ | 確認のみ |
| 前週 | 5ペア | 新規なし |

令和8年度は11月15日試験です。直前は新ペアを増やさず、50問120分の通しで判断速度を固めてください。",,,,,頻出数字リストだけで対策できますか？,頻出リストだけでは、自分が毎回迷うペアが漏れやすいです。演習後の誤答からペアを作り、差分を1行で説明できるかを基準にしてください。説明できないペアだけを毎日5分と週1回の計測演習に載せると、50問120分での迷い時間を着実に減らせます。,偶然正解した数値問題はどう扱いますか？,正答でも根拠が曖昧なら、誤答と同じ重みでペア表に載せてください。なんとなく選んだ正解は次回の引っかけで失点しやすいため、再挑戦日を設定し、条件差を1行で言えるまで残す運用が安全です。解き直しは7日後の同テーマ5問が再発確認に向いています。,numbers-and-deadlines:数字・期限のまとめ方;rate-and-percentage:割合・パーセント問題;confusing-terms:混同しやすい用語,数字・期限の記事との使い分けは？,期限・回数・期間の制度数字は数字・期限のまとめ方のカードで管理し、似た値の四肢択一ひっかけは本記事のペア表で管理する分離がおすすめです。演習後の振り分けを週次で固定すると、更新時の修正箇所も明確になります。出題範囲は要項で必ず再確認してください。,,,数字はペアで管理;差分は主体・時点・条件;再発回数で優先;見返しと演習は同日;直前は15ペア上限
review-cycle-spaced,復習・苦手克服,賃貸不動産経営管理士試験の間隔を空けた復習,賃貸不動産経営管理士試験の間隔反復を要項正本で整理。3・7・14日再挑戦、3分野・50問120分・令和8年度向けに表で解説します。,同日に何度も解く反復だけでは、本番で思い出せない知識が残りやすいです。賃貸不動産経営管理士試験は50問・120分・3分野、令和8年度は2026年11月15日（日）13:00〜15:00です。本記事では一般財団法人 賃貸不動産経営管理士試験センター要項を正本として、最小サイクル、誤答分類、3分野の再ミス管理、偶然正解、直前の切り替えを表で説明します。出題範囲の改定は https://www.chintaikanrishi.jp/ の要項で必ず上書き確認してください。,36,復習;苦手克服,賃管マスター編集部,資格学習サイトの編集チーム,公式情報確認担当,公開前に一次情報との照合を行う担当者,2026-06-04,賃貸不動産経営管理士協議会（公式）|https://www.chintaikanrishi.jp/,手書きリライト 2026-06-04。自動prose差し替え 2026-06-04（要手書き）。復習・苦手克服向けテンプレートから作成。公開前に本文・参照URL・関連リンクを差し替える。,本記事を読むと、復習日をカレンダーに固定し、忘却を抑えながら50問120分に耐える定着力を作る手順が分かります。,誤答に3日後・7日後・14日後の再挑戦日をカレンダー登録する;再挑戦では正誤に加え根拠を1行で説明できるか確認する;週末に再ミスだけ30分の復習枠を固定する;3分野の再ミス件数を集計して翌週の配分を調整する;直前8週は通し演習後に反復リストだけ更新する,試験要項・公式ページ更新時に本文と参照元を見直す。,2026-06-04,2026-06-29,2026-06-04,published,2026-06-04: 編集合格（手書きリライト）,最小サイクル（3・7・14日）,"間隔反復は、再挑戦日を先に書くことから始まります。

| タイミング | 目的 | 合格基準 |
| --- | --- | --- |
| 直後 | 争点3語を記録 | 分類タグ |
| 3日後 | 短期記憶の確認 | 根拠1行 |
| 7日後 | 再発の有無 | 同型5問 |
| 14日後 | 定着判定 | 説明1分以内 |
| 卒業 | 2回連続説明可 | リストから除外 |

間違いノートの作り方の記事で記録列を先に決めると、本記事の日付運用だけを週次で回せます。",誤答分類と処方,"分類が曖昧だと、同じ失点を別原因と誤認します。

| タグ | 信号 | 次の一手 |
| --- | --- | --- |
| 知識不足 | 定義が言えない | 用語・条文 |
| 読み違い | 条件の見落とし | 主体・時点・条件 |
| 時間不足 | 未着手・後半崩れ | 解答順 |
| 判断迷い | 二択で停滞 | 根拠語句 |
| 記録 | 再挑戦日 | カレンダー |

週末にタグ件数を集計し、最多タグへ翌週の平日枠を先に予約すると改善が速くなります。",3分野の再ミス管理,"分野ごとに再ミス件数を見ると、配分の根拠がはっきりします。

| 分野 | 週次の記録 | 配分の目安 |
| --- | --- | --- |
| 法令・制度 | 再ミス数 | 多い分野+2時間 |
| 契約・実務 | 再ミス数 | 同上 |
| 設備・税務 | 再ミス数 | 同上 |
| 横断 | 時間切れ | 通し月2回 |

1分野だけに閉じると総合点が伸びにくいため、週次では最低1回、3分野を触れるミニ再挑戦を残してください。",偶然正解と改定確認,"正答でも根拠が曖昧な問題は、間隔反復の対象に含めます。

| 状態 | 扱い | 再挑戦 |
| --- | --- | --- |
| 偶然正解 | 誤答と同列 | 3・7日 |
| 改定章 | 要項確認後 | 頻度↑ |
| 範囲外の旧問 | リストから削除 | なし |
| 説明可2回 | 卒業 | 除外 |

去年の反復リストをそのまま使うと、現行範囲外の問題に時間を使いがちです。月1回要項で差分確認してください。",直前8週の反復縮小,"試験8週前は、新規論点より再発リストを優先します。

| 残り | 反復対象 | 演習 |
| --- | --- | --- |
| 8週 | 再発トップ30 | 通し月2回 |
| 4週 | 15項目 | 解き直し |
| 2週 | 争点メモ | 短時間確認 |
| 前週 | 新規なし | 睡眠優先 |

令和8年度は11月15日試験です。直前1か月は間隔を詰めすぎず、通し演習後にリストだけ更新してください。",,,,,何度復習すればよいですか？,目安は直後の記録、3日後、7日後、14日後の4回です。同じタグで再ミスが続く項目だけ追加で回し、説明できる項目は卒業させてください。回数をこなすより、毎回根拠を1行で言えるかを確認する方が、50問120分での再現性に直結します。,間隔反復と間違いノートは別物ですか？,間違いノートは記録の器、本記事は再挑戦日の設計が中心です。先にノートの列（日付・分野・タグ・再挑戦日）を決め、本記事の3・7・14日をカレンダーへ書き込む順が効率的です。両方を揃えると、独学でも再発率を数字で追えます。,mistake-notebook:間違いノートの作り方;past-questions-how-to-use:過去問の効果的な使い方;study-plan:学習計画の立て方,独学でも間隔反復はできますか？,はい。紙でもデジタルでも、再挑戦日とタグが一元管理できれば十分です。週末30分で再ミスだけを解き、2週間ごとに3分野の件数で翌週配分を更新してください。学習計画の立て方の記事と週次枠を揃えると、反復が他の演習とぶつかりにくくなります。,,,3・7・14日を先に予約;誤答は4タグで分類;偶然正解も再挑戦;3分野で再ミス集計;直前はリスト縮小
mistake-notebook,復習・苦手克服,賃貸不動産経営管理士試験の間違いノートの作り方,賃貸不動産経営管理士試験の間違いノートを要項正本で整理。4列記録・誤答分類・3・7日再挑戦、50問120分・令和8年度向けに表で解説します。,間違いノートは解いた問題の履歴ではなく、次回の改善指示を残す記録です。賃貸不動産経営管理士試験は50問・120分・3分野、令和8年度は2026年11月15日（日）13:00〜15:00です。本記事では一般財団法人 賃貸不動産経営管理士試験センター要項を正本として、必須4列、誤答タグ、3分野集計、偶然正解、直前のノート運用を表で説明します。出題範囲の改定は https://www.chintaikanrishi.jp/ の要項で必ず上書き確認してください。,36,復習;苦手克服,賃管マスター編集部,資格学習サイトの編集チーム,公式情報確認担当,公開前に一次情報との照合を行う担当者,2026-06-04,賃貸不動産経営管理士協議会（公式）|https://www.chintaikanrishi.jp/,手書きリライト 2026-06-04。自動prose差し替え 2026-06-04（要手書き）。復習・苦手克服向けテンプレートから作成。公開前に本文・参照URL・関連リンクを差し替える。,本記事を読むと、誤答記録を次の演習と復習日へ直結させ、学習時間の割に得点が伸びるノート運用が分かります。,誤答ごとに日付・分野・理由タグ・再挑戦日を記録する;理由タグを知識不足・読み違い・時間不足・判断迷いに固定する;3日後と7日後の再挑戦をカレンダー登録する;週末にタグ件数を集計して翌週配分を調整する;直前期は新規問題よりノート再演習を優先する,試験要項・公式ページ更新時に本文と参照元を見直す。,2026-06-04,2026-06-29,2026-06-04,published,2026-06-04: 編集合格（手書きリライト）,ノートの必須4列,"列が多いと続きません。最低限は次の4列で機能します。

| 列 | 記入例 | 翌週の使い道 |
| --- | --- | --- |
| 日付 | 演習日 | 再挑戦の起点 |
| 分野 | 契約・実務 | 配分調整 |
| タグ | 読み違い | 対策の選択 |
| 再挑戦日 | 3日後・7日後 | カレンダー |

争点3語は別行でも構いません。演習直後に書かないと、翌日には理由を思い出しにくくなります。",タグと処方の対応,"タグごとに次の一手を固定すると、復習が場当たりになりません。

| タグ | 次の一手 | 記録の追加 |
| --- | --- | --- |
| 知識不足 | 用語・条文確認 | 定義1行 |
| 読み違い | 主体・時点・条件 | 下線メモ |
| 時間不足 | 解答順の見直し | 2分超の問番 |
| 判断迷い | 根拠語句 | 消去理由 |
| 週末 | 最多タグへ+時間 | 集計 |

過去問の誤答原因の分析の3分類と揃えると、ノートと過去問の失点を同じ軸で見られます。",3分野別の件数集計,"感覚ではなく、ノート件数で翌週の配分を決めます。

| 分野 | 集計 | 配分 |
| --- | --- | --- |
| 法令・制度 | 誤答・再発 | 多い分野優先 |
| 契約・実務 | 同上 | 同上 |
| 設備・税務 | 同上 | 同上 |
| 2週ごと | 件数比較 | 微調整 |

50問120分では苦手分野の放置が終盤失速につながるため、最多分野へ平日枠を先に予約してください。",偶然正解の行,"正解行も「根拠曖昧」ならノートに残します。

| 正誤 | ノート | 再挑戦 |
| --- | --- | --- |
| 誤答 | 必須 | 3・7日 |
| 正解・説明可 | 任意 | 卒業 |
| 正解・説明不可 | 必須 | 3・7日 |
| 記録 | 迷った選択肢 | 争点3語 |

間隔を空けた復習の記事と再挑戦日を共通化すると、ノートからカレンダーへ迷わず移せます。",直前のノート中心運用,"直前期は、ノートに残った再発行だけを回します。

| 残り | ノート | 演習 |
| --- | --- | --- |
| 8週 | 再発トップ30 | 通し月2回 |
| 4週 | 15行 | 解き直し |
| 2週 | 争点メモ | 確認のみ |
| 前週 | 新規行なし | 睡眠優先 |

令和8年度は11月15日試験です。直前1か月は教材を増やさず、通し演習後にノート該当行だけを見返してください。",,,,,ノートは紙とデジタルどちらがよいですか？,形式より、タグと再挑戦日が続く方を選んでください。複数アプリに分散すると更新漏れが起きやすいため、1冊（または1ファイル）に統一し、週末にタグ件数だけ集計する運用が現実的です。間隔を空けた復習の3・7・14日と日付を揃えると、見返しが習慣化しやすくなります。,長い解説をノートに書く必要がありますか？,長文は不要です。争点3語・タグ・再挑戦日が書ければ十分です。要約に時間を使うより、演習直後に1行で理由を残し、3日後の再挑戦で根拠を説明できるか確認する方が得点に直結します。説明できる行は卒業させ、未定着だけを週次で残してください。,review-cycle-spaced:間隔を空けた復習;past-questions-wrong-reasons:過去問の誤答原因の分析;study-plan:学習計画の立て方,間違いノートと学習計画の記事はどう使い分けますか？,学習計画の立て方の記事は、週次の時間枠と3分野配分が中心です。本記事は、誤答記録の列設計とタグ運用が中心です。先に計画で平日・週末枠を決め、本記事の4列で演習後に埋める順がおすすめです。出題範囲は要項で必ず再確認してください。,,,4列で十分運用;タグで処方を固定;直後に記録;偶然正解も行に残す;直前は再発行のみ
note-taking-method,復習・苦手克服,賃貸不動産経営管理士試験のノートの取り方,賃貸不動産経営管理士試験のノート術を要項正本で整理。1冊運用・4分類記録・3分野タグ・50問120分・令和8年度11月15日試験向けに表で解説します。,ノートは要約の量ではなく、演習後に「いつ・何を・どう直すか」が残る設計が効きます。賃貸不動産経営管理士試験は50問・120分・3分野、令和8年度は2026年11月15日（日）13:00〜15:00です。本記事では一般財団法人 賃貸不動産経営管理士試験センター要項を正本として、1冊運用、4分類の記録列、3分野タグ、見返し間隔、直前の絞り込みを表で説明します。出題範囲の改定は https://www.chintaikanrishi.jp/ の要項で必ず上書き確認してください。,36,復習;苦手克服,賃管マスター編集部,資格学習サイトの編集チーム,公式情報確認担当,公開前に一次情報との照合を行う担当者,2026-06-04,賃貸不動産経営管理士協議会（公式）|https://www.chintaikanrishi.jp/,手書きリライト 2026-06-04。自動prose差し替え 2026-06-04（要手書き）。復習・苦手克服向けテンプレートから作成。公開前に本文・参照URL・関連リンクを差し替える。,本記事を読むと、ノートを増やしすぎず学習を整理し、50問120分に向けた復習サイクルを継続できる記録の型が分かります。,要項で3分野の出題範囲を確認してからノート形式を1冊に固定する;演習後は正誤より先に争点3語と4分類タグを1行記録する;3日後と7日後の見返し日をカレンダーに先登録する;週日曜に分野別誤答件数を集計して翌週の配分を1行更新する;直前8週は新規メモを止め再発行だけをノートで回す,試験要項・公式ページ更新時に本文と参照元を見直す。,2026-06-04,2026-06-29,2026-06-04,published,2026-06-04: 編集合格（手書きリライト）,ノート1冊運用の設計,"ノートを複数に分けると、見返し先が散らばり復習が止まります。

| 項目 | ルール | 記録例 |
| --- | --- | --- |
| 冊数 | 1冊（または1ファイル） | 演習・用語・直前 |
| 先頭 | 分野タグ＋日付 | 契約・6/4 |
| 1行 | 争点3語＋分類 | 更新通知・読解 |
| 再挑戦 | 3日後・7日後 | カレンダー |
| 週次 | 件数集計 | 日曜30分 |

間違いノートの作り方の記事で記録列を先に決め、本記事では1冊に統合する運用だけを固定すると続きやすいです。",誤答4分類の記録列,"分類がぶれると、同じ失点が別原因として残ります。

| 分類 | 信号 | 次の一手 |
| --- | --- | --- |
| 知識不足 | 根拠が説明できない | 用語・条文 |
| 読み違い | 条件の取り違え | 主体・時点・条件 |
| 時間不足 | 2分超で未確定 | 見切り基準 |
| 判断迷い | 二択で迷う | 比較1行 |
| 記録 | 再挑戦日 | カレンダー |

演習直後の5分で1問だけ書くルールにすると、ノートが履歴ではなく改善指示書として機能します。",3分野別のページ配分,"分野タグを固定すると、週次の弱点が数値で見えます。

| 分野 | 週の目安件数 | 配分の目安 |
| --- | --- | --- |
| 法令・制度 | 記録どおり | 再発+2時間 |
| 契約・実務 | 記録どおり | 長文5問 |
| 設備・税務 | 記録どおり | 数値カード |
| 最多分野 | 件数トップ | 翌週+30分 |

学習計画の立て方で週次枠を先に決め、本記事の集計結果だけを毎週日曜に上書きしてください。",偶然正解の再挑戦,"正解でも根拠が曖昧な行は、ノートに残します。

| 状態 | ノート | 再挑戦 |
| --- | --- | --- |
| 誤答 | 必須 | 3日・7日 |
| 正解・根拠可 | 卒業候補 | 月1確認 |
| 正解・根拠不可 | 印を付ける | 7日後5問 |
| 再発 | タグ固定 | 毎週反復 |

間隔を空けた復習の記事と見返し日を揃えると、ノートから再挑戦へ迷わず移れます。",直前8週の見返しルール,"試験8週前以降は、新規メモより再発行の消化を優先します。

| 残り | ノート | 演習 |
| --- | --- | --- |
| 8週 | 再発トップ20行 | 通し月2回 |
| 4週 | 争点メモのみ | 解き直し |
| 2週 | 5行/日 | 短問確認 |
| 前週 | 新規なし | 持ち物・会場 |

令和8年度は11月15日試験です。直前1か月はノートの書式変更を止め、50問120分の再現に時間を寄せてください。",,,,,ノートは紙とデジタルどちらがよいですか？,形式より、分野タグ・4分類・再挑戦日が一元管理できる方を選んでください。紙は書きやすい、デジタルは検索しやすいという差はありますが、複数媒体に分けると見返しが止まりやすくなります。1冊運用を先に固定し、直前8週は媒体を変えないことが重要です。,何度見返せば定着しますか？,目安は演習直後、3日後、7日後、14日後の4回です。毎回、争点3語と分類を説明できるかを確認し、説明できる行は卒業させて件数を抑えてください。回数を増やすより、再ミスが止まった行を除外する運用が本番向きです。,mistake-notebook:間違いノートの作り方;review-cycle-spaced:間隔を空けた復習;study-plan:学習計画の立て方,ノート記事と間違いノート記事の違いは？,間違いノートの作り方は、誤答記録の列設計と再挑戦日が中心です。本記事は、読む・解く・直すを1冊で回す全体設計と3分野タグが中心です。先に間違いノートで列を決め、本記事で1冊運用と週次集計を固定する順が効率的です。,,,ノートは1冊に統一;4分類で原因を固定;見返しは3日・7日;週次で件数集計;直前は再発のみ
almost-correct-review,復習・苦手克服,賃貸不動産経営管理士試験の惜しい問題の見直し,賃貸不動産経営管理士試験の惜しい問題の見直しを要項正本で整理。当日・3日・7日の三段階・4分類・50問120分・令和8年度向けに表で解説します。,惜しい問題は「あと一歩」の失点が、同型で連鎖しやすい領域です。賃貸不動産経営管理士試験は50問・120分・3分野、令和8年度は2026年11月15日（日）13:00〜15:00です。本記事では一般財団法人 賃貸不動産経営管理士試験センター要項を正本として、惜しい問題の定義、三段階の見直し、4分類、分野別再演習、直前の絞り込みを表で説明します。出題範囲の改定は https://www.chintaikanrishi.jp/ の要項で必ず上書き確認してください。,36,復習;苦手克服,賃管マスター編集部,資格学習サイトの編集チーム,公式情報確認担当,公開前に一次情報との照合を行う担当者,2026-06-04,賃貸不動産経営管理士協議会（公式）|https://www.chintaikanrishi.jp/,手書きリライト 2026-06-04。自動prose差し替え 2026-06-04（要手書き）。復習・苦手克服向けテンプレートから作成。公開前に本文・参照URL・関連リンクを差し替える。,本記事を読むと、知識はあるのに取りこぼす問題を得点源に変え、再発を記録で抑えながら50問120分の安定得点につなげられます。,要項で試験形式を確認してから惜しい問題の判定基準を1行で固定する;演習後に惜しい問題を3問まで抽出し争点と分類を記録する;当日・3日後・7日後の見直し日をカレンダー登録する;週日曜に再発件数だけを集計して翌週の重点論点を1つ決める;直前8週は惜しい問題の新規追加を止め再発のみ解き直す,試験要項・公式ページ更新時に本文と参照元を見直す。,2026-06-04,2026-06-29,2026-06-04,published,2026-06-04: 編集合格（手書きリライト）,惜しい問題の定義と記録,"惜しい問題は、誤答だけでなく「正解だが根拠が曖昧」も含めます。

| 種類 | 判定 | 記録 |
| --- | --- | --- |
| 誤答・知識あり | 争点は分かる | 分類＋用語 |
| 誤答・二択迷い | 消去で決めた | 比較1行 |
| 正解・根拠弱 | 説明が1文でない | 7日後再挑戦 |
| 時間切れ未確定 | 2分超 | 見切り基準 |
| 深掘り上限 | 1回3問まで | 翌週へ |

過去問の誤答原因の分析の3分類表と形式を揃えると、惜しい問題の対策が知識か読解か時間かで迷いません。",当日・3日・7日の三段階,"間隔を固定しないと、気分復習で再発が残ります。

| タイミング | 時間 | 確認内容 |
| --- | --- | --- |
| 当日 | 10分 | 争点・分類・再挑戦日 |
| 3日後 | 15分 | 同型5問 |
| 7日後 | 15分 | 再発の有無 |
| 14日後 | 任意 | 再発のみ |
| 週次 | 日曜30分 | 再発トップ3 |

過去問の解き直しサイクルの記事とカレンダー枠を共有し、惜しい問題だけをキューに載せる運用が整理しやすいです。",4分類と対策の切り分け,"惜しい問題でも、原因ごとに手順を変えます。

| 分類 | 惜しいの典型 | 対策 |
| --- | --- | --- |
| 知識不足 | 用語の取り違え | 定義＋短問5問 |
| 読み違い | 主体・期限 | 抽出手順 |
| 時間不足 | 後半の未確定 | 見切り・解答順 |
| 判断迷い | 似た肢 | 比較表1行 |

分類を混ぜて解き直すと改善が遅れるため、週次で最多分類にだけ+30分を当ててください。",3分野別の再演習,"分野ごとに惜しい問題の型が異なります。

| 分野 | 惜しいの例 | 再演習 |
| --- | --- | --- |
| 法令・制度 | 義務の主体 | 短問10問 |
| 契約・実務 | 手続時点 | 長文5問 |
| 設備・税務 | 数値前提 | 数値8問 |
| 横断 | 再発トップ | ミックス15問 |

1分野だけに閉じると他分野が劣化するため、週1回は3分野を触れるミニ演習を残してください。",直前の惜しい問題の絞り込み,"試験8週前は、惜しい問題の件数より再発率を優先します。

| 残り | 対象 | 演習 |
| --- | --- | --- |
| 8週 | 再発トップ15 | 通し月2回 |
| 4週 | 争点メモ | 解き直し |
| 2週 | 5問/日 | 短問のみ |
| 前週 | 新規なし | 確認のみ |

令和8年度は11月15日試験です。直前1か月は新しい惜しい問題を増やさず、再発行の再現に集中してください。",,,,,惜しい問題は何問まで記録すればよいですか？,1回の演習あたり3問までが、翌日の再挑戦と平日学習を両立しやすい目安です。それ以上はキューが膨らみ、3日後・7日後の枠が遅れます。週次で再発した問だけを翌週へ戻し、説明できる問は卒業させてください。出題範囲の改定は要項で必ず再確認してください。,誤答と惜しい問題の見直しの違いは？,誤答は正誤が明確で、惜しい問題は知識はあるのに判断で落とすケースが多いです。本記事では正解でも根拠が弱い行を同じキューに載せます。間違いノートの記録列に「惜しい」タグを足すと、見直し順がぶれにくくなります。,mistake-notebook:間違いノートの作り方;past-questions-wrong-reasons:過去問の誤答原因の分析;past-questions-review-cycle:過去問の解き直しサイクル,解き直しサイクル記事と併用する順番は？,過去問の解き直しサイクルで間隔（当日・3日・7日）を先に固定し、本記事で惜しい問題だけをキューに載せる順がおすすめです。通し50問のあとは、惜しい3問→分類→カレンダー登録までを同じ日に終わらせると途切れません。,,,惜しい＝根拠曖昧も含む;当日・3日・7日で固定;4分類で対策を分ける;深掘りは3問まで;直前は再発のみ
plateau-breakthrough,復習・苦手克服,賃貸不動産経営管理士試験の伸び悩みの突破,賃貸不動産経営管理士試験の伸び悩み突破を要項正本で整理。停滞信号・2週間立て直し・配分60％・50問120分・令和8年度向けに表で解説します。,得点が横ばいのとき、努力量を増やすより「再ミス率」と「時間超過」を数値で見直す方が早いです。賃貸不動産経営管理士試験は50問・120分・3分野、令和8年度は2026年11月15日（日）13:00〜15:00です。本記事では一般財団法人 賃貸不動産経営管理士試験センター要項を正本として、停滞の3信号、2週間の立て直し、学習配分、偶然正解の除外、通し検証を表で説明します。出題範囲の改定は https://www.chintaikanrishi.jp/ の要項で必ず上書き確認してください。,36,復習;苦手克服,賃管マスター編集部,資格学習サイトの編集チーム,公式情報確認担当,公開前に一次情報との照合を行う担当者,2026-06-04,賃貸不動産経営管理士協議会（公式）|https://www.chintaikanrishi.jp/,手書きリライト 2026-06-04。自動prose差し替え 2026-06-04（要手書き）。復習・苦手克服向けテンプレートから作成。公開前に本文・参照URL・関連リンクを差し替える。,本記事を読むと、模試得点が伸びないときに増やす学習と減らす学習を判断でき、50問120分で再現できる手順へ立て直せます。,直近3回の通しで総点・分野別正答・2分超問番号を記録する;2週間は新規教材を止め誤答再挑戦のみに切り替える;学習時間の60％を正答率下位2分野へ集中する;週1回50問120分で解答順と見切り基準を固定する;要項で範囲外学習がないか月1回確認する,試験要項・公式ページ更新時に本文と参照元を見直す。,2026-06-04,2026-06-29,2026-06-04,published,2026-06-04: 編集合格（手書きリライト）,停滞の3信号,"横ばいは、次の3つが同時に出ていることが多いです。

| 信号 | 記録 | 解釈 |
| --- | --- | --- |
| 総点横ばい | 3回通し | 配分か再発 |
| 再ミス率↑ | 同タグ再発 | 復習間隔の崩れ |
| 時間超過 | 2分超の問番号 | 見切り不足 |
| 偶然正解↑ | 根拠1行不可 | 見た目の理解 |
| 新教材↑ | 週の追加冊数 | 焦点の分散 |

過去問の点数分析で3回分の表を先に作り、本記事の信号と突き合わせると立て直しの優先が明確になります。",2週間の立て直し,"停滞期は、まず2週間だけ運用を固定します。

| 週 | 学習 | 禁止 |
| --- | --- | --- |
| 1 | 誤答再挑戦のみ | 新規教材 |
| 1 | 3日・7日の再演習 | 通し追加 |
| 2 | 50問通し1回 | 問題数だけ増やす |
| 2 | 再発トップ10 | 範囲拡大 |
| 日曜 | 3信号の再計測 | 感覚判断 |

模試の活用法で分析を24時間以内に固定し、立て直し2週間は分析→再挑戦→通しの順だけを回してください。",配分60％ルール,"3分野の正答率を並べ、下位2分野へ週の学習時間の60％を当てます。

| 分野 | 判断 | 週の配分 |
| --- | --- | --- |
| 最下位 | 再発最多 | +40％ |
| 2番目 | 時間超過多 | +20％ |
| 最上位 | 維持 | 最小限 |
| 横断 | 週1ミックス | 15問 |
| 更新 | 2週ごと | 1行メモ |

学習計画の立て方で週次枠を先に書き、本記事では下位2分野への振り分けだけを上書きしてください。",偶然正解の除外,"停滞期は「分かったつもり」が増えやすいため、根拠チェックを厳しくします。

| 状態 | 扱い | 演習 |
| --- | --- | --- |
| 根拠1行可 | 確定得点 | 月1確認 |
| 根拠不可 | 未確定 | 同型3問 |
| 再発 | 最優先 | 毎週 |
| 初見正解のみ | 保留 | 7日後 |

確定得点と未確定を分けると、模試点の見かけの改善と本番力の差が縮まります。",通し演習での検証,"立て直し後は、50問120分の通しで再現性を測ります。

| タイミング | 頻度 | 見る数値 |
| --- | --- | --- |
| 通常 | 月2回 | 総点・未着手 |
| 立て直し2週目 | 1回必須 | 2分超 |
| 8週前〜 | 月2回維持 | 再発率 |
| 直前2週 | 再発のみ | 争点メモ |

令和8年度は11月15日試験です。通し後24時間以内に3信号だけを更新し、次の2週間枠へ反映してください。",,,,,問題数を増やしても点数が伸びません。,再ミス率と2分超の問番号を先に確認してください。同じタグで再ミスが続く場合は量より間隔（3日・7日）と分類の見直しが効きます。2週間だけ新規教材を止め、誤答再挑戦と通し1回で数字が動くかを見るのが安全です。,得意分野ばかり勉強していました。,得意分野の維持は週の20％程度に抑え、下位2分野へ60％を移してください。正答率の数値で下位を決め、感覚で配分を変えないことが重要です。2週間ごとに通し結果で配分を1行だけ更新すれば、過剰な入れ替えも防げます。,past-questions-score-analysis:過去問の点数分析;mock-exam-how-to:模試の活用法;study-plan:学習計画の立て方,点数分析記事との使い分けは？,過去問の点数分析は、通し得点の記録と週次・月次の比較が中心です。本記事は、横ばい時の2週間立て直しと配分60％ルールが中心です。分析表で現状を把握したあと、本記事の手順で2週間だけ運用を固定する流れがおすすめです。,,,3信号で停滞を判定;2週間は新規教材停止;60％を下位2分野へ;偶然正解を除外;通しで再現性を測る
final-week-prep,直前・当日,賃貸不動産経営管理士試験の直前1週間の対策,賃貸不動産経営管理士試験の直前1週間対策を要項正本で整理。7日配分・持ち物・タイムライン・50問120分・令和8年度11月15日試験向けに表で解説します。,最終週は知識を増やすより、本番と同じ条件で再現できる手順を固定する週です。賃貸不動産経営管理士試験は50問・120分・3分野、令和8年度は2026年11月15日（日）13:00〜15:00です。本記事では一般財団法人 賃貸不動産経営管理士試験センター要項を正本として、7日の学習配分、確認リスト、当日タイムラインの仮運用、時間配分、睡眠の固定を表で説明します。試験日・持ち物は https://www.chintaikanrishi.jp/ の最新要項で必ず上書き確認してください。,70,直前対策;試験当日,賃管マスター編集部,資格学習サイトの編集チーム,公式情報確認担当,公開前に一次情報との照合を行う担当者,2026-06-04,賃貸不動産経営管理士協議会（公式）|https://www.chintaikanrishi.jp/,手書きリライト 2026-06-04。自動prose差し替え 2026-06-04（要手書き）。直前・当日向けテンプレートから作成。公開前に本文・参照URL・関連リンクを差し替える。,本記事を読むと、最終週にやる学習と当日準備の優先順位が明確になり、50問120分へ無理なく仕上げる行動計画を作れます。,要項で試験日・会場・持ち物を確認し最終週カレンダーに転記する;週前半に50問120分の通しを1回実施し失点原因を3分類で記録する;週後半に受験票・HB鉛筆・消しゴム・身分証を一式点検する;試験日から逆算し会場到着30分前の出発時刻を確定する;就寝・起床を本番週に合わせ前日は新規演習を止める,試験要項・公式ページ更新時に本文と参照元を見直す。,2026-06-04,2026-06-29,2026-06-04,published,2026-06-04: 編集合格（手書きリライト）,最終週7日の配分表,"最終週は範囲拡大ではなく、再発誤答の精度向上へ切り替えます。

| 日 | 学習 | 事務 |
| --- | --- | --- |
| 月〜火 | 弱点2分野の解き直し | — |
| 水 | 50問120分通し1回 | 失点記録 |
| 木 | 再発トップ10のみ | 持ち物リスト作成 |
| 金 | 争点メモ見返し | 会場経路確認 |
| 土 | 短問確認のみ | 受験票・身分証 |
| 日 | 新規なし | 睡眠リズム調整 |

日程・申込の記事で試験日11月15日と申込締切を先に転記し、本記事の7日表に学習枠だけを載せると重複が減ります。",学習と事務の確認リスト,"学習項目と事務項目を同じ表で管理すると漏れが減ります。

| 項目 | 確認 | 完了目安 |
| --- | --- | --- |
| 受験票 | 氏名・会場 | 金曜まで |
| 筆記具 | HB鉛筆・消しゴム | 前日 |
| 身分証 | 要項指定 | 前日 |
| 通し演習 | 50問120分 | 水曜 |
| 公式要項 | 持込禁止 | 木曜 |

受験料12,000円の支払控えも同じリストに入れておくと、当日の不安要因を前週で減らせます。",当日タイムラインの仮運用,"最終週のうちに、当日の行動を一度試します。

| 時刻目安 | 行動 | メモ |
| --- | --- | --- |
| 起床 | 本番と同じ | 前日から固定 |
| 出発 | 会場逆算 | 予備ルート |
| 到着 | 30分前 | 駅→会場 |
| 着席 | 冊子確認 | 不備は係員へ |
| 開始 | 13:00 | 解答順固定 |

試験前日チェックリストの記事と時刻表を共有し、最終週木曜までに到着目標を紙に書いてください。",50問120分の最終調整,"通し演習で、保留基準と見直し10分を最終確定します。

| 区間 | 目標 | 記録 |
| --- | --- | --- |
| 0〜30分 | 12〜15問 | 遅れ問番号 |
| 30〜90分 | 残り35問前後 | 2分超 |
| 90〜110分 | 未確定を処理 | 印の数 |
| 110〜120分 | マーク照合 | ずれ修正 |
| 演習後 | 再発3問 | 争点メモ |

時間配分の戦略の記事で中間目標を先に固定し、最終週の通し結果だけを1行更新してください。",睡眠とメンタルの固定,"最終週は情報収集より生活リズムを優先します。

| 日 | 睡眠 | 学習上限 |
| --- | --- | --- |
| 月〜水 | 本番時刻へ合わせる | 通し含む通常 |
| 木〜金 | 就寝を前倒し | 60分以内 |
| 土 | 軽い確認のみ | 30分 |
| 前日 | 早めに就寝 | 新規なし |
| 当日 | 朝食・移動 | 演習なし |

令和8年度は11月15日試験です。緊張を消すより、チェックリストへ戻れる手順を持つことが得点安定につながります。",,,,,最終週に新しい教材を増やしてもよいですか？,最終週は新教材より、既存の誤答と争点メモの解き直しを優先する方が安全です。新情報は確認範囲を広げ、前日の睡眠と持ち物確認を圧迫しやすくなります。弱点2分野に絞り、50問120分の手順固定に時間を使ってください。,通し演習は何回必要ですか？,最終週は通し1回で十分なことが多いです。複数回より、1回の記録（2分超・未着手・再発3問）を24時間以内に反映する方が効きます。残り日数は再発論点の短問確認と、当日タイムラインの仮運用に充ててください。,schedule-application:日程・申込;final-day-checklist:試験前日チェックリスト;time-limit-strategy:時間配分の戦略,直前1週間と前日チェック記事の違いは？,本記事は最終週全体の学習配分と通し・持ち物の前倒しが中心です。試験前日チェックリストは前日夜と当日朝の実行手順が中心です。最終週の表で枠を決め、前日記事で当日の細部を点検する順がおすすめです。試験日・持ち物は要項と公式サイトで上書き確認してください。,,,最終週は再発に絞る;水曜に通し50問;持ち物は金曜まで;到着30分前を固定;睡眠リズムを先に合わせる
final-day-checklist,直前・当日,賃貸不動産経営管理士試験の試験前日チェックリスト,賃貸不動産経営管理士試験の前日チェックを要項正本で整理。持ち物・当日朝の行動表・50問120分・令和8年度11月15日試験向けに表で解説します。,前日の目的は学習量ではなく、当日13:00開始までに判断エネルギーを解答へ残すことです。賃貸不動産経営管理士試験は50問・120分・3分野、令和8年度は2026年11月15日（日）13:00〜15:00です。本記事では一般財団法人 賃貸不動産経営管理士試験センター要項を正本として、前日の学習停止ライン、持ち物点検、当日朝の行動表、着席後の初動、トラブル初動を表で説明します。試験日・持ち物・会場は https://www.chintaikanrishi.jp/ の最新要項で必ず確認してください。,70,直前対策;試験当日,賃管マスター編集部,資格学習サイトの編集チーム,公式情報確認担当,公開前に一次情報との照合を行う担当者,2026-06-04,賃貸不動産経営管理士協議会（公式）|https://www.chintaikanrishi.jp/,手書きリライト 2026-06-04。自動prose差し替え 2026-06-04（要手書き）。直前・当日向けテンプレートから作成。公開前に本文・参照URL・関連リンクを差し替える。,本記事を読むと、前日と当日朝に何を確認すれば50問120分へ落ち着いて入れるかが具体化し、準備漏れを防げます。,前日夜に受験票・HB鉛筆・消しゴム・要項指定の身分証を机上で一式確認する;試験開始13:00から逆算し会場到着30分前の出発時刻を紙に書く;前日は新規演習を止め争点メモの見返しを60分以内に抑える;50問120分の解答順と終盤10分の見直し枠を再確認する;遅延時の予備ルートと試験センター問い合わせ先をメモに入れる,試験要項・公式ページ更新時に本文と参照元を見直す。,2026-06-04,2026-06-29,2026-06-04,published,2026-06-04: 編集合格（手書きリライト）,前日の学習停止ライン,"前日に範囲を広げると、睡眠と持ち物確認が後ろ倒しになります。

| 項目 | 前日の上限 | 理由 |
| --- | --- | --- |
| 新規演習 | なし | 焦点の分散 |
| 争点メモ | 60分 | 再発のみ |
| 通し50問 | なし | 疲労 |
| 公式確認 | 要項・お知らせ | 数値の更新 |
| 就寝 | 早め | 13:00開始 |

直前1週間の対策の記事で最終週の枠を先に決め、前日は本表の上限だけを守る運用に切り替えてください。",前夜の持ち物点検,"持ち物は前夜と当日朝の二段階で点検します。

| 品目 | 前夜 | 当日朝 |
| --- | --- | --- |
| 受験票 | 氏名・会場照合 | 再確認 |
| HB鉛筆 | 本体＋予備 | カバンへ |
| 消しゴム | 1個 | 同梱 |
| 身分証 | 要項指定 | 取り出しやすい位置 |
| 時刻メモ | 出発・到着 | 携行 |

日程・申込の記事で試験日と会場の確認先を押さえ、要項の持込禁止品も同じ紙に併記すると当日の迷いが減ります。",当日朝の行動表,"起床から着席までを時刻で固定すると緊張が下がります。

| 目安 | 行動 | 備考 |
| --- | --- | --- |
| 3時間前 | 起床・朝食 | 本番週と同じ |
| 90分前 | 出発 | 予備ルート決定済み |
| 45分前 | 会場周辺到着 | トイレ・水分 |
| 30分前 | 着席 | 冊子・解答用紙確認 |
| 13:00 | 開始 | 解答順どおり |

試験当日の流れの記事と時刻表を揃えると、会場到着後の初動がぶれにくくなります。",着席後の初動と配分,"開始直後の手順を固定すると、120分の取りこぼしが減ります。

| タイミング | 作業 | 目標 |
| --- | --- | --- |
| 着席直後 | 冊子・用紙の不備確認 | 係員へ早めに申告 |
| 0〜30分 | 解きやすい群を先行 | 12〜15問 |
| 30分時点 | 進捗確認 | 遅れ補正 |
| 2分超 | 印を付けて先へ | 未確定は後回し |
| 110〜120分 | マーク照合 | 10問単位 |

時間配分の戦略と見切り基準を共有し、前日に解答順だけを紙に書いておくと当日の判断が速くなります。",トラブル時の初動手順,"想定外は手順で戻すと、得点行動へ復帰しやすくなります。

| 事象 | 初動 | 避けること |
| --- | --- | --- |
| 遅延 | 予備ルート・連絡先 | 内容の思い出し |
| 体調 | 係員へ申告 | 無理な完走 |
| 冊子不備 | 開始前に申告 | 自己判断で進行 |
| マークずれ | 10問ごと照合 | 終盤だけの修正 |
| 緊張 | 呼吸4秒×3 | 難問への固執 |

令和8年度は11月15日試験です。全問完璧より失点最小化の意識で、確実に取れる問題へ戻ることが重要です。",,,,,前日に通し演習をすべきですか？,前日の通し50問は疲労が残りやすく、おすすめしません。争点メモの見返しを60分以内に抑え、睡眠と持ち物・時刻表の確認に時間を回してください。配分の最終確認は、解答順と見直し10分を紙に書く程度で十分です。,忘れがちな持ち物は何ですか？,受験票、HB鉛筆の予備、消しゴム、要項で指定される身分証、出発・到着時刻を書いたメモが取りこぼしやすいです。前夜に机上で並べて確認し、当日朝はチェックだけにすると漏れを防げます。要項の持込禁止品も前夜に同じリストへ併記しておくと安心です。,schedule-application:日程・申込;final-week-prep:直前1週間の対策;exam-day-flow:試験当日の流れ,直前1週間記事と前日記事の使い分けは？,直前1週間の対策は最終週の学習配分と通し・持ち物の前倒しが中心です。本記事は前日夜と当日朝の実行チェックが中心です。最終週の計画を終えたあと、前日は本記事の表だけを上から実行する流れが安全です。試験日・会場・持ち物は要項と公式サイトで必ず最新情報を確認してください。,,,前日は新規演習なし;持ち物は二段階点検;到着30分前を目標;2分で印・先へ進む;トラブルは手順で戻る
final-scope-narrowing,直前・当日,賃貸不動産経営管理士試験の直前の範囲絞り込み,賃貸不動産経営管理士試験の直前範囲絞り込みを要項正本で整理。3分野の優先付け、再発誤答15語、50問120分・令和8年度11月15日試験向けに表で解説します。,直前1〜2週間は「範囲を増やす」より「失点を減らす」発想に切り替える時期です。賃貸不動産経営管理士試験は50問・120分・3分野、令和8年度は2026年11月15日（日）13:00〜15:00です。本記事では一般財団法人 賃貸不動産経営管理士試験センター要項を正本として、再発誤答の抽出、3分野別の優先付け、削る作業の判断、通し演習との接続を表で説明します。出題範囲の改定は https://www.chintaikanrishi.jp/ の要項で必ず上書き確認してください。,70,直前対策;試験当日,賃管マスター編集部,資格学習サイトの編集チーム,公式情報確認担当,公開前に一次情報との照合を行う担当者,2026-06-04,賃貸不動産経営管理士協議会（公式）|https://www.chintaikanrishi.jp/,手書きリライト 2026-06-04。自動prose差し替え 2026-06-04（要手書き）。直前・当日向けテンプレートから作成。公開前に本文・参照URL・関連リンクを差し替える。,本記事を読むと、直前1〜2週間で何を残し何を捨てるべきかが明確になり、新規論点に手を広げずに得点源を固める復習計画を具体化できます。,要項で最新の試験日・開始時刻・持参要件を確認する;3分野の直近3回演習の誤答を集計し最優先論点を15個に絞る;50問120分の通しを1回実施し見直し15分の配分を固定する;新規教材の追加を止め誤答ノートと争点メモに限定する;前日までに持ち物と会場ルートを紙とスマホの両方で確認する,試験要項・公式ページ更新時に本文と参照元を見直す。,2026-06-04,2026-06-29,2026-06-04,published,2026-06-04: 編集合格（手書きリライト）,直前2週間の原則（追加より削除）,"直前期の失敗パターンは、不安から教材を増やし判断手順が崩れることです。

| 優先する作業 | 削る・後回しにする作業 |
| --- | --- | --- |
| 再発誤答の解き直し | 未着手の新規テキスト |
| 争点メモの見返し | 細部条文の初読 |
| 50問120分の通し1回 | 分野横断の広範囲インプット |
| 受験票・会場の確認 | 非公式まとめの追記 |
| 睡眠リズムの固定 | 深夜の長時間演習 |

直前対策と試験当日の進め方の記事で全体像を押さえ、本記事は「何を削るか」の判定表として使うと迷いが減ります。",再発誤答の抽出と15語ルール,"絞り込みの起点は、自分の誤答ログです。頻出リストだけでは再発語が漏れます。

| 手順 | 内容 | 記録 |
| --- | --- | --- |
| 1 | 直近3回演習を集計 | 誤答数 |
| 2 | 再発語にタグ | 分野 |
| 3 | Aを15語に制限 | 語名＋争点 |
| 4 | B・Cを整理 | 削除候補 |
| 5 | 翌週枠へ配置 | 月火水 |

用語の重要度の見方の二軸表と語リストを共有すると、15語を超えそうなときに数字語だけ別カードへ逃がせます。",3分野別の優先付け,"分野ごとに失点の波及が異なるため、Aの語数配分も変えます。

| 分野 | 直前の中心 | 週の目安 |
| --- | --- | --- |
| 法令・制度 | 義務の主体 | 5語 |
| 契約・実務 | 手続時点 | 5語 |
| 設備・税務 | 数値・期限 | 5語 |
| 調整 | 再発トップ | +2語まで |

1分野だけAが偏ると総合点が伸びにくいため、週次で最弱分野に+2語まで配分を寄せるルールが有効です。",通し演習との接続,"絞り込みは通し演習なしでは本番再現になりません。

| 残り | 通し | 絞り込み |
| --- | --- | --- |
| 2週 | 50問120分×1回 | 再発15語 |
| 10日 | 解き直し中心 | 争点メモ |
| 5日 | 短時間確認 | 新規なし |
| 前日 | 持ち物・会場 | 演習なし |

通し後は必ず誤答を争点3語で記録し、翌日から15語リストの入れ替えだけ行うと負荷を抑えられます。",直前1週間の最終圧縮,"試験1週間前は、15語を10語にさらに圧縮します。

| 残り | Aの語数 | 演習 |
| --- | --- | --- |
| 7日 | 10語 | 解き直し |
| 3日 | 争点メモ | 短問確認 |
| 前日 | 5語 | 新規追加なし |
| 当日朝 | 要点1枚 | 長時間演習なし |

令和8年度は11月15日試験です。直前1か月は新語の追加を止め、再発率が高い語だけを反復してください。",,,,,直前1週間で新しい問題集を買ってもよいですか？,原則としては避け、既習範囲の解き直しと50問通しに集中する方が得点が安定しやすいです。どうしても補強する場合は、1分野・1テーマに限定し、演習は10問以内で完了させてください。新規インプットと本番形式の練習が同週に重なると、睡眠と判断力の両方が落ちるおそれがあります。,絞り込みと重要用語リストの使い分けは？,重要用語リストは初回の語選定と3分野の骨格語が中心です。本記事は、演習結果に応じて直前2週間で入れ替える判定基準が中心です。先にリストを作り、本記事の15語ルールで直前に圧縮する流れが効率的です。出題範囲の変更は要項で必ず再確認してください。,last-minute-guide:直前対策と試験当日の進め方;terms-importance-levels:用語の重要度の見方;study-plan:学習計画の立て方,独学での直前絞り込みはどう進めますか？,独学では、論点整理と時間管理を分離して回すのが効果的です。平日は3分野の弱点を30分ずつ確認し、週末は50問120分を本番同様に解いて、失点原因を知識不足・読み違い・時間不足に分類してください。学習計画の立て方の記事で週次枠を先に決め、本記事で直前2週間だけ圧縮すると安定します。,,,直前は追加より削除;再発誤答15語上限;3分野に均等配分;通しで配分を検証;前日は新規学習なし
final-sleep-and-health,直前・当日,賃貸不動産経営管理士試験の直前の睡眠と健康管理,賃貸不動産経営管理士試験の直前睡眠・体調管理を要項正本で整理。就寝リズム、学習負荷、50問120分・令和8年度11月15日試験向けに表で解説します。,直前1〜2週間は、学習量より覚醒の質を優先します。賃貸不動産経営管理士試験は50問・120分・3分野、令和8年度は2026年11月15日（日）13:00〜15:00です。本記事では一般財団法人 賃貸不動産経営管理士試験センター要項を正本として、就寝・起床の固定、学習ブロックの配分、体調不良時の代替メニュー、当日の生活設計を表で説明します。会場・集合案内は https://www.chintaikanrishi.jp/ の要項と受験票で必ず確認してください。,70,直前対策;試験当日,賃管マスター編集部,資格学習サイトの編集チーム,公式情報確認担当,公開前に一次情報との照合を行う担当者,2026-06-04,賃貸不動産経営管理士協議会（公式）|https://www.chintaikanrishi.jp/,手書きリライト 2026-06-04。自動prose差し替え 2026-06-04（要手書き）。直前・当日向けテンプレートから作成。公開前に本文・参照URL・関連リンクを差し替える。,本記事を読むと、直前1〜2週間で睡眠リズムと学習負荷をどう調整すればよいかが分かり、当日に集中力を切らさないための具体的な行動基準を作れます。,試験日の起床時刻から逆算して就寝時刻を固定し1週間以上継続する;3分野の復習は1日2〜3ブロックに分け深夜学習を避ける;50問120分の演習を日中の同じ時間帯で実施し体内リズムを合わせる;要項と受験票で会場・集合目安を確認し前日移動を最適化する;体調不良時の最低ライン学習メニューを作り完全停止を防ぐ,試験要項・公式ページ更新時に本文と参照元を見直す。,2026-06-04,2026-06-29,2026-06-04,published,2026-06-04: 編集合格（手書きリライト）,直前2週間の睡眠優先の理由,"50問120分は後半の集中力低下が得点差を生みます。

| 状態 | 本番への影響 | 直前の対策 |
| --- | --- | --- |
| 睡眠不足 | 読解速度低下 | 就寝時刻固定 |
| 深夜学習 | 翌日の失速 | 日中ブロック化 |
| カフェイン過多 | 終盤の乱れ | 14時以降は控える |
| 不規則な食事 | 血糖変動 | 時間を固定 |
| 不安の夜更かし | 判断の鈍化 | 争点メモのみ |

夜更かしで勉強時間を増やすより、起床時刻を固定して日中に3分野を回す方が結果的に安定します。",就寝・起床の逆算表,"試験日13:00開始を基準に、2週間前から生活リズムを合わせます。

| 項目 | 目安 | 記録 |
| --- | --- | --- |
| 起床 | 試験日と同時刻 | 7日連続 |
| 就寝 | 起床の7〜8時間前 | 就寝時刻 |
| 学習開始 | 起床90分後 | 分野タグ |
| 最終学習 | 就寝3時間前まで | 内容 |
| 前日 | 争点メモのみ | 演習なし |

直前の範囲絞り込みの記事で学習量を先に圧縮すると、睡眠を削らずに復習枠を確保しやすくなります。",学習負荷の1日2〜3ブロック,"直前は長時間一括より短いブロックの方が集中を維持できます。

| ブロック | 時間 | 内容 |
| --- | --- | --- |
| 午前 | 30〜45分 | 再発語・争点 |
| 午後 | 30〜45分 | 解き直し5問 |
| 夕方 | 任意30分 | 数値早見 |
| 週末 | 120分 | 50問通し（1回） |
| 深夜 | なし | 新規インプット禁止 |

体調不良の日は午前ブロックだけを「争点3語の確認」に切り替え、完全停止を避ける最低ラインを決めておきます。",13:00開始に合わせた演習,"通し演習は可能な限り13:00に近い時間帯で行います。

| 週 | 演習 | 記録 |
| --- | --- | --- |
| 2週前 | 50問120分×1 | 分野別正答 |
| 10日 | 解き直し | 再発の有無 |
| 5日 | 短問10問 | 時間のみ |
| 前日 | なし | 睡眠優先 |
| 当日 | 本番 | 配分再現 |

演習後に「集中度」と「体調」を1行記録すると、本番で最も判断しやすい時間帯が把握できます。",体調不良・当日の立て直し,"想定外の体調変化にも、手順を先に決めておきます。

| 場面 | 最低ライン | 避けること |
| --- | --- | --- |
| 軽い不調 | 争点メモ10分 | 深夜演習 |
| 睡眠不足 | 再発語5語 | 新規範囲 |
| 当日朝 | 持ち物確認 | 長時間暗記 |
| 会場で緊張 | 呼吸3回 | 難問から着手 |
| 係員への相談 | 体調・冊子不備 | 自己判断の長引き |

令和8年度は11月15日試験です。試験当日の流れの記事と併用し、生活リズムと行動順を同じ紙にまとめると再現しやすくなります。",,,,,直前に夜更かしで勉強量を増やしてもよいですか？,推奨できません。120分の後半は集中力が得点を左右するため、就寝を遅らせて得た30分より、7〜8時間の睡眠で得られる判断速度の方が本番向きです。どうしても復習する場合は、就寝3時間前までに15分の争点確認だけに留めてください。学習量より覚醒の質を優先するのが直前期の基本です。,体調不良の日は学習を休んでもよいですか？,完全停止より、最低ラインの短時間確認の方が再開時の失速を防ぎやすいです。再発語5語だけ見返す、争点メモを10分読むなど、前日と同じ起床時刻を維持する範囲で設計してください。発熱など明らかな体調不良の日は休息を優先し、回復後に解き直し枠を1日追加する方が安全です。,final-scope-narrowing:直前の範囲絞り込み;exam-day-flow:試験当日の流れ;study-plan:学習計画の立て方,睡眠管理と範囲絞り込みはどちらを先に決めますか？,先に範囲絞り込みで学習量の上限を決め、その枠内で睡眠リズムを固定する順が現実的です。量の上限がないまま睡眠計画だけ立てると、結局夜更かしで枠を超えやすくなります。直前の範囲絞り込みの15語ルールと本記事の就寝時刻を同じカレンダーに書くと運用が軽くなります。,,,直前は睡眠を最優先;就寝・起床を2週間固定;学習は2〜3ブロック;通しは13:00前後;体調不良は最低ライン
final-mock-last-run,直前・当日,賃貸不動産経営管理士試験の直前模試の受け方,賃貸不動産経営管理士試験の直前模試最終運用を要項正本で整理。50問120分の実施手順、分析、3分野反映・令和8年度向けに表で解説します。,直前模試は回数より1回の質が重要です。賃貸不動産経営管理士試験は50問・120分・3分野、令和8年度は2026年11月15日（日）13:00〜15:00です。本記事では一般財団法人 賃貸不動産経営管理士試験センター要項を正本として、最終模試の準備、本番同条件での実施、24時間以内の分析、残り1週間への反映を表で説明します。試験形式の変更は https://www.chintaikanrishi.jp/ の要項で必ず確認してください。,70,直前対策;試験当日,賃管マスター編集部,資格学習サイトの編集チーム,公式情報確認担当,公開前に一次情報との照合を行う担当者,2026-06-04,賃貸不動産経営管理士協議会（公式）|https://www.chintaikanrishi.jp/,手書きリライト 2026-06-04。自動prose差し替え 2026-06-04（要手書き）。直前・当日向けテンプレートから作成。公開前に本文・参照URL・関連リンクを差し替える。,本記事を読むと、直前模試を最後にどう実施し、結果を3分野の復習へ反映すれば本番50問120分で安定した解答運用を再現できるかが分かります。,試験1〜2週間前に本番形式で50問120分の最終模試を1回実施する;分野別正答率と2分超の問番号を記録して弱点2分野を確定する;模試翌日から新教材を止め誤答論点と争点メモの復習に絞る;前日までに受験票と会場導線と当日タイムラインを点検する;本番は模試で決めた保留基準と見直し10分ルールをそのまま使う,試験要項・公式ページ更新時に本文と参照元を見直す。,2026-06-04,2026-06-29,2026-06-04,published,2026-06-04: 編集合格（手書きリライト）,最終模試の位置づけ（1回・本番同条件）,"直前1〜2週間は、模試を増やすより最終1回を本番同条件にします。

| 条件 | 本番 | 最終模試 |
| --- | --- | --- |
| 問題数 | 50問 | 50問 |
| 時間 | 120分 | 120分 |
| 解答 | マークシート | 同等条件 |
| 開始 | 13:00 | 13:00前後 |
| 机上 | 受験票・筆記具 | 同構成 |

模試の活用法の記事で分析の3分類を先に決めると、本記事の24時間以内の振り返りが迷わず進みます。",実施前チェック（配分表を紙1枚に）,"開始直前に声に出して確認できるルールを紙に書きます。

| 項目 | 記入例 | 確認 |
| --- | --- | --- |
| 保留基準 | 2分超で印 | 秒数 |
| 中間 | 60分で25問 | 問番号 |
| 見直し | 終了10分前 | 分 |
| 解答順 | 易問から | 分野 |
| 持ち物 | 要項どおり | 前日 |

時間配分の戦略の記事で中間チェックポイントを決め、本記事の最終模試で一度通し、本番は同じ紙を机上に置きます。",24時間以内の分析,"模試翌日の分析が、残り1週間の設計を決めます。

| 記録列 | 記入 | 翌週の使い道 |
| --- | --- | --- |
| 分野別正答 | ％ | 弱点2分野 |
| 2分超 | 問番号 | 保留練習 |
| 誤答分類 | 知識・読解・時間 | 復習枠 |
| 未解答 | 数 | 配分修正 |
| 改善 | 3項目まで | 固定 |

過去問の効果的な使い方の誤答記録形式と揃えると、模試後の解き直しが翌日から始められます。",残り1週間への反映,"模試後は新教材を止め、分析表の改善3項目だけを実行します。

| 残り | 学習 | 演習 |
| --- | --- | --- |
| 7日 | 弱点2分野 | 解き直し20問 |
| 5日 | 争点メモ | 短問10問 |
| 3日 | 数値早見 | 確認のみ |
| 前日 | 持ち物・会場 | 新規なし |
| 当日 | 配分再現 | 本番 |

点数が想定より低くても、改善3項目を固定実行できれば本番の再現性は上がります。総得点より手順の遵守を優先してください。",本番への引き継ぎ（保留と見直し）,"最終模試で決めたルールを本番で変えないことが要点です。

| 場面 | 模試で決めたルール | 本番 |
| --- | --- | --- |
| 長文 | 争点3行 | 同じ |
| 数字 | 単位・期限に下線 | 同じ |
| 保留 | 2分で印 | 同じ |
| 見直し | 終了10分前 | 同じ |
| 終了 | 空欄確認 | 同じ |

令和8年度は11月15日試験です。直前1週間は模試の追加より、決めたルールの反復確認に時間を使ってください。",,,,,直前模試は何回受けるべきですか？,直前1〜2週間は、本番同条件の50問120分を1回十分に分析する方が効果的です。回数を増やすと分析と睡眠が削られ、改善項目が定着しにくくなります。それ以前の月次模試は模試の活用法の記事どおり運用し、直前は最終1回に絞って配分と保留基準を確定してください。,外部模試がなくても最終運用はできますか？,可能です。重要なのは外部模試の有無ではなく、50問120分を守り、分野別正答率と2分超の問番号を記録して翌週の復習へ反映することです。過去問または問題集の50問を本番同条件で解き、24時間以内に誤答を3分類すれば、外部模試と同じ分析ができます。,mock-exam-how-to:模試の活用法;time-limit-strategy:時間配分の戦略;past-questions-how-to-use:過去問の効果的な使い方,模試後に新しい教材を増やしてもよいですか？,最終模試後は新教材より、模試で外した論点の復習を優先するのが安全です。情報を増やすほど直前期の確認項目が増え、当日の判断がぶれやすくなります。誤答理由を短文で整理し、同種問題の再演習に時間を使う方が本番の再現性を高められます。,,,最終模試は1回・本番同条件;配分表を紙1枚に固定;24時間以内に分析;改善は3項目まで;本番はルールを変えない
exam-day-items,直前・当日,賃貸不動産経営管理士試験当日の持ち物,賃貸不動産経営管理士試験当日の持ち物を要項正本で整理。前日チェックリスト、HB鉛筆・受験票・身分証、令和8年度11月15日試験向けに表で解説します。,持ち物の確認漏れは、当日の集中力を削る典型的な失点要因です。賃貸不動産経営管理士試験は50問・120分・3分野、令和8年度は2026年11月15日（日）13:00〜15:00です。本記事では一般財団法人 賃貸不動産経営管理士試験センター要項を正本として、持参物の一覧、前日・当日朝の二段チェック、忘れやすい項目、トラブル時の対処を表で説明します。持込可否・身分証の種類は https://www.chintaikanrishi.jp/ の最新要項と受験票で必ず確認してください。,70,直前対策;試験当日,賃管マスター編集部,資格学習サイトの編集チーム,公式情報確認担当,公開前に一次情報との照合を行う担当者,2026-06-04,賃貸不動産経営管理士協議会（公式）|https://www.chintaikanrishi.jp/,手書きリライト 2026-06-04。自動prose差し替え 2026-06-04（要手書き）。直前・当日向けテンプレートから作成。公開前に本文・参照URL・関連リンクを差し替える。,本記事を読むと、当日に何を持参し、前日と当日朝にどう点検すれば初受験でも落ち着いて会場入りできるかが具体化します。,要項で持込可否と注意事項を最新年度版で確認する;前日夜に受験票・筆記具・身分証をカバンへ入れチェックを完了する;HB鉛筆2本以上と消しゴムを予備含めて用意する;試験開始13:00から逆算して到着目標時刻を紙に書く;遅延時の連絡先と予備ルートを当日メモにまとめる,試験要項・公式ページ更新時に本文と参照元を見直す。,2026-06-04,2026-06-29,2026-06-04,published,2026-06-04: 編集合格（手書きリライト）,要項が正本（持込可否の確認順）,"持ち物の正本は、試験センター令和8年度受験要項と受験票です。

| 確認順 | 参照 | 記録 |
| --- | --- | --- |
| 1 | 要項「持ち物・注意事項」 | 確認日 |
| 2 | 受験票の注意書き | 氏名・番号 |
| 3 | 公式お知らせ | 差分 |
| 4 | 前日チェック | 完了印 |
| 5 | 当日朝 | 再確認のみ |

日程・申込の確認手順の記事で試験日・受験料12,000円など年度数字を先に転記し、本記事は当日持参物の二段チェックに集中すると重複が減ります。",基本持ち物一覧（執筆時点の整理）,"下表はチェック用の整理です。申込直前に要項で上書き確認してください。

| 区分 | 項目 | 備考 |
| --- | --- | --- |
| 必須 | 受験票 | 印刷状態を確認 |
| 必須 | 本人確認書類 | 要項記載の種類 |
| 必須 | HB鉛筆 | 2本以上 |
| 必須 | 消しゴム | 予備推奨 |
| 要項確認 | 腕時計 | 可否は年度要項 |

会場・受験地の正式名称は受験票で確定します。受験地・会場の確認手順の記事と併用し、前週までに住所と最寄り駅を転記してください。",前日・当日朝の二段チェック,"判断を前日までに終え、当日朝は機械的確認だけにします。

| タイミング | 作業 | 成果物 |
| --- | --- | --- |
| 1週間前 | 要項・受験票 | 持物リスト |
| 前日 | 一式をカバンへ | 完了印 |
| 前日 | 経路・到着時刻 | タイムライン |
| 当日朝 | リスト照合 | 追加判断なし |
| 出発前 | 交通情報 | 予備ルート |

机に置く物を最小化すると、着席後の認知負荷が下がり、13:00開始直後から解答に入りやすくなります。",忘れやすい項目,"受験票と身分証以外で漏れやすいものを先にリスト化します。

| 項目 | なぜ忘れるか | 対策 |
| --- | --- | --- |
| 予備鉛筆 | 1本だけ用意 | 2本以上を同じ袋 |
| 消しゴム | 小さく紛失 | 予備を別ポケット |
| 到着目標時刻 | 開始13:00だけ意識 | 逆算メモ |
| 経路メモ | スマホ依存 | 紙1枚を同封 |
| 受験票の折り方 | 当日慌てる | 前日に固定 |

試験当日の流れの記事で起床から着席までの時刻表と一緒に管理すると、持ち物確認と移動計画が一本化されます。",トラブル時の対処,"持ち物トラブルは、自己判断を長引かせず係員へ相談します。

| 場面 | 対処 | 避けること |
| --- | --- | --- |
| 受験票忘れ | 要項の連絡先へ | 自己判断で諦める |
| 筆記具不良 | 予備へ交換 | 開始後の借り |
| 身分証不一致 | 係員へ確認 | 氏名の自己修正 |
| 交通遅延 | 予備ルート | 到着後の走行 |
| 体調急変 | 係員へ申出 | 無理な継続 |

令和8年度は11月15日試験です。持ち物は前日までに完了させ、当日は確認だけに留める運用が最も安全です。",,,,,腕時計は持ち込めますか？,可否は受験年度の要項と受験票の注意事項が正本です。執筆時点の公表では持込条件が年度ごとに異なるため、申込後に要項の「持ち物・禁止物品」を開き、該当行をメモに転記してください。使える場合も、音声・通信機能付き端末とは区分して確認する必要があります。,持ち物チェックはいつまでに済ませるべきですか？,前日までにカバンへ一式を入れ、当日朝はリスト照合だけにするのが推奨です。当日朝に新たな判断を増やすと、出発直前の焦りが集中力を削ります。試験2週間前に要項で持込条件を確認し、受験票到着後に最終リストを更新してください。,schedule-application:日程・申込の確認手順;exam-venue-and-region:受験地・会場の確認手順;exam-day-flow:試験当日の流れ,持ち物の記事と当日の流れの記事の違いは？,本記事は、要項に基づく持参物と前日・当日朝の点検手順が中心です。試験当日の流れの記事は、起床から解答終了までの時系列行動が中心です。先に本記事で持ち物を固定し、流れの記事で時刻表に組み込む順が初受験向きです。,,,要項と受験票が正本;前日に一式をカバンへ;HB鉛筆は2本以上;当日朝は確認のみ;トラブルは係員へ
exam-day-flow,直前・当日,賃貸不動産経営管理士試験当日の流れ,賃貸不動産経営管理士試験当日の行動フローを要項正本で整理。会場到着から解答終了まで、50問120分・令和8年度11月15日試験向けに表で解説します。,当日は「何時に何をするか」を前もって固定しておくと、初受験でも迷いが減ります。賃貸不動産経営管理士試験は50問・120分・3分野、令和8年度は2026年11月15日（日）13:00〜15:00です。本記事では一般財団法人 賃貸不動産経営管理士試験センター要項を正本として、前日から当日のタイムライン、受付から着席、解答中の保留と見直し、トラブル時の復帰手順を表で説明します。開場・受付時刻は https://www.chintaikanrishi.jp/ の要項と受験票で必ず確認してください。,70,直前対策;試験当日,賃管マスター編集部,資格学習サイトの編集チーム,公式情報確認担当,公開前に一次情報との照合を行う担当者,2026-06-04,賃貸不動産経営管理士協議会（公式）|https://www.chintaikanrishi.jp/,手書きリライト 2026-06-04。自動prose差し替え 2026-06-04（要手書き）。直前・当日向けテンプレートから作成。公開前に本文・参照URL・関連リンクを差し替える。,本記事を読むと、当日に何時に何をするかが明確になり、初受験でも受付・着席・解答の流れを迷わず再現できます。,前週に会場最寄り駅までの移動時間を実測して出発時刻を確定する;前日夜に持ち物を固定し当日朝は確認だけにする;開始30分前着席を基準にしたタイムラインを紙に書く;解答中は2分以上迷う設問を保留して後半へ回す;最終10分で解答欄の未記入と転記ミスを重点確認する,試験要項・公式ページ更新時に本文と参照元を見直す。,2026-06-04,2026-06-29,2026-06-04,published,2026-06-04: 編集合格（手書きリライト）,前日までに終える準備,"当日の判断は前日までに終え、当日は実行だけにします。

| 期限 | 作業 | 記録 |
| --- | --- | --- |
| 2週間前 | 会場ルート実測 | 所要時間 |
| 1週間前 | 受験票転記 | 住所・番号 |
| 前日 | 持ち物一式 | 完了印 |
| 前日 | タイムライン | 時刻表 |
| 前日 | 争点メモ | 新規なし |

試験当日の持ち物の記事で前日チェックを済ませ、本記事の時刻表に到着目標だけを追記すると準備が一本化されます。",当日のタイムライン（例）,"下表は調整用です。開場・受付は要項と受験票が正本です。

| 時刻目安 | 行動 | 確認 |
| --- | --- | --- |
| 起床 | 体調・軽食 | 争点メモのみ |
| 出発 | 交通情報 | 予備ルート |
| 到着90分前 | 会場周辺 | 受験票 |
| 開始30分前 | 着席・筆記具 | 氏名・番号 |
| 13:00 | 解答開始 | 配分表 |

受験地・会場の確認手順の記事で申込都市と受験票の会場名の差分も前週までに確認しておくと、当日の動揺を防げます。",解答開始から60分まで,"序盤30分で全体を把握し、易問から処理します。

| フェーズ | 目安 | 運用 |
| --- | --- | --- |
| 0〜10分 | 全体確認 | 難易度把握 |
| 10〜30分 | 易問優先 | 得点積み上げ |
| 30分時点 | 進捗確認 | 25問前後 |
| 保留 | 2分超 | 印だけ付ける |
| 60分時点 | 中間確認 | 遅れ補正 |

時間配分の戦略の記事で中間チェックポイントを決め、当日は同じ問数目標だけを腕時計または会場時計で確認します。",60分以降と見直し10分,"後半は保留問題と見直しに時間を確保します。

| フェーズ | 目安 | 運用 |
| --- | --- | --- |
| 60〜90分 | 保留へ再挑戦 | 2分で決める |
| 90〜110分 | 未解答処理 | 空欄を残さない |
| 110〜120分 | 見直し | マーク・空欄 |
| 長文 | 争点3行 | 主体・時点 |
| 数字 | 単位確認 | 取り違え防止 |

直前模試の受け方で決めた保留基準と見直し10分ルールをそのまま使うと、当日に新しい判断を増やさず済みます。",トラブルとメンタルの復帰手順,"想定外が起きても、手順に戻ることが得点維持の鍵です。

| 場面 | 復帰手順 | 避けること |
| --- | --- | --- |
| 緊張 | 呼吸3回 | 難問から着手 |
| 時間遅れ | 保留へ切替 | 1問に固執 |
| 冊子不備 | 係員へ申出 | 自己判断 |
| 体調 | 係員へ相談 | 無理な継続 |
| 焦り | 次の5問を決める | 順序の大乱 |

令和8年度は11月15日試験です。完璧より「取れる設問を落とさない」姿勢が、当日フローの最終原則です。",,,,,試験当日は何時に会場へ向かえばよいですか？,開始は13:00ですが、開場・受付時刻は要項と受験票が正本です。交通遅延を見込み、余裕を持った到着時刻を前日タイムラインに書き込みます。会場名・住所は受験票の表記が正で、申込時に選んだ都市と異なる場合があるため、前週までに最寄り駅から会場までの所要時間を実測してください。,当日朝に演習をしてもよいですか？,長時間演習は避け、争点メモの10分確認程度に留めるのが無難です。新規問題に取り組むと、開始直後のペース感が本番とずれることがあります。前日までに50問120分の配分表を固定し、当日は生活リズムと持ち物確認に集中してください。,exam-day-items:試験当日の持ち物;exam-venue-and-region:受験地・会場の確認手順;time-limit-strategy:時間配分の戦略,当日の流れと持ち物の記事はどちらを先に読みますか？,先に持ち物の記事で要項に基づく持参物と前日チェックを済ませ、本記事で起床から解答終了までの時刻表に組み込む順がおすすめです。2週間前に両方の表を1枚にまとめ、直前1週間は更新せず実行だけにすると安定します。,,,前日までに判断を終える;30分前着席を目安;2分超は保留;見直し10分を確保;トラブルは係員へ
exam-day-time-allocation,直前・当日,賃貸不動産経営管理士試験当日の時間配分（50問120分）,賃貸不動産経営管理士試験当日の時間配分を要項正本で整理。2分保留・30分チェック・最終10分見直しを50問120分・令和8年度11月15日試験向けに表で解説します。,本番の時間切れは、知識不足だけでなく「配分の型が再現できていない」ことが多いです。賃貸不動産経営管理士試験は50問・120分・3分野、令和8年度は2026年11月15日（日）13:00〜15:00です。本記事では一般財団法人 賃貸不動産経営管理士試験センター要項を正本として、直前1〜2週間の計測演習、当日の中間チェック、見切りと見直し10分の固定ルールを表で説明します。試験時間・問題数の変更は https://www.chintaikanrishi.jp/ の要項で必ず上書き確認してください。,70,直前対策;試験当日,賃管マスター編集部,資格学習サイトの編集チーム,公式情報確認担当,公開前に一次情報との照合を行う担当者,2026-06-04,賃貸不動産経営管理士協議会（公式）|https://www.chintaikanrishi.jp/,手書きリライト 2026-06-04。自動prose差し替え 2026-06-04（要手書き）。直前・当日向けテンプレートから作成。公開前に本文・参照URL・関連リンクを差し替える。,本記事を読むと、50問120分で時間切れしにくい解答ペースの作り方と、直前1〜2週間に何を計測演習で固めるべきかを数値で管理できる手順が分かります。,要項で50問120分の条件を確認してから通し演習を2回計測する;30分・60分時点の到達問数を紙1枚に固定する;2分超の問番号と保留ルールを演習で再現できるまで練習する;最終10分を見直し専用にし未記入・転記ずれを点検する;直前週は新規教材を止め時間計測付き演習に集中する,試験要項・公式ページ更新時に本文と参照元を見直す。,2026-06-04,2026-06-29,2026-06-04,published,2026-06-04: 編集合格（手書きリライト）,直前1〜2週間の絞り込み,"直前1〜2週間は、範囲追加より配分の再現性を上げる段階です。

| 優先 | やめること | 入れること |
| --- | --- | --- |
| 最優先 | 新規テキストの大量インプット | 50問120分の通し計測 |
| 高 | 分野の網羅 | 誤答の解き直し |
| 中 | 細かい用語追加 | 2分超の問番号記録 |
| 低 | 模試の乱発 | 月2回までの通し |
| 記録 | — | 分野別の詰まり箇所 |

時間を計った演習の記事で段階導入を決め、本記事では当日ルールが演習で守れるかだけを週2回検証してください。",最終確認リスト（時間ルール）,"持ち物リストとは別紙で、時間ルールを行動文で書きます。

| 項目 | 行動文の例 | 確認タイミング |
| --- | --- | --- |
| 開始直後 | 問題冊子を1周し易問を印す | 0〜5分 |
| 30分時点 | 12〜15問到達を確認 | 30分 |
| 2分超 | 印を付け次へ進む | 解答中 |
| 60分時点 | 25問前後を目安 | 60分 |
| 終了10分前 | 見直しのみ | 110分〜 |

試験当日の流れの記事で会場到着から着席までの時刻を固定し、本記事のルールは机上に置く1枚にまとめてください。",当日のタイムライン（解答工程）,"時刻と解答工程を対応させると、中盤の失速に気づきやすくなります。

| 時刻目安 | 工程 | 到達問数の目安 |
| --- | --- | --- |
| 0〜15分 | 易問優先で前進 | 8〜10問 |
| 15〜30分 | 保留を増やさない | 12〜15問 |
| 30〜60分 | 遅れがあれば易問へ戻る | 25問前後 |
| 60〜90分 | 保留の再挑戦 | 38〜40問 |
| 90〜110分 | 未記入の埋め | 50問まで |
| 110〜120分 | 見直し専用 | 転記・未記入 |

時間配分の戦略の記事で解答順の設計を先に決め、本記事の表は演習2回で自分の到達問数に合わせて数字だけ調整してください。",分野別の詰まりと配分の調整,"3分野で詰まり方が違うため、演習記録で偏りを見ます。

| 分野 | 詰まりやすい型 | 当日の扱い |
| --- | --- | --- |
| 法令・制度 | 条文の読み取り | 易問から取り切る |
| 契約・実務 | 長文・当事者整理 | 2分で保留 |
| 設備・税務 | 数値・条件 | 印付きで後回し |
| 全体 | 後半の未着手 | 30分チェックで修正 |
| 記録 | 2分超の問番号 | 翌週の解き直し |

直近演習で最も2分超が多い分野に、直前週の解き直し時間を+30分寄せると通し得点が安定しやすくなります。",見直し10分の点検順,"最終10分は新規解答より、未記入と転記ずれの防止が優先です。

| 順番 | 点検 | 目安時間 |
| --- | --- | --- |
| 1 | 未記入の有無 | 3分 |
| 2 | 印付きの確定 | 4分 |
| 3 | 行番号と解答欄 | 2分 |
| 4 | 保留の最終判断 | 1分 |
| 記録 | 当日の崩れ要因 | 翌日メモ |

令和8年度は11月15日試験です。直前1週は新規通しを減らし、争点メモと睡眠を優先し、当日は本記事の10分点検順だけを机上で再確認してください。",,,,,直前1週間は何問演習すればよいですか？,新規問題を増やすより、50問120分の通しを時間計測で1〜2回入れる方が効果的です。正答率より30分・60分時点の到達問数と2分超の問番号を記録し、当日ルールが守れたかを検証してください。配分表の設計は時間配分の戦略の記事と要項で確認します。,当日の時間配分と時間計測演習の違いは？,時間を計った演習の記事は、段階導入と計測記録・解き直しが中心です。本記事は、直前の絞り込みと当日の中間チェック・見直し10分の運用が中心です。先に計測演習で到達問数の目安を作り、本記事のタイムラインで当日手順に落とし込む順がおすすめです。,timed-practice:時間を計った演習;time-limit-strategy:時間配分の戦略;exam-day-flow:試験当日の流れ,2分で解けない問題はどうしますか？,印を付けて先へ進み、115分以降の見直し枠で再挑戦する運用が基本です。2分超を続けると後半の未着手が増え、得点の取りこぼしにつながりやすいです。演習では2分超の問番号を毎回記録し、直前週に同型だけ解き直してください。,,,直前は配分の再現;30分・60分で中間確認;2分超は保留;最終10分は見直し専用;分野別の詰まりを記録
mental-prep-exam-day,直前・当日,賃貸不動産経営管理士試験当日のメンタル対策（50問120分）,賃貸不動産経営管理士試験当日のメンタル対策を要項正本で整理。焦りの立て直し・解答順固定・切り替えフレーズを令和8年度11月15日試験向けに表で解説します。,当日の不安は、知識量より「判断の迷いが続くこと」で増幅しやすいです。賃貸不動産経営管理士試験は50問・120分・3分野、令和8年度は2026年11月15日（日）13:00〜15:00です。本記事では一般財団法人 賃貸不動産経営管理士試験センター要項を正本として、直前の判断訓練、当日朝の行動固定、本番中の立て直し手順、切り替えフレーズを表で説明します。会場・受験上の注意は https://www.chintaikanrishi.jp/ の要項と受験票で必ず確認してください。,70,直前対策;試験当日,賃管マスター編集部,資格学習サイトの編集チーム,公式情報確認担当,公開前に一次情報との照合を行う担当者,2026-06-04,賃貸不動産経営管理士協議会（公式）|https://www.chintaikanrishi.jp/,手書きリライト 2026-06-04。自動prose差し替え 2026-06-04（要手書き）。直前・当日向けテンプレートから作成。公開前に本文・参照URL・関連リンクを差し替える。,本記事を読むと、当日に焦りや不安が出たときの具体的な戻し方と、解答順序と時間管理を保ちながら実力を出し切るための準備手順が分かります。,試験センター要項で会場・時刻・受験上の注意を再確認する;50問120分演習で焦りが出た問番号と対処手順をメモする;3分野ごとに先に解く設問と後回しの判断基準を1枚に固定する;当日朝の行動を時系列で書き迷いを減らす;難問に固執したときの切り替えフレーズを1つ決める,試験要項・公式ページ更新時に本文と参照元を見直す。,2026-06-04,2026-06-29,2026-06-04,published,2026-06-04: 編集合格（手書きリライト）,直前1〜2週間の判断訓練,"直前は暗記量より、迷ったときの動きを固定します。

| 訓練 | 記録 | 合格基準 |
| --- | --- | --- |
| 2分で保留 | 問番号 | 演習で再現 |
| 解答順 | 易→難→保留 | 3回連続 |
| 30分チェック | 到達問数 | 目標±2問 |
| 立て直し | 焦りの問番号 | 手順1行 |
| 睡眠 | 就寝時刻 | 前日と同じ |

試験当日の時間配分の記事で中間目標を先に決め、本記事では「保留に進める」判断だけを週3回の通しで練習してください。",最終確認リスト（思考の型）,"持ち物とは別に、思考の型を短い行動文で書きます。

| 場面 | 行動文 | 使うタイミング |
| --- | --- | --- |
| 開始直後 | 全体を見て易問から | 0〜5分 |
| 迷った | 印を付けて次へ | 2分経過 |
| 焦った | 深呼吸して順番を読む | 任意 |
| 後半 | 未記入を先に埋める | 90分以降 |
| 終盤 | 見直し順に点検 | 最後10分 |

試験当日の流れで到着・着席の時刻を固定し、本リストは受験票と一緒にカバンへ入れてください。",当日朝の行動を固定する,"朝の選択肢を減らすと、会場到着後の集中が保ちやすくなります。

| 時刻目安 | 行動 | 避けること |
| --- | --- | --- |
| 起床 | 前日と同じ時刻 | 寝不足の挽回 |
| 朝食 | いつも通りの量 | 初めての店 |
| 出発 | 余裕30分のルート | 未確認の経路 |
| 移動中 | 争点メモを軽く見る | 新規の暗記 |
| 会場前 | 思考の型を1回読む | 長い会話 |

交通遅延を想定し、会場到着の30分前に駅を出る時刻をカレンダー登録しておくと安心です。",本番中の立て直し手順,"焦りが出たら、次の4ステップで思考負荷を下げます。

| 順番 | 作業 | 目安時間 |
| --- | --- | --- |
| 1 | 一度手を止める | 10秒 |
| 2 | 今の問番号を確認 | 5秒 |
| 3 | 保留ルールを読む | 10秒 |
| 4 | 次の易問へ進む | 即時 |
| 記録 | 焦りの問番号 | 終了後 |

固執が続く場合は、あらかじめ決めた切り替えフレーズ（例：「印を付けて前へ」）を紙に書き、机上で見える位置に置いてください。",3分野での迷いの切り分け,"分野ごとに迷いの原因が違うため、演習後にタグを付けます。

| 分野 | 迷いの型 | 当日の一手 |
| --- | --- | --- |
| 法令・制度 | 条文の当てはめ | 争点3語→保留 |
| 契約・実務 | 長文の読み落とし | 主体・時点をメモ |
| 設備・税務 | 数値条件 | 印付きで後回し |
| 全体 | 順番の崩れ | 30分チェック |
| 記録 | 再発回数 | 翌日解き直し |

令和8年度は11月15日試験です。直前1週は新規範囲を増やさず、判断の型と睡眠を優先してください。",,,,,当日に緊張で手が止まったらどうしますか？,10秒止めて問番号を確認し、保留ルールの行動文を読んでから次の易問へ進みます。その場で正解を追い続けるより、順番を戻す方が120分全体の得点を守りやすいです。演習で焦りが出た問番号を記録し、直前週に同じ手順で再現練習してください。,メンタル対策と時間配分の記事の違いは？,本記事は焦り・不安時の立て直しと判断の固定が中心です。試験当日の時間配分の記事は、到達問数・見直し10分など数値管理が中心です。先に時間配分で中間目標を決め、本記事で迷ったときの戻し順を足すと当日が安定しやすいです。,exam-day-flow:試験当日の流れ;exam-day-time-allocation:試験当日の時間配分;timed-practice:時間を計った演習,直前に新しい教材を読んでも大丈夫ですか？,直前1〜2週間は新規教材より、50問120分の通しと誤答の解き直しを優先した方が安全です。情報を増やすと不安が増幅し、当日の判断の型が崩れやすくなります。争点メモの見直しと睡眠を固定し、本番では演習で決めた保留ルールだけを使ってください。,,,直前は判断の固定;朝の行動を時系列化;2分で保留を再現;立て直しは4ステップ;切り替えフレーズを1つ
exam-day-troubleshooting,直前・当日,賃貸不動産経営管理士試験当日のトラブル対応（初動の型）,賃貸不動産経営管理士試験当日のトラブル対応を要項正本で整理。遅刻・体調・冊子不備・マークミスへの初動を50問120分・令和8年度向けに表で解説します。,当日のトラブルは稀ですが、初動が決まっていないと解答時間を大きく失います。賃貸不動産経営管理士試験は50問・120分・3分野、令和8年度は2026年11月15日（日）13:00〜15:00です。本記事では一般財団法人 賃貸不動産経営管理士試験センター要項を正本として、直前の予防、主要5事象の初動、監督者への伝え方、終盤の点検を表で説明します。受験上の注意・禁止事項は https://www.chintaikanrishi.jp/ の要項と受験票で必ず確認してください。,70,直前対策;試験当日,賃管マスター編集部,資格学習サイトの編集チーム,公式情報確認担当,公開前に一次情報との照合を行う担当者,2026-06-04,賃貸不動産経営管理士協議会（公式）|https://www.chintaikanrishi.jp/,手書きリライト 2026-06-04。自動prose差し替え 2026-06-04（要手書き）。直前・当日向けテンプレートから作成。公開前に本文・参照URL・関連リンクを差し替える。,本記事を読むと、試験当日に想定外が起きたときの行動順が分かり、焦りによる失点を抑えながら50問120分の解答を継続できる初動の型が身につきます。,遅刻リスクに備え予備ルートと問合せ先を前日までに確認する;体調変化時の申告手順を要項で確認し短文メモにする;開始前に問題冊子と解答用紙の不備確認を必ず行う;10問ごとに行番号と解答欄を照合する習慣を演習で付ける;終盤10分で未記入と転記ずれを重点点検する,試験要項・公式ページ更新時に本文と参照元を見直す。,2026-06-04,2026-06-29,2026-06-04,published,2026-06-04: 編集合格（手書きリライト）,直前1〜2週間の予防,"トラブル対応は当日だけでなく、直前に初動メモを作っておきます。

| 事象 | 予防 | 初動メモに書くこと |
| --- | --- | --- |
| 遅刻 | 予備ルート・出発時刻 | 問合せ先 |
| 体調 | 睡眠・食事の固定 | 申告の一言 |
| 冊子不備 | 開始前の目視確認 | 挙手のタイミング |
| マークミス | 10問ごとの照合 | 点検順 |
| 交通 | 前日の下見 | バッファ30分 |

試験当日の持ち物の記事で前日チェックを済ませ、本記事の初動メモは受験票と同じ封筒に入れてください。",最終確認リスト（トラブル初動）,"次の表をそのまま短文化し、前日に1枚にまとめます。

| 事象 | 誰に | 最初の一言 |
| --- | --- | --- |
| 遅刻 | 受付・監督者 | 要項どおり報告 |
| 体調不良 | 監督者 | 要項どおり申告 |
| 冊子不備 | 監督者 | ページ・印刷不備 |
| 解答欄不明 | 監督者 | 欄番号を伝える |
| マークずれ | 自分→10問照合 | 行番号確認 |

詳細な手続は年度で変わるため、文言は要項の「受験上の注意」を正本にしてください。",開始前と前半の確認,"開始直後の5分で、冊子・解答欄・時計の3点を確認します。

| タイミング | 確認 | 異常時 |
| --- | --- | --- |
| 着席直後 | 氏名・受験番号 | 監督者へ |
| 開始直後 | 問題冊子のページ | 即申告 |
| 10問ごと | 行番号と解答欄 | 直ちに修正 |
| 30分 | 到達問数 | 配分を調整 |
| 60分 | 未着手数 | 易問へ戻る |

試験当日の時間配分の30分チェックと併用すると、トラブルと配分の崩れを同時に検知しやすくなります。",本番中の体調・集中の乱れ,"体調や集中の乱れは、無理な続行より要項どおりの申告が安全です。

| 症状の目安 | 初動 | 解答への影響 |
| --- | --- | --- |
| 軽い不安 | 呼吸→保留ルール | 小 |
| 集中断続 | 10問照合 | 中 |
| 強い不調 | 監督者へ申告 | 要判断 |
| 復帰後 | 易問から再開 | 配分調整 |
| 記録 | 問番号 | 終了後 |

申告の可否・手続は要項が正本です。体験談の手順をそのまま使わず、当日は監督者の指示に従ってください。",終盤10分の転記・未記入点検,"マークミスは終盤にまとめて直すより、10問ごとの照合が有効です。

| 順番 | 点検 | 目安 |
| --- | --- | --- |
| 1 | 未記入 | 3分 |
| 2 | 行ずれ | 3分 |
| 3 | 印付きの確定 | 3分 |
| 4 | 保留の最終 | 1分 |
| 予防 | 10問ごと照合 | 解答中 |

令和8年度は11月15日試験です。直前週は演習で10問照合を習慣化し、当日は初動メモと時間ルールだけに集中してください。",,,,,遅刻しそうなときはどうすればよいですか？,予備ルートと問合せ先は前日までにメモし、移動中に要項どおり連絡できる状態にしておきます。会場到着後は受付・監督者の指示に従い、自己判断で解答を始めないでください。当日の混乱を減らすため、出発時刻に30分のバッファを必ず入れてください。,問題冊子に不備があったら？,開始直後にページ欠け・印刷不備がないか目視し、異常があればすぐ監督者へ申告します。自分で補完しようとすると時間を失い、後半の配分が崩れやすくなります。直前演習では10問ごとの行番号照合を習慣化し、解答欄のずれも早期に直してください。,exam-day-items:試験当日の持ち物;exam-day-flow:試験当日の流れ;exam-day-time-allocation:試験当日の時間配分,トラブル対応と持ち物の記事の違いは？,試験当日の持ち物の記事は、前日の持参品チェックと会場入りの準備が中心です。本記事は、遅刻・体調・冊子不備・マークミスなど想定外の初動が中心です。持ち物で当日の土台を整え、本記事の初動メモで解答中の失点を抑える併用がおすすめです。,,,初動メモを前日作成;要項が申告の正本;開始前に冊子確認;10問ごとに照合;終盤は未記入優先
after-pass-procedure,注意点・更新,賃貸不動産経営管理士試験の合格後の手続き｜確認順と学習期の切り分け,賃貸不動産経営管理士試験合格後の手続きを、試験センター・協議会要項正本で整理。登録関連の確認順、期限管理、受験中の学習優先と発表後の行動を表で解説します。,合格後の手続きは、受験期の学習と混同すると、50問120分対策の時間が削られやすくなります。一方で「合格したら自動で資格が有効」と誤解すると、提出期限を逃すリスクもあります。賃貸不動産経営管理士試験は50問・120分・3分野、令和8年度の試験日は2026年11月15日（日）です。本記事では一般財団法人 賃貸不動産経営管理士協議会および試験センター・所管の公表案内を正本として、受験中に押さえる確認先、合格発表後の時系列、よくある誤解を表で説明します。様式・期限は https://www.chintaikanrishi.jp/ で必ず最新版を確認してください。,12,誤解;制度変更;合格後,賃管マスター編集部,資格学習サイトの編集チーム,公式情報確認担当,公開前に一次情報との照合を行う担当者,2026-06-04,賃貸不動産経営管理士協議会（公式）|https://www.chintaikanrishi.jp/,手書きリライト 2026-06-04。自動prose差し替え 2026-06-04（要手書き）。注意点・更新向けテンプレートから作成。公開前に本文・参照URL・関連リンクを差し替える。,本記事を読むと、合格後の手続きを公式基準で時系列に整理でき、受験期には50問120分対策へ集中しつつ、発表後の漏れを防ぐ準備ができます。,合格後案内の確認先を試験センター・協議会でメモする;手続き項目は期限順の一覧にし受験中は深掘りしない;会社確認が必要な書類を早めに洗い出す;学習用ノートと手続き用ノートを分けて管理する;合格発表後1週間で手続き計画を確定する,試験要項・公式ページ更新時に本文と参照元を見直す。,2026-06-04,2026-06-29,2026-06-04,published,2026-06-04: 編集合格（手書きリライト）,よくある誤解を先に解く,"合格後の手続きで頻出する誤解です。受験中は「確認先の把握」までで十分なことが多いです。

| 誤解 | 実際の整理 | 受験期の扱い |
| --- | --- | --- |
| 合格＝自動で資格有効 | 登録等の手続が別途ある | 詳細は発表後 |
| 体験記が正本 | 試験センター・協議会が正本 | URLだけメモ |
| 去年のメモで提出 | 合格年度の案内で上書き | 年度を明記 |
| 手続きを受験期に全調査 | 学習時間が不足しやすい | 確認先まで |
| 学科合格＝業法登録完了 | 制度が別 | 用語を分離 |

演習で学んだ論点メモと、手続きメモはファイルを分け、検索時の混同を防いでください。",制度改定時の確認習慣,"手続き名称や案内構成は年度で変わることがあります。次の習慣をカレンダーに入れてください。

| タイミング | 見る場所 | 記録 |
| --- | --- | --- |
| 月1回（受験中） | 協議会・試験センターのお知らせ | 変更の有無のみ |
| 合格発表直後 | 合格後案内の一覧 | 期限・様式 |
| 提出1週間前 | 自分のチェックリスト | 不足書類 |
| 研修・講習がある場合 | 所管の案内 | 受講証明 |
| 実務開始時 | 社内規程・契約書 | 重説・管理手順 |

出題範囲の改定は要項、手続きは合格年度の案内、と情報源を切り分けると判断が安定します。",合格発表後の手続き（枠組み）,"詳細な期限・様式は年度ごとに更新されるため、下表は確認用の枠組みです（必ず要項・案内で照合）。

| 順番 | 確認する内容 | よくある漏れ |
| --- | --- | --- |
| 1 | 合否通知の保存 | 受験番号の照合漏れ |
| 2 | 登録・届出の期限 | 書類不備による再提出 |
| 3 | 必要書類・手数料 | 振込名義・提出先の誤り |
| 4 | 研修・講習の受講 | 証明の提出忘れ |
| 5 | 実務での運用開始 | 現場手順の未整理 |

合格後の手続きと実務活用の記事で学習成果の接続まで含めて整理できます。登録・免許の論点は合格後の登録・免許の記事を併読してください。",不合格時の立て直し（手続き視点）,"不合格の場合も、申込・受験料・次年度要項の確認習慣は同じです。

| 項目 | やること | 避けること |
| --- | --- | --- |
| 記録 | 分野別正答数を保存 | 合格率だけで自己評価 |
| 次回 | 要項の年度更新を確認 | 旧年度メモの流用 |
| 手続 | 次回申込期限を先に登録 | 直前の決済エラー |
| 学習 | 誤答上位から解き直し | 教材の大量追加 |

合格点・合格率の見方は別記事で、演習得点から次回計画を立てる方が再現性が高くなります。",公式情報を最優先する理由,"手続きは第三者まとめより、試験センターと協議会の公表が正本です。

| 情報源 | 用途 | 注意 |
| --- | --- | --- |
| 試験センター | 合否・受験記録 | 年度を明記 |
| 協議会 | 登録・研修案内 | 様式の版数 |
| 所管公表 | 法令・制度 | 改正年 |
| 自分のノート | 演習の誤答 | 手続きと分離 |

令和8年度は11月15日試験です。受験中は50問通しと誤答解き直しを優先し、手続きの詳細は合格発表後1週間で一覧化する運用が、学習と実務の両方でバランスが取りやすくなります。",,,,,受験中から合格後手続きを詳しく調べるべきですか？,確認先のURLと「学科合格と登録が別」という整理までで十分なことが多いです。手続きの詳細を受験期に詰めると、3分野演習の時間が不足し、合格可能性を下げる恐れがあります。発表後1週間で期限順の一覧を作り、様式は合格年度の公式案内で照合してください。,ネットの体験記だけで手続きを進めてよいですか？,体験記は参考程度に留め、提出期限・様式・手数料は試験センターと協議会の公表で確定してください。年度や区分で必要書類が異なるため、他人の事例をそのままコピーしないでください。不明点は要項記載の問合せ先へ確認するのが安全です。,after-passing-guide:合格後の手続きと実務活用;registration-after-pass:合格後の登録・免許;eligibility-registration:受験資格・登録制度,合格後の登録と試験の「登録講習」は同じですか？,別の制度・手続きとして整理してください。5問免除（45問受験）の講習修了と、合格後の登録関連手続きは、要項・案内の章が分かれています。用語が似るため、受験資格・登録制度の記事と合格後の登録・免許の記事で切り分けると混同しにくくなります。,,,正本は試験センター・協議会;受験期は確認先まで;学科合格と登録は別;発表後1週間で一覧化;ノートは学習と分離
pass-announcement-guide,注意点・更新,賃貸不動産経営管理士試験の合格発表の確認方法（令和8年度）,賃貸不動産経営管理士試験の合格発表確認を要項正本で整理。公式確認手順・合格後の次行動・不合格時の立て直しを令和8年度12月24日予定向けに表で解説します。,合格発表日は、SNS速報より公式確認が先です。判断が雑になると手続きや再受験計画が遅れます。賃貸不動産経営管理士試験は50問・120分・3分野、令和8年度の合格発表は2026年12月24日（木）予定（要項どおり）です。本記事では一般財団法人 賃貸不動産経営管理士協議会および試験センター要項を正本として、確認URLの準備、当日の手順、合格時・不合格時の初動、翌年度日程の接続を表で説明します。発表日時・確認方法は https://www.chintaikanrishi.jp/ で必ず最新要項と照合してください。,12,誤解;制度変更;合格後,賃管マスター編集部,資格学習サイトの編集チーム,公式情報確認担当,公開前に一次情報との照合を行う担当者,2026-06-04,賃貸不動産経営管理士協議会（公式）|https://www.chintaikanrishi.jp/,手書きリライト 2026-06-04。自動prose差し替え 2026-06-04（要手書き）。注意点・更新向けテンプレートから作成。公開前に本文・参照URL・関連リンクを差し替える。,本記事を読むと、合格発表日に迷わず行動でき、試験センター・協議会の公式情報に沿って次の手続きや再受験準備を進められるようになります。,合格発表日時と公式確認ページを事前にメモする;発表当日は第三者情報より先に公式で確認する;合格時は必要書類と期限を当日中に一覧化する;不合格時は分野別の記録を残し1週間以内に再計画する;翌年度の試験日・申込を要項で確認し学習開始日を決める,試験要項・公式ページ更新時に本文と参照元を見直す。,2026-06-04,2026-06-29,2026-06-04,published,2026-06-04: 編集合格（手書きリライト）,よくある誤解（確認先）,"発表日に起きやすい誤解を先に整理します。

| 誤解 | 実際 | 当日のルール |
| --- | --- | --- |
| SNSで十分 | 正式は公式 | 公式を先に開く |
| 知人の伝言 | 個別事情あり | 自分で確認 |
| 合格＝手続完了 | 別途の提出あり | 案内を読む |
| 体験記が正本 | 年度差あり | 要項・案内 |
| 去年のメモ | 期限が変わる | 合格年度で上書き |

日程・申込の確認手順の記事で試験日・受験料12,000円を押さえ、発表後は合格年度の案内だけを手続きノートへ転記してください。",制度改定がある年の見方,"改定年度は、合格後案内の構成も変わることがあります。

| 確認 | 正本 | 記録 |
| --- | --- | --- |
| 発表日時 | 要項「合格発表」 | 確認日 |
| 確認方法 | 試験センター案内 | URL |
| 手続の変更 | 協議会お知らせ | 差分1行 |
| 翌年度日程 | 要項 | 試験日 |
| 学習再開 | 自分の誤答 | 分野タグ |

出題範囲の改定は要項、手続きは合格年度の案内、と情報源を分けると混同が減ります。",合格時の初動（当日中）,"合格が確定したら、当日中に次の一覧を作ります。

| 順番 | 作業 | 期限の扱い |
| --- | --- | --- |
| 1 | 合否画面・通知の保存 | スクリーンショット |
| 2 | 合格後案内の一覧化 | 締切順 |
| 3 | 必要書類の洗い出し | 会社確認も |
| 4 | 登録・研修の有無 | 協議会案内 |
| 5 | 実務での運用メモ | 社内規程 |

合格後の手続きの記事で時系列の枠組みを確認し、登録・免許の論点は合格後の登録・免許の記事を併読してください。",不合格時の立て直し,"不合格でも、感情より記録と次行動を先に残します。

| 項目 | 当日 | 1週間以内 |
| --- | --- | --- |
| 記録 | 分野別の感触 | 誤答リスト |
| 時間 | 配分の崩れ | 見切りルール修正 |
| 次回 | 要項の年度更新 | 申込日をカレンダー |
| 学習 | 解き直し優先 | 週次計画 |
| 避ける | 教材の大量追加 | 再発ミス |

合格点・合格率の見方の記事で演習得点から次回目標を立てると、再受験計画が数値で説明しやすくなります。",公式情報を最優先する理由,"発表日周辺は情報が錯綜しやすいため、確認先を固定します。

| 情報源 | 用途 | 注意 |
| --- | --- | --- |
| 試験センター | 合否確認 | 年度を明記 |
| 協議会 | 手続・研修 | 様式の版数 |
| 要項 | 翌年度日程 | 申込締切差 |
| 自分のノート | 演習誤答 | 手続きと分離 |
| 第三者 | 参考のみ | 正本にしない |

令和8年度の試験は11月15日、合格発表は12月24日予定です。確認後1週間で手続きまたは再学習の一覧を確定すると、初動の質が保たれます。",,,,,合格発表はいつ・どこで確認しますか？,令和8年度は2026年12月24日（木）予定（要項どおり）で、確認方法は試験センター要項の「合格発表」が正本です。協議会サイト https://www.chintaikanrishi.jp/ から要項・お知らせへ辿り、発表日前にURLと確認時刻をメモし、当日はその手順だけを実行してください。,SNSの速報を信じてもよいですか？,速報は参考に留め、合否の正式確認は必ず試験センターの公表方法で行ってください。誤情報や年度違いの投稿により、手続き期限を逃すリスクがあります。体験談は準備の工夫を学ぶ材料にし、期限と様式は合格年度の公式案内で上書きしてください。,schedule-application:日程・申込の確認手順;after-pass-procedure:合格後の手続き;registration-after-pass:合格後の登録・免許,不合格のとき最初に何をしますか？,分野別の感触と時間配分の崩れを短く記録し、1週間以内に誤答リストと再受験計画を作ります。反省の深掘りより、翌年度要項の確認と解き直しの優先順位を決める方が再現性が高いです。演習得点の見方は合格点・合格率の見方の記事を参照してください。,,,正式確認は公式が先;合格年度の案内で手続;当日中に期限一覧;不合格は記録→再計画;手続きと学習ノート分離
registration-after-pass,注意点・更新,賃貸不動産経営管理士試験合格後の登録・免許（確認順）,賃貸不動産経営管理士試験合格後の登録・免許を協議会・試験センター正本で整理。学科合格と業法登録の切り分け、期限管理、受験期の学習優先を表で解説します。,学科試験の合格と、賃貸住宅管理業法上の登録・届出は別手続きです。混同すると学習期の時間を削りやすくなります。賃貸不動産経営管理士試験は50問・120分・3分野、令和8年度の試験日は2026年11月15日（日）13:00〜15:00です。本記事では一般財団法人 賃貸不動産経営管理士協議会および試験センター・所管の公表案内を正本として、受験中に押さえる確認先、合格発表後の登録関連の枠組み、よくある誤解を表で説明します。様式・期限は https://www.chintaikanrishi.jp/ で必ず合格年度の最新版を確認してください。,12,誤解;制度変更;合格後,賃管マスター編集部,資格学習サイトの編集チーム,公式情報確認担当,公開前に一次情報との照合を行う担当者,2026-06-04,賃貸不動産経営管理士協議会（公式）|https://www.chintaikanrishi.jp/,手書きリライト 2026-06-04。自動prose差し替え 2026-06-04（要手書き）。注意点・更新向けテンプレートから作成。公開前に本文・参照URL・関連リンクを差し替える。,本記事を読むと、合格後の登録関連情報を公式基準で整理しつつ、受験期には50問120分対策へ集中するための確認順と切り分けが分かります。,合格後案内の確認先を協議会・試験センターでメモする;手続き項目は期限順の一覧にし受験中は深掘りしない;会社確認が必要な書類を合格後に早めに洗い出す;学習ノートと手続きノートをファイル分けする;合格発表後1週間で手続き計画を確定する,試験要項・公式ページ更新時に本文と参照元を見直す。,2026-06-04,2026-06-29,2026-06-04,published,2026-06-04: 編集合格（手書きリライト）,よくある誤解（合格と登録）,"登録・免許まわりで頻出する誤解です。

| 誤解 | 実際 | 受験期の扱い |
| --- | --- | --- |
| 合格＝登録完了 | 別手続あり | 確認先まで |
| 受験期に全調査 | 学習が不足 | URLメモのみ |
| 体験記が正本 | 年度差 | 公式案内 |
| 学科＝実務免許 | 制度が別 | 用語分離 |
| 去年の様式 | 版数が変わる | 合格年度 |

受験資格・登録制度の記事で受験前の資格確認を済ませ、合格後は合格発表の確認方法の記事のあとに本記事へ進んでください。",制度改定時の確認習慣,"手続き名称や案内構成は年度で変わることがあります。

| タイミング | 見る場所 | 記録 |
| --- | --- | --- |
| 月1回（受験中） | 協議会お知らせ | 変更の有無 |
| 合格直後 | 合格後案内 | 期限・様式 |
| 提出1週間前 | 自分のチェックリスト | 不足書類 |
| 研修がある場合 | 所管案内 | 受講証明 |
| 実務開始 | 社内規程 | 重説・管理手順 |

出題範囲の改定は要項、登録手続きは合格年度の案内、と情報源を切り分けてください。",合格発表後の登録関連（枠組み）,"期限・様式は年度更新のため、下表は確認用の枠組みです（必ず案内で照合）。

| 順番 | 確認する内容 | よくある漏れ |
| --- | --- | --- |
| 1 | 合否記録の保存 | 受験番号の照合 |
| 2 | 登録・届出の期限 | 書類不備 |
| 3 | 必要書類・手数料 | 提出先の誤り |
| 4 | 研修・講習 | 証明の提出忘れ |
| 5 | 実務運用 | 現場手順の未整理 |

合格後の手続きの記事で時系列全体を確認し、本記事は登録・免許の論点に絞って期限順に並べ替えてください。",不合格時・再受験者の扱い,"不合格の場合も、登録手続きではなく次回受験の要項確認が先です。

| 項目 | やること | 避けること |
| --- | --- | --- |
| 記録 | 分野別正答数 | 手続きの先読み過多 |
| 次回 | 要項の年度更新 | 旧メモの流用 |
| 申込 | 締切を先に登録 | 直前の決済エラー |
| 学習 | 誤答解き直し | 教材の大量追加 |
| 用語 | 学科と登録の分離 | 混同メモ |

合格発表の確認方法の記事で不合格時の初動を固定し、再学習は50問通しと誤答記録から始めると計画が立てやすくなります。",受験期は学習を最優先する理由,"受験中に手続き詳細へ時間を使うと、3分野演習が不足しやすくなります。

| 期間 | 優先 | 登録情報の扱い |
| --- | --- | --- |
| 受験中 | 50問通し・誤答 | 確認先URLのみ |
| 発表後1週 | 期限一覧 | 様式を取得 |
| 提出前 | 書類完成 | 会社確認 |
| 実務 | 現場手順 | 契約・重説 |
| 記録 | 学習と手続き分離 | ファイル2つ |

令和8年度は11月15日試験です。受験中は演習と睡眠を優先し、登録の詳細は合格発表後1週間で一覧化する運用がバランスを取りやすいです。",,,,,受験中から登録手続きを調べるべきですか？,確認先のURLと「学科合格と登録は別」という整理までで十分なことが多いです。詳細な様式調査は学習時間を削り、50問120分の演習が不足しやすくなります。合格発表後1週間で期限順の一覧を作り、会社確認が必要な書類だけ早めに洗い出してください。,合格後の手続きの記事との違いは？,合格後の手続きの記事は、合格後全体の時系列と実務接続が中心です。本記事は、登録・免許に関する論点と学科合格との切り分けが中心です。発表確認のあと手続き全体を読み、登録・期限だけ本記事で並べ替えると漏れが減ります。,after-pass-procedure:合格後の手続き;pass-announcement-guide:合格発表の確認方法;eligibility-registration:受験資格・登録制度,体験記の手続き手順をそのまま使えますか？,体験記は工夫の参考になりますが、期限・様式の正本は合格年度の公式案内です。年度差や個別事情で内容が変わるため、そのまま流用しないでください。まず協議会・試験センターの案内で上書きし、体験談はチェック項目のヒントに留めてください。,,,学科合格と登録は別;受験期は確認先まで;正本は協議会・試験センター;発表後1週間で一覧化;ノートは学習と分離
career-after-qualification,注意点・更新,賃貸不動産経営管理士試験の合格後のキャリア,賃貸不動産経営管理士試験合格後のキャリアを要項正本で整理。学科合格と登録の違い、3分野の実務接続、令和8年度向けに表で解説します。,学科試験の合格は、賃貸住宅管理の判断を担える状態への入口です。資格名を取得しただけで業務範囲が自動拡大するわけではなく、法令・契約・設備の知識を説明可能な形で現場に接続する継続学習が必要です。賃貸不動産経営管理士試験は50問・120分・3分野、令和8年度は2026年11月15日（日）13:00〜15:00です。本記事では一般財団法人 賃貸不動産経営管理士試験センターおよび協議会公表を正本として、合格後に確認すべき手続きの位置づけ、職種別の活かし方、学習ノートの転用を表で説明します。登録・研修の期限は https://www.chintaikanrishi.jp/ で必ず最新案内を確認してください。,12,誤解;制度変更;合格後,賃管マスター編集部,資格学習サイトの編集チーム,公式情報確認担当,公開前に一次情報との照合を行う担当者,2026-06-04,賃貸不動産経営管理士協議会（公式）|https://www.chintaikanrishi.jp/,手書きリライト 2026-06-04。自動prose差し替え 2026-06-04（要手書き）。注意点・更新向けテンプレートから作成。公開前に本文・参照URL・関連リンクを差し替える。,本記事を読むと、合格後に何を先に済ませ、どの分野の知識をどの業務場面へ接続すればキャリアが具体化するかが分かります。,合格発表後に試験センター・協議会案内で手続き期限をカレンダー登録する;3分野の学習ノートから実務で使う論点を10件抽出する;活かしたい業務場面を3つ書き週次復習の優先分野へ反映する;登録・研修メモと試験対策ノートをファイル分離する;月1回公式サイトで制度更新の有無を確認する,試験要項・公式ページ更新時に本文と参照元を見直す。,2026-06-04,2026-06-29,2026-06-04,published,2026-06-04: 編集合格（手書きリライト）,合格直後に固定する3区分,"合格直後は情報が増えすぎるため、手続き・実務・継続学習を分けます。

| 区分 | 正本 | 今週やること |
| --- | --- | --- |
| 手続き | 試験センター・協議会案内 | 期限の転記 |
| 実務接続 | 社内規程・現場手順 | 論点10件の抽出 |
| 継続学習 | 要項・法令更新 | 月1確認日の設定 |
| 記録 | 確認日＋参照章 | 更新ログ |
| 混同防止 | 合格≠登録完了 | ノート分離 |

合格後の手続きと実務活用の記事で期限表を先に作り、本記事ではキャリアの「活かし方」に時間を配分してください。",職種別の活かし方（3分野の接続）,"同じ合格でも、日常業務で使う論点の比重は職種で変わります。

| 場面 | 厚くする分野 | 週次の確認 |
| --- | --- | --- |
| 管理会社 | 契約・実務・法令 | 受託範囲・記録 |
| オーナー | 設備・税務・契約 | 修繕・収支 |
| 仲介・関連 | 重説・契約 | 説明義務 |
| 転職・独立 | 横断 | 50問通しの弱点 |
| メモ | 動機3つ | 月1見直し |

試験の目的とキャリアの記事で動機を言語化したうえで、本節の表に週+30分を配分すると学習が散漫になりにくいです。",学習ノートを実務メモへ転用,"試験ノートをそのまま保管するより、実務用に再編します。

| 元のメモ | 転用先 | 書き換え |
| --- | --- | --- |
| 争点3語 | 現場判断のチェック | 主体・時点・条件 |
| 誤答分類 | 再発防止 | 手続のどこで迷ったか |
| 数値カード | 期限管理 | 社内フローと照合 |
| 通し記録 | 説明練習 | 根拠を口頭で1分 |
| 更新 | 公式確認日 | 改定章だけ差し替え |

転用は一括ではなく、週5論点ずつ実務事例に置き換えると負荷が一定します。",よくある誤解（合格＝業務範囲の自動拡大）,"キャリア相談で多い誤解を、試験知識の使い方と切り分けます。

| 誤解 | 実際 | 対策 |
| --- | --- | --- |
| 合格ですべて任される | 社内権限・役割は別 | 社内確認 |
| 試験＝登録完了 | 手続きが続く | 要項で期限確認 |
| 暗記で十分 | 説明責任が必要 | 口頭説明練習 |
| 体験談が正本 | 年度差あり | 公式で裏取り |
| 学習終了 | 改正追跡が必要 | 月1確認 |

ネットの転職談だけで判断せず、一次情報と社内規程の両方で業務範囲を確定してください。",継続学習と次の目標,"令和8年度試験日は2026年11月15日（日）です。合格後も同じ日付感覚で月次レビューを置きます。

| 月 | 重点 | 記録 |
| --- | --- | --- |
| 合格月 | 手続き期限 | 完了日 |
| 翌月 | 実務論点10件 | 使用場面 |
| 四半期 | 法令・運用更新 | 差分メモ |
| 年次 | スキル棚卸し | 次の研修 |
| 直前不要 | 新規暗記の抑制 | 説明力優先 |

受験中に使った週次枠は、合格後は「手続き週」と「実務振り返り週」に置き換えると継続しやすいです。",,,,,合格後、いつから実務で活かせますか？,手続き・社内ルールの確認が済んだ論点から、小さな判断単位で使えます。いきなり全範囲を担当にするのではなく、学習ノートの争点メモを実務チェックリストへ1週5件ずつ移す方法が安全です。登録や研修の期限は合格後の手続き記事と要項で先に固定してください。,試験の目的とキャリアの記事との違いは？,試験の目的とキャリアの記事は、受験動機と学習配分の設計が中心です。本記事は、合格後の手続き位置づけと実務への接続が中心です。受験中は前者で動機を固め、合格後は本記事と合格後の手続き記事で期限と実務論点を並行管理する流れがおすすめです。,after-passing-guide:合格後の手続きと実務活用;exam-purpose-and-career:試験の目的とキャリア;study-plan:学習計画の立て方,独学で合格した人のキャリア設計は？,独学でも、週次で「手続き30分・実務接続60分・更新確認15分」を分けると迷いが減ります。演習で残した誤答分類を、そのまま現場で再発しやすい論点のリストに使い回せます。社内メンターがいない場合は、公式案内と学習ノートの二点だけを正本にしてください。,,,合格は入口・登録は別;職種で分野の比重が違う;ノートは実務用に再編;体験談より公式と社内規程;月1で制度更新を確認
fail-retry-plan,注意点・更新,賃貸不動産経営管理士試験の不合格からの再受験計画,賃貸不動産経営管理士試験の不合格後の再受験計画を要項正本で整理。初動2週間・原因分類・50問120分・令和8年度11月15日試験向けに表で解説します。,不合格直後は、学習時間を増やす前に「何を変えるか」を表に落とす段階です。時間だけ増やしても、同じ誤答パターンが再発しやすくなります。賃貸不動産経営管理士試験は50問・120分・3分野、令和8年度は2026年11月15日（日）13:00〜15:00です。本記事では一般財団法人 賃貸不動産経営管理士試験センター要項を正本として、初動2週間の作業、原因別の再配分、次回申込までの逆算を表で説明します。次回の日程・合格基準は https://www.chintaikanrishi.jp/ で必ず上書き確認してください。,12,誤解;制度変更;合格後,賃管マスター編集部,資格学習サイトの編集チーム,公式情報確認担当,公開前に一次情報との照合を行う担当者,2026-06-04,賃貸不動産経営管理士協議会（公式）|https://www.chintaikanrishi.jp/,手書きリライト 2026-06-04。自動prose差し替え 2026-06-04（要手書き）。注意点・更新向けテンプレートから作成。公開前に本文・参照URL・関連リンクを差し替える。,本記事を読むと、不合格直後に何を記録し、いつからどの順で学習を再開すれば再受験計画が具体化するかが分かります。,結果公表後1週間以内に分野別正答数と未解答数を表にする;誤答を知識・読解・時間の3分類でタグ付けする;最弱1分野に週+2時間を先に予約する;次回申込締切を要項からカレンダー登録する;2週目から50問通しを月2回の枠に固定する,試験要項・公式ページ更新時に本文と参照元を見直す。,2026-06-04,2026-06-29,2026-06-04,published,2026-06-04: 編集合格（手書きリライト）,初動2週間の固定手順,"不合格直後の2週間は、新規教材より記録の完成を優先します。

| 週 | 作業 | 成果物 |
| --- | --- | --- |
| 第1週前半 | 答案・演習ログの集計 | 分野別正答数 |
| 第1週後半 | 原因3分類 | 再発トップ10 |
| 第2週前半 | 要項で次回日程確認 | 申込カレンダー |
| 第2週後半 | 週次枠の再設計 | 月〜日の表 |
| 記録 | 感情メモは別紙 | 数値表は1枚 |

再受験・学習の組み直し方の記事は中長期の振り返り表が中心です。本記事は不合格直後の初動に特化しているため、先に本記事の表を埋めてから進むと順序が明確です。",原因分類と時間の再配分,"原因ごとに増やす作業が異なります。

| 分類 | 信号 | 週次の追加 |
| --- | --- | --- |
| 知識不足 | 根拠が説明できない | 用語・短問 |
| 読解不足 | 条件の読み落とし | 争点3語メモ |
| 時間不足 | 未着手・2分超多数 | 見切り練習 |
| 再発 | 同類誤答 | 7日後解き直し |
| 配分 | 後半の崩れ | 解答順の固定 |

「勉強時間を2倍」より、再発率が高い分類に+2時間を上乗せする方が得点に直結しやすいです。",3分野の優先順位（再受験計画の芯）,"3分野すべてを同じ強度でやり直す必要はありません。

| 分野 | 計画での扱い | 週の目安 |
| --- | --- | --- |
| 最弱 | +30%の時間 | 演習20問＋解き直し |
| 中位 | 維持 | 15問＋用語確認 |
| 相対的に強い | 維持確認 | 短問10問 |
| 横断 | 通し50問 | 月2回120分 |
| 更新 | 改定章のみ | 要項確認後 |

合格点の見方の記事で目標得点のイメージを先に置き、最弱分野への上乗せが基準に届くかを2週ごとに見直してください。",申込・手続きを計画に組み込む,"学習計画と申込作業を同じカレンダーに載せると漏れが減ります。

| 時期（令和8年度例） | 手続き | 学習 |
| --- | --- | --- |
| 8月 | WEB・郵送申込開始 | 弱点分野強化 |
| 9月 | 締切前の写真・決済 | 通し演習 |
| 10月 | 受験票確認 | 再発誤答中心 |
| 11/15 | 本番 | 新規なし |
| 記録 | 要項確認日 | 演習ログ |

日程・申込の確認手順の記事でWEBと郵送の締切差を先に転記し、本記事の学習枠と並べて管理してください。",2週ごとの見直しサイクル,"計画は2週間単位で更新します。令和8年度は11月15日試験です。

| 指標 | 見直し | 調整 |
| --- | --- | --- |
| 分野別正答数 | 2週ごと | 時間再配分 |
| 再発率 | 同類誤答% | 解き直し日 |
| 未解答 | 件数 | 見切り基準 |
| 模試差分 | 目標との差 | 1分野だけ追加 |
| 直前8週 | 新規教材停止 | 再発のみ |

改善が止まった分類だけ対策を足し、それ以外は維持確認に回すと負荷が一定します。",,,,,不合格後、何日休んでから再開すべきですか？,休息の日数は人によりますが、1週間以内に数値表だけは完成させることを推奨します。感情の整理と並行して、分野別正答数と再発誤答を書き出すと次の週次計画が具体化しやすくなります。再開時は新しい参考書より、前回と同じ教材の解き直しから始めると手戻りが少ないです。,再受験計画と組み直し記事の違いは？,組み直し方の記事は、中長期の振り返り表と週次運用が中心です。本記事は、不合格直後の初動2週間と申込までの逆算が中心です。先に本記事で初動表を埋め、組み直し記事で週次ルートを固定する順が効率的です。数値表が未完成のまま中長期計画だけ作ると、優先分野がぶれやすい点に注意してください。,retake-review-plan:再受験・学習の組み直し方;retake-strategy:再受験の戦略;pass-score:合格点・合格率の見方,学習時間を増やすだけでは足りませんか？,総時間の増加だけでは、同じ誤答パターンが残りやすいです。再発率の高い原因分類に時間を寄せ、50問120分の通しで未解答と2分超を記録してください。2週ごとに数値表を更新し、改善が小さい分類だけ手を足す運用が現実的です。,,,初動2週は記録優先;原因3分類で配分;最弱分野に+時間;申込をカレンダー統合;2週ごとに計画更新
retake-strategy,注意点・更新,賃貸不動産経営管理士試験の再受験の戦略,賃貸不動産経営管理士試験の再受験戦略を要項正本で整理。維持・修正・捨てる判断、3分野・50問120分・令和8年度向けに表で解説します。,再受験者は前回データがある分、全面やり直しより「何を維持し何を捨てるか」の判断が得点を分けます。闇雲に教材を増やすと、再現できていた正答まで崩れやすくなります。賃貸不動産経営管理士試験は50問・120分・3分野、令和8年度は2026年11月15日（日）13:00〜15:00です。本記事では一般財団法人 賃貸不動産経営管理士試験センター要項を正本として、維持・修正・停止の3区分、下位2分野への集中、通し演習の頻度を表で説明します。出題範囲の改定は https://www.chintaikanrishi.jp/ の要項で必ず確認してください。,12,誤解;制度変更;合格後,賃管マスター編集部,資格学習サイトの編集チーム,公式情報確認担当,公開前に一次情報との照合を行う担当者,2026-06-04,賃貸不動産経営管理士協議会（公式）|https://www.chintaikanrishi.jp/,手書きリライト 2026-06-04。自動prose差し替え 2026-06-04（要手書き）。注意点・更新向けテンプレートから作成。公開前に本文・参照URL・関連リンクを差し替える。,本記事を読むと、前回の学習資産のうち何を残し、どこを修正すれば次回の50問120分で得点の再現性が上がるかが分かります。,前回の分野別正答率と時間超過を同じ表に並べる;下位2分野へ学習時間を集中配分する;新規教材より誤答の解き直しを優先する;週1回50問120分で解答順を固定する;改定章だけ要項で差分確認してから演習に戻す,試験要項・公式ページ更新時に本文と参照元を見直す。,2026-06-04,2026-06-29,2026-06-04,published,2026-06-04: 編集合格（手書きリライト）,維持・修正・停止の3区分,"再受験戦略は、前回ログを3区分に仕分けます。

| 区分 | 例 | 次の一手 |
| --- | --- | --- |
| 維持 | 2回連続正答＋根拠説明可 | 月1短問確認 |
| 修正 | 再発誤答・時間切れ | 解き直し＋配分 |
| 停止 | 初見のみ・範囲外 | 再出まで待つ |
| 記録 | 争点3語 | 週次更新 |
| 上限 | 修正は週15論点 | 溢れたら翌週 |

全面やり直しは修正区分が膨らみ、維持できていた得点源を削りやすいため、まず維持リストを先に確定してください。",下位2分野への集中配分,"正答率の下位2分野に週次時間の大半を寄せます。

| 分野の順位 | 配分の目安 | 演習 |
| --- | --- | --- |
| 最下位 | +40% | 20問＋解き直し |
| 2番目 | +25% | 15問 |
| 3番目 | 維持 | 短問10問 |
| 通し | 全分野 | 月2回50問120分 |
| 見直し | 2週ごと | 表の入れ替え |

得点差の分析と対策の記事で模試差分を先に可視化し、下位2分野が差分の何割を占めるかを確認してから配分してください。",教材は「増やす」より「絞る」,"再受験で教材を増やすと、比較と移行に時間が消えます。

| 判断 | 運用 | 避けること |
| --- | --- | --- |
| 前回教材 | 解き直し主軸 | 同時に3冊 |
| 改定章 | 要項で差分のみ更新 | 全冊買い替え |
| 新規問題 | 再発が止まらない週だけ | 毎週大量追加 |
| 記録形式 | 3分類固定 | 形式の変更 |
| 演習 | 同じ問題集で再現 | 毎回別冊 |

不合格からの再受験計画の初動表ができていれば、本節では「修正区分」に載った論点だけを教材に残す判断がしやすくなります。",通し演習と解答順の固定,"戦略の効果は50問120分の通しで検証します。

| 回 | 記録 | 合格基準 |
| --- | --- | --- |
| 通し1 | 未解答・2分超 | 数値をメモ |
| 1週後 | 再発誤答のみ | 同型5問正解 |
| 通し2 | 30分・60分到達 | 中間目標達成 |
| 月次 | 分野バランス | 最弱が極端に偏らない |
| 直前8週 | 新規停止 | 再発中心 |

解答順（分野の回し方）を紙1枚に固定し、通しごとに変えない方が時間切れの原因分析がしやすいです。",制度改定がある年度の先読み,"改定年度は、維持リストの前提も更新が必要です。令和8年度は11月15日試験です。

| 作業 | 順番 | 記録 |
| --- | --- | --- |
| 要項で改定章 | 計画の第1週 | 章名リスト |
| 旧ノート差分 | 改定章のみ | 追記日 |
| 演習 | 改定後に再開 | 正答数 |
| 維持 | 非改定は維持確認 | 短問 |
| 停止 | 範囲外は停止 | 削除候補 |

全面刷新より改定影響の大きい章へ時間を寄せる方が、再受験の得点効率は高くなりやすいです。",,,,,再受験は最初から全部やり直すべきですか？,前回データがある場合、全面やり直しは非効率になりやすいです。維持・修正・停止の3区分で仕分け、修正に載った論点と下位2分野に時間を寄せてください。維持できている論点は月1の短問確認に降格すると負荷が下がります。,再受験戦略と組み直し記事の違いは？,組み直し記事は、数値表と週次ルートの運用が中心です。本記事は、前回資産の維持・修正・停止の判断基準が中心です。組み直しで表を作ったあと、本記事の3区分で週次の中身を選別する流れがおすすめです。維持リストを先に確定しないと、修正に時間を使いすぎて再現できていた得点源が削れやすくなります。,fail-retry-plan:不合格からの再受験計画;score-gap-analysis:得点差の分析と対策;retake-schedule-adjustment:再受験の日程調整,新しい参考書に切り替えた方がよいですか？,切り替えは、記録形式が合わない・改定で旧版が使えない場合に限定するのが安全です。それ以外は前回教材の解き直しを主軸にし、週15論点の修正上限を守ってください。同時に複数冊を回すと、維持区分の再現練習が後回しになりやすいです。,,,維持・修正・停止で仕分け;下位2分野に集中;教材は絞って解き直し;解答順を通しで固定;改定章だけ先に更新
retake-schedule-adjustment,注意点・更新,賃貸不動産経営管理士試験の再受験の日程調整,賃貸不動産経営管理士試験の再受験日程調整を要項正本で整理。11月15日からの逆算、申込締切・月次レビュー・50問120分向けに表で解説します。,再受験の日程調整は、体験談より試験センター要項の年度数字を先にカレンダーへ載せる作業です。前年の締切記憶のまま申込すると、WEBと郵送で取り違えやすくなります。賃貸不動産経営管理士試験は50問・120分・3分野、令和8年度は2026年11月15日（日）13:00〜15:00です。本記事では一般財団法人 賃貸不動産経営管理士試験センター要項を正本として、試験日からの逆算、申込・学習・レビューの月次枠、改定確認のタイミングを表で説明します。最新の日程・締切は https://www.chintaikanrishi.jp/ で必ず上書き確認してください。,12,誤解;制度変更;合格後,賃管マスター編集部,資格学習サイトの編集チーム,公式情報確認担当,公開前に一次情報との照合を行う担当者,2026-06-04,賃貸不動産経営管理士協議会（公式）|https://www.chintaikanrishi.jp/,手書きリライト 2026-06-04。自動prose差し替え 2026-06-04（要手書き）。注意点・更新向けテンプレートから作成。公開前に本文・参照URL・関連リンクを差し替える。,本記事を読むと、再受験までの月ごとのマイルストーンと、申込作業日・学習レビュー日を同じカレンダーで無理なく管理する方法が分かります。,要項で試験日・申込期間・受験料をカレンダーに転記する;残り週数から月次の学習・通し・レビュー日を固定する;WEB申込と郵送申込の締切を別色で登録する;改定確認を月1回・申込期間中は週1回にする;申込完了日と次の50問通し日を同じ表で管理する,試験要項・公式ページ更新時に本文と参照元を見直す。,2026-06-04,2026-06-29,2026-06-04,published,2026-06-04: 編集合格（手書きリライト）,11月15日から逆算する早見,"試験日が決まった時点で、今日から何週残っているかを数えます。

| 残り | 学習の重点 | 手続き |
| --- | --- | --- |
| 20週以上 | 弱点分野＋分野別演習 | 要項保存 |
| 12週 | 50問通し月2回 | 申込準備 |
| 8週 | 再発誤答中心 | 写真・決済準備 |
| 4週 | 解き直し・数値早見 | 受験票確認 |
| 前週 | 持ち物・会場 | 新規なし |

日程・申込の確認手順の記事の早見表と突き合わせ、令和8年度のWEB・郵送締切を別カレンダーに登録してください。",月次カレンダー（学習と手続きの同居）,"同じ表に「学習レビュー日」と「申込作業日」を載せます。

| 月 | 学習（例） | 手続き・確認 |
| --- | --- | --- |
| 6〜7月 | 誤答分析・配分再設計 | 要項DL |
| 8月 | 弱点＋分野別 | 申込開始・写真 |
| 9月 | 通し増 | 締切前決済 |
| 10月 | 再発中心 | 受験票 |
| 11月 | 本番再現 | 会場・持ち物 |

毎月末に30分、翌月の「通し日」「レビュー日」だけを先に書き込むと、再受験期の迷いが減ります。",生活リズムへの当てはめ,"逆算表を、そのまま平日夜のみの学習には当てはめません。

| 生活枠 | 週の目安 | 記録 |
| --- | --- | --- |
| 平日夜 | 45分×3 | 分野タグ |
| 休日 | 通しまたは30問 | 120分計測 |
| 通勤 | 用語5分 | 再発語のみ |
| 調整 | 欠席週は解き直しのみ | 無理な通し禁止 |
| 上限 | 週10時間超えたら削る | 修正区分 |

学習計画の立て方で週次の最低ラインを決め、本記事の月次表はその上限を超えない範囲で埋めてください。",改定・公式確認のリマインド,"日程調整には、制度更新の確認日もセットで入れます。

| タイミング | 作業 | 記録 |
| --- | --- | --- |
| 月1回 | 協議会・要項更新 | 変更なし／修正 |
| 申込期間中 | 締切・申込方法 | 週1確認 |
| 改定章 | ノート差分 | 追記日 |
| 演習前 | 範囲の章立て | 要項の章 |
| 体験談 | 補助のみ | 年度の照合 |

一次情報を先に開き、その後に解説記事を読む順を固定すると、再受験カレンダーの前提がぶれにくくなります。",直前の切り替え（新規を止める日）,"試験8週前は、カレンダーの種類を切り替えます。令和8年度は11月15日試験です。

| 残り | カレンダー | 演習 |
| --- | --- | --- |
| 8週 | 再発誤答のみ | 通し月2回 |
| 4週 | 数値・争点メモ | 解き直し |
| 2週 | 持ち物・会場 | 短時間確認 |
| 前日 | 睡眠・移動 | 新規なし |
| 当日 | 解答順の再現 | 120分配分 |

再受験の戦略で決めた維持・修正リストに合わせ、直前は修正区分の再発だけをカレンダーに残してください。",,,,,体験談のスケジュールをそのまま使ってよいですか？,参考にはなりますが、申込締切や試験日は年度で変わるため正本にはできません。令和8年度は要項で試験日・WEB・郵送の締切を確定し、カレンダーへ転記してください。体験談は学習の工夫だけ取り入れ、日程判断は試験センター要項に統一するのが安全です。,日程調整と日程・申込記事の違いは？,日程・申込の記事は、令和8年度の数字と申込手順の早見が中心です。本記事は、再受験者が残り期間から月次枠を組む逆算が中心です。数字は前者で確定し、本記事で生活リズムに当てはめる順がおすすめです。締切の色分けまで済ませてから月次の通し日を書くと、申込直前の学習停止が起きにくくなります。,schedule-application:日程・申込の確認手順;study-plan:学習計画の立て方;retake-strategy:再受験の戦略,仕事が忙しくて通しが取れない週は？,通しを無理に入れるより、分野別20問と再発誤答の解き直しに切り替えてください。欠席週を翌週に2回通しで取り戻そうとすると疲労が溜まり、再発率が上がりやすいです。カレンダーに「代替メニュー」を先に書いておくと判断が速くなります。,,,試験日から逆算;申込と学習を同表;WEB・郵送締切を分離;月1で要項確認;直前8週は新規停止
score-gap-analysis,注意点・更新,賃貸不動産経営管理士試験の得点差の分析と対策,賃貸不動産経営管理士試験の得点差分析を要項正本で整理。模試と目標の差分、3分野正答率・時間超過を50問120分・令和8年度向けに表で解説します。,総得点だけを見ても、次に直す分野は特定しにくいです。分野別正答率と時間超過を同じ表に並べると、合格ラインとの差が「どこを直すか」に変わります。賃貸不動産経営管理士試験は50問・120分・3分野、令和8年度は2026年11月15日（日）13:00〜15:00です。本記事では一般財団法人 賃貸不動産経営管理士試験センター要項を正本として、記録列の固定、2週間サイクル、改善が止まった原因だけへの追加対策を表で説明します。合格基準・問題数は https://www.chintaikanrishi.jp/ の要項で必ず確認してください。,12,誤解;制度変更;合格後,賃管マスター編集部,資格学習サイトの編集チーム,公式情報確認担当,公開前に一次情報との照合を行う担当者,2026-06-04,賃貸不動産経営管理士協議会（公式）|https://www.chintaikanrishi.jp/,手書きリライト 2026-06-04。自動prose差し替え 2026-06-04（要手書き）。注意点・更新向けテンプレートから作成。公開前に本文・参照URL・関連リンクを差し替える。,本記事を読むと、模試得点と目標の差を数値で分解し、3分野のどこへ学習時間を移せば差分が縮まるかを判断できるようになります。,模試ごとに総得点・3分野正答率・未解答数を同じ表へ記録する;目標点との差分を分野別に計算する;差が大きい分野へ週次時間を再配分する;2週間ごとに同条件演習で推移を確認する;改善が小さい原因分類だけ追加対策する,試験要項・公式ページ更新時に本文と参照元を見直す。,2026-06-04,2026-06-29,2026-06-04,published,2026-06-04: 編集合格（手書きリライト）,記録する5列（毎回同じ形式）,"得点差分析は、列を変えないことが再現性の前提です。

| 列 | 記入例 | 使い道 |
| --- | --- | --- |
| 日付 | 模試名 | 推移 |
| 総得点 | 34/50 | 目標との差 |
| 分野別 | 法令18・契約10・設備14 | 配分 |
| 未解答 | 4問 | 時間 |
| 2分超 | 問番号リスト | 見切り |

合格点の見方の記事で目標の置き方を決め、本表は模試のたびに同じ形式で3回分並べると傾向が見えます。",差分の見方（総点ではなく分野）,"差分は「総点−目標」だけでなく、分野ごとに分解します。

| 分野 | 今回 | 目標イメージ | 差分の対策 |
| --- | --- | --- | --- |
| 法令 | 正答率60% | +10% | 短問＋条文争点 |
| 契約 | 正答率50% | +15% | 長文5問 |
| 設備 | 正答率70% | 維持 | 月1確認 |
| 時間 | 未解答5 | 2以内 | 解答順・見切り |
| 優先 | 差が最大 | 週+2時間 | 1分野だけ |

2週間で差分が縮まない分野だけ、追加教材ではなく解き直しと争点メモを厚くしてください。",原因分類と差分の結び付け,"同じ低得点でも、原因が違えば対策が変わります。

| 原因 | 差分への効き方 | 追加作業 |
| --- | --- | --- |
| 知識不足 | 分野正答率↓ | 用語・短問 |
| 読解不足 | 似た誤答の再発 | 主体・時点・条件 |
| 時間不足 | 未解答・後半崩れ | 通し＋見切り |
| 偶然正解 | 総点は維持 | 根拠1行 |
| 記録 | 3分類タグ | 翌週枠 |

過去問の効果的な使い方の3分類表と形式を揃えると、模試分析から平日の演習へ迷わず移れます。",2週間サイクルでの見直し,"分析表は2週間ごとに更新し、追加対策は1項目に絞ります。

| 週 | 作業 | 判断 |
| --- | --- | --- |
| 0週目 | 模試＋表記入 | 差分最大分野 |
| 1週目 | その分野+時間 | 再発率 |
| 2週目 | 同条件で再計測 | 差分の縮み |
| 縮んだ | 維持確認へ | 時間を戻す |
| 縮まない | 原因1つ追加 | 他は維持 |

模試の活用法の24時間以内分析と組み合わせると、表の更新が遅れにくくなります。",改定年度・直前の分析の切り替え,"改定がある年は、分析の前提（範囲）も表に追記します。令和8年度は11月15日試験です。

| 状況 | 表への追記 | 学習 |
| --- | --- | --- |
| 改定章 | 章名・確認日 | 優先演習 |
| 非改定 | 維持 | 短問確認 |
| 直前8週 | 新規模試停止可 | 再発のみ |
| 前週 | 争点メモ | 確認 |
| 本番 | 同じ解答順 | 120分再現 |

手続き情報は別メモに分離し、本表は50問120分の得点改善だけを扱うと更新が楽です。",,,,,総得点だけ追っても足りませんか？,総得点は結果指標であり、どの分野を直すかは示しません。分野別正答率と未解答・2分超を同じ表に載せ、差が大きい分野に週次時間を移してください。3回分を同形式で並べると、感覚ではなく数字で優先順位を説明できます。,得点差分析と模試活用記事の違いは？,模試の活用法は、受験タイミングと24時間以内の分析手順が中心です。本記事は、模試結果を並べて差分を管理する表設計が中心です。模試後は前者の手順で記録し、本記事の5列表で2週間ごとに推移を見る流れがおすすめです。,pass-score:合格点・合格率の見方;mock-exam-how-to:模試の活用法;past-questions-how-to-use:過去問の効果的な使い方,不合格後の分析も同じ表でよいですか？,同じ5列で問題ありません。前回本番の分野別正答数を1行目に入れ、以降の模試を下に追加すると再受験の改善幅が見えます。不合格からの再受験計画の初動表と併用すると、初動から分析が途切れません。本番1行と模試行を分けて色付けすると、差分の読み取りがさらに楽になります。,,,5列の記録を固定;差分は分野で見る;原因3分類で対策;2週間で再計測;改善1項目だけ追加
exam-changes,注意点・更新,賃貸不動産経営管理士試験制度の変更点（令和8年度の確認手順）,賃貸不動産経営管理士試験制度の変更点を要項正本で整理。日程・出題範囲・合格基準の差分確認、3分野・50問120分・令和8年度11月15日試験向けに表で解説します。,制度変更の話題では、「去年と同じだろう」という先入観が最も手戻りの原因になります。表現上の変更でも学習優先順位が変わることがあり、確認を省くと誤った前提で計画を立てやすくなります。賃貸不動産経営管理士試験は50問・120分・3分野、令和8年度は2026年11月15日（日）13:00〜15:00です。本記事では一般財団法人 賃貸不動産経営管理士試験センター要項を正本として、毎年の確認手順、改定章の演習への落とし込み、学習計画の更新タイミングを表で説明します。日程・出題範囲・合格基準は https://www.chintaikanrishi.jp/ で必ず上書き確認してください。,12,誤解;制度変更;合格後,賃管マスター編集部,資格学習サイトの編集チーム,公式情報確認担当,公開前に一次情報との照合を行う担当者,2026-06-04,賃貸不動産経営管理士協議会（公式）|https://www.chintaikanrishi.jp/,手書きリライト 2026-06-04。自動prose差し替え 2026-06-04（要手書き）。注意点・更新向けテンプレートから作成。公開前に本文・参照URL・関連リンクを差し替える。,本記事を読むと、年度が変わったときに何を先に確認し、改定箇所だけを演習計画へ反映する手順が分かります。,要項で試験日・問題数・合格基準の変更有無を確認する;改定章を章名リストに転記しノート冒頭へ置く;非改定章は維持確認に切り替え時間を抑える;改定章は確認後15問で理解不足を可視化する;月1回公式サイトで更新の有無を記録する,試験要項・公式ページ更新時に本文と参照元を見直す。,2026-06-04,2026-06-29,2026-06-04,published,2026-06-04: 編集合格（手書きリライト）,毎年固定する確認3点,"制度変更の確認は、項目を固定すると漏れが減ります。

| 確認項目 | 正本 | 記録 |
| --- | --- | --- |
| 試験日・時間 | 要項「試験日程」 | 和暦・西暦 |
| 50問120分・3分野 | 要項「試験方法」 | 変更なし／修正 |
| 出題範囲・章立て | 要項・シラバス | 改定章リスト |
| 合格基準 | 要項「合格の判定」 | 数値メモ |
| 申込方法 | 要項「申込方法」 | WEB・郵送締切 |

日程・申込の確認手順の記事で令和8年度の数字を先に転記し、本記事では出題範囲と合格基準の差分に時間を配分してください。",改定章を演習計画へ落とす,"要項だけ読んで終わらせず、改定章を週次計画に接続します。

| 手順 | 作業 | 成果物 |
| --- | --- | --- |
| 1 | 改定章をリスト化 | 章名＋確認日 |
| 2 | 3分野への影響をタグ | 法令／契約／設備 |
| 3 | 改定章15問 | 正答数 |
| 4 | 誤答を再挑戦日設定 | 7日後 |
| 5 | 非改定は短問維持 | 月1確認 |

法改正の学習への影響の記事で章単位の色分け表を作り、本節の15問は改定章だけに限定すると負荷が一定です。",3分野への波及（横断確認）,"制度変更は1分野だけで完結しないことがあります。

| 改定の型 | 見る分野 | 演習 |
| --- | --- | --- |
| 法令条文 | 法令・制度＋契約 | 争点3語 |
| 手続・様式 | 契約・実務 | 主体・期限 |
| 数値・基準 | 設備・税務 | 早見表 |
| 試験運用 | 横断 | 要項再読 |
| 記録 | 関連用語 | 比較1行 |

シラバス・出題範囲の更新の記事で差分メモの形式を揃え、改定章から関連章へ1週ずつ広げると全面やり直しを避けられます。",不合格後の立て直し（改定取りこぼし）,"再受験の初動では、知識不足だけでなく前提ミスを点検します。

| 点検 | 信号 | 対策 |
| --- | --- | --- |
| 改定章 | 旧定義で正解したつもり | 要項で差分 |
| 日程 | 前年締切の記憶 | カレンダー更新 |
| 範囲 | 範囲外を学習 | 停止リスト |
| 演習 | 同型誤答 | 解き直し |
| 優先 | 初動2週 | 改定整理完了 |

不合格からの再受験計画の初動表と併用し、改定整理を2週以内に終えてから弱点分野へ時間を戻してください。",公式情報を正本に固定する,"二次情報は要約・解釈が混ざるため、最終判断は要項に統一します。令和8年度は11月15日試験です。

| 情報源 | 用途 | 避ける使い方 |
| --- | --- | --- |
| 試験センター要項 | 数字・範囲 | 古いPDFのまま |
| 協議会案内 | 制度背景 | SNS速報のみ |
| 教材 | 理解補助 | 正本代替 |
| 体験談 | 運用の工夫 | 改定の確定 |
| 記録 | 確認日 | 更新なし放置 |

公式情報の更新確認習慣の記事で月次確認日を決め、変更があれば本記事の改定章リストを同日更新してください。",,,,,制度変更は毎年必ずありますか？,大きな改定が毎年あるとは限りませんが、要項の数字・表現・章立ては年度ごとに確認が必要です。変更がなくても「変更なし」と記録すると、確認漏れを防ぎやすくなります。令和8年度は試験センター要項で試験日・50問120分・出題範囲を申込前に必ず開いてください。,制度変更と法改正記事の違いは？,法改正の学習への影響の記事は、条文・定義の改定と教材の章単位更新が中心です。本記事は、試験運用（日程・形式・合格基準・範囲）の年度差分確認が中心です。法改正で章が変わったら前者で内容を更新し、本記事で要項全体の数字と範囲を照合する順が効率的です。,legal-revision-impact:法改正の学習への影響;syllabus-update-tracker:シラバス・出題範囲の更新;schedule-application:日程・申込の確認手順,独学で改定対応を続けるコツは？,月1回の確認日と改定章リスト1枚をセットにすると手戻りが減ります。更新があった週だけ演習15問を追加し、それ以外の週は非改定章の維持確認に留めてください。全面やり直しより、リストに載った章だけを週5論点ずつ上書きする運用が現実的です。,,,毎年3点を固定確認;改定章だけ演習へ接続;3分野の波及を見る;再受験は改定を先点検;要項を最終判断に
legal-revision-impact,注意点・更新,賃貸不動産経営管理士試験の法改正の学習への影響,賃貸不動産経営管理士試験の法改正影響を要項正本で整理。改定章の特定、旧教材の章単位使い分け、3分野配分更新を50問120分・令和8年度向けに表で解説します。,法改正が公表されると、教材を全面買い替えすべきか迷いやすくなります。実際は改定範囲を章単位で特定し、影響箇所だけを上書きすれば十分な場合が多いです。賃貸不動産経営管理士試験は50問・120分・3分野、令和8年度は2026年11月15日（日）13:00〜15:00です。本記事では一般財団法人 賃貸不動産経営管理士試験センター要項を正本として、改定章の洗い出し、3分野への連動、演習15問での検証手順を表で説明します。改定内容は https://www.chintaikanrishi.jp/ の要項と公式案内で必ず確認してください。,12,誤解;制度変更;合格後,賃管マスター編集部,資格学習サイトの編集チーム,公式情報確認担当,公開前に一次情報との照合を行う担当者,2026-06-04,賃貸不動産経営管理士協議会（公式）|https://www.chintaikanrishi.jp/,手書きリライト 2026-06-04。自動prose差し替え 2026-06-04（要手書き）。注意点・更新向けテンプレートから作成。公開前に本文・参照URL・関連リンクを差し替える。,本記事を読むと、法改正年度でも学習計画を崩しすぎず、改定章だけを現行範囲に合わせて効率的に更新する手順が分かります。,要項と公式案内で改定対象章を章名リストにする;旧教材を流用可・要更新・停止の3色で仕分ける;改定章は読了後15問で理解不足を可視化する;改定由来の誤答にタグを付け7日後に解き直す;月末に改定章の正答率だけ再計測する,試験要項・公式ページ更新時に本文と参照元を見直す。,2026-06-04,2026-06-29,2026-06-04,published,2026-06-04: 編集合格（手書きリライト）,全面買い替え不要の判断基準,"法改正後も、非改定章は維持運用に切り替えられます。

| 区分 | 目安 | 週次の扱い |
| --- | --- | --- |
| 流用可 | 要項に変更なし | 短問維持 |
| 要更新 | 定義・数値・期限変更 | 読了＋15問 |
| 停止 | 範囲外 | 演習から除外 |
| 連動 | 契約・設備へ波及 | 関連章セット |
| 記録 | 確認日 | 差分1行 |

試験制度の変更点の記事で要項全体の数字を先に固定し、本節の3色仕分けは出題範囲の章リストに対して行ってください。",3分野への連動（単独章にしない）,"条文変更は契約・実務や設備判断へ波及することがあります。

| 改定の焦点 | 厚くする分野 | 確認 |
| --- | --- | --- |
| 登録・監督 | 法令・制度 | 主体・手続 |
| 契約条項 | 契約・実務 | 当事者・時点 |
| 税務・設備 | 設備・税務 | 数値・条件 |
| 横断争点 | 通し演習 | 争点3語 |
| 更新 | 関連用語 | 比較表 |

過去問の効果的な使い方の3分類表と形式を揃え、改定章の誤答だけを再挑戦リストへ移すと再発率が下がりやすいです。",改定章15問の検証サイクル,"読みっぱなしを防ぐため、改定章は短い演習で可視化します。

| 日 | 作業 | 記録 |
| --- | --- | --- |
| 確認日 | 要項で章名確定 | リスト更新 |
| 同日 | 該当章を読了 | 争点3語 |
| 翌日 | 演習15問 | 正答数 |
| 7日後 | 誤答のみ | 再発有無 |
| 月末 | 正答率 | 配分見直し |

学習計画の立て方で週次枠を決め、改定週だけ+2時間を上乗せし、非改定週は維持確認に戻してください。",再受験初動（改定整理を2週で）,"前年の正解感が、更新された定義では誤りになることがあります。

| 週 | 重点 | 完了条件 |
| --- | --- | --- |
| 第1週 | 改定章リスト | 要項照合 |
| 第1週 | 停止章の除外 | 演習対象更新 |
| 第2週 | 改定15問×章 | 正答数記録 |
| 第2週 | 通常弱点へ復帰 | 時間配分表 |
| 記録 | 改定タグ | 再発率 |

不合格からの再受験計画の初動表を先に埋め、本節の2週改定整理が終わってから下位分野強化へ移ると手戻りが少ないです。",正本は要項・公式案内に統一,"要約記事だけで改定内容を確定しない運用が安全です。令和8年度は11月15日試験です。

| ソース | 使う場面 | 注意 |
| --- | --- | --- |
| 試験センター要項 | 出題範囲 | 年度の上書き |
| 協議会公表 | 制度背景 | 試験範囲との区別 |
| 教材 | 理解 | 旧版のまま |
| 解説記事 | 補助 | 最終判断不可 |
| 記録 | 月1確認 | 変更なしも残す |

公式情報の更新確認習慣の記事で確認日を固定し、改定があれば本記事の3色表を同日更新してください。",,,,,法改正後、旧教材は全部使えませんか？,非改定章はそのまま流用できます。改定章と関連章だけ要項で差分を確認し、定義・数値・期限が変わった箇所へ追記してから演習に戻してください。範囲外になった章は停止リストへ移し、時間を改定章に集中させる方が得点効率は高くなりやすいです。,法改正影響とシラバス更新記事の違いは？,シラバス・出題範囲の更新の記事は、章立て差分の追跡と月次確認ログが中心です。本記事は、条文・定義改定が3分野の演習と教材に与える影響が中心です。シラバスで章名の増減を確定し、本記事で中身の上書きと15問検証を行う流れがおすすめです。,exam-changes:試験制度の変更点;syllabus-update-tracker:シラバス・出題範囲の更新;past-questions-how-to-use:過去問の効果的な使い方,独学で改定章だけ追うコツは？,改定章リスト1枚と7日後解き直し日をセットにしてください。1章につき15問と争点3語メモだけを週次上限にすると、全面やり直しを避けられます。月末に改定章の正答率だけを見直し、改善が止まった章だけ時間を追加する運用が現実的です。,,,全面買替えより章更新;3分野連動を見る;改定章は15問で検証;再受験は2週で整理;要項を正本に
syllabus-update-tracker,注意点・更新,賃貸不動産経営管理士試験のシラバス・出題範囲の更新,賃貸不動産経営管理士試験のシラバス更新追跡を要項正本で整理。章単位差分、教材反映、3分野影響を50問120分・令和8年度11月15日試験向けに表で解説します。,出題範囲は申込前に一度確認すれば足りる、と考えると学習途中の更新を見逃しやすくなります。シラバス差分は章単位で記録し、影響の大きい部分から演習対象を更新する運用が安全です。賃貸不動産経営管理士試験は50問・120分・3分野、令和8年度は2026年11月15日（日）13:00〜15:00です。本記事では一般財団法人 賃貸不動産経営管理士試験センター要項を正本として、月次確認ログ、差分メモ、2週間ごとの正答率再計測を表で説明します。最新の出題範囲は https://www.chintaikanrishi.jp/ の要項で必ず上書き確認してください。,12,誤解;制度変更;合格後,賃管マスター編集部,資格学習サイトの編集チーム,公式情報確認担当,公開前に一次情報との照合を行う担当者,2026-06-04,賃貸不動産経営管理士協議会（公式）|https://www.chintaikanrishi.jp/,手書きリライト 2026-06-04。自動prose差し替え 2026-06-04（要手書き）。注意点・更新向けテンプレートから作成。公開前に本文・参照URL・関連リンクを差し替える。,本記事を読むと、シラバス更新を見逃さず、章単位の差分メモから学習計画を継続的に補正する手順が分かります。,月1回要項とシラバス関連更新を公式で確認する;更新箇所を章名・確認日付きで差分メモに記録する;影響分野の演習を優先的に再挑戦する;旧ノート該当ページへ追記して前提を更新する;2週間ごとに影響章の正答率推移を再計測する,試験要項・公式ページ更新時に本文と参照元を見直す。,2026-06-04,2026-06-29,2026-06-04,published,2026-06-04: 編集合格（手書きリライト）,月次確認ログ（変更なしも記録）,"確認の有無より、確認した事実を1行で残すことが習慣化の鍵です。

| 列 | 記入例 | 用途 |
| --- | --- | --- |
| 日付 | 2026-06-04 | 漏れ防止 |
| 参照 | 要項R8 | 正本 |
| 結果 | 変更なし／章X追加 | 次回比較 |
| 次回 | 7月第1日曜 | リマインド |
| メモ | 申込期間のみ週1 | 例外 |

公式情報の更新確認習慣の記事で固定日を決め、本表はノート冒頭に貼り、通し演習前にも1行追加してください。",章単位差分メモの書き方,"差分は文章要約より、章名・追加・削除・改定の4タグで管理します。

| タグ | 記録 | 演習 |
| --- | --- | --- |
| 追加 | 新章名 | 優先15問 |
| 削除 | 停止 | 対象外 |
| 改定 | 旧→新語句 | 争点3語 |
| 維持 | 変更なし | 短問 |
| 分野 | 法令／契約／設備 | 配分 |

法改正の学習への影響の3色表と併用し、改定タグの章だけ週+30分を上乗せすると全面見直しを避けられます。",3分野への影響整理,"章の移動だけでなく、どの分野の演習比率を変えるかまで書きます。

| 差分 | 分野 | 週次調整 |
| --- | --- | --- |
| 法令章追加 | 法令・制度 | +20% |
| 契約章改定 | 契約・実務 | 長文5問 |
| 設備章改定 | 設備・税務 | 数値カード |
| 横断 | 50問通し | 月2回 |
| 記録 | 2週再計測 | 正答率 |

学習計画の立て方で週次の上限時間を決め、本表の上乗せが上限を超える場合は停止章の除外を先に検討してください。",再受験時（差分を計画の第1週に）,"前年度シラバス前提のまま演習を再開すると、同型誤答が再発しやすくなります。

| 順番 | 作業 | 成果物 |
| --- | --- | --- |
| 1 | 当年度要項 | 章リスト |
| 2 | 前年度差分 | タグ表 |
| 3 | 停止・追加反映 | 演習対象 |
| 4 | 2週計画 | 正答数 |
| 5 | 通常弱点へ | 配分表 |

不合格からの再受験計画の初動表と数字を揃え、差分整理の1〜2週を終えてから下位分野強化に移ってください。",手続き情報と範囲追跡は分離,"合格後手続きと出題範囲は、同じノートに混在させない方が更新が速いです。令和8年度は11月15日試験です。

| メモ | 内容 | 更新頻度 |
| --- | --- | --- |
| 範囲追跡 | 章差分 | 月1・申込期週1 |
| 手続き | 合格後 | 合格後のみ |
| 演習 | 50問120分 | 週次 |
| 日程 | 申込締切 | 要項確認 |
| 記録 | 確認日 | 必須 |

試験制度の変更点の記事で要項数字を固定し、本記事の範囲メモだけを月次で更新する二段構えがおすすめです。",,,,,シラバス確認は月1回で足りますか？,基本は月1回で問題ありません。申込期間中は締切・範囲表記の更新があり得るため、週1確認に一時的に切り替えてください。変更がなくてもログに1行残すと、確認した事実が可視化され、次回の比較もしやすくなります。,シラバス追跡と制度変更記事の違いは？,試験制度の変更点の記事は、試験日・形式・合格基準など運用面の年度差分が中心です。本記事は、出題範囲の章立て差分を継続追跡するログ運用が中心です。運用数字は前者、章リストは本記事の月次表で管理すると役割がぶれません。,exam-changes:試験制度の変更点;legal-revision-impact:法改正の学習への影響;official-info-update-habits:公式情報の更新確認習慣,独学で差分メモを続けるコツは？,章名・タグ・確認日の3列だけに絞ると更新負荷が下がります。更新があった週だけ影響章15問を追加し、2週後に正答率を再計測してください。メモ形式を変えないことが、長期学習で前提ズレを防ぐ最大のポイントです。,,,月1ログで漏れ防止;章単位4タグ管理;3分野配分を更新;再受験は差分先行;範囲と手続き分離
official-info-update-habits,注意点・更新,賃貸不動産経営管理士試験の公式情報の更新確認習慣,賃貸不動産経営管理士試験の公式情報更新確認習慣を要項正本で整理。月次確認、教材補正、通し前再確認を50問120分・令和8年度向けに表で解説します。,申込直前だけ公式サイトを開く運用では、長期学習の前提が静かに古くなりやすくなります。月1回の固定確認と「変更なし」記録をセットにすると、更新漏れと不安の両方を減らせます。賃貸不動産経営管理士試験は50問・120分・3分野、令和8年度は2026年11月15日（日）13:00〜15:00です。本記事では一般財団法人 賃貸不動産経営管理士試験センターおよび協議会公表を正本として、確認日の決め方、更新時の教材追記、通し演習前の再確認手順を表で説明します。最新要項は https://www.chintaikanrishi.jp/ で必ず上書き確認してください。,12,誤解;制度変更;合格後,賃管マスター編集部,資格学習サイトの編集チーム,公式情報確認担当,公開前に一次情報との照合を行う担当者,2026-06-04,賃貸不動産経営管理士協議会（公式）|https://www.chintaikanrishi.jp/,手書きリライト 2026-06-04。自動prose差し替え 2026-06-04（要手書き）。注意点・更新向けテンプレートから作成。公開前に本文・参照URL・関連リンクを差し替える。,本記事を読むと、長期学習中でも公式情報の更新を見逃さず、確認習慣から学習計画の修正まで一連の手順で回せるようになります。,毎月同じ曜日に要項と案内更新を確認する;更新有無を1行ログに記録し次回日を書く;変更章だけ教材へ追記して演習対象を更新する;50問通し前に試験形式と問題数を再確認する;四半期ごとに3分野の時間配分を見直す,試験要項・公式ページ更新時に本文と参照元を見直す。,2026-06-04,2026-06-29,2026-06-04,published,2026-06-04: 編集合格（手書きリライト）,月次確認の固定（曜日・参照先）,"習慣化には、日付より曜日と参照先を固定する方が効きます。

| 項目 | 固定内容 | 記録 |
| --- | --- | --- |
| 曜日 | 例：第1日曜 | カレンダー |
| 正本 | 試験センター要項 | URL保存 |
| 補助 | 協議会お知らせ | 同日確認 |
| 結果 | 変更なし／修正 | 1行ログ |
| 次回 | 翌月同日 | リマインド |

公式情報の確認先の記事で参照順を決め、本記事のログは学習ノート冒頭に置いて通し演習前にも見返してください。",更新時の教材補正（章限定）,"更新があった週だけ、該当章と関連用語に時間を寄せます。

| 手順 | 作業 | 上限 |
| --- | --- | --- |
| 1 | 変更章を特定 | 要項 |
| 2 | ノート追記 | 1章30分 |
| 3 | 演習10〜15問 | 同日 |
| 4 | 誤答7日後 | 解き直し |
| 5 | 非改定 | 維持のみ |

シラバス・出題範囲の更新の差分タグ表と形式を揃え、全面見直しより章限定追記で週次負荷を一定に保ってください。",通し演習前の再確認3点,"50問120分の通しの直前に、形式前提だけを短時間で照合します。

| 確認 | 見る場所 | 記録 |
| --- | --- | --- |
| 50問120分 | 要項 | 変更なし |
| 3分野 | 出題範囲 | 章差分 |
| 試験日 | 日程表 | 11/15 |
| 申込 | 締切 | WEB・郵送 |
| 演習 | 通し日 | 到達問数 |

日程・申込の確認手順の令和8年度早見表と突き合わせ、通しごとに前提が現行要項と一致しているかをチェックしてください。",再受験開始時（前提の総点検）,"古い前提のまま同じ教材順で回すと、努力が得点に直結しにくくなります。

| タイミング | 作業 | 成果物 |
| --- | --- | --- |
| 結果公表後 | 要項DL | 最新版 |
| 1週以内 | 更新ログ | 差分 |
| 2週目 | 誤答リスト再編 | 現行範囲 |
| 3週目 | 週次枠再設計 | 配分表 |
| 記録 | 確認日 | 月次継続 |

不合格からの再受験計画の初動表と並行し、公式確認を第1週に終えてから演習量を増やす順が安全です。",四半期レビュー（配分と確認の両方）,"3か月ごとに、確認習慣自体が機能しているかも見直します。令和8年度は11月15日試験です。

| 四半期 | 確認 | 学習 |
| --- | --- | --- |
| Q1 | ログ継続 | 分野配分 |
| Q2 | 申込期強化 | 通し増 |
| Q3 | 範囲最終 | 再発中心 |
| Q4 | 持ち物・会場 | 新規停止 |
| 記録 | 見直し日 | 次四半期 |

学習計画の立て方で決めた週次上限を超えない範囲で、四半期ごとに3分野の時間比率だけを更新してください。",,,,,申込直前だけ確認では足りませんか？,申込直前確認だけでは、学習中の前提ズレに気づくのが遅れやすくなります。月1回の固定確認と1行ログを先に習慣化し、申込期間中だけ週1に頻度を上げてください。小さな確認の積み重ねが、直前の大きな計画修正を減らす効果があります。,更新習慣と公式確認先記事の違いは？,公式情報の確認先の記事は、試験センターと協議会の参照順と使い分けが中心です。本記事は、月次ログと更新時の教材追記・通し前再確認の運用が中心です。参照先は前者で固定し、本記事の表で継続運用する流れがおすすめです。,official-info-sources:公式情報の確認先;syllabus-update-tracker:シラバス・出題範囲の更新;schedule-application:日程・申込の確認手順,独学で確認習慣を続けるコツは？,カレンダーに「確認のみ30分」を月1回登録し、演習と同列の予定にしてください。更新がなければ1行で終え、あった週だけ章追記と15問を追加する二段構えが続きやすいです。ログ形式を変えないことが、長期独学で前提を揃える最大のポイントです。,,,月次確認を曜日固定;変更なしもログに残す;更新は章限定で追記;通し前に形式再確認;四半期で配分見直し
common-misconceptions,注意点・更新,賃貸不動産経営管理士試験のよくある誤解,賃貸不動産経営管理士試験のよくある誤解を要項正本で整理。日常判断の罠、3分野の争点整理、公式確認を50問120分・令和8年度向けに表で解説します。,賃管試験では、日常イメージで選択肢を消す誤解が失点の主要因になります。「聞いたことがあるから正しい」ではなく、主体・対象・手続きの三点で比較する習慣が必要です。賃貸不動産経営管理士試験は50問・120分・3分野、令和8年度は2026年11月15日（日）13:00〜15:00です。本記事では一般財団法人 賃貸不動産経営管理士試験センター要項を正本として、典型誤解の表、争点メモ、再受験時の思い込み分解を表で説明します。合格基準・出題範囲は https://www.chintaikanrishi.jp/ の要項で必ず確認してください。,12,誤解;制度変更;合格後,賃管マスター編集部,資格学習サイトの編集チーム,公式情報確認担当,公開前に一次情報との照合を行う担当者,2026-06-04,賃貸不動産経営管理士協議会（公式）|https://www.chintaikanrishi.jp/,手書きリライト 2026-06-04。自動prose差し替え 2026-06-04（要手書き）。注意点・更新向けテンプレートから作成。公開前に本文・参照URL・関連リンクを差し替える。,本記事を読むと、日常感覚に頼りがちな誤解を特定し、演習で再発しにくい争点メモの作り方まで一連で把握できます。,誤答を思い込み・知識・時間の3分類でタグ付けする;似た語は主体・対象・手続きで1行比較表を作る;争点3語メモを演習ごとに必ず残す;体験談は参考に留め要項で裏取りする;7日後に同型誤答だけ解き直す,試験要項・公式ページ更新時に本文と参照元を見直す。,2026-06-04,2026-06-29,2026-06-04,published,2026-06-04: 編集合格（手書きリライト）,典型誤解5つ（日常判断の罠）,"印象で消す前に、次の誤解パターンを紙1枚に置きます。

| 誤解 | 実際 | 確認 |
| --- | --- | --- |
| 聞いたことがある＝正 | 要件の読み落とし | 争点3語 |
| 暗記で足りる | 説明責任 | 根拠1行 |
| 体験談が正本 | 年度差 | 要項 |
| 合格＝登録完了 | 別手続 | 協議会案内 |
| 過去問だけ | 範囲更新 | シラバス |

合格点の見方の記事で目標の置き方を決め、本表の誤解が再発した問番号だけ7日後に解き直してください。",争点3語メモ（演習のたびに）,"誤解を減らす最小単位は、争点を3語に圧縮することです。

| 語 | 例 | 使い道 |
| --- | --- | --- |
| 主体 | 事業者・管理者 | 読み落とし防止 |
| 時点 | 契約時・更新時 | 条件整理 |
| 手続 | 届出・説明 | 選択肢比較 |
| 記録 | 問番号 | 再発追跡 |
| 更新 | 要項確認日 | 前提修正 |

過去問の効果的な使い方の3分類表と併用し、思い込みタグの誤答だけ週5問解き直すと負荷が一定です。",3分野別の誤解（偏重を防ぐ）,"分野ごとに陥りやすい誤解の型が異なります。

| 分野 | 誤解の型 | 対策 |
| --- | --- | --- |
| 法令・制度 | 名称だけで判断 | 条文争点 |
| 契約・実務 | 現場慣行＝正 | 要件比較 |
| 設備・税務 | 数値の丸覚え | 条件付き |
| 横断 | 1分野に偏る | 週次配分 |
| 記録 | 正答率のみ | 原因タグ |

学習計画の立て方で3分野の週次比率を固定し、得意分野だけ回して総合得点が伸びない状態を避けてください。",再受験（思い込み誤答を先に潰す）,"点数だけ見て計画を作ると、同じ誤解を再生産しやすくなります。

| 分類 | 信号 | 追加作業 |
| --- | --- | --- |
| 思い込み | 似た誤答 | 比較表 |
| 知識不足 | 根拠不可 | 短問 |
| 時間不足 | 未解答 | 見切り |
| 再発 | 同型3回 | 7日後 |
| 優先 | 思い込み | 週+1時間 |

不合格からの再受験計画の原因分類表と形式を揃え、思い込みタグだけを初動2週で半減させてから通し演習へ移してください。",公式情報へ戻す（最終確認）,"非公式情報は入口に留め、制度・数字・期限は要項で確定します。令和8年度は11月15日試験です。

| 論点 | 正本 | 体験談 |
| --- | --- | --- |
| 出題範囲 | 要項 | 参考 |
| 試験日 | 日程表 | 不可 |
| 合格基準 | 要項 | 不可 |
| 手続 | 協議会 | 補助 |
| 記録 | 確認日 | — |

公式情報の更新確認習慣の月次ログと組み合わせ、争点メモの前提が現行要項とずれた週だけ章追記を行ってください。",,,,,体験談で学習方針を決めてよいですか？,工夫を知る参考にはなりますが、出題範囲・合格基準・日程の判断根拠には使えません。体験談は運用のヒントとして読み、争点の正否は要項と演習記録で確認してください。順番を守るだけで、思い込み型の誤答は初期段階で止めやすくなります。,よくある誤解と合格点記事の違いは？,合格点の見方の記事は、目標得点の置き方と模試差分の読み取りが中心です。本記事は、日常感覚に頼る誤解パターンと争点メモの作り方が中心です。目標を前者で決め、本記事の3分類で誤答原因をタグ付けする流れがおすすめです。,exam-changes:試験制度の変更点;pass-score:合格点・合格率の見方;past-questions-how-to-use:過去問の効果的な使い方,独学で誤解を減らす最短手順は？,演習後24時間以内に争点3語と原因タグを書く運用が最短です。比較表は似た語が出た週だけ1枚追加し、毎週作り直さない方が続きやすいです。7日後解き直しは思い込みタグのみに限定すると、復習量を抑えつつ再発率を下げられます。,,,日常判断より争点3語;誤答は3分類でタグ;3分野の偏重を防ぐ;再受験は思い込み優先;数字は要項で確定
pass-only-past-questions-myth,注意点・更新,賃貸不動産経営管理士試験の過去問だけで合格できる誤解,賃貸不動産経営管理士試験の「過去問だけで十分」という誤解を要項正本で整理。範囲確認・改定対応・3分野バランス・50問120分・令和8年度11月15日試験向けに表で解説します。,過去問は得点源になり得ますが、回数だけ増やしても正答肢の暗記は応用に届きにくいです。範囲確認と根拠の言語化を省くと、似た選択肢で再発しやすくなります。賃貸不動産経営管理士試験は50問・120分・3分野、令和8年度は2026年11月15日（日）13:00〜15:00です。本記事では一般財団法人 賃貸不動産経営管理士試験センター要項を正本として、過去問偏重のリスク、テキストとの往復、3分野の記録、直前の切り替えを表で説明します。出題範囲・改定は https://www.chintaikanrishi.jp/ の要項で必ず上書き確認してください。,12,誤解;制度変更;合格後,賃管マスター編集部,資格学習サイトの編集チーム,公式情報確認担当,公開前に一次情報との照合を行う担当者,2026-06-04,賃貸不動産経営管理士協議会（公式）|https://www.chintaikanrishi.jp/,手書きリライト 2026-06-04。自動prose差し替え 2026-06-04（要手書き）。注意点・更新向けテンプレートから作成。公開前に本文・参照URL・関連リンクを差し替える。,本記事を読むと、過去問偏重のリスクを理解し、賃貸不動産経営管理士試験で合格点を安定して超えるための学習比率を設計できるようになります。,演習前に要項で当年度の出題範囲を確認する;改定章はテキスト確認後に問題を選別する;3分野正答率を毎週同じ表に記録する;誤答を知識・読解・時間の3分類でタグ付けする;直前8週は新規問題より再発誤答の解き直しを優先する,試験要項・公式ページ更新時に本文と参照元を見直す。,2026-06-04,2026-06-29,2026-06-04,published,2026-06-04: 編集合格（手書きリライト）,よくある誤解（過去問＝合格の自動化）,"過去問学習で多い誤解を、運用の違いと切り分けます。

| 誤解 | 実際 | 対策 |
| --- | --- | --- |
| 回数が多ければ合格 | 応用で似た肢に弱い | 争点3語＋根拠1行 |
| 正解肢だけ暗記 | 条件変更で崩れる | 誤り肢の語を記録 |
| テキスト不要 | 範囲外・改定で失点 | 要項で章立て確認 |
| 1分野に偏る | 総合得点が伸びない | 週次で3分野比率 |
| 体験談が正本 | 年度差あり | 要項で裏取り |

過去問の効果的な使い方の記事で記録列を先に固定し、本記事では「量より運用」の判断基準だけを週次レビューに載せてください。",改定年度の前提更新,"改定がある年は、古い過去問をそのまま回すリスクが増えます。

| 手順 | 作業 | 記録 |
| --- | --- | --- |
| 1 | 要項で改定章を一覧 | 章名・確認日 |
| 2 | テキストで差分更新 | 追記日 |
| 3 | 該当テーマだけ演習 | 正答数 |
| 4 | 非改定は維持確認 | 短問10問 |
| 5 | 体験談は補助 | 年度照合 |

全面買い替えより改定影響の大きい章へ時間を寄せる方が、50問120分の得点効率は高くなりやすいです。",3分野バランスと記録列,"過去問だけに寄せると、得意分野だけが伸び、総合点が止まりやすくなります。

| 分野 | 過去問での役割 | 週の目安 |
| --- | --- | --- |
| 法令・制度 | 骨格・手続数字 | 演習15問 |
| 契約・実務 | 長文・当事者整理 | 演習15問 |
| 設備・税務 | 数値・条件 | 演習10問 |
| 横断 | 50問通し | 月2回120分 |
| 記録 | 正答率・再発率 | 日曜30分 |

学習計画の立て方で週次枠を先に決め、本表の分野比率だけを2週ごとに上書きすると偏りを直しやすいです。",テキストとの往復（解き直しの型）,"過去問は理解確認ツールとして使うと、得点力に変換しやすくなります。

| タイミング | 作業 | 合格基準 |
| --- | --- | --- |
| 演習直後 | 争点3語＋分類 | 5分で1問 |
| 3日後 | 同型5問 | 再発なし |
| 7日後 | 根拠を口頭1分 | 説明可 |
| 14日後 | 再発のみ | 同型正解 |
| 記録 | 解き直し日 | カレンダー |

過去問の解き直しサイクルの記事と見返し日を揃えると、平日の短時間演習から週末の通しへ迷わず接続できます。",直前8週の切り替え,"試験8週前は、新規過去問の追加より再発誤答の消化を優先します。令和8年度は11月15日試験です。

| 残り | 過去問 | テキスト |
| --- | --- | --- |
| 8週 | 通し月2回 | 改定章のみ |
| 4週 | 再発トップ20 | 争点メモ |
| 2週 | 短問確認 | 新規なし |
| 前週 | 解答順の再現 | 持ち物・会場 |
| 記録 | 未解答・2分超 | 翌日メモ |

手続き情報は別メモに分離し、本節は50問120分の得点改善だけを扱うと更新が楽です。",,,,,過去問は何年分やれば十分ですか？,年数より、同じ論点を根拠付きで解き直せるかが重要です。直近3年分を通しで回し、誤答論点を用語と条文で補完できれば十分なことが多いです。古い年度は改定に注意し、要項の出題範囲と照合してから使ってください。範囲外の問題を大量に解くより、記録列を固定した運用の方が得点に直結しやすいです。,過去問偏重と過去問活用記事の違いは？,過去問の効果的な使い方は、演習前の前提確認と誤答記録・用語への戻し方が中心です。本記事は、「過去問だけで足りる」という誤解の解体と3分野バランスが中心です。先に活用記事で記録列を決め、本記事で週次の比率と改定確認を固定する順がおすすめです。記録列が未完成のまま回数だけ増やすと、再発誤答が残りやすい点に注意してください。,past-questions-how-to-use:過去問の効果的な使い方;past-questions-review-cycle:過去問の解き直しサイクル;study-plan:学習計画の立て方,独学で過去問だけに寄りすぎないコツは？,章を読んだら関連問題を解き、誤答理由を3分類で記録して再挑戦日を決める循環を固定してください。週1回は50問120分の通しを入れ、未解答と2分超を数値で残すと、時間不足か知識不足かが分かれます。体験談の「過去問だけで十分」は年度差があるため、自分の正答率表を正本にしてください。,,,過去問は運用で効く;改定章は要項で先確認;3分野を同じ表で記録;解き直しは間隔を固定;直前8週は再発中心
study-hours-myth,注意点・更新,賃貸不動産経営管理士試験の勉強時間の神話,賃貸不動産経営管理士試験の勉強時間神話を要項正本で整理。時間総量より学習密度・復習設計・50問120分・令和8年度11月15日試験向けに表で解説します。,一定時間を超えれば自動的に合格へ近づく、という考え方は学習記録と噛み合いません。同じ週10時間でも、復習設計と50問120分の再現性で結果は大きく変わります。賃貸不動産経営管理士試験は50問・120分・3分野、令和8年度は2026年11月15日（日）13:00〜15:00です。本記事では一般財団法人 賃貸不動産経営管理士試験センター要項を正本として、時間と得点の記録列、密度の上げ方、3分野配分、直前の削り方を表で説明します。試験形式・問題数は https://www.chintaikanrishi.jp/ の要項で必ず確認してください。,12,誤解;制度変更;合格後,賃管マスター編集部,資格学習サイトの編集チーム,公式情報確認担当,公開前に一次情報との照合を行う担当者,2026-06-04,賃貸不動産経営管理士協議会（公式）|https://www.chintaikanrishi.jp/,手書きリライト 2026-06-04。自動prose差し替え 2026-06-04（要手書き）。注意点・更新向けテンプレートから作成。公開前に本文・参照URL・関連リンクを差し替える。,本記事を読むと、勉強時間の多寡だけで不安にならず、賃貸不動産経営管理士試験で結果に直結する学習配分と改善手順を作れるようになります。,週間学習時間と分野別正答率を同じ表で管理する;3分野ごとの復習比率を固定して運用する;50問120分演習を月2回入れて実戦密度を確保する;誤答再挑戦を学習時間の中に必ず組み込む;時間不足時は教材追加より優先順位見直しを行う,試験要項・公式ページ更新時に本文と参照元を見直す。,2026-06-04,2026-06-29,2026-06-04,published,2026-06-04: 編集合格（手書きリライト）,よくある誤解（時間＝合格の保証）,"勉強時間に関する神話を、記録の有無で切り分けます。

| 誤解 | 実際 | 対策 |
| --- | --- | --- |
| 300時間で安心 | 密度が低いと停滞 | 再発率を見る |
| 長時間＝進捗 | 解き直しがない | 再挑戦日を入れる |
| 他人の時間を真似 | 生活枠が違う | 週次枠だけ固定 |
| 教材を増やす | 比較に時間が消える | 1冊＋解き直し |
| 通しなし | 120分で崩れる | 月2回計測 |

学習計画の立て方で最低ラインを決め、本記事の表は「時間の使い方」だけを毎週日曜に更新してください。",記録する4列（時間と得点）,"時間総量は目安として扱い、次の4列を毎週固定します。

| 列 | 記入例 | 使い道 |
| --- | --- | --- |
| 週の学習時間 | 8時間 | 上限の確認 |
| 分野別正答率 | 法令60%等 | 配分 |
| 再発誤答数 | 12件 | 解き直し優先 |
| 通し記録 | 未解答3 | 時間対策 |

時間を計った演習の記事で2分超の記録法を先に決め、本表に30分・60分時点の到達問数を足すと、時間不足の原因が分かれます。",密度を上げる週次ルート,"同じ時間でも、往復の回数で密度は変わります。

| 曜日 | 作業 | 時間の目安 |
| --- | --- | --- |
| 平日 | 短問＋誤答1件 | 30〜45分×3 |
| 土 | 分野別20問 | 90分 |
| 日 | 通しまたは解き直し | 120分計測 |
| 週末 | 表の更新 | 30分 |
| 上限 | 週10時間超 | 削る論点を決める |

不合格からの再受験計画の初動表と併用すると、時間を増やす前に「何を直すか」が先に固定されやすくなります。",3分野への時間再配分,"時間を足す場所は、再発率が高い分野に寄せます。

| 信号 | 配分 | 演習 |
| --- | --- | --- |
| 最弱分野の再発多 | +2時間/週 | 20問＋解き直し |
| 時間切れ多 | 通し優先 | 見切り練習 |
| 維持できている | 短問確認 | 月1回 |
| 改善が小さい | 原因1つ追加 | 他は維持 |
| 記録 | 2週ごと | 表の入れ替え |

2週間で正答率が伸びない分野だけ手を足し、それ以外は維持確認に回すと負荷が一定します。",直前8週（時間の使い方を切り替える）,"直前は総時間の増加より、再発と本番再現に寄せます。令和8年度は11月15日試験です。

| 残り | 時間の重点 | やめること |
| --- | --- | --- |
| 8週 | 通し月2回 | 新規テキスト大量 |
| 4週 | 再発誤答 | 分野の網羅 |
| 2週 | 争点メモ | 記録形式の変更 |
| 前週 | 睡眠・移動 | 深夜の長時間 |
| 記録 | 未解答・2分超 | 翌日1行 |

時間への不安は、週次表の数字で「次に直す1分野」に変換すると具体化します。",,,,,週に何時間あれば足りますか？,生活枠によりますが、6月開始なら週8〜10時間でも試験日までに十分な総量が確保できることが多いです。重要なのは時間の絶対値より、分野別正答率・再発率・50問通しの3指標を同じ表で見ることです。伸びが止まった週だけ、最弱1分野に+2時間を上乗せする運用が現実的です。,勉強時間神話と学習計画記事の違いは？,学習計画の立て方は、試験日からの逆算と週次枠の設計が中心です。本記事は、「時間を増やせば合格」という誤解の解体と記録列が中心です。先に計画記事で週次枠を決め、本記事の4列表で時間の使い方だけを毎週更新する順がおすすめです。,study-plan:学習計画の立て方;timed-practice:時間を計った演習;fail-retry-plan:不合格からの再受験計画,仕事が忙しくて時間が取れない週は？,通しを無理に入れるより、分野別15問と再発誤答の解き直しに切り替えてください。欠席週を翌週に2回通しで取り戻すと疲労が溜まり、再発率が上がりやすいです。カレンダーに「代替メニュー」を先に書いておくと判断が速くなります。,,,時間より密度と記録;4列の表を週次固定;通しで120分を検証;再発分野に時間を寄せる;直前は再発と再現
eligibility-myths,注意点・更新,賃貸不動産経営管理士試験の受験資格の誤解,賃貸不動産経営管理士試験の受験資格の誤解を要項正本で整理。区分表・書類・合格と登録の違いを50問120分・令和8年度11月15日試験向けに表で解説します。,"受験可否は年度要項の区分表で決まり、出典不明のまとめ記事だけでは判断できません。「学歴で不可」「講習で自動合格」などの噂は、条文と手続きを混同した誤解が多いです。賃貸不動産経営管理士試験は50問・120分・3分野、令和8年度は2026年11月15日（日）13:00〜15:00、受験料12,000円（要項どおり）です。本記事では一般財団法人 賃貸不動産経営管理士試験センター要項を正本として、よくある誤解、改定時の確認、合格後の位置づけ、情報源の優先順位を表で説明します。区分・必要書類は https://www.chintaikanrishi.jp/ の最新要項で必ず確認してください。",12,誤解;制度変更;合格後,賃管マスター編集部,資格学習サイトの編集チーム,公式情報確認担当,公開前に一次情報との照合を行う担当者,2026-06-04,賃貸不動産経営管理士協議会（公式）|https://www.chintaikanrishi.jp/,手書きリライト 2026-06-04。自動prose差し替え 2026-06-04（要手書き）。注意点・更新向けテンプレートから作成。公開前に本文・参照URL・関連リンクを差し替える。,本記事を読むと、受験資格や制度に関するネット上の誤情報を見分けられ、改定情報への対応、合格後の登録準備、不合格時の立て直しを公式情報ベースで進められます。,受験資格に関する噂を要項本文と照合し真偽をメモする;制度改定は協議会と試験センターの公表順で確認する;合格後の登録手続きと必要費用を別タスク化する;不合格時は誤答を3分野ごとに分析し次年度計画を作る;教材・体験記の情報は最新要項で裏取りする,試験要項・公式ページ更新時に本文と参照元を見直す。,2026-06-04,2026-06-29,2026-06-04,published,2026-06-04: 編集合格（手書きリライト）,よくある誤解（3つの代表）,"受験資格まわりで頻出する誤解を、要項での確認先と切り分けます。

| 誤解 | 実際 | 確認先 |
| --- | --- | --- |
| 学歴だけで可否が決まる | 区分表で総合判断 | 要項「受験資格」 |
| 昔の要件が今も有効 | 年度で変わる | 最新要項 |
| 講習＝自動合格 | 受験と合格は別 | 要項・試験結果 |
| 5問免除＝資格取得 | 問題数の特例 | 要項該当章 |
| SNSまとめが正本 | 解釈・古い年度 | 試験センター |

受験資格（要項での区分確認）の記事で区分表の読み方を先に固定し、本記事では噂の真偽チェックリストだけを申込前に使ってください。",改定・5問免除の見落とし,"制度改定は、受験資格と出題形式の両方に影響し得ます。

| 項目 | 誤解しやすい点 | 確認 |
| --- | --- | --- |
| 問題数 | 50問か45問か | 要項・講習修了 |
| 出題範囲 | 前年メモの流用 | 章立ての差分 |
| 申込書類 | 旧様式 | 当年度様式 |
| 手数料 | 12,000円以外の噂 | 要項「受験料」 |
| 記録 | 確認日 | カレンダー |

協議会案内と試験センター要項を同じ週に開き、変更がなければ「確認済み」と日付だけ残す運用で十分です。",合格・登録・試験学習の分離,"受験段階で混同すると、学習と手続きの両方が遅れます。

| 区分 | 正本 | 受験中の扱い |
| --- | --- | --- |
| 受験資格 | 試験センター要項 | 申込前に確定 |
| 学科合格 | 合否通知 | 発表後に確認 |
| 登録・届出 | 協議会・所管案内 | 別メモで管理 |
| 学習 | 3分野・50問 | 本番得点優先 |
| 記録 | ノート分離 | 混在禁止 |

受験資格・登録制度の記事で合格後の枠組みを先に読み、受験中は要項の区分と演習に時間を配分するのが安全です。",不合格後も資格確認は継続,"不合格後は、噂を追うより記録と次回申込の前提を固めます。

| 作業 | 時期 | 成果物 |
| --- | --- | --- |
| 分野別正答数 | 1週間以内 | 数値表 |
| 要項で次回日程 | 第2週 | 申込カレンダー |
| 資格区分の再確認 | 申込前 | 該当行1つ |
| 学習再開 | 記録後 | 週次枠 |
| 体験談 | 補助のみ | 年度照合 |

資格の不安が残る場合も、最終判断は要項原文に戻してください。学習計画の修正は数値表ができてから始めると優先がぶれません。",情報源の優先順位,"迷ったときは、次の順で確認します。令和8年度は11月15日試験です。

| 順位 | 情報源 | 使い方 |
| --- | --- | --- |
| 1 | 試験センター要項 | 資格・申込・試験日 |
| 2 | 協議会公表 | 制度背景・登録 |
| 3 | 教材改訂情報 | 学習の補助 |
| 4 | 体験記・SNS | 工夫のみ |
| 記録 | 確認日＋版数 | 週1まとめ |

日程・申込の確認手順の記事で締切をカレンダーに転記し、資格判断は要項の区分表だけを正本に統一してください。",,,,,ネットの体験記はどこまで信用してよいですか？,学習の参考にはなりますが、受験資格・申込期限・手数料は公式一次情報で再確認が必須です。体験記は実施年度が古いことも多いため、日付と出典を確認してから使ってください。最終判断は試験センター要項の区分表に統一すると、申込ミスを減らせます。,受験資格の誤解と受験資格記事の違いは？,受験資格（要項での区分確認）の記事は、区分表の読み方と書類・申込手順が中心です。本記事は、ネット上の誤情報の見分け方と情報源の優先順位が中心です。先に受験資格記事で該当区分を1つ特定し、本記事のチェックリストで噂を除外する順が効率的です。,exam-eligibility:受験資格（要項での区分確認）;eligibility-registration:受験資格・登録制度;schedule-application:日程・申込の確認手順,独学で誤情報に振り回されないコツは？,情報源を3つまでに固定し、最終判断を常に公式要項に置くことです。疑問点はメモし、週1回まとめて公式サイトで検証する運用にすると学習の中断が減ります。受験資格が確定したら、残りの週次時間は3分野演習と50問通しに寄せてください。,,,要項の区分表が正本;講習≠自動合格;合格と登録は別手続き;改定は要項で先確認;体験談は裏取りのみ
difficulty-myths,注意点・更新,賃貸不動産経営管理士試験の難易度の誤解,賃貸不動産経営管理士試験の難易度の誤解を要項正本で整理。正答率推移・3分野配分・50問120分・令和8年度11月15日試験向けに表で解説します。,難易度を他人の印象で決めると、直前だけの学習や早期の諦めにつながりやすくなります。実際には分野別の得手不得手と学習設計で結果は大きく変わります。賃貸不動産経営管理士試験は50問・120分・3分野、令和8年度は2026年11月15日（日）13:00〜15:00です。本記事では一般財団法人 賃貸不動産経営管理士試験センター要項を正本として、極端な誤解、改定時の見方、記録の作り方、立て直し、公式確認を表で説明します。合格基準・統計は https://www.chintaikanrishi.jp/ の要項・公表資料で必ず確認してください。,12,誤解;制度変更;合格後,賃管マスター編集部,資格学習サイトの編集チーム,公式情報確認担当,公開前に一次情報との照合を行う担当者,2026-06-04,賃貸不動産経営管理士協議会（公式）|https://www.chintaikanrishi.jp/,手書きリライト 2026-06-04。自動prose差し替え 2026-06-04（要手書き）。注意点・更新向けテンプレートから作成。公開前に本文・参照URL・関連リンクを差し替える。,本記事を読むと、賃貸不動産経営管理士試験の難易度の誤解を手放し、自分の正答率推移から弱点分野と学習配分を具体的に設計できるようになります。,要項で合格基準と問題数を確認してから目標得点を置く;週次で3分野の正答率と再発率を同じ表に記録する;50問120分の通しを月2回入れ時間切れを数値化する;体験談の難易度評価は演習データで裏取りする;2週ごとに改善が小さい原因分類だけ追加対策する,試験要項・公式ページ更新時に本文と参照元を見直す。,2026-06-04,2026-06-29,2026-06-04,published,2026-06-04: 編集合格（手書きリライト）,よくある誤解（極端な二択）,"難易度の議論で起きやすい極端な誤解です。

| 誤解 | 実際 | 対策 |
| --- | --- | --- |
| 簡単だから直前だけ | 3分野の偏りで失点 | 週次演習を継続 |
| 難しいから諦め | 配分で伸びる分野あり | 最弱1分野に集中 |
| 合格率だけ見る | 自分の得点が基準 | 通し記録 |
| 体験談が全員に当てはまる | 前提が違う | 正答率表 |
| 教材を増やす | 比較疲れ | 解き直し優先 |

合格点の見方の記事で目標の置き方を先に決め、本記事では主観ではなく数字で難易度を管理する手順だけを固定してください。",改定・出題傾向と難易度の再評価,"過去の体験談を当年度にそのまま当てはめると、重点がずれます。

| 確認 | 頻度 | 記録 |
| --- | --- | --- |
| 要項・協議会更新 | 月1回 | 変更なし／修正 |
| 改定章 | 該当時のみ | 章名リスト |
| 演習結果 | 2週ごと | 分野別正答率 |
| 体験談 | 参考 | 年度照合 |
| 学習計画 | 差分反映 | 翌週枠 |

改定確認を演習テーマへ落とし込むと、漠然とした不安ではなく改善可能な課題に変換しやすくなります。",正答率表で見る「自分の難易度」,"他人の難易度ではなく、自分の推移を基準にします。

| 指標 | 記入 | 判断 |
| --- | --- | --- |
| 分野別正答率 | 週次 | 配分の再設計 |
| 再発率 | 同類誤答% | 解き直し日 |
| 未解答 | 通しごと | 時間対策 |
| 2分超 | 問番号 | 見切り基準 |
| 目標差分 | 模試−目標 | 1分野追加 |

模試の活用法の24時間以内分析と組み合わせると、表の更新が遅れにくくなります。",不合格後の立て直し（印象で終わらない）,"「難しすぎた」で終わらせず、失点構造を分解します。

| 分類 | 信号 | 追加作業 |
| --- | --- | --- |
| 知識不足 | 根拠不可 | 用語・短問 |
| 読解不足 | 条件の読み落とし | 争点3語 |
| 時間不足 | 未着手・後半崩れ | 通し＋見切り |
| 記録 | 3分類タグ | 翌週枠 |
| 優先 | 再発最大 | 週+2時間 |

難易度の印象だけで教材を増やすより、再発パターンを減らす方が点数改善は速くなりやすいです。",公式情報を前提に置く,"難易度議論でも、前提は要項と公表資料です。令和8年度は11月15日試験です。

| 前提 | 正本 | ずれると |
| --- | --- | --- |
| 問題数 | 要項 | 時間配分の誤り |
| 合格基準 | 要項・公表 | 目標の過不足 |
| 試験日 | 要項 | 逆算の誤り |
| 受験資格 | 要項 | 申込不可 |
| 記録 | 確認日 | 改定見落とし |

学習計画と同じ管理表に公式確認日を入れると、難易度判断のブレを減らせます。",,,,,合格率が高い／低いと聞いて不安です,合格率は全体統計であり、個人の得点改善には直接つながりません。自分の50問演習の分野別正答率と未解答数を週次で記録し、差が大きい分野に時間を移す方が実務的です。目標の置き方は合格点の見方の記事と要項で確認してください。,難易度の誤解と模試活用記事の違いは？,模試の活用法は、受験タイミングと24時間以内の分析手順が中心です。本記事は、他人の印象ではなく正答率で難易度を管理する考え方が中心です。模試後は前者の手順で記録し、本記事の表で2週間ごとに推移を見る流れがおすすめです。,pass-score:合格点・合格率の見方;mock-exam-how-to:模試の活用法;study-plan:学習計画の立て方,独学で難易度を客観的に把握するには？,週次で分野別の誤答率と再発率を記録し、再発の高い論点に学習時間を寄せてください。月2回の50問120分通しで未解答と2分超を残すと、時間難易度も数値化できます。公式確認日と演習分析を同じサイクルで回すと、判断のブレを減らせます。,,,難易度は主観より数値;極端な二択を避ける;改定は月1で確認;失点は3分類で分解;要項が前提の正本
affiliate-textbooks-recommend,独学対策,賃貸不動産経営管理士のおすすめテキスト3選【2026年度版・独学】,賃貸不動産経営管理士の独学向けおすすめテキスト3選。TACはじめの一歩・TAC教科書・LEC合格のトリセツを比較。選び方と賃管マスター過去問との併用も解説。,賃貸不動産経営管理士試験（賃管）は3分野（法令・契約実務・設備税務）の理解と演習量が合格の鍵です。本記事では2026年度版の主要テキスト3冊を、独学・社会人受験の視点で比較します。出題範囲は必ず賃貸不動産経営管理士協議会（公式）で確認してください。価格・版情報は購入前にAmazonで必ずご確認ください。,370,独学;参考書;アフィリエイト,賃管マスター編集部,資格学習サイトの編集チーム,公式情報確認担当,公開前に一次情報との照合を行う担当者,2026-06-04,賃貸不動産経営管理士協議会（公式）|https://www.chintaikanrishi.jp/,Amazon tag=ue083093-22。4300120056 / 4300120072 / 4844974351。,賃貸不動産経営管理士のテキストを、入門型・本格教科書・ALL-in-one型で比較し、独学の最初の1冊（または2冊構成）に絞りたい。,比較表で3冊の違いを確認する;3分野の出題範囲を公式で確認する;過去問で弱点を把握する,試験要項・公式ページ更新時に本文と参照元を見直す。,2026-06-04,2026-06-29,2026-06-04,published,2026-06-04: Amazon URL確定・本文全面リライト,テキスト選びの3つのポイント,"賃管試験のテキスト選びでは、①賃貸不動産経営管理士協議会（公式）の3分野（法令・契約実務・設備税務）に目次が沿っているか、②不動産実務経験の有無に合う解説量か、③一問一答・過去問とセットで使えるかを確認します。

初学者は「はじめの一歩→教科書」、ある程度知識がある人は教科書1冊から始める構成が多いです。

賃貸不動産経営管理士協議会（公式）の出題範囲（3分野）と照合し、賃管マスターの過去問・用語解説と組み合わせて復習サイクルを回してください。",おすすめテキスト比較の見方,"比較では「TAC入門→教科書」「TAC本格教科書」「LECトリセツ（テキスト&一問一答）」の3タイプで見ます。独学初期は理解用1冊に絞り、演習が進んだ段階で問題集1冊（おすすめ問題集の記事）を追加する構成が扱いやすいです。賃管マスターの過去問で分野別得点を確認し、足りない解説量を基準に選んでください。

賃貸不動産経営管理士協議会（公式）の出題範囲（3分野）と照合し、賃管マスターの過去問・用語解説と組み合わせて復習サイクルを回してください。",1位：TAC「はじめの一歩」の特徴,"2026年度版 みんなが欲しかった! 賃貸不動産経営管理士 合格へのはじめの一歩（1,430円税込参考・204ページ・B5判）は、3分野の全体像をつかむ入門テキスト。TAC教科書へ進む前の第一歩として選ばれやすい1冊です。

向いている人：賃管試験をこれから始め、用語と論点の輪郭を先に把握したい人。

賃貸不動産経営管理士協議会（公式）の出題範囲（3分野）と照合し、賃管マスターの過去問・用語解説と組み合わせて復習サイクルを回してください。",2位・3位：TAC教科書・LEC合格のトリセツ,"2026年度版 みんなが欲しかった! 賃貸不動産経営管理士の教科書（TAC出版・2,640円税込参考・968ページ）は、解説厚めの本格教材。一問一答・直前予想模試と組み合わせやすい定番です。

2026年版 賃貸不動産経営管理士 合格のトリセツ テキスト&一問一答（LEC・2,750円税込参考・456ページ）は、テキストと短問演習を1冊で回したい人向け。LEC過去問題集（別記事）への接続もスムーズです。",テキストと賃管マスター過去問の併用,"テキストで論点を押さえたら、賃管マスターの過去問・一問一答で本試験形式の演習に移ります。3分野ごとの得点を記録し、弱点分野をテキスト該当章に戻って復習するサイクルが効率的です。直前期は予想模試・チェックシート（別記事）も併用すると安心です。

賃貸不動産経営管理士協議会（公式）の出題範囲（3分野）と照合し、賃管マスターの過去問・用語解説と組み合わせて復習サイクルを回してください。",購入前チェックリスト,"購入前に以下を確認してください。
・2026年度版（最新版）か
・3分野すべてが目次に含まれているか
・Amazon在庫・価格（執筆時点と異なる場合あり）
・学習期間（2か月／4か月）に対してページ数・演習量が見合うか

賃貸不動産経営管理士協議会（公式）の出題範囲（3分野）と照合し、賃管マスターの過去問・用語解説と組み合わせて復習サイクルを回してください。",,,TACとLEC、どちらを選べばよいですか？,TACは教科書→一問一答→直前教材の縦串が揃いやすく、LECはテキスト&一問一答＋過去問題集の2冊構成が扱いやすいです。まずは比較表で解説量と演習の進め方を確認し、1ブランドに絞ると計画が立てやすくなります。,テキストは1冊だけで足りますか？,本格教科書1冊＋当サイトの過去問演習で独学は可能です。演習量が足りないと感じたら、おすすめ問題集の記事で紹介している1冊を追加してください。 理解が浅い論点は当サイトの用語解説と過去問演習で確認してから次の教材へ進むと定着しやすくなります。,self-study-start:独学の始め方;past-questions-how-to-use:過去問活用法;exam-overview:試験概要;affiliate-problem-books:おすすめ問題集;affiliate-mock-exam-materials:直前・予想模試;pass-score:合格点と合格基準,はじめの一歩だけ買っても大丈夫ですか？,試験の全体像把握には有効ですが、本格学習には教科書またはLECトリセツへの移行が必要です。入門読了後2〜4週間以内にメインテキストを決めることを推奨します。 理解が浅い論点は当サイトの用語解説と過去問演習で確認してから次の教材へ進むと定着しやすくなります。,,,2026年度版 みんなが欲しかった! 賃貸不動産経営管理士 合格へのはじめの一歩;2026年度版 みんなが欲しかった! 賃貸不動産経営管理士の教科書;2026年版 賃貸不動産経営管理士 合格のトリセツ テキスト&一問一答;テキスト選びの3つのポイント;過去問との併用
affiliate-problem-books,独学対策,賃貸不動産経営管理士のおすすめ問題集3選【一問一答・過去問2026】,賃貸不動産経営管理士のおすすめ問題集3選。TAC一問一答、LEC過去問題集、建築資料研究社過去問題集を比較。過去問の回し方と分野別対策も解説。,賃管試験では、一問一答・過去問の演習量が得点安定の鍵です。本記事では2026年度版の問題集3冊を、収録形式・解説量・演習量で比較します。価格は購入前にAmazonで必ずご確認ください。,365,独学;参考書;アフィリエイト,賃管マスター編集部,資格学習サイトの編集チーム,公式情報確認担当,公開前に一次情報との照合を行う担当者,2026-06-04,賃貸不動産経営管理士協議会（公式）|https://www.chintaikanrishi.jp/,Amazon tag=ue083093-22。4300120080 / 484497436X / 4868340581。,賃貸不動産経営管理士の問題集を比較し、演習メイン1冊を決めて、分野別の弱点補強計画を立てたい。,3冊の収録形式を比較する;3分野の得点バランスを確認する;弱点分野をテキストで復習する,試験要項・公式ページ更新時に本文と参照元を見直す。,2026-06-04,2026-06-29,2026-06-04,published,2026-06-04: Amazon URL確定・本文全面リライト,問題集選びの基準,"問題集選びでは、(1)3分野の出題バランスが取れているか (2)解説で復習できるか (3)演習量が計画に見合うかを確認します。法令・契約実務・設備税務それぞれの得点バランスを見ながら、弱点分野に戻れる解説量があるかが重要です。

賃貸不動産経営管理士協議会（公式）の出題範囲（3分野）と照合し、賃管マスターの過去問・用語解説と組み合わせて復習サイクルを回してください。",3冊の選び方（タイプ別）,"TAC教科書とセットで短問演習したい人は2026年度版 みんなが欲しかった! 賃貸不動産経営管理士の一問一答問題集、LECテキストと組み合わせるなら2026年版 賃貸不動産経営管理士 合格のトリセツ 過去問題集、解説付き過去問を通し演習したい人はどこでも! 学ぶ 賃貸不動産経営管理士 過去問題集 2026年度版が向きます。

賃貸不動産経営管理士協議会（公式）の出題範囲（3分野）と照合し、賃管マスターの過去問・用語解説と組み合わせて復習サイクルを回してください。",1位：TAC 一問一答問題集,"2026年度版 みんなが欲しかった! 賃貸不動産経営管理士の一問一答問題集（2,090円税込参考・524ページ・B5判）は、TAC教科書と章立ての相性がよく、テキスト読了後の演習メイン1冊として選ばれやすい定番です。

賃貸不動産経営管理士協議会（公式）の出題範囲（3分野）と照合し、賃管マスターの過去問・用語解説と組み合わせて復習サイクルを回してください。

賃貸不動産経営管理士協議会（公式）の出題範囲（3分野）と照合し、賃管マスターの過去問・用語解説と組み合わせて復習サイクルを回してください。",2位・3位：LEC過去問題集・建築資料研究社,"2026年版 賃貸不動産経営管理士 合格のトリセツ 過去問題集（LEC・2,530円税込参考・789ページ）は、LECテキスト&一問一答との縦串が明確。本試験形式の演習量確保に向きます。

どこでも! 学ぶ 賃貸不動産経営管理士 過去問題集 2026年度版（建築資料研究社・2,640円税込参考・536ページ）は、他社教材と併用して演習量を増やしたい人向けの過去問専門1冊です。",過去問の回し方（賃管マスターとの併用）,"当サイトの過去問で分野別得点を把握したうえで、問題集で「時間を計って解く」練習を行います。誤答は用語解説で類似論点まで整理し、1週間後に解き直してください。過去問活用法は past-questions-how-to-use を参照。

賃貸不動産経営管理士協議会（公式）の出題範囲（3分野）と照合し、賃管マスターの過去問・用語解説と組み合わせて復習サイクルを回してください。",直前教材との使い分け,"一問一答・過去問で論点を押さえたあと、直前期はTAC直前予想模試・合格るチェックシート（別記事）で総仕上げする受験生が多いです。教材は増やしすぎず、1フェーズ1冊を原則にすると計画が立てやすくなります。

賃貸不動産経営管理士協議会（公式）の出題範囲（3分野）と照合し、賃管マスターの過去問・用語解説と組み合わせて復習サイクルを回してください。

賃貸不動産経営管理士協議会（公式）の出題範囲（3分野）と照合し、賃管マスターの過去問・用語解説と組み合わせて復習サイクルを回してください。",,,一問一答と過去問題集、どちらを先に買いますか？,テキスト読了後は一問一答で短問演習→過去問題集で本試験形式、という順が一般的です。LECトリセツはテキスト&一問一答がセットのため、過去問題集追加の2冊構成になりやすいです。 理解が浅い論点は当サイトの用語解説と過去問演習で確認してから次の教材へ進むと定着しやすくなります。,問題集は何冊必要ですか？,メイン1冊＋当サイト過去問で足りる場合が多いです。演習量を増やす場合は2冊目を追加し、直前期は予想模試を検討してください。 理解が浅い論点は当サイトの用語解説と過去問演習で確認してから次の教材へ進むと定着しやすくなります。,past-questions-how-to-use:過去問活用法;past-questions-by-year:年度別過去問;self-study-start:独学の始め方;affiliate-textbooks-recommend:おすすめテキスト;affiliate-mock-exam-materials:直前・予想模試;pass-score:合格点と合格基準,最新年度版じゃないとダメですか？,法令改正・出題傾向の反映のため、購入時は2026年度版（最新版）を選んでください。中古は版と改訂情報の確認が必要です。 理解が浅い論点は当サイトの用語解説と過去問演習で確認してから次の教材へ進むと定着しやすくなります。,,,2026年度版 みんなが欲しかった! 賃貸不動産経営管理士の一問一答問題集;2026年版 賃貸不動産経営管理士 合格のトリセツ 過去問題集;どこでも! 学ぶ 賃貸不動産経営管理士 過去問題集 2026年度版;問題集選びの基準;過去問の回し方
affiliate-online-course-compare,独学対策,賃貸不動産経営管理士試験のオンライン講座の比較,賃貸不動産経営管理士試験のオンライン講座の比較について、賃管受験者試験で問われる論点と学習の進め方を解説。公式情報の確認ポイントと演習・用語解説の活用法をまとめます。,独学で合格を目指す場合は、教材を増やす前に出題範囲と復習の仕組みを決めておくことが大切です。,26,独学;教材;学習計画;アフィリエイト,賃管マスター編集部,資格学習サイトの編集チーム,公式情報確認担当,公開前に一次情報との照合を行う担当者,2026-05-30,賃貸不動産経営管理士協議会（公式）|https://www.chintaikanrishi.jp/,独学対策向けテンプレートから作成。公開前に本文・参照URL・関連リンクを差し替える。,本記事を読むと、賃貸不動産経営管理士試験のオンライン講座の比較について、公式テキストと賃貸不動産経営管理士試験センター（公式）で押さえる論点と、演習→用語解説→1週間後の解き直しまでの復習順が具体的に分かります。,賃貸不動産経営管理士試験のオンライン講座の比較について【行動1】を公式要項と照合して確認する;賃貸不動産経営管理士試験のオンライン講座の比較について【行動2】を公式要項と照合して確認する;賃貸不動産経営管理士試験のオンライン講座の比較について【行動3】を公式要項と照合して確認する,試験要項・公式ページ更新時に本文と参照元を見直す。,2026-05-30,2026-06-29,2026-05-30,draft,ガイド記事テンプレート で 2026-05-30 作成。; ASPリンク未設定のため draft（非公開） (2026-06-03),独学前に公式情報を確認,"独学を始める前に、賃貸不動産経営管理士試験センター（公式）で受験資格・試験日程・出題範囲（3分野）・合格基準をメモしてください。オンライン講座の比較の学習計画は、公式テキストの章立てと一致させると、過去問の分野ラベルとも対応づけやすくなります。

ブログやSNSの「最新情報」は、必ず賃貸不動産経営管理士試験センターのページと照合してから採用してください。申込期限や受験料は年度ごとに変わるため、カレンダーに締切を入れてから教材を開く習慣が有効です。",教材・参考書の選び方,"オンライン講座の比較向けには、賃貸不動産経営管理士試験センター発行の公式テキスト（賃管）を軸に置くのが基本です。問題集は年度・版の表記を確認し、3分野すべてをカバーしているかを目次でチェックしてください。

教材を増やしすぎるより、1冊を2周してから演習問題・一問一答で穴を見つける方が、賃管受験者の実務イメージもつきやすくなります。演習でオンライン講座の比較に関する設問を解いたら。正解理由と誤答肢の違いを短くメモし、用語解説・比較表・よくある誤答タブで似た論点を比較表で整理すると定着しやすくなります。",過去問で現在地を確認,"最初の過去問は、オンライン講座の比較に限定せず1回分を通しで解き、3分野のうちどこで迷ったかを記録します。たとえば「賃管法令・制度」と「法令」の問題を取り違えた、など分野名でメモすると復習が楽です。

得点より「どの用語が弱いか」を把握することが目的です。不正解の選択肢は、用語解説で定義と試験論点を確認してから同分野の演習へ戻ってください。「過去問で現在地を確認」では、オンライン講座の比較について公式テキストの該当章を開き、主体・期限・数値をメモしながら演習問題で定着を確認します。数値・日程は賃貸不動産経営管理士試験センター（公式）の最新要項で必ず照合してください。",復習を計画に入れる,"復習は「翌日・3日後・1週間後」の3回サイクルをカレンダーに先に入れておくと実行しやすくなります。オンライン講座の比較で間違えた問題は、正答番号ではなく「なぜ他の肢が違うか」まで言語化してから次へ進みます。

アプリのブックマークや復習機能に、分野タグ付きで残しておくと、直前期にオンライン講座の比較関連の弱点だけを絞り込めます。「復習を計画に入れる」では、オンライン講座の比較について公式テキストの該当章を開き、主体・期限・数値をメモしながら演習問題で定着を確認します。数値・日程は賃貸不動産経営管理士試験センター（公式）の最新要項で必ず照合してください。",直前期の絞り込み,"試験直前は新しい参考書を増やさず、オンライン講座の比較で何度も迷った分野と頻出用語に絞ります。3分野のうち得点率が低い領域を1つ選び、用語10語＋演習20問程度をセットで見直すのが目安です。

前日は暗記の詰め込みより、睡眠と当日の持ち物・会場確認を優先してください。数値（敷金、礼金、更新料、原状回復、建物設備など）は早見表タブで最終確認すると安心です。「直前期の絞り込み」では、オンライン講座の比較について公式テキストの該当章を開き、主体・期限・数値をメモしながら演習問題で定着を確認します。数値・日程は賃貸不動産経営管理士試験センター（公式）の最新要項で必ず照合してください。",,,,,独学では何から始めればよいですか？,「独学では何から始めればよいですか？」については、公式テキスト＋過去問演習＋用語解説の3点セットで進める。弱点は比較表で補強する。試験要項の条文番号をメモに書き出して確認する。弱点論点は比較表で補強する。affiliate-online-course-compareの公式数値表で確認する。,過去問だけで足りますか？,「過去問だけで足りますか？」は過去問演習で出題形式を把握し、正答後に用語解説で論点を復習する。過去問1問の正答理由をノートに記録して復習する。正答後は関連条文を開く。試験要項の最新版も確認。affiliate-online-course-compare関連の過去問1問で正答率を記録する。,exam-overview:試験概要;study-plan:学習計画,,「本テーマ」の整理後は賃貸不動産経営管理士試験のオンライン講座の比較について【行動2】を公式要項と照合して確認する。同テーマを1週間後に解き直して定着を確認する。混同しやすい近義語を比較表の左右に整理する。affiliate-online-course-compareの誤答肢を比較表に整理する。,,,独学前に公式情報を確認;教材・参考書の選び方;過去問で現在地を確認;復習を計画に入れる;直前期の絞り込み
affiliate-correspondence-course,独学対策,賃貸不動産経営管理士試験の通信講座の比較,賃貸不動産経営管理士試験の通信講座の比較について、賃管受験者試験で問われる論点と学習の進め方を解説。公式情報の確認ポイントと演習・用語解説の活用法をまとめます。,独学で合格を目指す場合は、教材を増やす前に出題範囲と復習の仕組みを決めておくことが大切です。,26,独学;教材;学習計画;アフィリエイト,賃管マスター編集部,資格学習サイトの編集チーム,公式情報確認担当,公開前に一次情報との照合を行う担当者,2026-05-30,賃貸不動産経営管理士協議会（公式）|https://www.chintaikanrishi.jp/,独学対策向けテンプレートから作成。公開前に本文・参照URL・関連リンクを差し替える。,本記事を読むと、賃貸不動産経営管理士試験の通信講座の比較について、公式テキストと賃貸不動産経営管理士試験センター（公式）で押さえる論点と、演習→用語解説→1週間後の解き直しまでの復習順が具体的に分かります。,賃貸不動産経営管理士試験の通信講座の比較について【行動1】を公式要項と照合して確認する;賃貸不動産経営管理士試験の通信講座の比較について【行動2】を公式要項と照合して確認する;賃貸不動産経営管理士試験の通信講座の比較について【行動3】を公式要項と照合して確認する,試験要項・公式ページ更新時に本文と参照元を見直す。,2026-05-30,2026-06-29,2026-05-30,draft,ガイド記事テンプレート で 2026-05-30 作成。; ASPリンク未設定のため draft（非公開） (2026-06-03),独学前に公式情報を確認,"独学を始める前に、賃貸不動産経営管理士試験センター（公式）で受験資格・試験日程・出題範囲（3分野）・合格基準をメモしてください。通信講座の比較の学習計画は、公式テキストの章立てと一致させると、過去問の分野ラベルとも対応づけやすくなります。

ブログやSNSの「最新情報」は、必ず賃貸不動産経営管理士試験センターのページと照合してから採用してください。申込期限や受験料は年度ごとに変わるため、カレンダーに締切を入れてから教材を開く習慣が有効です。",教材・参考書の選び方,"通信講座の比較向けには、賃貸不動産経営管理士試験センター発行の公式テキスト（賃管）を軸に置くのが基本です。問題集は年度・版の表記を確認し、3分野すべてをカバーしているかを目次でチェックしてください。

教材を増やしすぎるより、1冊を2周してから演習問題・一問一答で穴を見つける方が、賃管受験者の実務イメージもつきやすくなります。演習で通信講座の比較に関する設問を解いたら。正解理由と誤答肢の違いを短くメモし、用語解説・比較表・よくある誤答タブで似た論点を比較表で整理すると定着しやすくなります。",過去問で現在地を確認,"最初の過去問は、通信講座の比較に限定せず1回分を通しで解き、3分野のうちどこで迷ったかを記録します。たとえば「賃管法令・制度」と「法令」の問題を取り違えた、など分野名でメモすると復習が楽です。

得点より「どの用語が弱いか」を把握することが目的です。不正解の選択肢は、用語解説で定義と試験論点を確認してから同分野の演習へ戻ってください。「過去問で現在地を確認」では、通信講座の比較について公式テキストの該当章を開き、主体・期限・数値をメモしながら演習問題で定着を確認します。数値・日程は賃貸不動産経営管理士試験センター（公式）の最新要項で必ず照合してください。",復習を計画に入れる,"復習は「翌日・3日後・1週間後」の3回サイクルをカレンダーに先に入れておくと実行しやすくなります。通信講座の比較で間違えた問題は、正答番号ではなく「なぜ他の肢が違うか」まで言語化してから次へ進みます。

アプリのブックマークや復習機能に、分野タグ付きで残しておくと、直前期に通信講座の比較関連の弱点だけを絞り込めます。「復習を計画に入れる」では、通信講座の比較について公式テキストの該当章を開き、主体・期限・数値をメモしながら演習問題で定着を確認します。数値・日程は賃貸不動産経営管理士試験センター（公式）の最新要項で必ず照合してください。",直前期の絞り込み,"試験直前は新しい参考書を増やさず、通信講座の比較で何度も迷った分野と頻出用語に絞ります。3分野のうち得点率が低い領域を1つ選び、用語10語＋演習20問程度をセットで見直すのが目安です。

前日は暗記の詰め込みより、睡眠と当日の持ち物・会場確認を優先してください。数値（敷金、礼金、更新料、原状回復、建物設備など）は早見表タブで最終確認すると安心です。「直前期の絞り込み」では、通信講座の比較について公式テキストの該当章を開き、主体・期限・数値をメモしながら演習問題で定着を確認します。数値・日程は賃貸不動産経営管理士試験センター（公式）の最新要項で必ず照合してください。",,,,,独学では何から始めればよいですか？,「独学では何から始めればよいですか？」については、公式テキスト＋過去問演習＋用語解説の3点セットで進める。弱点は比較表で補強する。試験要項の条文番号をメモに書き出して確認する。弱点論点は比較表で補強する。affiliate-correspondence-courseの公式数値表で確認する。,過去問だけで足りますか？,「過去問だけで足りますか？」は過去問演習で出題形式を把握し、正答後に用語解説で論点を復習する。過去問1問の正答理由をノートに記録して復習する。正答後は関連条文を開く。試験要項の最新版も確認。affiliate-correspondence-course関連の過去問1問で正答率を記録する。,exam-overview:試験概要;study-plan:学習計画,,「本テーマ」の整理後は賃貸不動産経営管理士試験の通信講座の比較について【行動2】を公式要項と照合して確認する。同テーマを1週間後に解き直して定着を確認する。混同しやすい近義語を比較表の左右に整理する。affiliate-correspondence-courseの誤答肢を比較表に整理する。,,,独学前に公式情報を確認;教材・参考書の選び方;過去問で現在地を確認;復習を計画に入れる;直前期の絞り込み
affiliate-cram-school,独学対策,賃貸不動産経営管理士試験の資格学校・通学講座の選び方,賃貸不動産経営管理士試験の資格学校・通学講座の選び方について、賃管受験者試験で問われる論点と学習の進め方を解説。公式情報の確認ポイントと演習・用語解説の活用法をまとめます。,独学で合格を目指す場合は、教材を増やす前に出題範囲と復習の仕組みを決めておくことが大切です。,26,独学;教材;学習計画;アフィリエイト,賃管マスター編集部,資格学習サイトの編集チーム,公式情報確認担当,公開前に一次情報との照合を行う担当者,2026-05-30,賃貸不動産経営管理士協議会（公式）|https://www.chintaikanrishi.jp/,独学対策向けテンプレートから作成。公開前に本文・参照URL・関連リンクを差し替える。,本記事を読むと、賃貸不動産経営管理士試験の資格学校・通学講座の選び方について、公式テキストと賃貸不動産経営管理士試験センター（公式）で押さえる論点と、演習→用語解説→1週間後の解き直しまでの復習順が具体的に分かります。,賃貸不動産経営管理士試験の資格学校・通学講座の選び方について【行動1】を公式要項と照合して確認する;賃貸不動産経営管理士試験の資格学校・通学講座の選び方について【行動2】を公式要項と照合して確認する;賃貸不動産経営管理士試験の資格学校・通学講座の選び方について【行動3】を公式要項と照合して確認する,試験要項・公式ページ更新時に本文と参照元を見直す。,2026-05-30,2026-06-29,2026-05-30,draft,ガイド記事テンプレート で 2026-05-30 作成。; ASPリンク未設定のため draft（非公開） (2026-06-03),独学前に公式情報を確認,"独学を始める前に、賃貸不動産経営管理士試験センター（公式）で受験資格・試験日程・出題範囲（3分野）・合格基準をメモしてください。資格学校・通学講座の選び方の学習計画は、公式テキストの章立てと一致させると、過去問の分野ラベルとも対応づけやすくなります。

ブログやSNSの「最新情報」は、必ず賃貸不動産経営管理士試験センターのページと照合してから採用してください。申込期限や受験料は年度ごとに変わるため、カレンダーに締切を入れてから教材を開く習慣が有効です。",教材・参考書の選び方,"資格学校・通学講座の選び方向けには、賃貸不動産経営管理士試験センター発行の公式テキスト（賃管）を軸に置くのが基本です。問題集は年度・版の表記を確認し、3分野すべてをカバーしているかを目次でチェックしてください。

教材を増やしすぎるより、1冊を2周してから演習問題・一問一答で穴を見つける方が、賃管受験者の実務イメージもつきやすくなります。演習で資格学校・通学講座の選び方に関する設問を解いたら。正解理由と誤答肢の違いを短くメモし、用語解説・比較表・よくある誤答タブで似た論点を比較表で整理すると定着しやすくなります。",過去問で現在地を確認,"最初の過去問は、資格学校・通学講座の選び方に限定せず1回分を通しで解き、3分野のうちどこで迷ったかを記録します。たとえば「賃管法令・制度」と「法令」の問題を取り違えた、など分野名でメモすると復習が楽です。

得点より「どの用語が弱いか」を把握することが目的です。不正解の選択肢は、用語解説で定義と試験論点を確認してから同分野の演習へ戻ってください。「過去問で現在地を確認」では、資格学校・通学講座の選び方について公式テキストの該当章を開き、主体・期限・数値をメモしながら演習問題で定着を確認します。数値・日程は賃貸不動産経営管理士試験センター（公式）の最新要項で必ず照合してください。",復習を計画に入れる,"復習は「翌日・3日後・1週間後」の3回サイクルをカレンダーに先に入れておくと実行しやすくなります。資格学校・通学講座の選び方で間違えた問題は、正答番号ではなく「なぜ他の肢が違うか」まで言語化してから次へ進みます。

アプリのブックマークや復習機能に、分野タグ付きで残しておくと、直前期に資格学校・通学講座の選び方関連の弱点だけを絞り込めます。「復習を計画に入れる」では、資格学校・通学講座の選び方について公式テキストの該当章を開き、主体・期限・数値をメモしながら演習問題で定着を確認します。数値・日程は賃貸不動産経営管理士試験センター（公式）の最新要項で必ず照合してください。",直前期の絞り込み,"試験直前は新しい参考書を増やさず、資格学校・通学講座の選び方で何度も迷った分野と頻出用語に絞ります。3分野のうち得点率が低い領域を1つ選び、用語10語＋演習20問程度をセットで見直すのが目安です。

前日は暗記の詰め込みより、睡眠と当日の持ち物・会場確認を優先してください。数値（敷金、礼金、更新料、原状回復、建物設備など）は早見表タブで最終確認すると安心です。",,,,,独学では何から始めればよいですか？,「独学では何から始めればよいですか？」については、公式テキスト＋過去問演習＋用語解説の3点セットで進める。弱点は比較表で補強する。試験要項の条文番号をメモに書き出して確認する。弱点論点は比較表で補強する。affiliate-cram-schoolの公式数値表で確認する。,過去問だけで足りますか？,「過去問だけで足りますか？」は過去問演習で出題形式を把握し、正答後に用語解説で論点を復習する。過去問1問の正答理由をノートに記録して復習する。正答後は関連条文を開く。試験要項の最新版も確認。affiliate-cram-school関連の過去問1問で正答率を記録する。,exam-overview:試験概要;study-plan:学習計画,,「本テーマ」の整理後は賃貸不動産経営管理士試験の資格学校・通学講座の選び方について【行動2】を公式要項と照合して確認する。同テーマを1週間後に解き直して定着を確認する。混同しやすい近義語を比較表の左右に整理する。affiliate-cram-schoolの誤答肢を比較表に整理する。,,,独学前に公式情報を確認;教材・参考書の選び方;過去問で現在地を確認;復習を計画に入れる;直前期の絞り込み
affiliate-mock-exam-materials,過去問活用,賃貸不動産経営管理士の直前対策3選【予想模試・チェックシート2026】,賃貸不動産経営管理士の直前対策3選。TAC直前予想模試・合格るチェックシート・一問一答を比較。本試験直前の演習の進め方も解説。,賃管試験の直前期は、予想模試で時間配分を確認し、チェックシートで頻出論点を最終整理するフェーズです。本記事ではTAC直前教材3冊を比較します。試験日程・出題範囲は必ず協議会（公式）で確認してください。,360,独学;参考書;アフィリエイト,賃管マスター編集部,資格学習サイトの編集チーム,公式情報確認担当,公開前に一次情報との照合を行う担当者,2026-06-04,賃貸不動産経営管理士協議会（公式）|https://www.chintaikanrishi.jp/,Amazon tag=ue083093-22。4300119457 / 4300120110 / 4300120080。,賃貸不動産経営管理士の本試験直前に、予想模試・チェックシート・一問一答を比較し、直前1〜2冊を決めたい。,3冊の用途を比較する;受験予定回を確認する;テキスト・過去問との役割分担を決める,試験要項・公式ページ更新時に本文と参照元を見直す。,2026-06-04,2026-06-29,2026-06-04,published,2026-06-04: Amazon URL確定・本文全面リライト,直前教材の位置づけ,"直前教材は、テキストと過去問で固めた論点を「本番の時間感覚」で確認するためのものです。予想模試で時間配分、チェックシートで頻出論点の最終確認、一問一答で穴埋め、という役割分担が扱いやすいです。

賃貸不動産経営管理士協議会（公式）の出題範囲（3分野）と照合し、賃管マスターの過去問・用語解説と組み合わせて復習サイクルを回してください。

賃貸不動産経営管理士協議会（公式）の出題範囲（3分野）と照合し、賃管マスターの過去問・用語解説と組み合わせて復習サイクルを回してください。",3冊の選び方,"本試験形式の予想演習には2026年度版 本試験をあてる TAC直前予想模試 賃貸不動産経営管理士、頻出論点のチェックには2026年度版 賃貸不動産経営管理士 出るとこ予想 合格るチェックシート、直前2週間の短問総仕上げには2026年度版 みんなが欲しかった! 賃貸不動産経営管理士の一問一答問題集が向きます。

賃貸不動産経営管理士協議会（公式）の出題範囲（3分野）と照合し、賃管マスターの過去問・用語解説と組み合わせて復習サイクルを回してください。",1位：TAC直前予想模試,"2026年度版 本試験をあてる TAC直前予想模試 賃貸不動産経営管理士（1,760円税込参考・452ページ）は、直前期の本試験形式演習向け。時間を計って解く練習に有効です。

賃貸不動産経営管理士協議会（公式）の出題範囲（3分野）と照合し、賃管マスターの過去問・用語解説と組み合わせて復習サイクルを回してください。

賃貸不動産経営管理士協議会（公式）の出題範囲（3分野）と照合し、賃管マスターの過去問・用語解説と組み合わせて復習サイクルを回してください。",2位・3位：合格るチェックシート・一問一答,"2026年度版 賃貸不動産経営管理士 出るとこ予想 合格るチェックシート（1,650円税込参考・160ページ）は、携帯しやすいチェックリスト形式。予想模試の前後で弱点確認に向きます。

2026年度版 みんなが欲しかった! 賃貸不動産経営管理士の一問一答問題集（2,090円税込参考・524ページ）は、直前の短問演習で論点の穴埋めに使えます（おすすめ問題集の記事でも詳述）。",テキスト・過去問との組み合わせ,"例：TACはじめの一歩→TAC教科書→一問一答→LECまたは建築資料研究社の過去問→予想模試→賃管マスター過去問。直前期は予想模試＋チェックシートの2冊に絞る受験生も多いです。

賃貸不動産経営管理士協議会（公式）の出題範囲（3分野）と照合し、賃管マスターの過去問・用語解説と組み合わせて復習サイクルを回してください。

賃貸不動産経営管理士協議会（公式）の出題範囲（3分野）と照合し、賃管マスターの過去問・用語解説と組み合わせて復習サイクルを回してください。",購入前の確認事項,"購入前に以下を確認してください。
・2026年度版（最新版）か
・受験予定回と学習計画に間に合うか
・テキスト・過去問との重複が学習計画上問題ないか
・Amazon在庫・価格

賃貸不動産経営管理士協議会（公式）の出題範囲（3分野）と照合し、賃管マスターの過去問・用語解説と組み合わせて復習サイクルを回してください。

賃貸不動産経営管理士協議会（公式）の出題範囲（3分野）と照合し、賃管マスターの過去問・用語解説と組み合わせて復習サイクルを回してください。",,,直前予想模試だけで足りますか？,形式慣れには有効ですが、論点理解はテキストと過去問で済ませてから入る方が効率的です。おすすめテキストと問題集の記事と組み合わせる構成を推奨します。 理解が浅い論点は当サイトの用語解説と過去問演習で確認してから次の教材へ進むと定着しやすくなります。,チェックシートと一問一答、両方必要ですか？,必須ではありません。時間が限られる場合は予想模試＋チェックシート、演習量を増やしたい場合は一問一答を追加する、という使い分けが一般的です。 理解が浅い論点は当サイトの用語解説と過去問演習で確認してから次の教材へ進むと定着しやすくなります。,exam-overview:試験概要;past-questions-how-to-use:過去問活用法;pass-score:合格点と合格基準;affiliate-textbooks-recommend:おすすめテキスト;affiliate-problem-books:おすすめ問題集;study-plan-beginner:初学者向け学習計画,一問一答は問題集の記事と被りませんか？,同じ商品ですが、直前期の「総仕上げ用」として位置づけを変えて紹介しています。学習フェーズに応じて1冊を選び、使い終えたら予想模試へ移行してください。 理解が浅い論点は当サイトの用語解説と過去問演習で確認してから次の教材へ進むと定着しやすくなります。,,,2026年度版 本試験をあてる TAC直前予想模試 賃貸不動産経営管理士;2026年度版 賃貸不動産経営管理士 出るとこ予想 合格るチェックシート;2026年度版 みんなが欲しかった! 賃貸不動産経営管理士の一問一答問題集;直前教材の位置づけ;テキスト・過去問との組み合わせ
affiliate-free-vs-paid-study,独学対策,賃貸不動産経営管理士試験の無料と有料教材の使い分け,賃貸不動産経営管理士試験の無料と有料教材の使い分けについて、賃管受験者試験で問われる論点と学習の進め方を解説。公式情報の確認ポイントと演習・用語解説の活用法をまとめます。,独学で合格を目指す場合は、教材を増やす前に出題範囲と復習の仕組みを決めておくことが大切です。,26,独学;教材;学習計画;アフィリエイト,賃管マスター編集部,資格学習サイトの編集チーム,公式情報確認担当,公開前に一次情報との照合を行う担当者,2026-05-30,賃貸不動産経営管理士協議会（公式）|https://www.chintaikanrishi.jp/,独学対策向けテンプレートから作成。公開前に本文・参照URL・関連リンクを差し替える。,本記事を読むと、賃貸不動産経営管理士試験の無料と有料教材の使い分けについて、公式テキストと賃貸不動産経営管理士試験センター（公式）で押さえる論点と、演習→用語解説→1週間後の解き直しまでの復習順が具体的に分かります。,賃貸不動産経営管理士試験の無料と有料教材の使い分けについて【行動1】を公式要項と照合して確認する;賃貸不動産経営管理士試験の無料と有料教材の使い分けについて【行動2】を公式要項と照合して確認する;賃貸不動産経営管理士試験の無料と有料教材の使い分けについて【行動3】を公式要項と照合して確認する,試験要項・公式ページ更新時に本文と参照元を見直す。,2026-05-30,2026-06-29,2026-05-30,draft,ガイド記事テンプレート で 2026-05-30 作成。; ASPリンク未設定のため draft（非公開） (2026-06-03),独学前に公式情報を確認,"独学を始める前に、賃貸不動産経営管理士試験センター（公式）で受験資格・試験日程・出題範囲（3分野）・合格基準をメモしてください。無料と有料教材の使い分けの学習計画は、公式テキストの章立てと一致させると、過去問の分野ラベルとも対応づけやすくなります。

ブログやSNSの「最新情報」は、必ず賃貸不動産経営管理士試験センターのページと照合してから採用してください。申込期限や受験料は年度ごとに変わるため、カレンダーに締切を入れてから教材を開く習慣が有効です。",教材・参考書の選び方,"無料と有料教材の使い分け向けには、賃貸不動産経営管理士試験センター発行の公式テキスト（賃管）を軸に置くのが基本です。問題集は年度・版の表記を確認し、3分野すべてをカバーしているかを目次でチェックしてください。

教材を増やしすぎるより、1冊を2周してから演習問題・一問一答で穴を見つける方が、賃管受験者の実務イメージもつきやすくなります。演習で無料と有料教材の使い分けに関する設問を解いたら。正解理由と誤答肢の違いを短くメモし、用語解説・比較表・よくある誤答タブで似た論点を比較表で整理すると定着しやすくなります。",過去問で現在地を確認,"最初の過去問は、無料と有料教材の使い分けに限定せず1回分を通しで解き、3分野のうちどこで迷ったかを記録します。たとえば「賃管法令・制度」と「法令」の問題を取り違えた、など分野名でメモすると復習が楽です。

得点より「どの用語が弱いか」を把握することが目的です。不正解の選択肢は、用語解説で定義と試験論点を確認してから同分野の演習へ戻ってください。「過去問で現在地を確認」では、無料と有料教材の使い分けについて公式テキストの該当章を開き、主体・期限・数値をメモしながら演習問題で定着を確認します。数値・日程は賃貸不動産経営管理士試験センター（公式）の最新要項で必ず照合してください。",復習を計画に入れる,"復習は「翌日・3日後・1週間後」の3回サイクルをカレンダーに先に入れておくと実行しやすくなります。無料と有料教材の使い分けで間違えた問題は、正答番号ではなく「なぜ他の肢が違うか」まで言語化してから次へ進みます。

アプリのブックマークや復習機能に、分野タグ付きで残しておくと、直前期に無料と有料教材の使い分け関連の弱点だけを絞り込めます。「復習を計画に入れる」では、無料と有料教材の使い分けについて公式テキストの該当章を開き、主体・期限・数値をメモしながら演習問題で定着を確認します。数値・日程は賃貸不動産経営管理士試験センター（公式）の最新要項で必ず照合してください。",直前期の絞り込み,"試験直前は新しい参考書を増やさず、無料と有料教材の使い分けで何度も迷った分野と頻出用語に絞ります。3分野のうち得点率が低い領域を1つ選び、用語10語＋演習20問程度をセットで見直すのが目安です。

前日は暗記の詰め込みより、睡眠と当日の持ち物・会場確認を優先してください。数値（敷金、礼金、更新料、原状回復、建物設備など）は早見表タブで最終確認すると安心です。",,,,,独学では何から始めればよいですか？,「独学では何から始めればよいですか？」については、公式テキスト＋過去問演習＋用語解説の3点セットで進める。弱点は比較表で補強する。試験要項の条文番号をメモに書き出して確認する。弱点論点は比較表で補強する。affiliate-free-vs-paid-studyの公式数値表で確認する。,過去問だけで足りますか？,「過去問だけで足りますか？」は過去問演習で出題形式を把握し、正答後に用語解説で論点を復習する。過去問1問の正答理由をノートに記録して復習する。正答後は関連条文を開く。試験要項の最新版も確認。affiliate-free-vs-paid-study関連の過去問1問で正答率を記録する。,exam-overview:試験概要;study-plan:学習計画,,「本テーマ」の整理後は賃貸不動産経営管理士試験の無料と有料教材の使い分けについて【行動2】を公式要項と照合して確認する。同テーマを1週間後に解き直して定着を確認する。混同しやすい近義語を比較表の左右に整理する。affiliate-free-vs-paid-studyの誤答肢を比較表に整理する。,,,独学前に公式情報を確認;教材・参考書の選び方;過去問で現在地を確認;復習を計画に入れる;直前期の絞り込み
affiliate-beginner-material-set,学習計画,賃貸不動産経営管理士試験の初学者向け教材セット,賃貸不動産経営管理士試験の初学者向け教材セットについて、賃管受験者試験で問われる論点と学習の進め方を解説。公式情報の確認ポイントと演習・用語解説の活用法をまとめます。,賃貸不動産経営管理士試験の初学者向け教材セットについて、賃管受験者が現場で迷いやすい論点と試験での出題パターンを整理する記事です。公式テキストと賃貸不動産経営管理士試験センター（公式）を参照しながら、演習・用語解説で弱点を補強する進め方をまとめます。,25,学習計画;試験対策;アフィリエイト,賃管マスター編集部,資格学習サイトの編集チーム,公式情報確認担当,公開前に一次情報との照合を行う担当者,2026-05-30,賃貸不動産経営管理士協議会（公式）|https://www.chintaikanrishi.jp/,学習計画向けテンプレートから作成。公開前に本文・参照URL・関連リンクを差し替える。,本記事を読むと、賃貸不動産経営管理士試験の初学者向け教材セットについて、公式テキストと賃貸不動産経営管理士試験センター（公式）で押さえる論点と、演習→用語解説→1週間後の解き直しまでの復習順が具体的に分かります。,賃貸不動産経営管理士試験の初学者向け教材セットについて【行動1】を公式要項と照合して確認する;賃貸不動産経営管理士試験の初学者向け教材セットについて【行動2】を公式要項と照合して確認する;賃貸不動産経営管理士試験の初学者向け教材セットについて【行動3】を公式要項と照合して確認する,試験要項・公式ページ更新時に本文と参照元を見直す。,2026-05-30,2026-06-29,2026-05-30,draft,ガイド記事テンプレート で 2026-05-30 作成。; ASPリンク未設定のため draft（非公開） (2026-06-03),全体像を分野に分ける,"「全体像を分野に分ける」は初学者向け教材セットの論点の一つです。賃貸不動産経営管理士試験センター（公式）の受験要項と公式テキストで整理すると、演習問題の解説と対応づけやすくなります。

数値・日程・合格基準は年度で更新されるため、学習前と申込前には賃貸不動産経営管理士試験センター（公式）の最新案内を確認してください。演習で初学者向け教材セットに関する設問を解いたら。正解理由と誤答肢の違いを短くメモし、用語解説・比較表・よくある誤答タブで似た論点を比較表で整理すると定着しやすくなります。",学習期間の目安,"「学習期間の目安」は初学者向け教材セットの論点の一つです。賃貸不動産経営管理士試験センター（公式）の受験要項と公式テキストで整理すると、演習問題の解説と対応づけやすくなります。

数値・日程・合格基準は年度で更新されるため、学習前と申込前には賃貸不動産経営管理士試験センター（公式）の最新案内を確認してください。演習で初学者向け教材セットに関する設問を解いたら。正解理由と誤答肢の違いを短くメモし、用語解説・比較表・よくある誤答タブで似た論点を比較表で整理すると定着しやすくなります。",週間スケジュールの例,"「週間スケジュールの例」は初学者向け教材セットの論点の一つです。賃貸不動産経営管理士試験センター（公式）の受験要項と公式テキストで整理すると、演習問題の解説と対応づけやすくなります。

数値・日程・合格基準は年度で更新されるため、学習前と申込前には賃貸不動産経営管理士試験センター（公式）の最新案内を確認してください。演習で初学者向け教材セットに関する設問を解いたら。正解理由と誤答肢の違いを短くメモし、用語解説・比較表・よくある誤答タブで似た論点を比較表で整理すると定着しやすくなります。",復習日の入れ方,"解き直しは、当日・3日後・1週間後の間隔を空けると記憶の定着を確認しやすくなります。ブラウザの復習機能やブックマーク一覧を「初学者向け教材セット関連」でフィルタし、優先順位を付けてください。

2回連続で正解できても、解説を読まずに選んだ問題は三回目も解き直し対象にします。「なぜ正解か」を言語化できるまでが、本番レベルの理解です。「復習日の入れ方」では、初学者向け教材セットについて公式テキストの該当章を開き、主体・期限・数値をメモしながら演習問題で定着を確認します。数値・日程は賃貸不動産経営管理士試験センター（公式）の最新要項で必ず照合してください。",直前期の調整,"試験直前は新しい参考書を増やさず、初学者向け教材セットで何度も迷った分野と頻出用語に絞ります。3分野のうち得点率が低い領域を1つ選び、用語10語＋演習20問程度をセットで見直すのが目安です。

前日は暗記の詰め込みより、睡眠と当日の持ち物・会場確認を優先してください。数値（敷金、礼金、更新料、原状回復、建物設備など）は早見表タブで最終確認すると安心です。「直前期の調整」では、初学者向け教材セットについて公式テキストの該当章を開き、主体・期限・数値をメモしながら演習問題で定着を確認します。数値・日程は賃貸不動産経営管理士試験センター（公式）の最新要項で必ず照合してください。",,,,,どのくらいの期間で学習すべきですか？,「どのくらいの期間で学習すべきですか」は賃貸不動産経営管理士試験の公式テキスト該当章と賃貸不動産経営管理士試験センター（公式）で確認するのが確実です。初学者向け教材セットでは、条文の要件（誰が・いつ・何を）を演習問題とセットで押さえてください。,最初に過去問を解いてもよいですか？,試験では「初学者向け教材セット」が、賃管受験者の行動として正しいか／主体を取り違えていないか、という形で四択出題されます。誤答肢は「一人で診断」「過度な情報開示」などが典型です。数値・主体・手順は賃貸不動産経営管理士試験センターの最新案内と照合してください。,exam-overview:試験概要;study-plan:学習計画,,「本テーマ」の整理後は賃貸不動産経営管理士試験の初学者向け教材セットについて【行動2】を公式要項と照合して確認する。同テーマを1週間後に解き直して定着を確認する。混同しやすい近義語を比較表の左右に整理する。affiliate-beginner-material-setの誤答肢を比較表に整理する。,,,全体像を分野に分ける;学習期間の目安;週間スケジュールの例;復習日の入れ方;直前期の調整
affiliate-retake-short-course,学習計画,賃貸不動産経営管理士試験の再受験者向け短期講座,賃貸不動産経営管理士試験の再受験者向け短期講座について、賃管受験者試験で問われる論点と学習の進め方を解説。公式情報の確認ポイントと演習・用語解説の活用法をまとめます。,賃貸不動産経営管理士試験の再受験者向け短期講座について、賃管受験者が現場で迷いやすい論点と試験での出題パターンを整理する記事です。公式テキストと賃貸不動産経営管理士試験センター（公式）を参照しながら、演習・用語解説で弱点を補強する進め方をまとめます。,25,学習計画;試験対策;アフィリエイト,賃管マスター編集部,資格学習サイトの編集チーム,公式情報確認担当,公開前に一次情報との照合を行う担当者,2026-05-30,賃貸不動産経営管理士協議会（公式）|https://www.chintaikanrishi.jp/,学習計画向けテンプレートから作成。公開前に本文・参照URL・関連リンクを差し替える。,本記事を読むと、賃貸不動産経営管理士試験の再受験者向け短期講座について、公式テキストと賃貸不動産経営管理士試験センター（公式）で押さえる論点と、演習→用語解説→1週間後の解き直しまでの復習順が具体的に分かります。,賃貸不動産経営管理士試験の再受験者向け短期講座について【行動1】を公式要項と照合して確認する;賃貸不動産経営管理士試験の再受験者向け短期講座について【行動2】を公式要項と照合して確認する;賃貸不動産経営管理士試験の再受験者向け短期講座について【行動3】を公式要項と照合して確認する,試験要項・公式ページ更新時に本文と参照元を見直す。,2026-05-30,2026-06-29,2026-05-30,draft,ガイド記事テンプレート で 2026-05-30 作成。; ASPリンク未設定のため draft（非公開） (2026-06-03),全体像を分野に分ける,"「全体像を分野に分ける」は再受験者向け短期講座の論点の一つです。賃貸不動産経営管理士試験センター（公式）の受験要項と公式テキストで整理すると、演習問題の解説と対応づけやすくなります。

数値・日程・合格基準は年度で更新されるため、学習前と申込前には賃貸不動産経営管理士試験センター（公式）の最新案内を確認してください。演習で再受験者向け短期講座に関する設問を解いたら。正解理由と誤答肢の違いを短くメモし、用語解説・比較表・よくある誤答タブで似た論点を比較表で整理すると定着しやすくなります。",学習期間の目安,"「学習期間の目安」は再受験者向け短期講座の論点の一つです。賃貸不動産経営管理士試験センター（公式）の受験要項と公式テキストで整理すると、演習問題の解説と対応づけやすくなります。

数値・日程・合格基準は年度で更新されるため、学習前と申込前には賃貸不動産経営管理士試験センター（公式）の最新案内を確認してください。演習で再受験者向け短期講座に関する設問を解いたら。正解理由と誤答肢の違いを短くメモし、用語解説・比較表・よくある誤答タブで似た論点を比較表で整理すると定着しやすくなります。",週間スケジュールの例,"「週間スケジュールの例」は再受験者向け短期講座の論点の一つです。賃貸不動産経営管理士試験センター（公式）の受験要項と公式テキストで整理すると、演習問題の解説と対応づけやすくなります。

数値・日程・合格基準は年度で更新されるため、学習前と申込前には賃貸不動産経営管理士試験センター（公式）の最新案内を確認してください。演習で再受験者向け短期講座に関する設問を解いたら。正解理由と誤答肢の違いを短くメモし、用語解説・比較表・よくある誤答タブで似た論点を比較表で整理すると定着しやすくなります。",復習日の入れ方,"解き直しは、当日・3日後・1週間後の間隔を空けると記憶の定着を確認しやすくなります。ブラウザの復習機能やブックマーク一覧を「再受験者向け短期講座関連」でフィルタし、優先順位を付けてください。

2回連続で正解できても、解説を読まずに選んだ問題は三回目も解き直し対象にします。「なぜ正解か」を言語化できるまでが、本番レベルの理解です。「復習日の入れ方」では、再受験者向け短期講座について公式テキストの該当章を開き、主体・期限・数値をメモしながら演習問題で定着を確認します。数値・日程は賃貸不動産経営管理士試験センター（公式）の最新要項で必ず照合してください。",直前期の調整,"試験直前は新しい参考書を増やさず、再受験者向け短期講座で何度も迷った分野と頻出用語に絞ります。3分野のうち得点率が低い領域を1つ選び、用語10語＋演習20問程度をセットで見直すのが目安です。

前日は暗記の詰め込みより、睡眠と当日の持ち物・会場確認を優先してください。数値（敷金、礼金、更新料、原状回復、建物設備など）は早見表タブで最終確認すると安心です。「直前期の調整」では、再受験者向け短期講座について公式テキストの該当章を開き、主体・期限・数値をメモしながら演習問題で定着を確認します。数値・日程は賃貸不動産経営管理士試験センター（公式）の最新要項で必ず照合してください。",,,,,どのくらいの期間で学習すべきですか？,「どのくらいの期間で学習すべきですか？」については、賃貸不動産経営管理士試験の再受験者向け短期講座について、賃管受験者が現場で迷いやすい論点と試験での出題パターンを整理する記事です。公式テキストと賃貸不動産経営管理士試験センター（公式）を参照しながら、…。最新の公式要項と照合する。affiliate-retake-short-courseの公式数値表で確認する。,最初に過去問を解いてもよいですか？,「最初に過去問を解いてもよいですか？」は過去問演習で出題形式を把握し、正答後に用語解説で論点を復習する。過去問1問の正答理由をノートに記録して復習する。正答後は関連条文を開く。試験要項の最新版も確認。affiliate-retake-short-course関連の過去問1問で正答率を記録する。,exam-overview:試験概要;study-plan:学習計画,,「本テーマ」の整理後は賃貸不動産経営管理士試験の再受験者向け短期講座について【行動2】を公式要項と照合して確認する。同テーマを1週間後に解き直して定着を確認する。混同しやすい近義語を比較表の左右に整理する。affiliate-retake-short-courseの誤答肢を比較表に整理する。,,,全体像を分野に分ける;学習期間の目安;週間スケジュールの例;復習日の入れ方;直前期の調整
affiliate-qualification-support-service,受験・申込,賃貸不動産経営管理士試験の受験支援サービスの選び方,賃貸不動産経営管理士試験の受験資格・日程・申込手続きの確認ポイント。申込前チェックリストと、学習開始までの流れを整理します。賃貸不動産経営試験公式情報も確認。,賃貸不動産経営管理士試験の受験支援サービスの選び方について、賃管受験者が現場で迷いやすい論点と試験での出題パターンを整理する記事です。公式テキストと賃貸不動産経営管理士試験センター（公式）を参照しながら、演習・用語解説で弱点を補強する進め方をまとめます。,15,受験資格;申込;公式情報;アフィリエイト,賃管マスター編集部,資格学習サイトの編集チーム,公式情報確認担当,公開前に一次情報との照合を行う担当者,2026-05-30,賃貸不動産経営管理士協議会（公式）|https://www.chintaikanrishi.jp/,受験・申込向けテンプレートから作成。公開前に本文・参照URL・関連リンクを差し替える。,本記事を読むと、賃貸不動産経営管理士試験の受験支援サービスの選び方について、申込前に要項で確認すべき項目と、受験票到着後の準備までの流れが整理できます。,賃貸不動産経営管理士試験の受験支援サービスの選び方について【行動1】を公式要項と照合して確認する;賃貸不動産経営管理士試験の受験支援サービスの選び方について【行動2】を公式要項と照合して確認する;賃貸不動産経営管理士試験の受験支援サービスの選び方について【行動3】を公式要項と照合して確認する,試験要項・公式ページ更新時に本文と参照元を見直す。,2026-05-30,2026-06-29,2026-05-30,draft,ガイド記事テンプレート で 2026-05-30 作成。; ASPリンク未設定のため draft（非公開） (2026-06-03),受験資格の確認,"賃貸不動産経営管理士試験（賃管）の受験資格は、賃貸不動産経営管理士試験センター（公式）の受験要項で確認します。賃管受験者としての位置づけや、実務経験・研修の要件など、自分に該当するかをチェックリスト化してください。

資格要件は年度で文言が更新されることがあるため、申込前にもう一度要項PDFの更新日を確認してください。不明点は賃貸不動産経営管理士試験センターの問い合わせ窓口を利用し、非公式情報だけで判断しないようにします。",年間スケジュール,"試験は年複数回実施されるため、賃貸不動産経営管理士試験センター（公式）で「申込期間→試験日→合格発表」の流れをカレンダーに転記します。受験支援サービスの選び方の学習期間を逆算する際は、申込締切の1〜2週間前までに主要領域の演習を1周終える目安が現実的です。

仕事繁忙期と試験日が重なる場合は、早めの回を選ぶか、学習計画記事を参考に週あたり時間を再配分してください。",申込期間と手数料,"受験料・支払方法・申込方法（Web／郵送など）は受験要項で確認します。金額や締切は年度で変わるため、受験支援サービスの選び方の学習中も申込ページをブックマークしておくと安心です。

申込後に受験票・会場案内が届くまでの流れも要項に記載があります。直前に住所変更やキャンセル規定があるかも、申込時に確認しておいてください。「申込期間と手数料」では、受験支援サービスの選び方について公式テキストの該当章を開き、主体・期限・数値をメモしながら演習問題で定着を確認します。数値・日程は賃貸不動産経営管理士試験センター（公式）の最新要項で必ず照合してください。",申込手順と会場,"申込時に受験地・会場を確定するため、賃貸不動産経営管理士試験センター（公式）の受験要項で以下を確認します。受験支援サービスの選び方で受験する場合も、申込後に変更できない項目がないか要項で確認してください。

- 受験地の選択肢（都市名と会場割当のルール）
- 申込フォームの入力項目（氏名・住所・連絡先・受験地）
- 受験票・会場案内の送付方法と届く目安時期
- 会場変更・キャンセルの可否と手続き
- 会場周辺の交通概略（詳細ルートは受験票到着後に確定）
- 申込完了メール・控えの保存

受験票が届いたら、記載の会場名・住所・アクセスと申込内容が一致しているかを確認し、不一致があれば要項記載の問い合わせ先へ早めに連絡してください。",申込前チェックリスト,"申込前に、賃貸不動産経営管理士試験センター（公式）の受験要項で以下を確認してください。受験支援サービスの選び方について不明点があれば、申込前に解消します。

- 受験資格：自分が該当する区分・要件（実務・研修・選任歴など）を要項どおり確認
- 申込期間：締切日時と申込方法（Web・郵送など）
- 受験料：金額・支払方法・支払期限
- 受験地・会場：受験票に記載される会場の都市と交通
- 必要書類：写真データ・証明書など、要項で求められる提出物
- 学習進捗：公式テキストの主要章と演習での弱点分野の把握

申込直後は、試験日までの週次計画を試験ガイドの学習計画記事を参考に立て直すと、残り期間を無駄なく使えます。",,,,,受験資格はどこで確認しますか？,賃貸不動産経営管理士試験センター（公式）（賃貸不動産経営管理士試験センター）で最新情報を確認してください。受験要項・テキスト改訂・合格発表は公式ページが正本です。受験支援サービスの選び方に関する数値や期限も、非公式まとめではなく公式資料と照合してください。,申込期限を過ぎたらどうなりますか？,試験では「受験支援サービスの選び方」が、賃管受験者の行動として正しいか／主体を取り違えていないか、という形で四択出題されます。誤答肢は「一人で診断」「過度な情報開示」などが典型です。数値・主体・手順は賃貸不動産経営管理士試験センターの最新案内と照合してください。,exam-overview:試験概要;study-plan:学習計画,,過去問で条件文の読み取りを確認する（賃貸不動産経営管理士試験の受験支援サービスの選び方）。過去問で条件文の読み取りを確認する。賃貸不動産経営管理士試験の受験支援サービスの選び方の論点は用語ハブの比較表とセットで復習してください。,,,受験資格の確認;年間スケジュール;申込期間と手数料;申込手順と会場;申込前チェックリスト
field-law-basics,分野別対策,賃貸不動産経営管理士試験の賃管法令・制度の基礎の押さえ方,賃貸不動産経営管理士試験の賃管法令・制度の基礎を要項正本で整理。借地借家法・賃管業法・預り金・更新・明渡の学習順を50問120分・令和8年度向けに表で解説します。,賃管法令・制度は実務判断に直結しやすい基幹分野で、暗記だけでは長文設問で崩れやすくなります。借地借家法で賃貸借の原則を押さえ、賃貸住宅管理業法で管理業務の規律を補う二軸が効きます。賃貸不動産経営管理士試験は50問・120分・3分野、令和8年度は2026年11月15日（日）13:00〜15:00です。本記事では一般財団法人 賃貸不動産経営管理士試験センター要項を正本として、2軸の全体像、主体・時点の整理、頻出論点、演習の回し方、他分野接続を表で説明します。出題範囲は https://www.chintaikanrishi.jp/ の要項で必ず上書き確認してください。,40,分野別;試験対策,賃管マスター編集部,資格学習サイトの編集チーム,公式情報確認担当,公開前に一次情報との照合を行う担当者,2026-06-04,賃貸不動産経営管理士協議会（公式）|https://www.chintaikanrishi.jp/,手書きリライト 2026-06-04。自動prose差し替え 2026-06-04（要手書き）。分野別対策向けテンプレートから作成。公開前に本文・参照URL・関連リンクを差し替える。,本記事を読むと、賃管法令・制度分野をどこから学ぶべきかが明確になり、借地借家法と賃管業法を軸に、預り金・更新・明渡を過去問で確認する進め方が分かります。,目次を借地借家法と賃管業法の2軸で書き分ける;預り金・更新・明渡の要件を要点カード化する;各論点で演習10問ずつ解き誤答理由を記録する;期限・主体・通知の読み違いを再学習する;週末に他分野1セットと横断復習を行う,試験要項・公式ページ更新時に本文と参照元を見直す。,2026-06-04,2026-06-29,2026-06-04,published,2026-06-04: 編集合格（手書きリライト）,2軸で押さえる全体像,"法令・制度分野は、法律の役割分担を先に固定します。

| 軸 | 中心論点 | 演習の入口 |
| --- | --- | --- |
| 借地借家法 | 賃貸借・更新・解約 | 当事者・期間 |
| 賃管業法 | 登録・管理業務・重説 | 2条→10条台→13条台 |
| 接続 | 預り金・明渡 | 主体・手続 |
| 記録 | 争点3語 | 分類タグ |
| 確認 | 要項の章立て | 確認日 |

法令・制度の学習ハブで週次ルートを決め、本記事では2軸の目次だけを先に1枚にまとめてください。",主体・時点・条件の整理,"条文番号より「誰が・いつ・何をするか」を先に言語化します。

| 観点 | 記録例 | 誤答の典型 |
| --- | --- | --- |
| 主体 | 貸主・借主・管理業者 | 立場の取り違え |
| 時点 | 締結・更新・解約 | 通知期限の誤り |
| 条件 | 合意・法定要件 | 似た語の混同 |
| 効果 | 拒絶・解除・明渡 | 手続の飛ばし |
| 演習 | 争点3語＋分類 | 解き直し日 |

図や1枚メモで流れを描いてから演習に入ると、設問文への変換が速くなります。",預り金・更新・明渡のセット学習,"頻出論点はバラバラに暗記せず、セットで扱います。

| 論点 | 押さえる点 | 週の目安 |
| --- | --- | --- |
| 預り金 | 保全・返還・分別 | 短問8問 |
| 更新 | 拒絶・合意・通知 | 長文5問 |
| 明渡 | 手続・費用整理 | 事例5問 |
| 重説 | 説明主体・書面 | 比較1行 |
| 記録 | 再発タグ | 日曜30分 |

賃貸住宅管理業法の試験対策の記事で条文マップを作ったうえで、本節の3論点を同じ週に往復すると理解が途切れにくいです。",演習の回し方（分野別→横断）,"演習は分野別のあと、横断の解き直しを入れます。

| 段階 | 内容 | 時間 |
| --- | --- | --- |
| 1 | 借地借家法中心15問 | 45分 |
| 2 | 賃管業法・預り金15問 | 45分 |
| 3 | 更新・明渡複合10問 | 計測 |
| 4 | 誤答の解き直し | 3日・7日後 |
| 5 | 月2回50問通し | 120分 |

正答肢だけでなく誤り肢の不適切な語まで一文で説明できるまで復習すると、消去法の精度が上がります。",他分野との接続（孤立させない）,"法令・制度は契約・実務・設備分野の橋渡しになります。令和8年度は11月15日試験です。

| 接続 | 重なる論点 | 週の習慣 |
| --- | --- | --- |
| 契約・実務 | 更新・原状回復 | 関連5問 |
| 設備・税務 | 修繕・費用 | 数値カード |
| 横断 | 同一事案の多視点 | 週1回 |
| 直前8週 | 再発論点のみ | 通し月2回 |
| 記録 | 分野タグ | 表で集計 |

頻出論点の記事で優先順位を決め、本記事の2軸メモと合わせて直前期の解き直しリストを作ると効率的です。",,,,,苦手分野だけ先に学べますか？,可能ですが、借地借家法と賃管業法は他分野の設問にも影響するため、全体を1周して用語と主体をそろえてから弱点へ時間を多めに配分する順が効率的です。預り金や更新・明渡だけを切り出すと、長文で論点が混在したときに崩れやすくなります。,基礎の押さえ方と法令ハブの違いは？,法令・制度の学習ハブは、用語・演習・関連記事を往復する週次ルートが中心です。本記事は、2軸の全体像と主体・時点の整理、演習段階の設計が中心です。ハブでルートを決め、本記事で2軸メモと預り金・更新・明渡のセット学習を固定する順がおすすめです。,law-subject:法令・制度の学習ハブ;chintai-gyoho-basics:賃貸住宅管理業法の試験対策;field-law-frequent-topics:賃管法令・制度の頻出論点,独学でのおすすめの進め方は？,平日に条文趣旨の確認、週末に演習という役割分担が効果的です。月曜から木曜で借地借家法と賃管業法の要件整理を進め、金曜に預り金・更新・明渡の要点を見直し、土日に関連演習をまとめて解いてください。この反復で暗記から実戦判断へ移行しやすくなります。,,,借地借家法と賃管業法の2軸;主体・時点を先に整理;預り金・更新・明渡はセット;分野別のあと横断演習;週1で他分野と接続
field-law-frequent-topics,分野別対策,賃貸不動産経営管理士試験の賃管法令・制度の頻出論点,賃管法令・制度の頻出論点を要項正本で整理。借地借家法・賃貸住宅管理業法・預り金・更新・明渡を50問120分・令和8年度11月15日試験向けに表で解説します。,賃管法令・制度は3分野のうち法令・制度に相当し、得点の土台になります。条文の丸暗記より、更新・預り金・明渡など頻出の骨格を先に固定した方が、初見の言い回しでも要件から判断しやすくなります。賃貸不動産経営管理士試験は50問・120分・3分野、令和8年度は2026年11月15日（日）13:00〜15:00です。本記事では一般財団法人 賃貸不動産経営管理士試験センター要項を正本として、4本柱の優先順位、論点タグ、週次の短時間復習を表で説明します。出題範囲の改定は https://www.chintaikanrishi.jp/ の要項で必ず確認してください。,40,分野別;試験対策,賃管マスター編集部,資格学習サイトの編集チーム,公式情報確認担当,公開前に一次情報との照合を行う担当者,2026-06-04,賃貸不動産経営管理士協議会（公式）|https://www.chintaikanrishi.jp/,手書きリライト 2026-06-04。自動prose差し替え 2026-06-04（要手書き）。分野別対策向けテンプレートから作成。公開前に本文・参照URL・関連リンクを差し替える。,本記事を読むと、賃管法令・制度で繰り返し問われる論点の優先順位が分かり、限られた週次時間を頻出テーマへ集中させて50問120分の正答率を上げる手順が持てます。,過去演習を借地借家法・賃管業法・預り金・更新・明渡の5タグで分類する;頻出肢の誤答を主体・時点・要件の3分類でノート化する;預り金・更新・明渡は週2回15分の固定復習枠をカレンダー登録する;頻出論点ごとに根拠を口頭1分で説明する練習を週3回入れる;月末に20問セットで頻出タグの正答率推移を記録する,試験要項・公式ページ更新時に本文と参照元を見直す。,2026-06-04,2026-06-29,2026-06-04,published,2026-06-04: 編集合格（手書きリライト）,頻出の4本柱（学習の芯）,"賃管法令・制度の頻出対策は、細部の条文表現より4本柱の固定から始めます。

| 柱 | 中心法令 | 試験での問われ方 |
| --- | --- | --- |
| 更新・終了 | 借地借家法 | 手続・正当事由・通知 |
| 管理業務 | 賃貸住宅管理業法 | 受託・説明・監督 |
| 預り金 | 賃管業法ほか | 管理・返還・分別 |
| 明渡 | 借地借家法ほか | 段階・費用・合意 |
| 記録 | 争点3語 | 週次で見直し |

基礎の押さえ方の記事で全体像を1周したうえで、本記事の柱ごとに演習20問ずつ当てはめると優先順位がぶれにくいです。",論点タグと誤答の分類,"頻出論点は、タグと誤答分類を揃えると復習が速くなります。

| タグ | 記録列 | 誤答の型 |
| --- | --- | --- |
| 借地借家法 | 主体・時点・手続 | 更新と立退の混同 |
| 賃管業法 | 義務・書面・監督 | 管理業者の範囲 |
| 預り金 | 金額・時期・返還 | 分別管理の読み違い |
| 更新 | 通知・合意・拒絶 | 要件不足 |
| 明渡 | 段階・費用 | 時系列の逆転 |

過去問の活用法の3分類表と形式を合わせると、平日の短問から週末の通しへ迷わず接続できます。",週次の復習配分（3分野との同居）,"頻出だけに偏ると他2分野が落ちるため、週の枠を先に割ります。

| 曜日 | 賃管法令・制度 | 他分野 |
| --- | --- | --- |
| 火・木 | 頻出タグ15分＋短問5 | 契約・実務 短問5 |
| 水 | 預り金・更新の解き直し | 用語確認10分 |
| 土 | 20問セット（計測） | 設備・税務 短問5 |
| 日 | 争点メモの見直し | 50問通し（月2回） |
| 記録 | 正答率 | 3分野バランス |

3分野は法令・制度／契約・実務／設備・税務・その他です。法令・制度に週の40％を当て、残りを他2分野へ配分する目安が扱いやすいです。",演習の回し方（頻出セット）,"頻出セットは20問単位・1週間後に同条件で再実施します。

| 回 | 構成 | 合格基準 |
| --- | --- | --- |
| 1周目 | 借地借家法5・賃管業法5・複合10 | 根拠メモ |
| 7日後 | 同セット再演習 | 再発誤答5問以内 |
| 2周目 | 誤答タグだけ追加5問 | 口頭説明可 |
| 月次 | 頻出4柱の棚卸し | 弱い柱1つだけ厚く |
| 直前8週 | 新規停止 | 再発中心 |

解説確認では正答肢だけでなく、誤り肢のどの語が要件とズレたかを1行で残してください。",他分野への接続（頻出の横断）,"頻出論点は契約・実務・設備分野の設問根拠にもなります。令和8年度は11月15日試験です。

| 頻出論点 | 接続先分野 | 確認 |
| --- | --- | --- |
| 更新・明渡 | 契約・実務 | 条項・重説 |
| 預り金 | 契約・実務 | 管理受託・精算 |
| 賃管業法の説明 | 契約・実務 | 書面・IT |
| 明渡後費用 | 設備・税務 | 原状・損耗 |
| 記録 | 週1横断 | 同争点3問 |

法令・制度の学習導線ハブで深掘り記事へ進み、本記事のタグ表は週次レビューのチェックリストとして使ってください。",,,,,頻出論点だけ先に勉強してよいですか？,可能ですが、借地借家法と賃管業法の用語と主体を先に薄く確認してから頻出へ入る方が安全です。4本柱のうち誤答が多い柱1つに週の追加時間を寄せ、他の柱は月1の短問確認に降格すると負荷が一定します。全面暗記より、演習で再発した論点だけを厚くする運用が得点に直結しやすいです。,頻出対策と基礎記事の違いは？,基礎の押さえ方は、借地借家法・賃管業法の全体像と学習順が中心です。本記事は、頻出4本柱への時間集中とタグ管理が中心です。基礎で1周したあと本記事で優先順位を固定し、過去問活用法の記録形式と合わせると復習が途切れにくくなります。,field-law-basics:賃管法令・制度の基礎の押さえ方;law-subject:法令・制度の学習導線;past-questions-how-to-use:過去問の効果的な使い方,独学で頻出を定着させるコツは？,曜日固定が有効です。平日は頻出タグの短問、週末は20問セットを時間計測で解き、解説後に争点を3語で書き残してください。口頭1分説明を週3回入れると、四肢択一で消去法に頼りすぎる癖を減らせます。改定年度は要項で影響章だけ差し替え、他の柱は維持確認に回してください。,,,頻出は4本柱で固定;5タグ＋3分類で記録;週40％は法令・制度目安;20問セットを週次再現;他2分野へ週1横断
field-law-calculation,分野別対策,賃貸不動産経営管理士試験の賃管法令・制度の計算・数値問題,賃管法令・制度の計算・数値論点を要項正本で整理。期限・起算点・預り金・更新・明渡を50問120分・令和8年度向けに表で解説します。,賃管法令・制度の数値問題は、算術より法律上の時点と主体の把握が中心です。起算日・満了日・通知の効力を図で固定しないと、似た期間表現で再発誤答しやすくなります。賃貸不動産経営管理士試験は50問・120分・3分野、令和8年度は2026年11月15日（日）13:00〜15:00です。本記事では一般財団法人 賃貸不動産経営管理士試験センター要項を正本として、用語の区別、時系列メモ、10問セットの反復手順を表で説明します。数値・期限の改正は https://www.chintaikanrishi.jp/ の要項で必ず確認してください。,40,分野別;試験対策,賃管マスター編集部,資格学習サイトの編集チーム,公式情報確認担当,公開前に一次情報との照合を行う担当者,2026-06-04,賃貸不動産経営管理士協議会（公式）|https://www.chintaikanrishi.jp/,手書きリライト 2026-06-04。自動prose差し替え 2026-06-04（要手書き）。分野別対策向けテンプレートから作成。公開前に本文・参照URL・関連リンクを差し替える。,本記事を読むと、賃管法令・制度の期限・数値設問を時系列で処理する手順が分かり、借地借家法と賃管業法の期間表現の違いを取り違えにくくなります。,期限・期間・通知時点・返還時点の4語を定義カード化する;数値問題を起算点あり・なしの2束に分けてノート化する;解答前に時系列メモ3行を書く手順を演習で固定する;平日10分×5日で計算論点を2問ずつ解く;週末に10問セットを120分通しの一部として計測する,試験要項・公式ページ更新時に本文と参照元を見直す。,2026-06-04,2026-06-29,2026-06-04,published,2026-06-04: 編集合格（手書きリライト）,数値問題の前提（4語の区別）,"計算論点の前に、似た語を切り分けます。

| 語 | 意味の焦点 | 誤りやすい点 |
| --- | --- | --- |
| 期限 | 行為の締切 | 期間と混同 |
| 期間 | 継続する長さ | 起算日の読み違い |
| 通知時点 | 効力発生 | 到達・提出の混同 |
| 返還時点 | 預り金の処理 | 管理責任の主体 |
| 記録 | 図1枚 | 演習ごと更新 |

数字だけ暗記すると設問の背景を誤解しやすいため、各語を「誰が・いつ・何をするか」に結び付けてから演習へ進んでください。",借地借家法と賃管業法の並列表,"同じ「○日」でも条文趣旨が異なるため、並べて比較します。

| 場面 | 借地借家法 | 賃管業法・実務 |
| --- | --- | --- |
| 更新・終了 | 期間・通知 | 手続の段階 |
| 書面・説明 | 契約前後 | 交付・記載 |
| 預り金 | 返還条件 | 分別・管理 |
| 明渡 | 猶予・手続 | 費用整理 |
| 演習 | 交互に5問 | 混同チェック |

借地借家法の試験対策記事で更新・立退の時系列を先に固め、本表は計算論点の照合用として演習直前に5分だけ見直す運用が効率的です。",解答前の時系列メモ（3行）,"解答前に次の3行を書く手順を固定します。

| 行 | 記入内容 | 例 |
| --- | --- | --- |
| 1 | 起算点 | 通知到達日 |
| 2 | 満了・期限 | ○日後 |
| 3 | 主体 | 貸主・借主・管理業者 |
| チェック | 単位 | 日・月・年 |
| 記録 | 2分超 | 問番号 |

問題文の日付語・期間語に下線を引き、メモが書けない問は2分で保留するルールとセットにすると時間切れが減ります。",10問セットの反復（計算特化）,"計算・数値は10問×高頻度が向いています。

| 週 | 作業 | 記録 |
| --- | --- | --- |
| 月〜金 | 2問×5日 | 起算点の型 |
| 土 | 同10問再演習 | 正答数 |
| 翌週 | 誤答のみ数値隠し | 根拠説明 |
| 月次 | 預り金・更新を入替 | 再発率 |
| 通し | 50問中の数値 | 未解答 |

借地借家法と賃管業法の問題を交互に並べると、同じ日数表示でも要件の違いを見分ける訓練になります。",3分野・直前の切り替え,"数値の詰まりは通し演習で検証します。令和8年度は11月15日試験です。

| 時期 | 賃管法令・制度 | 全体 |
| --- | --- | --- |
| 通常 | 10問セット週1 | 3分野バランス |
| 直前12週 | 誤答数値のみ | 通し月2回 |
| 直前4週 | 争点メモ | 新規なし |
| 当日 | 単位・転記 | 見直し10分 |
| 改定 | 要項で章確認 | 差分のみ更新 |

契約・実務分野の家賃・精算設問とも接続するため、週1回は他分野の数値1問を同じ3行メモで解くと再発が減ります。",,,,,計算が苦手なら先に集中してよいですか？,計算論点の先行は有効です。ただし借地借家法・賃管業法の基本語句を軽く確認してから入ると、起算点の読み違いが減ります。平日10分の短演習を積み上げ、週末に10問セットを同条件で再計測してください。数値暗記より、誤答の型（主体・時点・単位）を記録する方が再現性が高くなります。,計算記事と頻出記事の使い分けは？,頻出論点は骨格とタグの優先順位が中心です。本記事は期限・数値の処理手順と10問セットが中心です。頻出で柱を固定したあと、数値で落とす論点だけ本記事の手順を当てはめる順が効率的です。両方の表を同じノートに貼ると、週次レビューが1枚で済みます。,field-law-frequent-topics:賃管法令・制度の頻出論点;shakuchi-shakuya-guide:借地借家法の試験対策;past-questions-how-to-use:過去問の効果的な使い方,ケアレスミスを減らすには？,単位と起算点の読み飛ばしが多いため、解答前の3行メモを必須にしてください。誤答した数値問題は、数値を隠して根拠だけ再現する解き直しが有効です。50問120分の通しでは2分超の問番号を記録し、翌週はその型だけ10問セットに追加する運用で着実に改善できます。,,,数値は時点と主体が中心;4語を先に区別;解答前に3行メモ;10問セットを週反復;通しで未解答を記録
field-law-case-study,分野別対策,賃貸不動産経営管理士試験の賃管法令・制度の事例・ケース問題,賃管法令・制度の事例問題対策を要項正本で整理。主体・時系列・争点の読み順を50問120分・令和8年度11月15日試験向けに表で解説します。,賃管法令・制度の事例問題は、知識量より読む順序で得点が分かれます。借地借家法と賃管業法のどちらが主論点かを見誤ると、更新・預り金・明渡の評価が連鎖的に崩れます。賃貸不動産経営管理士試験は50問・120分・3分野、令和8年度は2026年11月15日（日）13:00〜15:00です。本記事では一般財団法人 賃貸不動産経営管理士試験センター要項を正本として、図示→時系列→争点抽出の手順、復元メモ、週1の時間制限演習を表で説明します。出題範囲は https://www.chintaikanrishi.jp/ の要項で必ず確認してください。,40,分野別;試験対策,賃管マスター編集部,資格学習サイトの編集チーム,公式情報確認担当,公開前に一次情報との照合を行う担当者,2026-06-04,賃貸不動産経営管理士協議会（公式）|https://www.chintaikanrishi.jp/,手書きリライト 2026-06-04。自動prose差し替え 2026-06-04（要手書き）。分野別対策向けテンプレートから作成。公開前に本文・参照URL・関連リンクを差し替える。,本記事を読むと、長文事例を主体・時系列・争点の順で整理する方法が分かり、複数論点が絡む設問でも根拠を持って肢を絞れるようになります。,事例文を主体・契約関係・時系列の3列で図示する;読み始めに借地借家法中心か賃管業法中心かを1行で判定する;更新・預り金・明渡のチェック欄を演習ノートに固定する;正誤後に事実関係を5行で復元メモする;週1回は事例5問を120分通しの一部として計測する,試験要項・公式ページ更新時に本文と参照元を見直す。,2026-06-04,2026-06-29,2026-06-04,published,2026-06-04: 編集合格（手書きリライト）,事例を読む固定手順（3ステップ）,"長文は次の順で情報を拾います。

| 順 | 作業 | 成果物 |
| --- | --- | --- |
| 1 | 登場人物と契約関係 | 関係図 |
| 2 | 時系列 | タイムライン |
| 3 | 争点を1主1補 | 争点メモ |
| 4 | 法令の当てはめ | 条文メモ |
| 5 | 肢の比較 | 消去理由1行 |

要件該当性の検討を飛ばして結論へ行く癖がある場合、ステップ4を必須にすると誤答の連鎖を止めやすくなります。",借地借家法／賃管業法の切り分け,"事例の主軸法令を先に決めます。

| 信号 | 主に使う法令 | 補助論点 |
| --- | --- | --- |
| 更新・立退・明渡 | 借地借家法 | 契約条項 |
| 管理受託・預り金 | 賃管業法 | 説明義務 |
| 複合 | 両方 | 優先1つに絞る |
| 誤り | 法令の取り違え | 図を描き直す |
| 記録 | 主論点タグ | 週次集計 |

賃貸住宅管理業法の押さえ方で業法の骨格を確認し、借地借家法記事で更新・立退の時系列を合わせて持つと複合事例に強くなります。",争点の優先付け（1主1補）,"情報過多を防ぐため、争点は最大2つに限定します。

| 争点 | 確認項目 | 捨てる情報 |
| --- | --- | --- |
| 更新 | 手続・拒絶 | 無関係な費用 |
| 明渡 | 段階・正当事由 | 別契約の話 |
| 預り金 | 管理・返還 | 税務の細目 |
| 管理業務 | 義務範囲 | 設備の専門仕様 |
| 記録 | 主・補 | 次回再現 |

設問ごとに「主論点を1つ、補助を1つ」と書く訓練を続けると、不要な条文へ引っ張られる時間が短くなります。",復元メモと解き直し,"解答後の復元が事例対策の中心です。

| 項目 | 書く内容 | タイミング |
| --- | --- | --- |
| 事実 | 5行要約 | 解答直後 |
| 法令 | 使った条文の趣旨 | 同日 |
| 争点 | 更新・明渡・預り金の印 | 週末 |
| 誤答 | 取り違えた語 | 7日後 |
| 再演習 | 同型5問 | 翌週 |

正解を見て終わりにせず、次回同種問題で着眼点を再現できるまで復元を繰り返してください。",契約・実務分野との往復,"事例は契約・実務の長文と接続します。令和8年度は11月15日試験です。

| 賃管法令の争点 | 契約・実務での見方 |
| --- | --- |
| 更新手続 | 条項・重説 |
| 明渡 | 立退・原状 |
| 預り金 | 管理委託・精算 |
| 説明義務 | 書面・記録 |
| 週次 | 横断3問 | 同争点 |

3分野のうち法令・制度で固めた争点を、週1回は契約・実務の設問でも同じ3行メモで解くと本番の切り口変更に耐えやすくなります。",,,,,事例が苦手なときは何から始めますか？,長文演習の前に、借地借家法と賃管業法の基本構造を短時間で確認してください。そのうえで平日1問・週末3〜5問の配分で、3列図と復元メモをセットにすると続きやすいです。主論点の法令判定を1行で書く習慣がつくと、複合事例でも肢の評価が安定します。,事例記事と頻出記事の違いは？,頻出論点は出題骨格とタグの優先順位が中心です。本記事は長文の読み順・争点の絞り方・復元メモが中心です。頻出で柱を固定してから、事例演習で読み手順を訓練する流れがおすすめです。復元メモが未完成のまま量だけ増やすと、改善が見えにくい点に注意してください。,field-law-frequent-topics:賃管法令・制度の頻出論点;chintai-gyoho-basics:賃貸住宅管理業法の押さえ方;shakuchi-shakuya-guide:借地借家法の試験対策,時間内に読み切れないときは？,2分で主論点と争点1つまで決め、残りは保留にしてください。通し演習で2分超の問番号を記録し、翌週は同型事例だけ短時間で図示練習を増やすと読む速度が上がります。直前8週は新規長文を増やさず、復元メモの再現に集中する方が得点効率は高いです。,,,図→時系列→争点の順;主論点の法令を先に決める;争点は1主1補;復元メモを必須;週1で事例5問計測
field-law-past-question-focus,分野別対策,賃貸不動産経営管理士試験の賃管法令・制度の過去問での出題傾向,賃管法令・制度の過去問傾向を要項正本で整理。論点軸の並べ替え・三段階復習・50問120分・令和8年度向けに表で解説します。,賃管法令・制度の過去問は、年度順だけでは傾向が見えにくいです。借地借家法・賃管業法・更新・明渡・預り金の論点軸で並べ替えると、表現が変わっても同じテーマが繰り返されていることが把握できます。賃貸不動産経営管理士試験は50問・120分・3分野、令和8年度は2026年11月15日（日）13:00〜15:00です。本記事では一般財団法人 賃貸不動産経営管理士試験センター要項を正本として、三段階の回し方、誤答分類、直前期の捨て残し判断を表で説明します。出題範囲は https://www.chintaikanrishi.jp/ の要項で必ず確認してください。,40,分野別;試験対策,賃管マスター編集部,資格学習サイトの編集チーム,公式情報確認担当,公開前に一次情報との照合を行う担当者,2026-06-04,賃貸不動産経営管理士協議会（公式）|https://www.chintaikanrishi.jp/,手書きリライト 2026-06-04。自動prose差し替え 2026-06-04（要手書き）。分野別対策向けテンプレートから作成。公開前に本文・参照URL・関連リンクを差し替える。,本記事を読むと、賃管法令・制度の過去問を論点軸で管理する方法が分かり、誤答の多いテーマへ学習時間を集中させて直前期の得点力を上げられます。,過去演習を5論点タグで再分類し正答率を集計する;更新・明渡の誤答肢を根拠付きでノート化する;預り金は出題形式ごとに比較表を作る;2周目から論点別・3周目から時間制限で回す;直前8週は誤答上位論点のみに絞る,試験要項・公式ページ更新時に本文と参照元を見直す。,2026-06-04,2026-06-29,2026-06-04,published,2026-06-04: 編集合格（手書きリライト）,論点軸への並べ替え,"年度順のあと、論点軸で表を作ります。

| 論点軸 | 見る指標 | 記録 |
| --- | --- | --- |
| 借地借家法 | 正答率・再発 | タグ |
| 賃管業法 | 正答率・再発 | タグ |
| 更新 | 手続系誤答 | 争点3語 |
| 明渡 | 段階系誤答 | 争点3語 |
| 預り金 | 形式別 | 比較表 |

3回分を同じ列で並べると、感覚ではなく数字で優先分野を説明できます。",三段階の回し方,"過去問は周回の役割を分けます。

| 周 | 目的 | 賃管法令・制度の重点 |
| --- | --- | --- |
| 1周 | 全体像 | 全論点を薄く |
| 2周 | 論点別 | 更新・明渡・預り金 |
| 3周 | 時間制限 | 迷い・見切り |
| 記録 | 正答率推移 | 2週ごと |
| 調整 | 弱い軸1つ | +時間 |

過去問活用法の記事で演習前確認と誤答3語記録を先に固定し、本記事の段階表で周回の中身を選んでください。",誤答肢の型（3分類）,"低得点の原因を型で分けると対策が変わります。

| 型 | 信号 | 追加作業 |
| --- | --- | --- |
| 主体違い | 貸主・借主・管理業者 | 関係図 |
| 時点違い | 通知・満了・返還 | 時系列 |
| 要件不足 | 手続・説明 | 条文趣旨 |
| 境界 | 借地借家法／賃管業法 | 切り分け表 |
| 記録 | 型タグ | 翌週枠 |

借地借家法と賃管業法の境界問題は、選択肢の一部が正しく見えるため、型分類を徹底すると再失点を防ぎやすいです。",2週間サイクルでの見直し,"分析は2週間単位で更新します。

| 週 | 作業 | 判断 |
| --- | --- | --- |
| 0週 | 20問＋表記入 | 最弱軸 |
| 1週 | 最弱軸＋時間 | 再発率 |
| 2週 | 同条件再計測 | 差分の縮み |
| 縮んだ | 維持へ | 時間を戻す |
| 縮まない | 型1つ追加 | 他は維持 |

改善が止まった型だけ手を足し、それ以外は維持確認に回すと負荷が一定します。",直前期の捨て残し（3分野バランス）,"直前は新規範囲より誤答上位と通しの時間です。令和8年度は11月15日試験です。

| 残り | 賃管法令・制度 | 3分野全体 |
| --- | --- | --- |
| 12週 | 論点別2周目 | 通し月2回 |
| 8週 | 誤答上位のみ | 新規停止 |
| 4週 | 争点メモ | 解き直し |
| 2週 | 数値・手続 | 持ち物・会場 |
| 記録 | 改定章 | 要項確認日 |

法令・制度だけを深掘りしすぎると契約・実務・設備が落ちるため、週次で3分野の正答率を同じ表に並べてバランスを見てください。",,,,,過去問は何年分やれば十分ですか？,年数より、同じ論点を根拠付きで解き直せるかが重要です。直近を論点軸で回し、改定章は要項で範囲を確認してから使ってください。本記事の三段階と過去問活用法の記録形式を合わせると、分析が途切れずに3周目の時間制限演習へつながります。,傾向分析と過去問活用記事の違いは？,過去問の活用法は演習前確認と誤答記録の全体設計が中心です。本記事は賃管法令・制度に絞った論点軸・三段階・直前の絞り込みが中心です。活用法で記録列を固定し、本記事で論点表を2週ごとに更新する流れがおすすめです。,past-questions-how-to-use:過去問の効果的な使い方;field-law-frequent-topics:賃管法令・制度の頻出論点;law-subject:法令・制度の学習導線,不合格後も同じ表でよいですか？,同じ論点軸表で問題ありません。前回本番の分野別正答を1行目に入れ、以降の演習を下に追加すると改善幅が見えます。再受験計画の初動表と併用すると、分析が途切れにくくなります。本番行と演習行を分けて色付けすると読み取りがさらに楽になります。,,,論点軸で並べ替え;1〜3周で役割分担;誤答は3型で分類;2週ごとに再計測;直前は誤答上位に絞る
field-rights-basics,分野別対策,賃貸不動産経営管理士試験の契約・実務の基礎の押さえ方,契約・実務分野の基礎を要項正本で整理。賃貸借・重説・管理委託・原状回復を50問120分・令和8年度11月15日試験向けに表で解説します。,契約・実務は3分野のうち契約・実務に相当し、長文設問の読み手順が得点を分けます。賃貸借契約の構造を起点に、重要事項説明・管理委託・入居者対応・原状回復を時系列でつなぐと、主体と説明義務の取り違えが減ります。賃貸不動産経営管理士試験は50問・120分・3分野、令和8年度は2026年11月15日（日）13:00〜15:00です。本記事では一般財団法人 賃貸不動産経営管理士試験センター要項を正本として、5論点の役割分担、学習順、週次の横断復習を表で説明します。出題範囲は https://www.chintaikanrishi.jp/ の要項で必ず確認してください。,40,分野別;試験対策,賃管マスター編集部,資格学習サイトの編集チーム,公式情報確認担当,公開前に一次情報との照合を行う担当者,2026-06-04,賃貸不動産経営管理士協議会（公式）|https://www.chintaikanrishi.jp/,手書きリライト 2026-06-04。自動prose差し替え 2026-06-04（要手書き）。分野別対策向けテンプレートから作成。公開前に本文・参照URL・関連リンクを差し替える。,本記事を読むと、契約・実務をどの順で学べばよいかが分かり、賃貸借と重要事項説明を軸に管理委託・原状回復まで過去問で確認する導線が持てます。,契約・実務の目次を賃貸借・重説・管理委託の3軸で書き分ける;原状回復と入居者対応の比較表を1枚にまとめる;各論点で過去問10問ずつ解き誤答理由を記録する;誤答を主体・時点・説明義務の読み違いに分類する;週末に法令・制度分野1セットと横断復習する,試験要項・公式ページ更新時に本文と参照元を見直す。,2026-06-04,2026-06-29,2026-06-04,published,2026-06-04: 編集合格（手書きリライト）,5論点の役割分担,"契約・実務は5論点を時系列で位置づけます。

| 論点 | 位置づけ | 試験の焦点 |
| --- | --- | --- |
| 賃貸借契約 | 権利義務の土台 | 条項・更新 |
| 重要事項説明 | 情報提供 | 範囲・タイミング |
| 管理委託 | 業務・責任分界 | 受託範囲 |
| 入居者対応 | 日常運用 | 初動・記録 |
| 原状回復 | 退去精算 | 負担区分 |
| 記録 | 誰が・いつ・何を | 週次見直し |

並列暗記より、契約締結前から退去までの流れでノートを作ると定着しやすいです。",おすすめの学習順,"初学者向けの順序例です。

| 順 | 内容 | 演習 |
| --- | --- | --- |
| 1 | 賃貸借の基本構造 | 短問10 |
| 2 | 重要事項説明 | 短問10 |
| 3 | 管理委託 | 事例5 |
| 4 | 入居者対応 | 事例5 |
| 5 | 原状回復 | 比較表＋10問 |
| 横断 | 週1 | 他分野3問 |

定期借家と普通借家の比較表は早めに完成させ、契約・実務の学習導線ハブの深掘り記事へつなげると迷いが減ります。",読み取りの軸（主体・時点・説明）,"設問は似た語句で混同を誘うため、読み軸を固定します。

| 軸 | メモ例 | 誤答の型 |
| --- | --- | --- |
| 主体 | 貸主・借主・管理業者 | 立場の取り違え |
| 時点 | 契約前・入居中・退去 | 手続順の逆転 |
| 説明 | 重説・書面・記録 | 範囲の過不足 |
| 争点 | 3語 | 口頭1分 |
| 記録 | 誤答タグ | 7日後再演習 |

結論だけでなく、判断を分けたキーワードを誤答ノートに残すと、同じ誘導に再び引っかかりにくくなります。",過去問の回し方（流れに沿う）,"分野別のあと、流れに沿った解き直しを入れます。

| ブロック | 問題数 | 確認 |
| --- | --- | --- |
| 賃貸借＋重説 | 各10問 | 根拠1行 |
| 管理委託＋入居 | 各10問 | 主体図 |
| 原状回復 | 10問 | 負担表 |
| 1週後 | 誤答のみ | 口頭説明 |
| 月次 | 50問のうち契約分野 | 時間 |

誤答肢の誤り理由を一文で言えるまで復習すると、本番の消去法の精度が上がります。",法令・制度・設備との接続,"契約・実務は他2分野の橋渡しです。令和8年度は11月15日試験です。

| 契約論点 | 接続 |
| --- | --- |
| 重説・書面 | 法令・制度（賃管業法） |
| 更新・明渡 | 借地借家法 |
| 原状・設備 | 設備・税務 |
| 預り金・精算 | 管理業務 |
| 週次 | 3分野各短問 | バランス表 |

3分野は法令・制度／契約・実務／設備・税務・その他です。週1回は賃管法令・制度の関連条文を戻ると、事例形式の設問でも判断の再現性が上がります。",,,,,苦手論点だけ先に学べますか？,可能ですが、原状回復や入居者対応だけ先行すると根拠が曖昧になりやすいです。賃貸借と重要事項説明で全体像をつかみ、その後に誤答の多い論点へ時間を寄せる順が安定しやすいです。比較表は週末演習の直前に5分見直す習慣をつけてください。,基礎記事と科目別ハブの違いは？,契約・実務の学習導線ハブは、用語・演習・関連記事の往復ルートが中心です。本記事は5論点の順序と読み取り軸が中心です。本記事で順序を決め、ハブで週次の往復先を固定する二段構成が効率的です。出題範囲の最終確認は試験センター要項が正本です。,rights-subject:契約・実務の学習導線;genjo-kaifuku-guide:原状回復の試験対策;teiki-shakka-guide:定期借家と普通借家の違い,独学での進め方の目安は？,平日は要点整理、週末は過去問演習の役割分担が続きやすいです。平日に賃貸借と重説、週末に管理委託・入居・原状をまとめて解き、誤答を主体・時点・説明に分類してください。月2回は50問120分の通しで契約分野の時間と正答率を記録すると改善が見えます。,,,5論点を時系列で;賃貸借→重説から着手;主体・時点・説明で読む;流れに沿って解き直し;週1で法令分野と横断
field-rights-frequent-topics,分野別対策,賃貸不動産経営管理士試験の契約・実務の頻出論点,賃貸不動産経営管理士試験の契約・実務の頻出論点を要項正本で整理。賃貸借契約・重説・管理委託・原状回復・入居者対応を50問120分・令和8年度向けに表で解説します。,契約・実務の得点差は、暗記量より「どの論点を先に固めるか」の順序で開きます。賃貸不動産経営管理士試験は50問・120分・3分野、令和8年度は2026年11月15日（日）13:00〜15:00です。本記事では一般財団法人 賃貸不動産経営管理士試験センター要項を正本として、5本柱の頻出タグ、週次の短時間復習、誤答の3分類を表で説明します。出題範囲の改定は https://www.chintaikanrishi.jp/ の要項で必ず上書き確認してください。,40,分野別;試験対策,賃管マスター編集部,資格学習サイトの編集チーム,公式情報確認担当,公開前に一次情報との照合を行う担当者,2026-06-04,賃貸不動産経営管理士協議会（公式）|https://www.chintaikanrishi.jp/,手書きリライト 2026-06-04。自動prose差し替え 2026-06-04（要手書き）。分野別対策向けテンプレートから作成。公開前に本文・参照URL・関連リンクを差し替える。,本記事を読むと、契約・実務で繰り返し問われる論点の優先順位が分かり、限られた週次時間でも頻出タグから復習を積み上げられるようになります。,過去問を賃貸借・重説・管理委託・原状回復・入居者対応の5タグで分類する;誤答を主体・時点・要件の3分類で記録する;頻出タグは週2回の15分枠をカレンダー固定する;管理委託は正誤理由を口頭1分で説明する練習をする;月末に頻出20問セットで正答率を1行記録する,試験要項・公式ページ更新時に本文と参照元を見直す。,2026-06-04,2026-06-29,2026-06-04,published,2026-06-04: 編集合格（手書きリライト）,契約・実務の頻出5本柱,"頻出対策は、まず出題の骨格を5区分に固定します。

| 区分 | 典型の問い方 | 週次の目安 |
| --- | --- | --- |
| 賃貸借契約 | 更新・解約・特約 | 短問10問 |
| 重要事項説明 | 説明義務・記録 | 事例2問 |
| 管理委託 | 業務範囲・報酬 | 争点メモ5件 |
| 原状回復 | 負担区分・精算 | 比較表更新 |
| 入居者対応 | 初動・記録 | 手順1枚確認 |

契約・実務の基礎の押さえ方で全体地図を先に作り、本記事では頻出タグへの時間配分だけを週次表に書き込んでください。",頻出タグの優先順位（弱点連動）,"5本柱すべてを同じ強度で回す必要はありません。

| 信号 | 配分 | 演習 |
| --- | --- | --- |
| 再発誤答が多いタグ | +30% | 同型5問 |
| 正答率60%未満 | +20% | 解き直し |
| 2週連続正答 | 維持 | 月1短問 |
| 初見で時間超過 | 読解練習 | 争点3語 |
| 直前8週 | 新規停止 | 頻出のみ |

過去問の効果的な使い方の3分類表と形式を揃えると、平日の誤答記録から週末の頻出セットへ迷わず移れます。",誤答の3分類と再発防止,"頻出論点でも、原因が違えば対策が変わります。

| 分類 | 例 | 追加作業 |
| --- | --- | --- |
| 主体 | 貸主・借主・管理会社 | 関係図1行 |
| 時点 | 入居前・退去時 | 時系列メモ |
| 要件 | 説明不足・手続不備 | 条文争点カード |
| 再発 | 同型誤答 | 7日後解き直し |
| 記録 | 問番号＋分類 | 週次で集計 |

「語句暗記だけ」より、誤答肢がどの分類かを先に書くと、次回は条件語に印を付けて読む癖が付きやすくなります。",20問セットの回し方,"頻出復習は、論点別20問を1セットに固定します。令和8年度は11月15日試験です。

| 回 | 構成 | 記録 |
| --- | --- | --- |
| 1周目 | 各タグ4問 | 正答数・分類 |
| 1週後 | 誤答のみ | 根拠1行 |
| 2周目 | 同構成 | 再発率% |
| 月次 | 頻出のみ | 通しへの接続 |
| 直前 | 誤答上位 | 新規なし |

月末の1行記録（正答数・再発数）を過去問出題傾向の記事の表と並べると、直前期に残すタグを数値で決めやすくなります。",他分野との接続（横断1回/週）,"契約・実務の頻出は、法令・制度および設備・税務・その他と接続します。

| 頻出タグ | 接続先 | 確認 |
| --- | --- | --- |
| 重説 | 法令の説明義務 | 同根拠で答える |
| 原状回復 | 修繕・費用 | 負担主体 |
| 管理委託 | 監督・記録 | 業務範囲 |
| 入居者対応 | トラブル初動 | 手順の順序 |
| 週1 | 横断5問 | 分野タグ付き |

横断は毎週1回で十分です。頻出タグの深掘りと横断のバランスが崩れると、再発率だけが下がらないことがあります。",,,,,頻出論点は暗記だけで足りますか？,語句暗記だけでは、初見の言い回しで再び迷いやすくなります。5本柱の定義を短文で説明できたうえで、過去問をタグ付きで回してください。誤答は主体・時点・要件に分類し、同型を7日以内に解き直す運用が効率的です。,頻出対策と基礎記事の違いは？,基礎の押さえ方は、学習順序と全体地図が中心です。本記事は、頻出タグへの週次配分と20問セットの運用が中心です。地図を先に作り、本記事で優先タグと時間を決める順がおすすめです。頻出だけ先に深掘りすると、重説と賃貸借の前提が抜けて再発しやすくなる点に注意してください。,field-rights-basics:契約・実務の基礎の押さえ方;field-rights-past-question-focus:契約・実務の過去問出題傾向;past-questions-how-to-use:過去問の効果的な使い方,独学で頻出を続けるコツは？,曜日固定が有効です。平日2タグを15分ずつ、週末に20問セットを120分の一部として入れてください。解説後は根拠を1行だけ書き、翌週冒頭で再発誤答だけを再挑戦する流れを崩さないでください。月末の正答数1行を残すと、直前期に残すタグを数値で決めやすくなります。,,,頻出は5本柱で固定;弱点タグに時間を寄せる;誤答は3分類で記録;20問セットを反復;週1で横断確認
field-rights-calculation,分野別対策,賃貸不動産経営管理士試験の契約・実務の計算・数値問題,賃貸不動産経営管理士試験の契約・実務の数値・期限論点を要項正本で整理。賃料・精算・通知期間を50問120分・令和8年度11月15日試験向けに表で解説します。,契約・実務の「計算」は、四則演算より起算点と負担区分の整理が本体です。賃貸不動産経営管理士試験は50問・120分・3分野、令和8年度は2026年11月15日（日）13:00〜15:00です。本記事では一般財団法人 賃貸不動産経営管理士試験センター要項を正本として、期限・期間・精算時点の区別、数値演習の記録列、週末小テストを表で説明します。合格基準・問題数は https://www.chintaikanrishi.jp/ の要項で必ず確認してください。,40,分野別;試験対策,賃管マスター編集部,資格学習サイトの編集チーム,公式情報確認担当,公開前に一次情報との照合を行う担当者,2026-06-04,賃貸不動産経営管理士協議会（公式）|https://www.chintaikanrishi.jp/,手書きリライト 2026-06-04。自動prose差し替え 2026-06-04（要手書き）。分野別対策向けテンプレートから作成。公開前に本文・参照URL・関連リンクを差し替える。,本記事を読むと、契約・実務の数値・期限設問で何を先に書き出せばケアレスミスを減らせるかが分かり、週次の短時間演習に落とし込めます。,期限・期間・通知・精算の4語を定義比較表にまとめる;問題文の日付語に下線を引くルールを固定する;平日10分で数値・期限問題を2問ずつ解く;誤答は起算点・負担主体・単位のどれかをタグ付けする;週末に数値論点だけ10問の小テストを120分演習の前に入れる,試験要項・公式ページ更新時に本文と参照元を見直す。,2026-06-04,2026-06-29,2026-06-04,published,2026-06-04: 編集合格（手書きリライト）,数値論点の4区分（混同防止）,"最初に用語を分けます。算術の前に「何の数字か」を固定してください。

| 区分 | 見る場所 | 誤りやすい点 |
| --- | --- | --- |
| 期限 | 満了・解約通知 | 起算日 |
| 期間 | 契約期間・委託期間 | 満了と通知の混同 |
| 精算時点 | 原状回復・費用 | 負担主体 |
| 金額条件 | 賃料・控除 | 単位・対象期間 |

基礎の押さえ方で賃貸借と重説の骨格を確認したうえで、本記事の4区分表をノート表紙に貼り、解答前に必ず1行メモを書いてください。",解答前の3行メモ（時系列）,"数値設問は、計算前に次の3行を書きます。

| 行 | 記入例 | 効果 |
| --- | --- | --- |
| 1.主体 | 貸主・借主・管理会社 | 負担の取り違え防止 |
| 2.時点 | 入居・退去・更新 | 起算の固定 |
| 3.争点 | 通知期間か精算か | 読む範囲の限定 |

事例・ケース問題の記事で使う主体・時系列・争点の型と揃えると、長文でも数値パートだけ先に切り出して処理しやすくなります。",頻出の数値パターン,"契約・実務で繰り返される型を、演習前に一覧化します。

| パターン | 確認すること | 週次 |
| --- | --- | --- |
| 更新・解約通知 | 期間の長さ・起算 | 2問 |
| 原状回復精算 | 負担区分 | 2問 |
| 管理委託の期間・報酬 | 契約関係 | 2問 |
| 重説の実施時点 | 説明義務 | 2問 |
| 記録 | 処理秒数 | 週末集計 |

頻出論点の記事で優先タグを決め、数値パターン表の「週次」列だけを弱点に合わせて増減してください。",10問小テストと記録列,"週末は、数値・期限だけを10問に絞った小テストを入れます。

| 列 | 記入 | 使い道 |
| --- | --- | --- |
| 日付 | セット名 | 推移 |
| 正答 | 8/10など | 目標 |
| タグ | 起算・主体・単位 | 再発 |
| 秒数 | 合計時間 | 本番ペース |
| 翌週 | 再挑戦日 | 固定 |

2週で正答が伸びないタグだけ、平日10分演習を+1問にします。それ以外は維持確認に回すと負荷が一定します。",他分野の数値との切り分け,"同じ数字でも、分野で判断軸が変わります。令和8年度は11月15日試験です。

| 論点 | 契約・実務 | 設備・税務・その他 |
| --- | --- | --- |
| 費用 | 原状回復・賃料 | 修繕・管理費用 |
| 時点 | 契約・通知 | 計上・保険 |
| 演習 | 本記事の10問 | 別表で管理 |
| 混同 | 費目名 | 比較表で分離 |
| 横断 | 月1回5問 | 分野タグ |

設備・税務の数値は別ノートに分け、契約・実務の表に混ぜない方が、起算点の再発を追いやすくなります。",,,,,計算が苦手でも契約・実務は対策できますか？,多くの設問は複雑な計算より、起算点と負担区分の読解が中心です。解答前に主体・時点・争点の3行を書く習慣を先に付け、平日10分演習で処理時間を記録してください。式より判断手順を3行で書き直す復習が、短期間でも正答率を上げやすいです。,数値対策と事例記事の使い分けは？,事例記事は長文の読み順と争点抽出が中心です。本記事は数値・期限の4区分と10問小テストが中心です。長文では争点を先に抜き、数値パートだけ本記事の3行メモで処理する流れが効率的です。数値だけ別冊に増やすより、同じノートの表で管理すると混同が減ります。,field-rights-basics:契約・実務の基礎の押さえ方;field-rights-frequent-topics:契約・実務の頻出論点;field-rights-case-study:契約・実務の事例・ケース問題,単位や期間の読み落としを減らすには？,問題文の日付語・期間語・金額語に下線を引くルールを固定してください。誤答したら起算点・主体・単位のどれかを必ずタグ付けし、翌週同型2問で解き直します。10問小テストの記録列にタグを残すと、改善が数値で見えます。,,,期限と期間を先に分離;解答前3行メモ;10問小テストを週次;誤答タグで再発管理;設備の数値は別表
field-rights-case-study,分野別対策,賃貸不動産経営管理士試験の契約・実務の事例・ケース問題,賃貸不動産経営管理士試験の契約・実務の事例問題を要項正本で整理。主体・時系列・争点の読み順を50問120分・令和8年度向けに表で解説します。,契約・実務の長文は、知識量より「読む順序」が得点を分けます。賃貸不動産経営管理士試験は50問・120分・3分野、令和8年度は2026年11月15日（日）13:00〜15:00です。本記事では一般財団法人 賃貸不動産経営管理士試験センター要項を正本として、3列表、主要・補助争点の切り分け、復元メモの週次運用を表で説明します。試験形式の変更は https://www.chintaikanrishi.jp/ の要項で必ず確認してください。,40,分野別;試験対策,賃管マスター編集部,資格学習サイトの編集チーム,公式情報確認担当,公開前に一次情報との照合を行う担当者,2026-06-04,賃貸不動産経営管理士協議会（公式）|https://www.chintaikanrishi.jp/,手書きリライト 2026-06-04。自動prose差し替え 2026-06-04（要手書き）。分野別対策向けテンプレートから作成。公開前に本文・参照URL・関連リンクを差し替える。,本記事を読むと、複数論点が絡む事例設問を、主体・時系列・争点の順で整理して選択肢を絞る手順が具体化します。,事例を主体・時系列・争点の3列シートで整理する;賃貸借と管理委託のどちらが主軸かを最初に決める;原状回復・入居者対応・重説はチェック欄を毎回同じ順で確認する;正解後に事実関係を5行で復元メモする;週1回は時間制限付きで事例5問を解く,試験要項・公式ページ更新時に本文と参照元を見直す。,2026-06-04,2026-06-29,2026-06-04,published,2026-06-04: 編集合格（手書きリライト）,事例を開く前の3列シート,"長文を読む前に、空の3列表を用意します。

| 列 | 記入内容 | 所要目安 |
| --- | --- | --- |
| 主体 | 貸主・借主・管理会社・仲介 | 1分 |
| 時系列 | 入居前→入居中→退去 | 2分 |
| 争点 | 主1・補1 | 2分 |

基礎の押さえ方で契約関係の用語を揃え、本記事のシートを通し演習のたびに同じ用紙で使うと、初見でも手が動きます。",主軸の決め方（賃貸借か管理委託か）,"中心論点を誤ると、肢全体の評価が連鎖的に崩れます。

| 手がかり | 主軸になりやすい | 次に見る |
| --- | --- | --- |
| 受託・報酬・業務範囲 | 管理委託 | 記録義務 |
| 賃料・更新・解約 | 賃貸借 | 特約 |
| 説明・書面 | 重要事項説明 | 記録 |
| 退去・費用 | 原状回復 | 精算時点 |
| 苦情・対応 | 入居者対応 | 初動 |

主軸を1行で書いてから選択肢に入ると、関係のない肢を早めに消せます。",主要争点1＋補助争点1のルール,"情報過多のときは、争点を2つに限定します。

| 段階 | 作業 | 避けること |
| --- | --- | --- |
| 読解 | 主・補を各1つ | 全論点同時 |
| 比較 | 要件該当を確認 | 結論先行 |
| 時間 | 3分超は印 | 長考の連鎖 |
| 記録 | 主争点タグ | 丸暗記のみ |
| 復習 | 同型5問 | 解説だけ読む |

数値・期限の設問は計算記事の3行メモへ切り出し、本節では条文・手続の争点だけを扱うと整理が楽です。",復元メモ（解答後5行）,"正誤確認のあと、事実関係を短く書き直します。

| 行 | 内容 | 翌週の使い方 |
| --- | --- | --- |
| 1 | 誰と誰の関係 | 主体列へ |
| 2 | いつ何が起きたか | 時系列へ |
| 3 | 主争点 | 同型演習 |
| 4 | 誤り肢の欠落 | 消去練習 |
| 5 | 根拠1行 | 口頭説明 |

復元メモを演習前に見返すと、着眼点の再現率が上がり、頻出タグの復習とも接続しやすくなります。",週1回・事例5問の時間制限,"事例力は、短い通しで検証します。令和8年度は11月15日試験です。

| 枠 | 問数 | 記録 |
| --- | --- | --- |
| 平日 | 短事例1問 | 3列シート |
| 週末 | 5問・制限付き | 未完了数 |
| 翌週 | 誤答のみ | 主争点タグ |
| 月2回 | 50問通しの一部 | 2分超 |
| 直前8週 | 新規長文停止 | 復元のみ |

50問120分の通しでは、長文に固まりすぎないよう、見切り基準を紙1枚に書いておくと全体のペースが保ちやすくなります。",,,,,事例が苦手なとき、何から始めますか？,長文を増やす前に、短い事例1問で3列シートを毎日使う練習から始めてください。賃貸借と管理委託の主軸判断が安定してから、5問セットへ広げると誤読が減ります。基礎記事で用語を揃えたうえで進めると、手戻りが少ないです。,正解した問題も復元メモが必要ですか？,正解でも、争点の取り方が曖昧なら5行メモを残してください。運で正した設問は次回同型で再発しやすいため、根拠1行を書く習慣が有効です。誤答だけに絞るより、主争点タグの記録を優先すると改善が速くなります。,field-rights-basics:契約・実務の基礎の押さえ方;field-rights-calculation:契約・実務の計算・数値問題;field-rights-frequent-topics:契約・実務の頻出論点,独学で長文の時間を短縮するには？,読む前の3列を2分以内に終えるルールを固定してください。3分を超えたら印だけ付けて後回しにし、週末の5問セットで未完了数を記録します。通し演習と併用すると、本番でも見切りが再現しやすくなります。復元メモを翌週の演習前に見返す習慣も、長文の処理時間短縮に効きます。,,,3列シートを先に書く;主軸を1行で固定;争点は主1・補1;復元メモ5行;週1で事例5問
field-rights-past-question-focus,分野別対策,賃貸不動産経営管理士試験の契約・実務の過去問での出題傾向,賃貸不動産経営管理士試験の契約・実務の過去問傾向を要項正本で整理。5論点タグ・再発率・直前の絞り込みを50問120分・令和8年度向けに表で解説します。,過去問は年度順の周回だけでは、自分の弱点が見えにくくなります。賃貸不動産経営管理士試験は50問・120分・3分野、令和8年度は2026年11月15日（日）13:00〜15:00です。本記事では一般財団法人 賃貸不動産経営管理士試験センター要項を正本として、論点タグの付け方、出題数の可視化、直前期の残しリストを表で説明します。出題範囲は https://www.chintaikanrishi.jp/ の要項で必ず確認してください。,40,分野別;試験対策,賃管マスター編集部,資格学習サイトの編集チーム,公式情報確認担当,公開前に一次情報との照合を行う担当者,2026-06-04,賃貸不動産経営管理士協議会（公式）|https://www.chintaikanrishi.jp/,手書きリライト 2026-06-04。自動prose差し替え 2026-06-04（要手書き）。分野別対策向けテンプレートから作成。公開前に本文・参照URL・関連リンクを差し替える。,本記事を読むと、契約・実務の過去問を論点別に並べ替え、再発誤答へ時間を集中させて直前期の得点力を上げる判断ができます。,過去問に5論点タグを付け出題数を表にする;誤答肢を主体・時点・要件で分類して再発率を週次記録する;週20問の解き直しで正答率推移を1行で残す;直前8週は誤答上位タグのみに範囲を絞る;通し演習前に残しリストを5タグ以内に更新する,試験要項・公式ページ更新時に本文と参照元を見直す。,2026-06-04,2026-06-29,2026-06-04,published,2026-06-04: 編集合格（手書きリライト）,年度順より論点タグ（5分類）,"分析の軸は、賃貸借・重説・管理委託・原状回復・入居者対応の5タグです。

| タグ | 記録列 | 見る指標 |
| --- | --- | --- |
| 各タグ | 出題数 | 多い順 |
| 各タグ | 自分の正答率 | 低い順 |
| 差分 | 出題多×正答低 | 最優先 |
| 週次 | 20問解き直し | 推移 |
| 月次 | 残しリスト | 5以内 |

過去問の効果的な使い方で3周回の型を決め、本記事のタグ表は2周目以降の並べ替えに使ってください。",誤答肢の分析（間違い型）,"正答より、誤り肢が何を欠かしているかを記録します。

| 型 | 記録例 | 次の演習 |
| --- | --- | --- |
| 主体違い | 管理会社→貸主 | 関係図 |
| 時点違い | 退去前後 | 時系列 |
| 要件不足 | 説明未実施 | 争点カード |
| 再発 | 同型2回目 | 7日以内 |
| 集計 | 週の再発% | 配分調整 |

頻出論点の3分類とラベルを揃えると、平日の誤答から週末の20問へ接続しやすくなります。",3周回（全体→タグ→時間）,"過去問は段階を分けると、傾向と実戦力が同時に上がります。

| 周回 | 目的 | 記録 |
| --- | --- | --- |
| 1周目 | 全体像 | 分野正答数 |
| 2周目 | タグ別 | タグ正答率 |
| 3周目 | 時間制限 | 未解答・2分超 |
| 直前 | 残しリスト | 誤答上位のみ |
| 禁止 | タグなし大量周回 | — |

科目構成と配点で契約・実務の目標イメージを置き、タグ正答率が目標に届くかを2週ごとに見直してください。",直前期の残しリスト（5タグ以内）,"試験8週前は、新規範囲より残す論点の削除が主作業です。

| 残り | 残す | 削る |
| --- | --- | --- |
| 8週 | 誤答上位3タグ | 初見のみの細部 |
| 4週 | 再発誤答 | 新しい問題集 |
| 2週 | 争点メモ | 長時間の新規 |
| 前週 | 確認のみ | 深夜詰め |
| 記録 | 完了日 | 再発0を目標 |

残しリストは通し演習の前日に更新し、50問120分で触れる論点を現実的な数に抑えてください。",他分野への転用チェック,"契約・実務で固めたタグは、横断で再確認します。令和8年度は11月15日試験です。

| タグ | 法令側 | 設備側 |
| --- | --- | --- |
| 重説 | 説明義務 | — |
| 原状回復 | 手続 | 修繕費 |
| 管理委託 | 監督 | 管理費用 |
| 週1 | 横断5問 | 分野記録 |
| 目的 | 切り口変更への耐性 | 再発防止 |

横断は週1回で足ります。タグ分析と混ぜすぎると、直前の残しリストが膨らみやすい点に注意してください。",,,,,過去問は何年分を分析すればよいですか？,手持ちの過去問で構いません。重要なのは年数より、5タグで並べ替えて出題数と自分の正答率を同じ表に載せることです。直前期は誤答上位タグだけに絞り、新しい年度を増やして範囲を広げない運用が安全です。週20問の解き直しは上限を決め、再発タグだけ翌週冒頭で再挑戦すると負荷が一定します。,出題傾向と頻出記事の違いは？,頻出記事は週次の復習セットと優先タグの配分が中心です。本記事は過去問のタグ分析・再発率・直前の残しリストが中心です。頻出で固めたタグを、本記事の表で出題数と正答率に接続すると優先順位が明確になります。,field-rights-frequent-topics:契約・実務の頻出論点;past-questions-how-to-use:過去問の効果的な使い方;subject-breakdown:科目構成と配点,解き直しが増えて時間が足りません,週20問の解き直しを上限にし、再発したタグだけ翌週冒頭で再挑戦してください。正答したタグは月1の短問確認に降格すると、負荷が下がります。残しリストを5タグ以内に更新する習慣も、直前の迷いを減らします。,,,5タグで並べ替え;誤答型を記録;3周回で段階化;残しリストは5以内;週1横断で転用
field-limit-basics,分野別対策,賃貸不動産経営管理士試験の設備・税務・その他の基礎の押さえ方,賃貸不動産経営管理士試験の設備・税務・その他の基礎を要項正本で整理。建物設備・修繕・税務・火災保険・管理費用の学習順を50問120分・令和8年度向けに表で解説します。,設備・税務・その他は、用語暗記より「何を判断する分野か」の地図が先です。賃貸不動産経営管理士試験は50問・120分・3分野、令和8年度は2026年11月15日（日）13:00〜15:00です。本記事では一般財団法人 賃貸不動産経営管理士試験センター要項を正本として、5分類の学習順、分野別10問、週末横断セットを表で説明します。出題範囲の改定は https://www.chintaikanrishi.jp/ の要項で必ず上書き確認してください。,40,分野別;試験対策,賃管マスター編集部,資格学習サイトの編集チーム,公式情報確認担当,公開前に一次情報との照合を行う担当者,2026-06-04,賃貸不動産経営管理士協議会（公式）|https://www.chintaikanrishi.jp/,手書きリライト 2026-06-04。自動prose差し替え 2026-06-04（要手書き）。分野別対策向けテンプレートから作成。公開前に本文・参照URL・関連リンクを差し替える。,本記事を読むと、設備・税務・その他をどの順で学べばよいかが分かり、建物設備から修繕・税務・保険・管理費用まで過去問で確認する道筋が具体化します。,5分類（設備・修繕・税務・保険・管理費用）で目次1枚を作る;各分類で頻出用語5個を定義＋実務場面1行で書く;分類別に過去問10問ずつ解き誤答理由をタグ付けする;修繕と管理費用は負担主体を先に確認してから読む;週末に5分類横断の復習セットで弱点を更新する,試験要項・公式ページ更新時に本文と参照元を見直す。,2026-06-04,2026-06-29,2026-06-04,published,2026-06-04: 編集合格（手書きリライト）,設備・税務・その他の5分類マップ,"基礎対策は、次の5分類で地図を作ります。

| 分類 | 判断の中心 | 最初の1週 |
| --- | --- | --- |
| 建物設備 | 名称・機能・不具合 | 用語10個 |
| 修繕 | 要否・負担 | 事例2問 |
| 税務 | 収益・経費の区分 | 比較表 |
| 火災保険 | 補償・免責 | 主体表 |
| 管理費用 | 内訳・負担 | 10問演習 |

科目構成と配点で3分野の比重を確認し、本記事の順序は自分の弱点に合わせて入れ替えても構いません。",推奨の学習順（初めての人向け）,"初回は、設備→修繕→管理費用→税務→保険の流れが読みやすいです。

| 順 | 分類 | つながり |
| --- | --- | --- |
| 1 | 建物設備 | 名称の土台 |
| 2 | 修繕 | 設備と費用 |
| 3 | 管理費用 | 内訳判断 |
| 4 | 税務 | 計上の枠 |
| 5 | 火災保険 | 事故時の補償 |
| 週末 | 横断10問 | 混同確認 |

契約・実務の原状回復を先に学んでいる場合は、修繕・管理費用を前にずらしても整合しやすくなります。",用語カード（定義＋実務場面）,"各分類5語で、定義と「どの場面で使うか」を1行ずつ書きます。

| 分類 | カードの列 | 更新 |
| --- | --- | --- |
| 設備 | 名称／機能／不具合例 | 週1 |
| 修繕 | 要否／負担／記録 | 誤答時 |
| 税務 | 対象／区分 | 月1 |
| 保険 | 補償／免責／主体 | 事例後 |
| 管理費用 | 内訳／誰が負担 | 10問後 |

用語だけ暗記すると、設問の場面設定で迷いやすいため、必ず実務場面の1行を添えてください。",分類別10問→横断セット,"過去問は、分類別と横断を交互に回します。

| 週 | 演習 | 記録 |
| --- | --- | --- |
| 奇数週 | 分類10問×1 | 主論点タグ |
| 偶数週 | 5分類横断10問 | 混同タグ |
| 誤答 | 費目・主体・条件 | 翌週再挑戦 |
| 月1 | 通しの一部 | 時間 |
| 直前 | 誤答分類のみ | 新規停止 |

過去問の効果的な使い方の記録形式に合わせると、他分野のノートと見比べやすくなります。",契約・実務との接続,"設備・税務・その他は、契約・実務の判断材料にもなります。令和8年度は11月15日試験です。

| 本分野 | 契約・実務側 | 週次 |
| --- | --- | --- |
| 修繕費 | 原状回復 | 比較1回 |
| 保険 | 事故・説明 | 事例1問 |
| 管理費用 | 委託・収支 | 争点メモ |
| 税務 | 収益認識 | 短問 |
| 横断 | 混在5問 | 月2回まで |

接続演習は月2回までに抑え、基礎の5分類が未完成のうちは横断を増やさない方が定着しやすいです。",,,,,設備・税務は苦手な分野だけ先に学べますか？,苦手先行は有効ですが、5分類のつながりが強いため一部だけに偏ると費目混同が起きやすくなります。全体を1周薄く確認してから、誤答の多い分類へ時間を寄せる順が安全です。修繕と管理費用は負担主体を先に見る習慣を付けてください。,基礎と頻出論点記事（次に読む記事）の違いは？,本記事は学習順序と5分類の地図が中心です。頻出論点の記事は出題の多いタグへの週次配分が中心です。地図と10問サイクルが回るようになってから、頻出記事で優先タグを絞る流れが効率的です。基礎が未完成の段階で頻出だけ増やすと、費目混同が再発しやすい点に注意してください。,subject-breakdown:科目構成と配点;field-limit-frequent-topics:設備・税務・その他の頻出論点;past-questions-how-to-use:過去問の効果的な使い方,独学で5分類を続けるコツは？,平日は用語カード15分、週末は分類別10問または横断10問を固定してください。誤答理由を費目・主体・条件のいずれかでタグ付けし、翌週最初に再挑戦する習慣を崩さないでください。月1回は50問通しの一部で時間感覚も確認するとよいです。,,,5分類で地図を作る;設備から順に学ぶ;用語は場面付き;10問と横断を交互;契約・実務と月2回接続
field-limit-frequent-topics,分野別対策,賃貸不動産経営管理士試験の設備・税務・その他の頻出論点,賃貸不動産経営管理士試験の設備・税務・その他の頻出論点を要項正本で整理。建物設備・修繕・税務・火災保険・管理費用を50問120分・令和8年度向けに表で解説します。,設備・税務・その他の得点差は、暗記量より「どの費目を先に固めるか」の順序で開きます。賃貸不動産経営管理士試験は50問・120分・3分野、令和8年度は2026年11月15日（日）13:00〜15:00です。本記事では一般財団法人 賃貸不動産経営管理士試験センター要項を正本として、5分類の頻出タグ、週次の短時間復習、誤答の3分類を表で説明します。出題範囲の改定は https://www.chintaikanrishi.jp/ の要項で必ず上書き確認してください。,40,分野別;試験対策,賃管マスター編集部,資格学習サイトの編集チーム,公式情報確認担当,公開前に一次情報との照合を行う担当者,2026-06-04,賃貸不動産経営管理士協議会（公式）|https://www.chintaikanrishi.jp/,手書きリライト 2026-06-04。自動prose差し替え 2026-06-04（要手書き）。分野別対策向けテンプレートから作成。公開前に本文・参照URL・関連リンクを差し替える。,本記事を読むと、設備・税務・その他で繰り返し問われる論点の優先順位が分かり、限られた週次時間でも頻出タグから復習を積み上げられるようになります。,過去問を建物設備・修繕・税務・火災保険・管理費用の5タグで分類する;誤答を費目・主体・条件の3分類で記録する;頻出タグは週2回の15分枠をカレンダー固定する;管理費用と修繕は負担主体を先に確認してから解く;月末に頻出20問セットで正答率を1行記録する,試験要項・公式ページ更新時に本文と参照元を見直す。,2026-06-04,2026-06-29,2026-06-04,published,2026-06-04: 編集合格（手書きリライト）,設備・税務・その他の頻出5分類,"頻出対策は、まず出題の骨格を5区分に固定します。

| 区分 | 典型の問い方 | 週次の目安 |
| --- | --- | --- |
| 建物設備 | 名称・機能・不具合 | 短問10問 |
| 修繕 | 要否・負担・記録 | 事例2問 |
| 税務 | 収益・経費の区分 | 比較表更新 |
| 火災保険 | 補償・免責・主体 | 争点メモ5件 |
| 管理費用 | 内訳・負担 | 10問演習 |

基礎の押さえ方で5分類の地図を先に作り、本記事では頻出タグへの時間配分だけを週次表に書き込んでください。",頻出タグの優先順位（弱点連動）,"5分類すべてを同じ強度で回す必要はありません。

| 信号 | 配分 | 演習 |
| --- | --- | --- |
| 再発誤答が多いタグ | +30% | 同型5問 |
| 正答率60%未満 | +20% | 解き直し |
| 2週連続正答 | 維持 | 月1短問 |
| 初見で時間超過 | 読解練習 | 争点3語 |
| 直前8週 | 新規停止 | 頻出のみ |

過去問の効果的な使い方の3分類表と形式を揃えると、平日の誤答記録から週末の頻出セットへ迷わず移れます。",誤答の3分類と再発防止,"頻出論点でも、原因が違えば対策が変わります。

| 分類 | 例 | 追加作業 |
| --- | --- | --- |
| 費目 | 修繕費→管理費用 | 比較表1行 |
| 主体 | 貸主・借主・管理会社 | 関係図1行 |
| 条件 | 補償範囲・計上対象 | 争点カード |
| 再発 | 同型誤答 | 7日後解き直し |
| 記録 | 問番号＋分類 | 週次で集計 |

「語句暗記だけ」より、誤答肢がどの分類かを先に書くと、次回は条件語に印を付けて読む癖が付きやすくなります。",20問セットの回し方,"頻出復習は、論点別20問を1セットに固定します。令和8年度は11月15日試験です。

| 回 | 構成 | 記録 |
| --- | --- | --- |
| 1周目 | 各タグ4問 | 正答数・分類 |
| 1週後 | 誤答のみ | 根拠1行 |
| 2周目 | 同構成 | 再発率% |
| 月次 | 頻出のみ | 通しへの接続 |
| 直前 | 誤答上位 | 新規なし |

月末の1行記録（正答数・再発数）を過去問出題傾向の記事の表と並べると、直前期に残すタグを数値で決めやすくなります。",他分野との接続（横断1回/週）,"設備・税務・その他の頻出は、法令・制度および契約・実務と接続します。

| 頻出タグ | 接続先 | 確認 |
| --- | --- | --- |
| 修繕費 | 原状回復 | 負担主体 |
| 管理費用 | 管理委託 | 内訳判断 |
| 火災保険 | 事故・説明 | 補償条件 |
| 税務 | 収支・精算 | 計上の枠 |
| 週1 | 横断5問 | 分野タグ付き |

横断は毎週1回で十分です。頻出タグの深掘りと横断のバランスが崩れると、費目混同だけが再発しやすくなります。",,,,,頻出論点は暗記だけで足りますか？,語句暗記だけでは、初見の言い回しで再び迷いやすくなります。5分類の定義を短文で説明できたうえで、過去問をタグ付きで回してください。誤答は費目・主体・条件に分類し、同型を7日以内に解き直す運用が効率的です。,頻出対策と基礎記事の違いは？,基礎の押さえ方は、学習順序と5分類の地図が中心です。本記事は、頻出タグへの週次配分と20問セットの運用が中心です。地図を先に作り、本記事で優先タグと時間を決める順がおすすめです。頻出だけ先に深掘りすると、修繕と管理費用の前提が抜けて再発しやすい点に注意してください。,field-limit-basics:設備・税務・その他の基礎の押さえ方;field-limit-past-question-focus:設備・税務・その他の過去問出題傾向;past-questions-how-to-use:過去問の効果的な使い方,独学で頻出を続けるコツは？,曜日固定が有効です。平日2タグを15分ずつ、週末に20問セットを120分の一部として入れてください。解説後は根拠を1行だけ書き、翌週冒頭で再発誤答だけを再挑戦する流れを崩さないでください。月末の正答数1行を残すと、直前期に残すタグを数値で決めやすくなります。,,,頻出は5分類で固定;弱点タグに時間を寄せる;誤答は3分類で記録;20問セットを反復;週1で横断確認
field-limit-calculation,分野別対策,賃貸不動産経営管理士試験の設備・税務・その他の計算・数値問題,賃貸不動産経営管理士試験の設備・税務・その他の数値論点を要項正本で整理。管理費用・修繕費・税務・保険金額を50問120分・令和8年度11月15日試験向けに表で解説します。,設備・税務・その他の「計算」は、四則演算より対象期間と費目区分の整理が本体です。賃貸不動産経営管理士試験は50問・120分・3分野、令和8年度は2026年11月15日（日）13:00〜15:00です。本記事では一般財団法人 賃貸不動産経営管理士試験センター要項を正本として、対象期間・対象費目・対象主体の区別、数値演習の記録列、週末小テストを表で説明します。合格基準・問題数は https://www.chintaikanrishi.jp/ の要項で必ず確認してください。,40,分野別;試験対策,賃管マスター編集部,資格学習サイトの編集チーム,公式情報確認担当,公開前に一次情報との照合を行う担当者,2026-06-04,賃貸不動産経営管理士協議会（公式）|https://www.chintaikanrishi.jp/,手書きリライト 2026-06-04。自動prose差し替え 2026-06-04（要手書き）。分野別対策向けテンプレートから作成。公開前に本文・参照URL・関連リンクを差し替える。,本記事を読むと、設備・税務・その他の数値設問で何を先に書き出せばケアレスミスを減らせるかが分かり、週次の短時間演習に落とし込めます。,管理費用・修繕費・税務・保険金額の4語を定義比較表にまとめる;問題文の単位と対象期間に下線を引くルールを固定する;平日10分で数値問題を2問ずつ解く;誤答は対象期間・費目・主体のどれかをタグ付けする;週末に数値論点だけ10問の小テストを120分演習の前に入れる,試験要項・公式ページ更新時に本文と参照元を見直す。,2026-06-04,2026-06-29,2026-06-04,published,2026-06-04: 編集合格（手書きリライト）,数値論点の4区分（混同防止）,"最初に用語を分けます。算術の前に「何の数字か」を固定してください。

| 区分 | 見る場所 | 誤りやすい点 |
| --- | --- | --- |
| 管理費用 | 内訳・負担 | 修繕費との混同 |
| 修繕費 | 要否・負担 | 原状回復との混同 |
| 税務 | 計上・控除 | 対象期間 |
| 保険金額 | 補償・免責 | 主体・条件 |

基礎の押さえ方で5分類の骨格を確認したうえで、本記事の4区分表をノート表紙に貼り、解答前に必ず1行メモを書いてください。",解答前の3行メモ（条件整理）,"数値設問は、計算前に次の3行を書きます。

| 行 | 記入例 | 効果 |
| --- | --- | --- |
| 1.主体 | 貸主・借主・管理会社 | 負担の取り違え防止 |
| 2.期間 | 月次・年度・事故時 | 起算の固定 |
| 3.費目 | 管理費用か修繕か | 読む範囲の限定 |

事例・ケース問題の記事で使う主体・時系列・争点の型と揃えると、長文でも数値パートだけ先に切り出して処理しやすくなります。",頻出の数値パターン,"設備・税務・その他で繰り返される型を、演習前に一覧化します。

| パターン | 確認すること | 週次 |
| --- | --- | --- |
| 管理費用の内訳 | 誰が負担するか | 2問 |
| 修繕費の精算 | 要否・負担区分 | 2問 |
| 税務の計上 | 対象期間 | 2問 |
| 火災保険の補償額 | 免責・条件 | 2問 |
| 記録 | 処理秒数 | 週末集計 |

頻出論点の記事で優先タグを決め、数値パターン表の「週次」列だけを弱点に合わせて増減してください。",10問小テストと記録列,"週末は、数値・期限だけを10問に絞った小テストを入れます。

| 列 | 記入 | 使い道 |
| --- | --- | --- |
| 日付 | セット名 | 推移 |
| 正答 | 8/10など | 目標 |
| タグ | 期間・費目・主体 | 再発 |
| 秒数 | 合計時間 | 本番ペース |
| 翌週 | 再挑戦日 | 固定 |

2週で正答が伸びないタグだけ、平日10分演習を+1問にします。それ以外は維持確認に回すと負荷が一定します。",他分野の数値との切り分け,"同じ数字でも、分野で判断軸が変わります。令和8年度は11月15日試験です。

| 論点 | 設備・税務・その他 | 契約・実務 |
| --- | --- | --- |
| 費用 | 修繕・管理費用 | 原状回復・賃料 |
| 時点 | 計上・保険 | 契約・通知 |
| 演習 | 本記事の10問 | 別表で管理 |
| 混同 | 費目名 | 比較表で分離 |
| 横断 | 月1回5問 | 分野タグ |

契約・実務の数値は別ノートに分け、設備・税務の表に混ぜない方が、費目混同の再発を追いやすくなります。",,,,,計算が苦手でも設備・税務は対策できますか？,多くの設問は複雑な計算より、対象期間と費目区分の読解が中心です。解答前に主体・期間・費目の3行を書く習慣を先に付け、平日10分演習で処理時間を記録してください。式より判断手順を3行で書き直す復習が、短期間でも正答率を上げやすいです。,数値対策と事例記事の使い分けは？,事例記事は長文の読み順と争点抽出が中心です。本記事は数値論点の4区分と10問小テストが中心です。長文では争点を先に抜き、数値パートだけ本記事の3行メモで処理する流れが効率的です。数値だけ別冊に増やすより、同じノートの表で管理すると混同が減ります。,field-limit-basics:設備・税務・その他の基礎の押さえ方;field-limit-frequent-topics:設備・税務・その他の頻出論点;field-limit-case-study:設備・税務・その他の事例・ケース問題,単位や期間の読み落としを減らすには？,問題文の期間語・金額語・単位語に下線を引くルールを固定してください。誤答したら対象期間・費目・主体のどれかを必ずタグ付けし、翌週同型2問で解き直します。10問小テストの記録列にタグを残すと、改善が数値で見えます。,,,4区分で費目を先に分離;解答前3行メモ;10問小テストを週次;誤答タグで再発管理;契約の数値は別表
field-limit-case-study,分野別対策,賃貸不動産経営管理士試験の設備・税務・その他の事例・ケース問題,賃貸不動産経営管理士試験の設備・税務・その他の事例問題を要項正本で整理。主体・時系列・争点の読み順を50問120分・令和8年度向けに表で解説します。,設備・税務・その他の長文は、知識量より「読む順序」が得点を分けます。賃貸不動産経営管理士試験は50問・120分・3分野、令和8年度は2026年11月15日（日）13:00〜15:00です。本記事では一般財団法人 賃貸不動産経営管理士試験センター要項を正本として、3列表、主要・補助争点の切り分け、復元メモの週次運用を表で説明します。試験形式の変更は https://www.chintaikanrishi.jp/ の要項で必ず確認してください。,40,分野別;試験対策,賃管マスター編集部,資格学習サイトの編集チーム,公式情報確認担当,公開前に一次情報との照合を行う担当者,2026-06-04,賃貸不動産経営管理士協議会（公式）|https://www.chintaikanrishi.jp/,手書きリライト 2026-06-04。自動prose差し替え 2026-06-04（要手書き）。分野別対策向けテンプレートから作成。公開前に本文・参照URL・関連リンクを差し替える。,本記事を読むと、建物設備・修繕・税務・保険・管理費用が混在する事例設問を、主体・時系列・争点の順で整理して選択肢を絞る手順が具体化します。,事例を主体・時系列・争点の3列シートで整理する;修繕と管理費用のどちらが主軸かを最初に決める;設備・税務・保険はチェック欄を毎回同じ順で確認する;正解後に事実関係を5行で復元メモする;週1回は時間制限付きで事例5問を解く,試験要項・公式ページ更新時に本文と参照元を見直す。,2026-06-04,2026-06-29,2026-06-04,published,2026-06-04: 編集合格（手書きリライト）,事例を開く前の3列シート,"長文を読む前に、空の3列表を用意します。

| 列 | 記入内容 | 所要目安 |
| --- | --- | --- |
| 主体 | 貸主・借主・管理会社 | 1分 |
| 時系列 | 入居前→不具合→修繕 | 2分 |
| 争点 | 主1・補1 | 2分 |

基礎の押さえ方で5分類の用語を揃え、本記事のシートを通し演習のたびに同じ用紙で使うと、初見でも手が動きます。",主軸の決め方（修繕か管理費用か）,"中心論点を誤ると、肢全体の評価が連鎖的に崩れます。

| 手がかり | 主軸になりやすい | 次に見る |
| --- | --- | --- |
| 不具合・要否 | 修繕 | 負担主体 |
| 内訳・収支 | 管理費用 | 委託関係 |
| 補償・事故 | 火災保険 | 免責条件 |
| 計上・区分 | 税務 | 対象期間 |
| 設備名称 | 建物設備 | 機能・保守 |

主軸を1行で書いてから選択肢に入ると、関係のない肢を早めに消せます。",主要争点1＋補助争点1のルール,"情報過多のときは、争点を2つに限定します。

| 段階 | 作業 | 避けること |
| --- | --- | --- |
| 読解 | 主・補を各1つ | 全論点同時 |
| 比較 | 要件該当を確認 | 結論先行 |
| 時間 | 3分超は印 | 長考の連鎖 |
| 記録 | 主争点タグ | 丸暗記のみ |
| 復習 | 同型5問 | 解説だけ読む |

数値・期限の設問は計算記事の3行メモへ切り出し、本節では条文・手続の争点だけを扱うと整理が楽です。",復元メモ（解答後5行）,"正誤確認のあと、事実関係を短く書き直します。

| 行 | 内容 | 翌週の使い方 |
| --- | --- | --- |
| 1 | 誰と誰の関係 | 主体列へ |
| 2 | いつ何が起きたか | 時系列へ |
| 3 | 主争点 | 同型演習 |
| 4 | 誤り肢の欠落 | 消去練習 |
| 5 | 根拠1行 | 口頭説明 |

復元メモを演習前に見返すと、着眼点の再現率が上がり、頻出タグの復習とも接続しやすくなります。",週1回・事例5問の時間制限,"事例力は、短い通しで検証します。令和8年度は11月15日試験です。

| 枠 | 問数 | 記録 |
| --- | --- | --- |
| 平日 | 短事例1問 | 3列シート |
| 週末 | 5問・制限付き | 未完了数 |
| 翌週 | 誤答のみ | 主争点タグ |
| 月2回 | 50問通しの一部 | 2分超 |
| 直前8週 | 新規長文停止 | 復元のみ |

50問120分の通しでは、長文に固まりすぎないよう、見切り基準を紙1枚に書いておくと全体のペースが保ちやすくなります。",,,,,事例が苦手なとき、何から始めますか？,長文を増やす前に、短い事例1問で3列シートを毎日使う練習から始めてください。修繕と管理費用の主軸判断が安定してから、5問セットへ広げると誤読が減ります。基礎記事で5分類の用語を揃えたうえで進めると、手戻りが少ないです。,正解した問題も復元メモが必要ですか？,正解でも、争点の取り方が曖昧なら5行メモを残してください。運で正した設問は次回同型で再発しやすいため、根拠1行を書く習慣が有効です。誤答だけに絞るより、主争点タグの記録を優先すると改善が速くなります。,field-limit-basics:設備・税務・その他の基礎の押さえ方;field-limit-calculation:設備・税務・その他の計算・数値問題;field-limit-frequent-topics:設備・税務・その他の頻出論点,独学で長文の時間を短縮するには？,読む前の3列を2分以内に終えるルールを固定してください。3分を超えたら印だけ付けて後回しにし、週末の5問セットで未完了数を記録します。通し演習と併用すると、本番でも見切りが再現しやすくなります。復元メモを翌週の演習前に見返す習慣も、長文の処理時間短縮に効きます。,,,3列シートを先に書く;主軸を1行で固定;争点は主1・補1;復元メモ5行;週1で事例5問
field-limit-past-question-focus,分野別対策,賃貸不動産経営管理士試験の設備・税務・その他の過去問での出題傾向,賃貸不動産経営管理士試験の設備・税務・その他の過去問傾向を要項正本で整理。5論点タグ・再発率・直前の絞り込みを50問120分・令和8年度向けに表で解説します。,過去問は年度順の周回だけでは、自分の弱点が見えにくくなります。賃貸不動産経営管理士試験は50問・120分・3分野、令和8年度は2026年11月15日（日）13:00〜15:00です。本記事では一般財団法人 賃貸不動産経営管理士試験センター要項を正本として、論点タグの付け方、出題数の可視化、直前期の残しリストを表で説明します。出題範囲は https://www.chintaikanrishi.jp/ の要項で必ず確認してください。,40,分野別;試験対策,賃管マスター編集部,資格学習サイトの編集チーム,公式情報確認担当,公開前に一次情報との照合を行う担当者,2026-06-04,賃貸不動産経営管理士協議会（公式）|https://www.chintaikanrishi.jp/,手書きリライト 2026-06-04。自動prose差し替え 2026-06-04（要手書き）。分野別対策向けテンプレートから作成。公開前に本文・参照URL・関連リンクを差し替える。,本記事を読むと、設備・税務・その他の過去問を論点別に並べ替え、再発誤答へ時間を集中させて直前期の得点力を上げる判断ができます。,過去問に5論点タグを付け出題数を表にする;誤答肢を費目・主体・条件で分類して再発率を週次記録する;週20問の解き直しで正答率推移を1行で残す;直前8週は誤答上位タグのみに範囲を絞る;通し演習前に残しリストを5タグ以内に更新する,試験要項・公式ページ更新時に本文と参照元を見直す。,2026-06-04,2026-06-29,2026-06-04,published,2026-06-04: 編集合格（手書きリライト）,年度順より論点タグ（5分類）,"分析の軸は、建物設備・修繕・税務・火災保険・管理費用の5タグです。

| タグ | 記録列 | 見る指標 |
| --- | --- | --- |
| 各タグ | 出題数 | 多い順 |
| 各タグ | 自分の正答率 | 低い順 |
| 差分 | 出題多×正答低 | 最優先 |
| 週次 | 20問解き直し | 推移 |
| 月次 | 残しリスト | 5以内 |

過去問の効果的な使い方で3周回の型を決め、本記事のタグ表は2周目以降の並べ替えに使ってください。",誤答肢の分析（間違い型）,"正答より、誤り肢が何を欠かしているかを記録します。

| 型 | 記録例 | 次の演習 |
| --- | --- | --- |
| 費目違い | 修繕→管理費用 | 比較表 |
| 主体違い | 管理会社→貸主 | 関係図 |
| 条件不足 | 免責見落とし | 争点カード |
| 再発 | 同型2回目 | 7日以内 |
| 集計 | 週の再発% | 配分調整 |

頻出論点の3分類とラベルを揃えると、平日の誤答から週末の20問へ接続しやすくなります。",3周回（全体→タグ→時間）,"過去問は段階を分けると、傾向と実戦力が同時に上がります。

| 周回 | 目的 | 記録 |
| --- | --- | --- |
| 1周目 | 全体像 | 分野正答数 |
| 2周目 | タグ別 | タグ正答率 |
| 3周目 | 時間制限 | 未解答・2分超 |
| 直前 | 残しリスト | 誤答上位のみ |
| 禁止 | タグなし大量周回 | — |

科目構成と配点で設備・税務・その他の目標イメージを置き、タグ正答率が目標に届くかを2週ごとに見直してください。",直前期の残しリスト（5タグ以内）,"試験8週前は、新規範囲より残す論点の削除が主作業です。

| 残り | 残す | 削る |
| --- | --- | --- |
| 8週 | 誤答上位3タグ | 初見のみの細部 |
| 4週 | 再発誤答 | 新しい問題集 |
| 2週 | 争点メモ | 長時間の新規 |
| 前週 | 確認のみ | 深夜詰め |
| 記録 | 完了日 | 再発0を目標 |

残しリストは通し演習の前日に更新し、50問120分で触れる論点を現実的な数に抑えてください。",他分野への転用チェック,"設備・税務・その他で固めたタグは、横断で再確認します。令和8年度は11月15日試験です。

| タグ | 契約側 | 法令側 |
| --- | --- | --- |
| 修繕費 | 原状回復 | 手続 |
| 管理費用 | 管理委託 | 監督 |
| 火災保険 | 事故・説明 | — |
| 週1 | 横断5問 | 分野記録 |
| 目的 | 切り口変更への耐性 | 再発防止 |

横断は週1回で足ります。タグ分析と混ぜすぎると、直前の残しリストが膨らみやすい点に注意してください。",,,,,過去問は何年分を分析すればよいですか？,手持ちの過去問で構いません。重要なのは年数より、5タグで並べ替えて出題数と自分の正答率を同じ表に載せることです。直前期は誤答上位タグだけに絞り、新しい年度を増やして範囲を広げない運用が安全です。週20問の解き直しは上限を決め、再発タグだけ翌週冒頭で再挑戦すると負荷が一定します。,出題傾向と頻出記事の違いは？,頻出記事は週次の復習セットと優先タグの配分が中心です。本記事は過去問のタグ分析・再発率・直前の残しリストが中心です。頻出で固めたタグを、本記事の表で出題数と正答率に接続すると優先順位が明確になります。,field-limit-frequent-topics:設備・税務・その他の頻出論点;past-questions-how-to-use:過去問の効果的な使い方;subject-breakdown:科目構成と配点,解き直しが増えて時間が足りません,週20問の解き直しを上限にし、再発したタグだけ翌週冒頭で再挑戦してください。正答したタグは月1の短問確認に降格すると、負荷が下がります。残しリストを5タグ以内に更新する習慣も、直前の迷いを減らします。,,,5タグで並べ替え;誤答型を記録;3周回で段階化;残しリストは5以内;週1横断で転用
