question_no,type,category,tags,stem,preamble,statement_a,statement_b,statement_c,statement_d,choice_1,choice_2,choice_3,choice_4,correct,explanation
1,single,賃貸住宅管理業法,管理業務;重要事項説明,賃貸住宅管理業者が管理受託契約を締結しようとする場合の重要事項説明に関する次の記述のうち、最も不適切なものはどれか。,,,,,,重要事項説明は、管理受託契約の締結前に行う必要がある。,説明すべき事項を記載した書面を交付すれば、相手方から特段の承諾がない場合でも、説明自体を省略することができる。,管理業務の内容及び実施方法は、重要事項として説明すべき事項に含まれる。,報酬の額及び支払時期は、重要事項として説明すべき事項に含まれる。,2,書面の交付だけで当然に説明を省略できるわけではないため、選択肢2が最も不適切です。
2,single,賃貸住宅管理業法,登録制度;管理戸数,賃貸住宅管理業の登録に関する次の記述のうち、最も不適切なものはどれか。,,,,,,賃貸住宅管理業を営もうとする者で管理戸数が200戸以上であるものは、原則として国土交通大臣の登録を受ける必要がある。,管理戸数が200戸未満の事業者であっても、任意に登録を受けることができる。,自己の所有する賃貸住宅のみを管理する場合、その住宅は登録義務の判断における管理戸数から除かれる。,家賃や敷金などの金銭管理のみを行い、賃貸住宅の維持保全を行わない事業も、当然に賃貸住宅管理業に該当する。,4,賃貸住宅管理業は、賃貸住宅の維持保全を行う業務等を対象とするため、金銭管理のみを行う事業が当然に該当するわけではありません。
3,single,賃貸住宅管理業法,業務管理者;事務所,業務管理者に関する次の記述のうち、正しいものはどれか。,,,,,,賃貸住宅管理業者は、営業所又は事務所ごとに業務管理者を1名以上配置しなければならない。,業務管理者は、本店に1名配置すればすべての営業所を兼務できる。,管理受託契約の重要事項説明は、必ず業務管理者本人が行わなければならない。,業務管理者は、賃貸住宅管理業者が任意に選んだ者であれば資格や経験の要件を問われない。,1,業務管理者は営業所又は事務所ごとに1名以上配置する必要があります。重要事項説明を業務管理者本人が行うことまでは必須とされていません。
4,single,賃貸住宅管理業法,重要事項説明;契約締結時書面,管理受託契約に係る重要事項説明書と契約締結時書面に関する次の記述のうち、最も不適切なものはどれか。,,,,,,重要事項説明書は、管理受託契約の締結に先立って交付される書面である。,契約締結時書面は、管理受託契約の成立後に交付される書面である。,重要事項説明書と契約締結時書面は交付時期が異なるため、両者を当然に一体の書面として交付することはできない。,重要事項説明書に記載した事項は、契約締結時書面には一切記載してはならない。,4,重要事項説明書と契約締結時書面は交付時期や役割が異なりますが、同じ事項が契約内容として契約締結時書面に記載されることはあります。
5,single,賃貸住宅管理業法,再委託;管理業務,賃貸住宅管理業者による管理業務の再委託に関する次の記述のうち、正しいものはどれか。,,,,,,管理業務の全部を他の者に再委託することは許されない。,管理業務の一部であっても、再委託は一切認められない。,管理業務の全部を再委託する場合でも、委託者の承諾があれば常に許される。,再委託先が登録業者であれば、賃貸住宅管理業者は再委託先の業務について責任を負わない。,1,賃貸住宅管理業法では、管理業務の全部を他の者に再委託することは禁止されています。一部再委託まで一律に禁止されるわけではありません。
6,single,賃貸住宅管理業法,財産の分別管理;家賃等,賃貸住宅管理業者による財産の分別管理に関する次の記述のうち、最も不適切なものはどれか。,,,,,,管理する家賃等は、自己の固有の財産と分別して管理しなければならない。,分別管理の趣旨は、委託者に帰属すべき金銭と管理業者自身の財産が混同されることを防ぐ点にある。,賃貸住宅管理業者が受領した敷金等も、管理対象となる金銭に含まれ得る。,帳簿上で内訳を把握していれば、自己資金と同一口座で混同して管理しても常に問題はない。,4,家賃等は自己の固有財産と分別して管理する必要があります。帳簿で内訳を把握しているだけで常に足りるとはいえません。
7,single,賃貸住宅管理業法,定期報告;委託者,賃貸住宅管理業者の定期報告に関する次の記述のうち、正しいものはどれか。,,,,,,賃貸住宅管理業者は、管理業務の実施状況等について、管理受託契約の相手方に対して定期的に報告しなければならない。,定期報告は入居者に対してのみ行えば足り、委託者に対して行う必要はない。,管理業務が適切に行われている場合には、契約期間中の定期報告は一切不要である。,定期報告の対象は、賃貸住宅管理業者の広告活動の実績に限られる。,1,賃貸住宅管理業者は、業務の実施状況等について管理受託契約の相手方である委託者に定期的に報告する義務があります。
8,single,賃貸住宅管理業法,特定賃貸借契約;誇大広告,特定賃貸借契約に係る広告や勧誘に関する次の記述のうち、最も不適切なものはどれか。,,,,,,将来の家賃収入について、リスクを無視して確実に保証されるかのように表示することは問題となり得る。,サブリース業者は、特定賃貸借契約の相手方となろうとする者に対して、不当な勧誘等をしてはならない。,特定賃貸借契約に関する広告では、賃料減額の可能性など重要なリスクを適切に示す必要がある。,広告に小さく注意書きを入れてさえいれば、本文で事実と異なる有利な条件を強調しても誇大広告にはならない。,4,注意書きの有無だけで判断されるものではありません。相手方に誤認を生じさせるような表示は誇大広告として問題となり得ます。
9,single,賃貸住宅管理業法,特定賃貸借契約;重要事項説明,特定賃貸借契約の締結前の重要事項説明に関する次の記述のうち、正しいものはどれか。,,,,,,特定賃貸借契約を締結しようとする場合、契約締結前に重要事項を説明する必要がある。,特定賃貸借契約では、相手方が賃貸経営の経験者であれば重要事項説明は常に不要である。,重要事項説明では、契約期間や家賃改定に関する事項を説明対象から除外できる。,説明書面を交付すれば、相手方の理解を考慮せず直ちに契約を締結しなければならない。,1,特定賃貸借契約では、契約締結前の重要事項説明が義務付けられています。相手方の経験だけで当然に不要になるものではありません。
10,single,賃貸住宅管理業法,電磁的方法;承諾,重要事項説明書等の電磁的方法による提供に関する次の記述のうち、最も不適切なものはどれか。,,,,,,一定の書面については、相手方の承諾を得て電磁的方法により提供できる場合がある。,電磁的方法による提供を行う場合でも、相手方が内容を確認できる状態にする必要がある。,相手方の承諾がない場合でも、管理業者の事務効率を理由として当然に電磁的方法による提供に切り替えることができる。,電磁的方法を用いる場合には、後日の確認ができるよう提供内容や提供方法に注意する必要がある。,3,電磁的方法による提供には相手方の承諾が必要となる場面があります。事務効率だけを理由に当然に切り替えられるわけではありません。
11,single,賃貸住宅管理業法,管理業務;維持保全,賃貸住宅管理業法における賃貸住宅管理業の対象に関する次の記述のうち、正しいものはどれか。,,,,,,賃貸住宅の維持保全を行う業務は、賃貸住宅管理業の対象となる管理業務に含まれる。,入居者募集の広告だけを行う事業は、当然に賃貸住宅管理業に該当する。,家賃の集金だけを単独で行い、維持保全を行わない事業は、常に賃貸住宅管理業に該当する。,賃貸住宅管理業法は、賃貸住宅ではなく事業用ビルの管理のみを対象としている。,1,賃貸住宅管理業の中心となる管理業務には、賃貸住宅の維持保全が含まれます。金銭管理のみや広告のみが当然に該当するわけではありません。
12,single,賃貸住宅管理業法,登録制度;管理戸数,賃貸住宅管理業の登録に関する次の記述のうち、正しいものはどれか。,"","","","","",管理戸数が200戸以上の賃貸住宅管理業者は、原則として国土交通大臣の登録を受ける必要がある。,管理戸数が1戸でもある事業者は、例外なく登録を受けなければならない。,管理戸数が200戸未満の事業者は、任意登録を受けることもできない。,自己所有物件のみを管理する場合でも、常に登録義務の対象となる。,1,登録義務は原則として管理戸数200戸以上の場合に問題となり、200戸未満でも任意登録は可能です。
13,single,賃貸住宅管理業法,登録制度;管理戸数,賃貸住宅管理業の登録に関する次の記述のうち、最も不適切なものはどれか。,"","","","","",管理戸数が200戸未満の事業者であっても、任意に登録を受けることができる。,自己所有物件のみを管理する場合、その戸数は登録義務の判断における管理戸数から除かれる。,管理戸数が200戸未満の事業者は、任意登録を受けることもできない。,登録制度は、賃貸住宅管理業務の適正な運営を確保することを目的の一つとしている。,3,登録義務は原則として管理戸数200戸以上の場合に問題となり、200戸未満でも任意登録は可能です。
14,single,賃貸住宅管理業法,登録制度;管理戸数,賃貸住宅管理業の登録に関する次の記述のうち、正しいものはどれか。,"","","","","",自己所有物件のみを管理する場合でも、常に登録義務の対象となる。,登録を受けた事業者は、業務管理者の配置義務を免れる。,自己所有物件のみを管理する場合、その戸数は登録義務の判断における管理戸数から除かれる。,管理戸数が1戸でもある事業者は、例外なく登録を受けなければならない。,3,登録義務は原則として管理戸数200戸以上の場合に問題となり、200戸未満でも任意登録は可能です。
15,single,賃貸住宅管理業法,登録制度;管理戸数,賃貸住宅管理業の登録に関する次の記述のうち、最も不適切なものはどれか。,"","","","","",登録制度は、賃貸住宅管理業務の適正な運営を確保することを目的の一つとしている。,登録を受けた事業者は、業務管理者の配置義務を免れる。,管理戸数が200戸以上の賃貸住宅管理業者は、原則として国土交通大臣の登録を受ける必要がある。,管理戸数が200戸未満の事業者であっても、任意に登録を受けることができる。,2,登録義務は原則として管理戸数200戸以上の場合に問題となり、200戸未満でも任意登録は可能です。
16,single,賃貸住宅管理業法,管理業務;維持保全,賃貸住宅管理業における管理業務に関する次の記述のうち、正しいものはどれか。,"","","","","",賃貸住宅の維持保全を行う業務は、賃貸住宅管理業の対象となる管理業務に含まれる。,家賃の集金のみを行う事業は、常に賃貸住宅管理業に該当する。,入居者募集広告だけを行う事業は、当然に賃貸住宅管理業に該当する。,維持保全を行っていても、金銭管理を併せて行わなければ賃貸住宅管理業には該当しない。,1,賃貸住宅管理業の中心は維持保全であり、金銭管理のみでは本法上の賃貸住宅管理業に当然には該当しません。
17,single,賃貸住宅管理業法,管理業務;維持保全,賃貸住宅管理業における管理業務に関する次の記述のうち、最も不適切なものはどれか。,"","","","","",維持保全と併せて家賃等の金銭管理を行う業務は、賃貸住宅管理業に該当し得る。,金銭管理のみを行い維持保全を行わない事業は、賃貸住宅管理業に当然には該当しない。,入居者募集広告だけを行う事業は、当然に賃貸住宅管理業に該当する。,賃貸住宅管理業は、賃貸住宅の賃貸人から委託を受けて管理業務を行う事業を対象とする。,3,賃貸住宅管理業の中心は維持保全であり、金銭管理のみでは本法上の賃貸住宅管理業に当然には該当しません。
18,single,賃貸住宅管理業法,管理業務;維持保全,賃貸住宅管理業における管理業務に関する次の記述のうち、正しいものはどれか。,"","","","","",維持保全を行っていても、金銭管理を併せて行わなければ賃貸住宅管理業には該当しない。,賃貸住宅管理業法は、事業用ビルの管理のみを対象としている。,金銭管理のみを行い維持保全を行わない事業は、賃貸住宅管理業に当然には該当しない。,家賃の集金のみを行う事業は、常に賃貸住宅管理業に該当する。,3,賃貸住宅管理業の中心は維持保全であり、金銭管理のみでは本法上の賃貸住宅管理業に当然には該当しません。
19,single,賃貸住宅管理業法,管理業務;維持保全,賃貸住宅管理業における管理業務に関する次の記述のうち、最も不適切なものはどれか。,"","","","","",賃貸住宅管理業は、賃貸住宅の賃貸人から委託を受けて管理業務を行う事業を対象とする。,賃貸住宅管理業法は、事業用ビルの管理のみを対象としている。,賃貸住宅の維持保全を行う業務は、賃貸住宅管理業の対象となる管理業務に含まれる。,維持保全と併せて家賃等の金銭管理を行う業務は、賃貸住宅管理業に該当し得る。,2,賃貸住宅管理業の中心は維持保全であり、金銭管理のみでは本法上の賃貸住宅管理業に当然には該当しません。
20,single,賃貸住宅管理業法,業務管理者;配置,業務管理者の配置に関する次の記述のうち、正しいものはどれか。,"","","","","",賃貸住宅管理業者は、営業所又は事務所ごとに業務管理者を1名以上配置しなければならない。,業務管理者は、本店に1名置けば全営業所について配置したものとみなされる。,管理戸数にかかわらず、登録業者には業務管理者の配置義務がない。,業務管理者は、入居者から希望があった場合に限り配置すればよい。,1,業務管理者は営業所又は事務所ごとに1名以上配置する必要があります。
21,single,賃貸住宅管理業法,業務管理者;配置,業務管理者の配置に関する次の記述のうち、最も不適切なものはどれか。,"","","","","",業務管理者は、管理業務の適正な実施を確保するために置かれる者である。,複数の営業所がある場合、各営業所又は事務所ごとの配置が問題となる。,管理戸数にかかわらず、登録業者には業務管理者の配置義務がない。,業務管理者には、賃貸住宅管理に関する知識や経験が求められる。,3,業務管理者は営業所又は事務所ごとに1名以上配置する必要があります。
22,single,賃貸住宅管理業法,業務管理者;配置,業務管理者の配置に関する次の記述のうち、正しいものはどれか。,"","","","","",業務管理者は、入居者から希望があった場合に限り配置すればよい。,業務管理者は、営業所ではなく物件ごとに必ず1名配置しなければならない。,複数の営業所がある場合、各営業所又は事務所ごとの配置が問題となる。,業務管理者は、本店に1名置けば全営業所について配置したものとみなされる。,3,業務管理者は営業所又は事務所ごとに1名以上配置する必要があります。
23,single,賃貸住宅管理業法,業務管理者;配置,業務管理者の配置に関する次の記述のうち、最も不適切なものはどれか。,"","","","","",業務管理者には、賃貸住宅管理に関する知識や経験が求められる。,業務管理者は、営業所ではなく物件ごとに必ず1名配置しなければならない。,賃貸住宅管理業者は、営業所又は事務所ごとに業務管理者を1名以上配置しなければならない。,業務管理者は、管理業務の適正な実施を確保するために置かれる者である。,2,業務管理者は営業所又は事務所ごとに1名以上配置する必要があります。
24,single,賃貸住宅管理業法,業務管理者;要件,業務管理者の要件に関する次の記述のうち、正しいものはどれか。,"","","","","",業務管理者には、管理業務に関する一定の実務経験や試験合格等の要件が定められている。,業務管理者は、代表者が指名すれば実務経験や知識を一切問われない。,宅地建物取引士であれば、指定講習等を受けなくても常に業務管理者になれる。,業務管理者には、賃貸借契約に関する知識は不要である。,1,業務管理者には、管理業務に関する実務経験や試験、講習などの要件が設けられています。
25,single,賃貸住宅管理業法,業務管理者;要件,業務管理者の要件に関する次の記述のうち、最も不適切なものはどれか。,"","","","","",宅地建物取引士であっても、指定講習など必要な要件を満たすことが求められる場合がある。,業務管理者には、建物・設備、金銭管理、賃貸借契約などに関する知識が期待される。,宅地建物取引士であれば、指定講習等を受けなくても常に業務管理者になれる。,実務経験に代わる講習を修了している者が要件上考慮される場合がある。,3,業務管理者には、管理業務に関する実務経験や試験、講習などの要件が設けられています。
26,single,賃貸住宅管理業法,業務管理者;要件,業務管理者の要件に関する次の記述のうち、正しいものはどれか。,"","","","","",業務管理者には、賃貸借契約に関する知識は不要である。,業務管理者の要件は、物件の所在地を知っていることだけで足りる。,業務管理者には、建物・設備、金銭管理、賃貸借契約などに関する知識が期待される。,業務管理者は、代表者が指名すれば実務経験や知識を一切問われない。,3,業務管理者には、管理業務に関する実務経験や試験、講習などの要件が設けられています。
27,single,賃貸住宅管理業法,業務管理者;要件,業務管理者の要件に関する次の記述のうち、最も不適切なものはどれか。,"","","","","",実務経験に代わる講習を修了している者が要件上考慮される場合がある。,業務管理者の要件は、物件の所在地を知っていることだけで足りる。,業務管理者には、管理業務に関する一定の実務経験や試験合格等の要件が定められている。,宅地建物取引士であっても、指定講習など必要な要件を満たすことが求められる場合がある。,2,業務管理者には、管理業務に関する実務経験や試験、講習などの要件が設けられています。
28,single,賃貸住宅管理業法,重要事項説明;時期,管理受託契約の重要事項説明の時期に関する次の記述のうち、正しいものはどれか。,"","","","","",重要事項説明は、管理受託契約の締結前に行う必要がある。,重要事項説明は、管理受託契約の締結後に初めて行えば足りる。,重要事項説明は、契約締結の翌月までに行えば常に適法である。,重要事項説明書は、契約終了後に交付する書面である。,1,管理受託契約の重要事項説明は契約締結前に行う必要があり、賃貸人が理解して判断できる時間の確保が重要です。
29,single,賃貸住宅管理業法,重要事項説明;時期,管理受託契約の重要事項説明の時期に関する次の記述のうち、最も不適切なものはどれか。,"","","","","",賃貸人が契約内容を理解した上で判断できるよう、説明から契約締結まで一定の期間を置くことが望ましい。,重要事項説明書は、契約締結に先立って交付される書面である。,重要事項説明は、契約締結の翌月までに行えば常に適法である。,説明から契約締結までの期間が短い場合でも、賃貸人が判断するための時間を確保する配慮が求められる。,3,管理受託契約の重要事項説明は契約締結前に行う必要があり、賃貸人が理解して判断できる時間の確保が重要です。
30,single,賃貸住宅管理業法,重要事項説明;時期,管理受託契約の重要事項説明の時期に関する次の記述のうち、正しいものはどれか。,"","","","","",重要事項説明書は、契約終了後に交付する書面である。,賃貸人が内容を確認する時間を確保する必要は一切ない。,重要事項説明書は、契約締結に先立って交付される書面である。,重要事項説明は、管理受託契約の締結後に初めて行えば足りる。,3,管理受託契約の重要事項説明は契約締結前に行う必要があり、賃貸人が理解して判断できる時間の確保が重要です。
31,single,賃貸住宅管理業法,重要事項説明;時期,管理受託契約の重要事項説明の時期に関する次の記述のうち、最も不適切なものはどれか。,"","","","","",説明から契約締結までの期間が短い場合でも、賃貸人が判断するための時間を確保する配慮が求められる。,賃貸人が内容を確認する時間を確保する必要は一切ない。,重要事項説明は、管理受託契約の締結前に行う必要がある。,賃貸人が契約内容を理解した上で判断できるよう、説明から契約締結まで一定の期間を置くことが望ましい。,2,管理受託契約の重要事項説明は契約締結前に行う必要があり、賃貸人が理解して判断できる時間の確保が重要です。
32,single,賃貸住宅管理業法,重要事項説明;説明者,管理受託契約の重要事項説明を行う者に関する次の記述のうち、正しいものはどれか。,"","","","","",重要事項説明は、業務管理者本人が行うことまでは必ずしも求められていない。,重要事項説明は、必ず業務管理者本人だけが行わなければならない。,重要事項説明は、契約当事者でない外部業者に自由に委託できる。,重要事項説明を行う者には、管理業務に関する知識が一切求められない。,1,重要事項説明は業務管理者本人に限定されませんが、原則として当該管理業者の従業者が適切に行う必要があります。
33,single,賃貸住宅管理業法,重要事項説明;説明者,管理受託契約の重要事項説明を行う者に関する次の記述のうち、最も不適切なものはどれか。,"","","","","",重要事項説明は、管理受託契約を締結する賃貸住宅管理業者の従業者が行う必要がある。,重要事項説明は、専門的な知識や経験を有する者に行わせることが望ましい。,重要事項説明は、契約当事者でない外部業者に自由に委託できる。,出向者が説明を行う場合でも、指揮命令関係など実質的な使用人性が問題となる。,3,重要事項説明は業務管理者本人に限定されませんが、原則として当該管理業者の従業者が適切に行う必要があります。
34,single,賃貸住宅管理業法,重要事項説明;説明者,管理受託契約の重要事項説明を行う者に関する次の記述のうち、正しいものはどれか。,"","","","","",重要事項説明を行う者には、管理業務に関する知識が一切求められない。,重要事項説明は、賃貸住宅管理業者の従業者でない者が常に自由に行える。,重要事項説明は、専門的な知識や経験を有する者に行わせることが望ましい。,重要事項説明は、必ず業務管理者本人だけが行わなければならない。,3,重要事項説明は業務管理者本人に限定されませんが、原則として当該管理業者の従業者が適切に行う必要があります。
35,single,賃貸住宅管理業法,重要事項説明;説明者,管理受託契約の重要事項説明を行う者に関する次の記述のうち、最も不適切なものはどれか。,"","","","","",出向者が説明を行う場合でも、指揮命令関係など実質的な使用人性が問題となる。,重要事項説明は、賃貸住宅管理業者の従業者でない者が常に自由に行える。,重要事項説明は、業務管理者本人が行うことまでは必ずしも求められていない。,重要事項説明は、管理受託契約を締結する賃貸住宅管理業者の従業者が行う必要がある。,2,重要事項説明は業務管理者本人に限定されませんが、原則として当該管理業者の従業者が適切に行う必要があります。
36,single,賃貸住宅管理業法,重要事項説明;契約締結時書面,重要事項説明書と契約締結時書面に関する次の記述のうち、正しいものはどれか。,"","","","","",重要事項説明書は、契約締結に先立って交付される書面である。,重要事項説明書と契約締結時書面は、常に同一の書面として交付しなければならない。,契約締結時書面は、契約締結前の勧誘段階でのみ交付する書面である。,重要事項説明書を交付すれば、契約締結時書面の交付は常に不要となる。,1,重要事項説明書と契約締結時書面は役割と交付時期が異なるため、当然に一体化できるものではありません。
37,single,賃貸住宅管理業法,重要事項説明;契約締結時書面,重要事項説明書と契約締結時書面に関する次の記述のうち、最も不適切なものはどれか。,"","","","","",契約締結時書面は、管理受託契約の成立後に交付される書面である。,重要事項説明書と契約締結時書面は、交付時期が異なる。,契約締結時書面は、契約締結前の勧誘段階でのみ交付する書面である。,重要事項説明書と契約締結時書面を当然に一体の書面として交付することはできない。,3,重要事項説明書と契約締結時書面は役割と交付時期が異なるため、当然に一体化できるものではありません。
38,single,賃貸住宅管理業法,重要事項説明;契約締結時書面,重要事項説明書と契約締結時書面に関する次の記述のうち、正しいものはどれか。,"","","","","",重要事項説明書を交付すれば、契約締結時書面の交付は常に不要となる。,重要事項説明書は、契約締結時書面より後に交付することが予定されている。,重要事項説明書と契約締結時書面は、交付時期が異なる。,重要事項説明書と契約締結時書面は、常に同一の書面として交付しなければならない。,3,重要事項説明書と契約締結時書面は役割と交付時期が異なるため、当然に一体化できるものではありません。
39,single,賃貸住宅管理業法,重要事項説明;契約締結時書面,重要事項説明書と契約締結時書面に関する次の記述のうち、最も不適切なものはどれか。,"","","","","",重要事項説明書と契約締結時書面を当然に一体の書面として交付することはできない。,重要事項説明書は、契約締結時書面より後に交付することが予定されている。,重要事項説明書は、契約締結に先立って交付される書面である。,契約締結時書面は、管理受託契約の成立後に交付される書面である。,2,重要事項説明書と契約締結時書面は役割と交付時期が異なるため、当然に一体化できるものではありません。
40,single,賃貸住宅管理業法,重要事項説明;契約変更,管理受託契約の変更時の重要事項説明に関する次の記述のうち、正しいものはどれか。,"","","","","",規則で定める重要事項を変更しようとするときは、変更事項について書面交付と説明が必要となる。,契約内容を変更する場合でも、重要事項説明は一切不要である。,契約期間のみの形式的な延長でも、常に全事項の重要事項説明をやり直さなければならない。,変更時の説明は、変更のあった事項を一切説明せず口頭の了解だけで常に足りる。,1,契約内容の変更時には、変更事項の内容や法施行前契約かどうかに応じて重要事項説明が問題となります。
41,single,賃貸住宅管理業法,重要事項説明;契約変更,管理受託契約の変更時の重要事項説明に関する次の記述のうち、最も不適切なものはどれか。,"","","","","",契約の同一性を保ったまま契約期間のみを延長する場合など、形式的変更と認められるときは説明を省略できる場合がある。,法施行前の契約で、法施行後に全事項の説明をしていない場合は、変更時に全事項の説明が必要となる場合がある。,契約期間のみの形式的な延長でも、常に全事項の重要事項説明をやり直さなければならない。,契約内容の実質的な変更がある場合、重要事項説明の要否を検討する必要がある。,3,契約内容の変更時には、変更事項の内容や法施行前契約かどうかに応じて重要事項説明が問題となります。
42,single,賃貸住宅管理業法,重要事項説明;契約変更,管理受託契約の変更時の重要事項説明に関する次の記述のうち、正しいものはどれか。,"","","","","",変更時の説明は、変更のあった事項を一切説明せず口頭の了解だけで常に足りる。,法施行前の契約については、どのような変更をしても説明義務が生じる余地はない。,法施行前の契約で、法施行後に全事項の説明をしていない場合は、変更時に全事項の説明が必要となる場合がある。,契約内容を変更する場合でも、重要事項説明は一切不要である。,3,契約内容の変更時には、変更事項の内容や法施行前契約かどうかに応じて重要事項説明が問題となります。
43,single,賃貸住宅管理業法,重要事項説明;契約変更,管理受託契約の変更時の重要事項説明に関する次の記述のうち、最も不適切なものはどれか。,"","","","","",契約内容の実質的な変更がある場合、重要事項説明の要否を検討する必要がある。,法施行前の契約については、どのような変更をしても説明義務が生じる余地はない。,規則で定める重要事項を変更しようとするときは、変更事項について書面交付と説明が必要となる。,契約の同一性を保ったまま契約期間のみを延長する場合など、形式的変更と認められるときは説明を省略できる場合がある。,2,契約内容の変更時には、変更事項の内容や法施行前契約かどうかに応じて重要事項説明が問題となります。
44,single,賃貸住宅管理業法,重要事項説明;代理人,重要事項説明の相手方に関する次の記述のうち、正しいものはどれか。,"","","","","",原則として、管理受託契約の相手方本人に重要事項説明を行う必要がある。,重要事項説明は、本人に知らせず管理業者が選んだ代理人に行えば常に足りる。,代理人に対する重要事項説明は、どのような場合でも一切認められない。,本人の意思による代理権の付与は、重要事項説明では全く意味を持たない。,1,重要事項説明は原則として本人に行いますが、本人の意思で代理権を付与された者への説明が認められる場合があります。
45,single,賃貸住宅管理業法,重要事項説明;代理人,重要事項説明の相手方に関する次の記述のうち、最も不適切なものはどれか。,"","","","","",本人の意思により代理権を付与された者に説明した場合、説明として認められることがある。,賃貸住宅管理業者が代理人選任を主導した場合、本人への説明と評価できるか慎重に判断される。,代理人に対する重要事項説明は、どのような場合でも一切認められない。,代理人に説明する場合でも、代理権の有無を確認することが重要である。,3,重要事項説明は原則として本人に行いますが、本人の意思で代理権を付与された者への説明が認められる場合があります。
46,single,賃貸住宅管理業法,重要事項説明;代理人,重要事項説明の相手方に関する次の記述のうち、正しいものはどれか。,"","","","","",本人の意思による代理権の付与は、重要事項説明では全く意味を持たない。,重要事項説明の相手方は、入居者であれば誰でもよい。,賃貸住宅管理業者が代理人選任を主導した場合、本人への説明と評価できるか慎重に判断される。,重要事項説明は、本人に知らせず管理業者が選んだ代理人に行えば常に足りる。,3,重要事項説明は原則として本人に行いますが、本人の意思で代理権を付与された者への説明が認められる場合があります。
47,single,賃貸住宅管理業法,重要事項説明;代理人,重要事項説明の相手方に関する次の記述のうち、最も不適切なものはどれか。,"","","","","",代理人に説明する場合でも、代理権の有無を確認することが重要である。,重要事項説明の相手方は、入居者であれば誰でもよい。,原則として、管理受託契約の相手方本人に重要事項説明を行う必要がある。,本人の意思により代理権を付与された者に説明した場合、説明として認められることがある。,2,重要事項説明は原則として本人に行いますが、本人の意思で代理権を付与された者への説明が認められる場合があります。
48,single,賃貸住宅管理業法,電磁的方法;承諾,電磁的方法による書面提供に関する次の記述のうち、正しいものはどれか。,"","","","","",一定の書面は、相手方の承諾を得て電磁的方法により提供できる場合がある。,相手方の承諾がなくても、管理業者の都合だけで当然に電磁的方法へ切り替えられる。,電磁的方法で提供した場合、相手方が内容を確認できなくても常に有効である。,電磁的方法による提供は、賃貸住宅管理業法では一切認められていない。,1,電磁的方法による提供は可能な場合がありますが、相手方の承諾や内容確認の確保が重要です。
49,single,賃貸住宅管理業法,電磁的方法;承諾,電磁的方法による書面提供に関する次の記述のうち、最も不適切なものはどれか。,"","","","","",電磁的方法による提供でも、相手方が内容を確認できる状態にする必要がある。,重要事項説明書を電磁的方法で提供する場合、承諾の有無が問題となる。,電磁的方法で提供した場合、相手方が内容を確認できなくても常に有効である。,電磁的方法を用いる場合、提供内容を後から確認できるようにする配慮が必要である。,3,電磁的方法による提供は可能な場合がありますが、相手方の承諾や内容確認の確保が重要です。
50,single,賃貸住宅管理業法,電磁的方法;承諾,電磁的方法による書面提供に関する次の記述のうち、正しいものはどれか。,"","","","","",電磁的方法による提供は、賃貸住宅管理業法では一切認められていない。,電子メールで送信しさえすれば、説明すべき内容を省略してよい。,重要事項説明書を電磁的方法で提供する場合、承諾の有無が問題となる。,相手方の承諾がなくても、管理業者の都合だけで当然に電磁的方法へ切り替えられる。,3,電磁的方法による提供は可能な場合がありますが、相手方の承諾や内容確認の確保が重要です。
51,single,賃貸住宅管理業法,電磁的方法;承諾,電磁的方法による書面提供に関する次の記述のうち、最も不適切なものはどれか。,"","","","","",電磁的方法を用いる場合、提供内容を後から確認できるようにする配慮が必要である。,電子メールで送信しさえすれば、説明すべき内容を省略してよい。,一定の書面は、相手方の承諾を得て電磁的方法により提供できる場合がある。,電磁的方法による提供でも、相手方が内容を確認できる状態にする必要がある。,2,電磁的方法による提供は可能な場合がありますが、相手方の承諾や内容確認の確保が重要です。
52,single,賃貸住宅管理業法,再委託;管理業務,管理業務の再委託に関する次の記述のうち、正しいものはどれか。,"","","","","",賃貸住宅管理業者は、管理業務の全部を他の者に再委託することはできない。,委託者の承諾があれば、管理業務の全部を常に再委託できる。,再委託先が登録業者であれば、管理業務の全部再委託も当然に許される。,管理業務の一部再委託も、例外なくすべて禁止されている。,1,管理業務の全部再委託は禁止されていますが、一部再委託まで常に禁止されるわけではありません。
53,single,賃貸住宅管理業法,再委託;管理業務,管理業務の再委託に関する次の記述のうち、最も不適切なものはどれか。,"","","","","",管理業務の一部再委託まで一律に禁止されているわけではない。,一部再委託を行う場合でも、管理業者は管理業務の適正な実施に注意する必要がある。,再委託先が登録業者であれば、管理業務の全部再委託も当然に許される。,全部再委託の禁止は、管理業者が実質的な管理責任を失うことを防ぐ趣旨を有する。,3,管理業務の全部再委託は禁止されていますが、一部再委託まで常に禁止されるわけではありません。
54,single,賃貸住宅管理業法,再委託;管理業務,管理業務の再委託に関する次の記述のうち、正しいものはどれか。,"","","","","",管理業務の一部再委託も、例外なくすべて禁止されている。,全部再委託をした場合、元の管理業者は一切責任を負わない。,一部再委託を行う場合でも、管理業者は管理業務の適正な実施に注意する必要がある。,委託者の承諾があれば、管理業務の全部を常に再委託できる。,3,管理業務の全部再委託は禁止されていますが、一部再委託まで常に禁止されるわけではありません。
55,single,賃貸住宅管理業法,再委託;管理業務,管理業務の再委託に関する次の記述のうち、最も不適切なものはどれか。,"","","","","",全部再委託の禁止は、管理業者が実質的な管理責任を失うことを防ぐ趣旨を有する。,全部再委託をした場合、元の管理業者は一切責任を負わない。,賃貸住宅管理業者は、管理業務の全部を他の者に再委託することはできない。,管理業務の一部再委託まで一律に禁止されているわけではない。,2,管理業務の全部再委託は禁止されていますが、一部再委託まで常に禁止されるわけではありません。
56,single,賃貸住宅管理業法,財産の分別管理;家賃等,財産の分別管理に関する次の記述のうち、正しいものはどれか。,"","","","","",賃貸住宅管理業者は、管理する家賃等を自己の固有財産と分別して管理しなければならない。,帳簿で内訳を把握していれば、自己資金と同一口座で混同して管理しても常に問題ない。,分別管理は、管理戸数が200戸未満の任意登録業者には一切関係がない。,家賃等の金銭は、管理業者の売上として自由に使用してから精算すればよい。,1,家賃等は自己の固有財産と分別して管理する必要があり、単なる内部把握だけで常に足りるとはいえません。
57,single,賃貸住宅管理業法,財産の分別管理;家賃等,財産の分別管理に関する次の記述のうち、最も不適切なものはどれか。,"","","","","",分別管理は、委託者に帰属すべき金銭と管理業者自身の財産との混同を防ぐために重要である。,敷金や共益費など、管理業者が管理する金銭も分別管理の対象となり得る。,分別管理は、管理戸数が200戸未満の任意登録業者には一切関係がない。,分別管理は、管理業者の倒産等のリスクから委託者の財産を守る趣旨を有する。,3,家賃等は自己の固有財産と分別して管理する必要があり、単なる内部把握だけで常に足りるとはいえません。
58,single,賃貸住宅管理業法,財産の分別管理;家賃等,財産の分別管理に関する次の記述のうち、正しいものはどれか。,"","","","","",家賃等の金銭は、管理業者の売上として自由に使用してから精算すればよい。,分別管理の対象となるのは、入居者の私物だけである。,敷金や共益費など、管理業者が管理する金銭も分別管理の対象となり得る。,帳簿で内訳を把握していれば、自己資金と同一口座で混同して管理しても常に問題ない。,3,家賃等は自己の固有財産と分別して管理する必要があり、単なる内部把握だけで常に足りるとはいえません。
59,single,賃貸住宅管理業法,財産の分別管理;家賃等,財産の分別管理に関する次の記述のうち、最も不適切なものはどれか。,"","","","","",分別管理は、管理業者の倒産等のリスクから委託者の財産を守る趣旨を有する。,分別管理の対象となるのは、入居者の私物だけである。,賃貸住宅管理業者は、管理する家賃等を自己の固有財産と分別して管理しなければならない。,分別管理は、委託者に帰属すべき金銭と管理業者自身の財産との混同を防ぐために重要である。,2,家賃等は自己の固有財産と分別して管理する必要があり、単なる内部把握だけで常に足りるとはいえません。
60,single,賃貸住宅管理業法,定期報告;委託者,委託者への定期報告に関する次の記述のうち、正しいものはどれか。,"","","","","",賃貸住宅管理業者は、業務の実施状況等について管理受託契約の相手方に定期的に報告しなければならない。,定期報告は、入居者に対してのみ行えば足りる。,管理業務が問題なく行われている場合、定期報告は法律上常に不要である。,定期報告は、広告活動の成果だけを報告すれば足りる。,1,賃貸住宅管理業者は、管理受託契約の相手方に対して業務の実施状況等を定期的に報告する義務があります。
61,single,賃貸住宅管理業法,定期報告;委託者,委託者への定期報告に関する次の記述のうち、最も不適切なものはどれか。,"","","","","",定期報告は、委託者が管理業務の実施状況を把握するために重要である。,定期報告の対象には、管理業務の実施状況に関する事項が含まれる。,管理業務が問題なく行われている場合、定期報告は法律上常に不要である。,管理受託契約の相手方に対する報告義務は、管理業者の義務の一つである。,3,賃貸住宅管理業者は、管理受託契約の相手方に対して業務の実施状況等を定期的に報告する義務があります。
62,single,賃貸住宅管理業法,定期報告;委託者,委託者への定期報告に関する次の記述のうち、正しいものはどれか。,"","","","","",定期報告は、広告活動の成果だけを報告すれば足りる。,定期報告は、契約終了後に一度だけ行えば常に足りる。,定期報告の対象には、管理業務の実施状況に関する事項が含まれる。,定期報告は、入居者に対してのみ行えば足りる。,3,賃貸住宅管理業者は、管理受託契約の相手方に対して業務の実施状況等を定期的に報告する義務があります。
63,single,賃貸住宅管理業法,定期報告;委託者,委託者への定期報告に関する次の記述のうち、最も不適切なものはどれか。,"","","","","",管理受託契約の相手方に対する報告義務は、管理業者の義務の一つである。,定期報告は、契約終了後に一度だけ行えば常に足りる。,賃貸住宅管理業者は、業務の実施状況等について管理受託契約の相手方に定期的に報告しなければならない。,定期報告は、委託者が管理業務の実施状況を把握するために重要である。,2,賃貸住宅管理業者は、管理受託契約の相手方に対して業務の実施状況等を定期的に報告する義務があります。
64,single,賃貸住宅管理業法,管理受託契約;重要事項,管理受託契約の重要事項に関する次の記述のうち、正しいものはどれか。,"","","","","",管理業務の内容及び実施方法は、重要事項説明の対象となる事項に含まれる。,管理業務の内容は、賃貸人が聞いた場合にだけ説明すればよく、重要事項には含まれない。,報酬額は営業上の秘密であるため、重要事項説明では一切説明してはならない。,再委託に関する事項は、管理受託契約では常に説明対象から除外される。,1,管理業務の内容、報酬、再委託、契約期間・更新解除などは、管理受託契約の重要な説明事項です。
65,single,賃貸住宅管理業法,管理受託契約;重要事項,管理受託契約の重要事項に関する次の記述のうち、最も不適切なものはどれか。,"","","","","",報酬の額や支払時期・方法は、重要事項説明の対象となる事項に含まれる。,管理業務の一部再委託に関する事項は、重要事項説明で問題となる事項である。,報酬額は営業上の秘密であるため、重要事項説明では一切説明してはならない。,契約期間や契約の更新・解除に関する事項は、重要事項説明で重要となる。,3,管理業務の内容、報酬、再委託、契約期間・更新解除などは、管理受託契約の重要な説明事項です。
66,single,賃貸住宅管理業法,管理受託契約;重要事項,管理受託契約の重要事項に関する次の記述のうち、正しいものはどれか。,"","","","","",再委託に関する事項は、管理受託契約では常に説明対象から除外される。,契約期間は契約後に管理業者が自由に決めればよく、説明対象にはならない。,管理業務の一部再委託に関する事項は、重要事項説明で問題となる事項である。,管理業務の内容は、賃貸人が聞いた場合にだけ説明すればよく、重要事項には含まれない。,3,管理業務の内容、報酬、再委託、契約期間・更新解除などは、管理受託契約の重要な説明事項です。
67,single,賃貸住宅管理業法,管理受託契約;重要事項,管理受託契約の重要事項に関する次の記述のうち、最も不適切なものはどれか。,"","","","","",契約期間や契約の更新・解除に関する事項は、重要事項説明で重要となる。,契約期間は契約後に管理業者が自由に決めればよく、説明対象にはならない。,管理業務の内容及び実施方法は、重要事項説明の対象となる事項に含まれる。,報酬の額や支払時期・方法は、重要事項説明の対象となる事項に含まれる。,2,管理業務の内容、報酬、再委託、契約期間・更新解除などは、管理受託契約の重要な説明事項です。
68,single,賃貸住宅管理業法,入居者周知;管理業務,入居者への管理業務の周知に関する次の記述のうち、正しいものはどれか。,"","","","","",管理業務の内容及び実施方法について、入居者への周知に関する事項は重要事項として扱われる。,入居者への周知に関する事項は、管理受託契約では一切問題にならない。,管理業務の内容を入居者に知らせることは、法律上常に禁止されている。,入居者からの苦情対応は、賃貸住宅管理業者の業務と全く関係がない。,1,管理業務の内容や実施方法、入居者への周知は、管理受託契約の運用上重要な事項です。
69,single,賃貸住宅管理業法,入居者周知;管理業務,入居者への管理業務の周知に関する次の記述のうち、最も不適切なものはどれか。,"","","","","",入居者が誰に連絡すべきか分かるようにすることは、管理業務の円滑な実施に資する。,管理業務の範囲を明確にすることは、委託者と管理業者の認識違いを防ぐ。,管理業務の内容を入居者に知らせることは、法律上常に禁止されている。,入居者対応の方法を明確にしておくことは、管理受託契約の実務上重要である。,3,管理業務の内容や実施方法、入居者への周知は、管理受託契約の運用上重要な事項です。
70,single,賃貸住宅管理業法,入居者周知;管理業務,入居者への管理業務の周知に関する次の記述のうち、正しいものはどれか。,"","","","","",入居者からの苦情対応は、賃貸住宅管理業者の業務と全く関係がない。,管理業務の範囲は曖昧なままにしておく方が、常に法の趣旨に合致する。,管理業務の範囲を明確にすることは、委託者と管理業者の認識違いを防ぐ。,入居者への周知に関する事項は、管理受託契約では一切問題にならない。,3,管理業務の内容や実施方法、入居者への周知は、管理受託契約の運用上重要な事項です。
71,single,賃貸住宅管理業法,入居者周知;管理業務,入居者への管理業務の周知に関する次の記述のうち、最も不適切なものはどれか。,"","","","","",入居者対応の方法を明確にしておくことは、管理受託契約の実務上重要である。,管理業務の範囲は曖昧なままにしておく方が、常に法の趣旨に合致する。,管理業務の内容及び実施方法について、入居者への周知に関する事項は重要事項として扱われる。,入居者が誰に連絡すべきか分かるようにすることは、管理業務の円滑な実施に資する。,2,管理業務の内容や実施方法、入居者への周知は、管理受託契約の運用上重要な事項です。
72,single,賃貸住宅管理業法,特定賃貸借契約;定義,特定賃貸借契約に関する次の記述のうち、正しいものはどれか。,"","","","","",特定賃貸借契約は、いわゆるマスターリース契約としてサブリース事業で問題となる契約である。,特定賃貸借契約は、入居者と保証会社の保証委託契約だけを意味する。,サブリース契約では、オーナーに対する説明や広告規制は一切問題にならない。,特定賃貸借契約は、売買契約だけを対象とする制度である。,1,特定賃貸借契約はサブリースのマスターリース契約で問題となり、広告・勧誘・重要事項説明の規制があります。
73,single,賃貸住宅管理業法,特定賃貸借契約;定義,特定賃貸借契約に関する次の記述のうち、最も不適切なものはどれか。,"","","","","",特定賃貸借契約では、賃貸人から住宅を借り受け、第三者に転貸する仕組みが問題となる。,サブリース事業では、オーナーが家賃収入や契約条件を誤認しないよう説明が重要となる。,サブリース契約では、オーナーに対する説明や広告規制は一切問題にならない。,特定賃貸借契約には、誇大広告や不当勧誘の規制が設けられている。,3,特定賃貸借契約はサブリースのマスターリース契約で問題となり、広告・勧誘・重要事項説明の規制があります。
74,single,賃貸住宅管理業法,特定賃貸借契約;定義,特定賃貸借契約に関する次の記述のうち、正しいものはどれか。,"","","","","",特定賃貸借契約は、売買契約だけを対象とする制度である。,特定賃貸借契約に関する規制は、賃貸住宅管理業法には設けられていない。,サブリース事業では、オーナーが家賃収入や契約条件を誤認しないよう説明が重要となる。,特定賃貸借契約は、入居者と保証会社の保証委託契約だけを意味する。,3,特定賃貸借契約はサブリースのマスターリース契約で問題となり、広告・勧誘・重要事項説明の規制があります。
75,single,賃貸住宅管理業法,特定賃貸借契約;定義,特定賃貸借契約に関する次の記述のうち、最も不適切なものはどれか。,"","","","","",特定賃貸借契約には、誇大広告や不当勧誘の規制が設けられている。,特定賃貸借契約に関する規制は、賃貸住宅管理業法には設けられていない。,特定賃貸借契約は、いわゆるマスターリース契約としてサブリース事業で問題となる契約である。,特定賃貸借契約では、賃貸人から住宅を借り受け、第三者に転貸する仕組みが問題となる。,2,特定賃貸借契約はサブリースのマスターリース契約で問題となり、広告・勧誘・重要事項説明の規制があります。
76,single,賃貸住宅管理業法,特定賃貸借契約;誇大広告,誇大広告の禁止に関する次の記述のうち、正しいものはどれか。,"","","","","",サブリース業者は、特定賃貸借契約に関して誇大広告をしてはならない。,広告の末尾に小さく注意書きを入れれば、本文で事実と異なる内容を強調しても常に問題ない。,サブリース契約の広告では、将来の家賃収入についてどのような表示をしても規制されない。,誇大広告の禁止は、売買契約にだけ適用され、特定賃貸借契約には関係しない。,1,特定賃貸借契約では誇大広告が禁止され、家賃保証やリスクに関する誤認表示は問題となり得ます。
77,single,賃貸住宅管理業法,特定賃貸借契約;誇大広告,誇大広告の禁止に関する次の記述のうち、最も不適切なものはどれか。,"","","","","",将来の家賃収入について、リスクを無視して確実であるかのように表示することは問題となり得る。,賃料減額の可能性など重要なリスクを適切に示さない広告は、誤認を招くおそれがある。,サブリース契約の広告では、将来の家賃収入についてどのような表示をしても規制されない。,広告全体として相手方に誤認を生じさせるかどうかが重要である。,3,特定賃貸借契約では誇大広告が禁止され、家賃保証やリスクに関する誤認表示は問題となり得ます。
78,single,賃貸住宅管理業法,特定賃貸借契約;誇大広告,誇大広告の禁止に関する次の記述のうち、正しいものはどれか。,"","","","","",誇大広告の禁止は、売買契約にだけ適用され、特定賃貸借契約には関係しない。,広告であれば、契約条件について事実と異なる表示をしても法的問題は生じない。,賃料減額の可能性など重要なリスクを適切に示さない広告は、誤認を招くおそれがある。,広告の末尾に小さく注意書きを入れれば、本文で事実と異なる内容を強調しても常に問題ない。,3,特定賃貸借契約では誇大広告が禁止され、家賃保証やリスクに関する誤認表示は問題となり得ます。
79,single,賃貸住宅管理業法,特定賃貸借契約;誇大広告,誇大広告の禁止に関する次の記述のうち、最も不適切なものはどれか。,"","","","","",広告全体として相手方に誤認を生じさせるかどうかが重要である。,広告であれば、契約条件について事実と異なる表示をしても法的問題は生じない。,サブリース業者は、特定賃貸借契約に関して誇大広告をしてはならない。,将来の家賃収入について、リスクを無視して確実であるかのように表示することは問題となり得る。,2,特定賃貸借契約では誇大広告が禁止され、家賃保証やリスクに関する誤認表示は問題となり得ます。
80,single,賃貸住宅管理業法,特定賃貸借契約;不当勧誘,不当な勧誘等の禁止に関する次の記述のうち、正しいものはどれか。,"","","","","",サブリース業者は、特定賃貸借契約の相手方となろうとする者に対して不当な勧誘等をしてはならない。,契約前の勧誘では、都合の悪い事実を一切告げなくても常に問題ない。,相手方が高齢者であっても、理解状況を一切考慮する必要はない。,不当勧誘の禁止は、サブリース業者には適用されない。,1,特定賃貸借契約では、不当な勧誘等が禁止され、重要なリスクを適切に伝えることが求められます。
81,single,賃貸住宅管理業法,特定賃貸借契約;不当勧誘,不当な勧誘等の禁止に関する次の記述のうち、最も不適切なものはどれか。,"","","","","",重要な事項について故意に事実を告げない勧誘は問題となり得る。,相手方の判断に重要な影響を及ぼすリスクについて、適切に説明することが求められる。,相手方が高齢者であっても、理解状況を一切考慮する必要はない。,不当な勧誘の規制は、オーナーとのトラブル防止を目的とする。,3,特定賃貸借契約では、不当な勧誘等が禁止され、重要なリスクを適切に伝えることが求められます。
82,single,賃貸住宅管理業法,特定賃貸借契約;不当勧誘,不当な勧誘等の禁止に関する次の記述のうち、正しいものはどれか。,"","","","","",不当勧誘の禁止は、サブリース業者には適用されない。,勧誘段階では、将来の賃料減額リスクを隠しても法的問題は生じない。,相手方の判断に重要な影響を及ぼすリスクについて、適切に説明することが求められる。,契約前の勧誘では、都合の悪い事実を一切告げなくても常に問題ない。,3,特定賃貸借契約では、不当な勧誘等が禁止され、重要なリスクを適切に伝えることが求められます。
83,single,賃貸住宅管理業法,特定賃貸借契約;不当勧誘,不当な勧誘等の禁止に関する次の記述のうち、最も不適切なものはどれか。,"","","","","",不当な勧誘の規制は、オーナーとのトラブル防止を目的とする。,勧誘段階では、将来の賃料減額リスクを隠しても法的問題は生じない。,サブリース業者は、特定賃貸借契約の相手方となろうとする者に対して不当な勧誘等をしてはならない。,重要な事項について故意に事実を告げない勧誘は問題となり得る。,2,特定賃貸借契約では、不当な勧誘等が禁止され、重要なリスクを適切に伝えることが求められます。
84,single,賃貸住宅管理業法,特定賃貸借契約;重要事項説明,特定賃貸借契約の重要事項説明に関する次の記述のうち、正しいものはどれか。,"","","","","",特定賃貸借契約を締結しようとする場合、契約締結前に重要事項を説明する必要がある。,特定賃貸借契約では、契約締結後に説明すれば常に足りる。,相手方が賃貸経営の初心者であっても、リスク説明は一切不要である。,契約期間や賃料改定に関する事項は、説明対象から常に除外される。,1,特定賃貸借契約では、契約締結前の重要事項説明により、契約内容やリスクを理解させることが重要です。
85,single,賃貸住宅管理業法,特定賃貸借契約;重要事項説明,特定賃貸借契約の重要事項説明に関する次の記述のうち、最も不適切なものはどれか。,"","","","","",特定賃貸借契約の重要事項説明では、契約期間や賃料の改定に関する事項が重要となる。,オーナーが契約内容やリスクを理解して判断できるよう説明することが求められる。,相手方が賃貸経営の初心者であっても、リスク説明は一切不要である。,重要事項説明書に記載すべき事項は、相手方の承諾を得て電磁的方法により提供できる場合がある。,3,特定賃貸借契約では、契約締結前の重要事項説明により、契約内容やリスクを理解させることが重要です。
86,single,賃貸住宅管理業法,特定賃貸借契約;重要事項説明,特定賃貸借契約の重要事項説明に関する次の記述のうち、正しいものはどれか。,"","","","","",契約期間や賃料改定に関する事項は、説明対象から常に除外される。,特定賃貸借契約では、重要事項説明書の交付は一切認められていない。,オーナーが契約内容やリスクを理解して判断できるよう説明することが求められる。,特定賃貸借契約では、契約締結後に説明すれば常に足りる。,3,特定賃貸借契約では、契約締結前の重要事項説明により、契約内容やリスクを理解させることが重要です。
87,single,賃貸住宅管理業法,特定賃貸借契約;重要事項説明,特定賃貸借契約の重要事項説明に関する次の記述のうち、最も不適切なものはどれか。,"","","","","",重要事項説明書に記載すべき事項は、相手方の承諾を得て電磁的方法により提供できる場合がある。,特定賃貸借契約では、重要事項説明書の交付は一切認められていない。,特定賃貸借契約を締結しようとする場合、契約締結前に重要事項を説明する必要がある。,特定賃貸借契約の重要事項説明では、契約期間や賃料の改定に関する事項が重要となる。,2,特定賃貸借契約では、契約締結前の重要事項説明により、契約内容やリスクを理解させることが重要です。
88,single,賃貸住宅管理業法,特定賃貸借契約;賃料減額,サブリースにおける賃料減額リスクに関する次の記述のうち、正しいものはどれか。,"","","","","",サブリース契約では、将来の賃料が減額される可能性について適切に説明することが重要である。,家賃保証と表示すれば、将来の賃料減額の可能性を説明する必要は一切ない。,賃料改定条項があっても、広告では永久に同額の家賃が支払われると断定してよい。,サブリース契約では、空室リスクや修繕費の負担はオーナーの判断に全く関係しない。,1,サブリースでは、家賃保証の表示だけでなく賃料減額や収支変動のリスクを適切に示すことが重要です。
89,single,賃貸住宅管理業法,特定賃貸借契約;賃料減額,サブリースにおける賃料減額リスクに関する次の記述のうち、最も不適切なものはどれか。,"","","","","",家賃保証をうたう場合でも、契約条件や賃料改定の可能性を明確にする必要がある。,オーナーが収支見込みを判断できるよう、リスクを過度に小さく見せないことが重要である。,賃料改定条項があっても、広告では永久に同額の家賃が支払われると断定してよい。,将来の空室や賃料相場の変動は、サブリース契約の判断に影響し得る。,3,サブリースでは、家賃保証の表示だけでなく賃料減額や収支変動のリスクを適切に示すことが重要です。
90,single,賃貸住宅管理業法,特定賃貸借契約;賃料減額,サブリースにおける賃料減額リスクに関する次の記述のうち、正しいものはどれか。,"","","","","",サブリース契約では、空室リスクや修繕費の負担はオーナーの判断に全く関係しない。,オーナーが契約書を読まない可能性があれば、重要なリスクを説明しなくてよい。,オーナーが収支見込みを判断できるよう、リスクを過度に小さく見せないことが重要である。,家賃保証と表示すれば、将来の賃料減額の可能性を説明する必要は一切ない。,3,サブリースでは、家賃保証の表示だけでなく賃料減額や収支変動のリスクを適切に示すことが重要です。
91,single,賃貸住宅管理業法,特定賃貸借契約;賃料減額,サブリースにおける賃料減額リスクに関する次の記述のうち、最も不適切なものはどれか。,"","","","","",将来の空室や賃料相場の変動は、サブリース契約の判断に影響し得る。,オーナーが契約書を読まない可能性があれば、重要なリスクを説明しなくてよい。,サブリース契約では、将来の賃料が減額される可能性について適切に説明することが重要である。,家賃保証をうたう場合でも、契約条件や賃料改定の可能性を明確にする必要がある。,2,サブリースでは、家賃保証の表示だけでなく賃料減額や収支変動のリスクを適切に示すことが重要です。
92,single,賃貸住宅管理業法,申出制度;違反行為,賃貸住宅管理業法の申出制度に関する次の記述のうち、正しいものはどれか。,"","","","","",申出制度は、サブリース業者による違反行為の端緒を行政が把握するための仕組みである。,申出制度は、入居者が家賃を値下げするためだけの制度である。,申出制度では、誇大広告や不当勧誘に関する情報は一切扱われない。,申出制度は、裁判所に直接判決を求める訴訟手続そのものである。,1,申出制度は、誇大広告、不当勧誘、重要事項説明義務違反などの端緒把握に資する制度です。
93,single,賃貸住宅管理業法,申出制度;違反行為,賃貸住宅管理業法の申出制度に関する次の記述のうち、最も不適切なものはどれか。,"","","","","",誇大広告等の禁止や不当勧誘等の禁止に関する違反行為は、申出制度で問題となり得る。,契約締結前の重要事項説明義務に関する違反も、申出制度で問題となり得る。,申出制度では、誇大広告や不当勧誘に関する情報は一切扱われない。,申出制度は、オーナー等から行政に情報提供する機会を確保する趣旨を有する。,3,申出制度は、誇大広告、不当勧誘、重要事項説明義務違反などの端緒把握に資する制度です。
94,single,賃貸住宅管理業法,申出制度;違反行為,賃貸住宅管理業法の申出制度に関する次の記述のうち、正しいものはどれか。,"","","","","",申出制度は、裁判所に直接判決を求める訴訟手続そのものである。,申出制度は、サブリース業者の違反行為とは全く関係がない。,契約締結前の重要事項説明義務に関する違反も、申出制度で問題となり得る。,申出制度は、入居者が家賃を値下げするためだけの制度である。,3,申出制度は、誇大広告、不当勧誘、重要事項説明義務違反などの端緒把握に資する制度です。
95,single,賃貸住宅管理業法,申出制度;違反行為,賃貸住宅管理業法の申出制度に関する次の記述のうち、最も不適切なものはどれか。,"","","","","",申出制度は、オーナー等から行政に情報提供する機会を確保する趣旨を有する。,申出制度は、サブリース業者の違反行為とは全く関係がない。,申出制度は、サブリース業者による違反行為の端緒を行政が把握するための仕組みである。,誇大広告等の禁止や不当勧誘等の禁止に関する違反行為は、申出制度で問題となり得る。,2,申出制度は、誇大広告、不当勧誘、重要事項説明義務違反などの端緒把握に資する制度です。
96,single,賃貸住宅管理業法,監督処分;罰則,賃貸住宅管理業法上の監督等に関する次の記述のうち、正しいものはどれか。,"","","","","",賃貸住宅管理業法上の義務に違反した場合、監督処分や罰則の対象となり得る。,賃貸住宅管理業法上の義務に違反しても、行政上の措置や罰則の対象となる余地はない。,登録を受けていれば、どのような業務方法をとっても監督の対象にならない。,全部再委託の禁止に違反しても、法令上は常に問題とならない。,1,賃貸住宅管理業法上の義務違反は、監督処分や罰則の対象となり得ます。
97,single,賃貸住宅管理業法,監督処分;罰則,賃貸住宅管理業法上の監督等に関する次の記述のうち、最も不適切なものはどれか。,"","","","","",登録制度は、不適切な業者を排除し業務の適正な運営を確保するための仕組みを含む。,管理業務の全部再委託の禁止に違反した場合、法令上の問題となる。,登録を受けていれば、どのような業務方法をとっても監督の対象にならない。,委託者への定期報告義務に違反した場合、法令上の問題となり得る。,3,賃貸住宅管理業法上の義務違反は、監督処分や罰則の対象となり得ます。
98,single,賃貸住宅管理業法,監督処分;罰則,賃貸住宅管理業法上の監督等に関する次の記述のうち、正しいものはどれか。,"","","","","",全部再委託の禁止に違反しても、法令上は常に問題とならない。,定期報告義務違反は、賃貸住宅管理業法上まったく問題とならない。,管理業務の全部再委託の禁止に違反した場合、法令上の問題となる。,賃貸住宅管理業法上の義務に違反しても、行政上の措置や罰則の対象となる余地はない。,3,賃貸住宅管理業法上の義務違反は、監督処分や罰則の対象となり得ます。
99,single,賃貸住宅管理業法,監督処分;罰則,賃貸住宅管理業法上の監督等に関する次の記述のうち、最も不適切なものはどれか。,"","","","","",委託者への定期報告義務に違反した場合、法令上の問題となり得る。,定期報告義務違反は、賃貸住宅管理業法上まったく問題とならない。,賃貸住宅管理業法上の義務に違反した場合、監督処分や罰則の対象となり得る。,登録制度は、不適切な業者を排除し業務の適正な運営を確保するための仕組みを含む。,2,賃貸住宅管理業法上の義務違反は、監督処分や罰則の対象となり得ます。
100,single,賃貸住宅管理業法,法目的;制度趣旨,賃貸住宅管理業法の目的に関する次の記述のうち、正しいものはどれか。,"","","","","",賃貸住宅管理業法は、良好な居住環境を備えた賃貸住宅の安定的な確保を図ることを目的としている。,賃貸住宅管理業法は、賃貸住宅の管理とは無関係に売買価格を統制することだけを目的としている。,賃貸住宅管理業法の目的には、入居者の居住の安定は一切含まれない。,特定賃貸借契約の適正化は、賃貸住宅管理業法とは全く関係がない。,1,法の目的は、入居者の居住の安定や賃貸事業の公正・円滑な実施、良好な居住環境の確保にあります。
101,single,賃貸住宅管理業法,法目的;制度趣旨,賃貸住宅管理業法の目的に関する次の記述のうち、最も不適切なものはどれか。,"","","","","",賃貸住宅の入居者の居住の安定の確保は、法の目的に関係する。,賃貸住宅の賃貸に係る事業の公正かつ円滑な実施は、法の目的に関係する。,賃貸住宅管理業法の目的には、入居者の居住の安定は一切含まれない。,特定賃貸借契約の適正化のための措置は、法の目的を実現する手段の一つである。,3,法の目的は、入居者の居住の安定や賃貸事業の公正・円滑な実施、良好な居住環境の確保にあります。
102,single,賃貸住宅管理業法,法目的;制度趣旨,賃貸住宅管理業法の目的に関する次の記述のうち、正しいものはどれか。,"","","","","",特定賃貸借契約の適正化は、賃貸住宅管理業法とは全く関係がない。,賃貸住宅管理業法は、管理業者の広告収入を最大化することのみを目的としている。,賃貸住宅の賃貸に係る事業の公正かつ円滑な実施は、法の目的に関係する。,賃貸住宅管理業法は、賃貸住宅の管理とは無関係に売買価格を統制することだけを目的としている。,3,法の目的は、入居者の居住の安定や賃貸事業の公正・円滑な実施、良好な居住環境の確保にあります。
103,single,賃貸住宅管理業法,法目的;制度趣旨,賃貸住宅管理業法の目的に関する次の記述のうち、最も不適切なものはどれか。,"","","","","",特定賃貸借契約の適正化のための措置は、法の目的を実現する手段の一つである。,賃貸住宅管理業法は、管理業者の広告収入を最大化することのみを目的としている。,賃貸住宅管理業法は、良好な居住環境を備えた賃貸住宅の安定的な確保を図ることを目的としている。,賃貸住宅の入居者の居住の安定の確保は、法の目的に関係する。,2,法の目的は、入居者の居住の安定や賃貸事業の公正・円滑な実施、良好な居住環境の確保にあります。
104,single,賃貸住宅管理業法,サブリース;入居者,サブリース住宅の入居者との関係に関する次の記述のうち、正しいものはどれか。,"","","","","",サブリースでは、オーナーとサブリース業者の契約関係だけでなく、転借人である入居者への影響も考慮される。,サブリース方式では、入居者は必ずオーナーと直接賃貸借契約を締結する。,サブリース契約の終了は、入居者の居住関係に一切影響し得ない。,サブリース方式では、サブリース業者は入居者との関係で常に無関係である。,1,サブリース方式では、オーナー、サブリース業者、入居者という三者関係を押さえる必要があります。
105,single,賃貸住宅管理業法,サブリース;入居者,サブリース住宅の入居者との関係に関する次の記述のうち、最も不適切なものはどれか。,"","","","","",サブリース業者が賃貸人となる場合、入居者との賃貸借契約の相手方となる。,サブリース契約の終了は、入居者の居住関係に影響し得るため注意が必要である。,サブリース契約の終了は、入居者の居住関係に一切影響し得ない。,サブリース方式では、オーナー、サブリース業者、入居者の三者関係を理解することが重要である。,3,サブリース方式では、オーナー、サブリース業者、入居者という三者関係を押さえる必要があります。
106,single,賃貸住宅管理業法,サブリース;入居者,サブリース住宅の入居者との関係に関する次の記述のうち、正しいものはどれか。,"","","","","",サブリース方式では、サブリース業者は入居者との関係で常に無関係である。,サブリース方式では、オーナーとサブリース業者の関係だけを見れば足り、転貸関係を考える必要はない。,サブリース契約の終了は、入居者の居住関係に影響し得るため注意が必要である。,サブリース方式では、入居者は必ずオーナーと直接賃貸借契約を締結する。,3,サブリース方式では、オーナー、サブリース業者、入居者という三者関係を押さえる必要があります。
107,single,賃貸住宅管理業法,サブリース;入居者,サブリース住宅の入居者との関係に関する次の記述のうち、最も不適切なものはどれか。,"","","","","",サブリース方式では、オーナー、サブリース業者、入居者の三者関係を理解することが重要である。,サブリース方式では、オーナーとサブリース業者の関係だけを見れば足り、転貸関係を考える必要はない。,サブリースでは、オーナーとサブリース業者の契約関係だけでなく、転借人である入居者への影響も考慮される。,サブリース業者が賃貸人となる場合、入居者との賃貸借契約の相手方となる。,2,サブリース方式では、オーナー、サブリース業者、入居者という三者関係を押さえる必要があります。
108,single,賃貸住宅管理業法,管理受託契約;報酬費用,管理受託契約における報酬と費用に関する次の記述のうち、正しいものはどれか。,"","","","","",管理業者の報酬の額は、管理受託契約の重要事項として説明されるべき事項である。,報酬額は、契約締結後に管理業者が一方的に決めれば常に足りる。,報酬の支払時期は、重要事項説明では一切扱ってはならない。,報酬に含まれない費用の有無は、委託者の判断に影響しないため説明不要である。,1,報酬額、支払時期・方法、報酬に含まれない費用は、管理受託契約の判断に重要な事項です。
109,single,賃貸住宅管理業法,管理受託契約;報酬費用,管理受託契約における報酬と費用に関する次の記述のうち、最も不適切なものはどれか。,"","","","","",報酬の支払時期及び方法は、管理受託契約で明確にしておくべき事項である。,報酬に含まれていない通常必要な管理業務費用がある場合、その内容は説明上重要となる。,報酬の支払時期は、重要事項説明では一切扱ってはならない。,報酬や費用の範囲を明確にすることは、委託者との紛争予防に役立つ。,3,報酬額、支払時期・方法、報酬に含まれない費用は、管理受託契約の判断に重要な事項です。
110,single,賃貸住宅管理業法,管理受託契約;報酬費用,管理受託契約における報酬と費用に関する次の記述のうち、正しいものはどれか。,"","","","","",報酬に含まれない費用の有無は、委託者の判断に影響しないため説明不要である。,報酬や費用の範囲を曖昧にすることが、賃貸住宅管理業法の趣旨に合致する。,報酬に含まれていない通常必要な管理業務費用がある場合、その内容は説明上重要となる。,報酬額は、契約締結後に管理業者が一方的に決めれば常に足りる。,3,報酬額、支払時期・方法、報酬に含まれない費用は、管理受託契約の判断に重要な事項です。
111,single,賃貸住宅管理業法,管理受託契約;報酬費用,管理受託契約における報酬と費用に関する次の記述のうち、最も不適切なものはどれか。,"","","","","",報酬や費用の範囲を明確にすることは、委託者との紛争予防に役立つ。,報酬や費用の範囲を曖昧にすることが、賃貸住宅管理業法の趣旨に合致する。,管理業者の報酬の額は、管理受託契約の重要事項として説明されるべき事項である。,報酬の支払時期及び方法は、管理受託契約で明確にしておくべき事項である。,2,報酬額、支払時期・方法、報酬に含まれない費用は、管理受託契約の判断に重要な事項です。
112,single,管理受託契約,管理受託契約;契約目的,管理受託契約の基本に関する次の記述のうち、正しいものはどれか。,"","","","","",管理受託契約は、賃貸住宅の所有者等が賃貸住宅管理業者に管理業務を委託する契約である。,管理受託契約は、入居者が管理業者に住宅を売却する契約である。,管理受託契約では、管理業務の内容を一切定める必要がない。,管理受託契約は、賃貸借契約の賃料額だけを定める契約である。,1,管理受託契約は、賃貸住宅の管理業務を委託するための契約であり、業務内容や権利義務を明確にすることが重要です。
113,single,管理受託契約,管理受託契約;契約目的,管理受託契約の基本に関する次の記述のうち、最も不適切なものはどれか。,"","","","","",管理受託契約では、委託する管理業務の内容を明確にすることが重要である。,管理受託契約は、委託者と管理業者の権利義務を定める役割を有する。,管理受託契約では、管理業務の内容を一切定める必要がない。,管理受託契約の内容は、個々の物件や委託内容に応じて具体化されるべきである。,3,管理受託契約は、賃貸住宅の管理業務を委託するための契約であり、業務内容や権利義務を明確にすることが重要です。
114,single,管理受託契約,管理受託契約;契約目的,管理受託契約の基本に関する次の記述のうち、正しいものはどれか。,"","","","","",管理受託契約は、賃貸借契約の賃料額だけを定める契約である。,管理受託契約の内容は、物件の状況にかかわらず常に同一でなければならない。,管理受託契約は、委託者と管理業者の権利義務を定める役割を有する。,管理受託契約は、入居者が管理業者に住宅を売却する契約である。,3,管理受託契約は、賃貸住宅の管理業務を委託するための契約であり、業務内容や権利義務を明確にすることが重要です。
115,single,管理受託契約,管理受託契約;契約目的,管理受託契約の基本に関する次の記述のうち、最も不適切なものはどれか。,"","","","","",管理受託契約の内容は、個々の物件や委託内容に応じて具体化されるべきである。,管理受託契約の内容は、物件の状況にかかわらず常に同一でなければならない。,管理受託契約は、賃貸住宅の所有者等が賃貸住宅管理業者に管理業務を委託する契約である。,管理受託契約では、委託する管理業務の内容を明確にすることが重要である。,2,管理受託契約は、賃貸住宅の管理業務を委託するための契約であり、業務内容や権利義務を明確にすることが重要です。
116,single,管理受託契約,管理受託契約;対象物件,管理受託契約の対象物件に関する次の記述のうち、正しいものはどれか。,"","","","","",管理受託契約では、管理の対象となる賃貸住宅を特定する必要がある。,管理受託契約では、対象物件を一切特定しなくても常に有効に管理できる。,対象物件は、契約締結後に管理業者が自由に決めれば足りる。,複数棟を対象とする場合でも、どの建物を管理するかは明らかにしない方がよい。,1,管理受託契約では、対象物件や管理範囲を特定して、委託者と管理業者の認識を一致させることが重要です。
117,single,管理受託契約,管理受託契約;対象物件,管理受託契約の対象物件に関する次の記述のうち、最も不適切なものはどれか。,"","","","","",対象物件の所在地や名称を明確にすることは、管理範囲の特定に役立つ。,複数棟を管理対象とする場合、どの建物が対象かを契約上明らかにすることが望ましい。,対象物件は、契約締結後に管理業者が自由に決めれば足りる。,管理対象の共用部分や設備の範囲を確認しておくことは、管理実務上重要である。,3,管理受託契約では、対象物件や管理範囲を特定して、委託者と管理業者の認識を一致させることが重要です。
118,single,管理受託契約,管理受託契約;対象物件,管理受託契約の対象物件に関する次の記述のうち、正しいものはどれか。,"","","","","",複数棟を対象とする場合でも、どの建物を管理するかは明らかにしない方がよい。,管理対象の設備範囲は、契約上確認する必要が全くない。,複数棟を管理対象とする場合、どの建物が対象かを契約上明らかにすることが望ましい。,管理受託契約では、対象物件を一切特定しなくても常に有効に管理できる。,3,管理受託契約では、対象物件や管理範囲を特定して、委託者と管理業者の認識を一致させることが重要です。
119,single,管理受託契約,管理受託契約;対象物件,管理受託契約の対象物件に関する次の記述のうち、最も不適切なものはどれか。,"","","","","",管理対象の共用部分や設備の範囲を確認しておくことは、管理実務上重要である。,管理対象の設備範囲は、契約上確認する必要が全くない。,管理受託契約では、管理の対象となる賃貸住宅を特定する必要がある。,対象物件の所在地や名称を明確にすることは、管理範囲の特定に役立つ。,2,管理受託契約では、対象物件や管理範囲を特定して、委託者と管理業者の認識を一致させることが重要です。
120,single,管理受託契約,管理受託契約;委託業務,委託業務の範囲に関する次の記述のうち、正しいものはどれか。,"","","","","",委託業務の範囲は、管理受託契約で具体的に定めるべき事項である。,委託業務の範囲は、契約書に記載せず口頭の印象だけで決めれば常に足りる。,建物・設備に関する業務は、委託内容にかかわらず常に管理業者の責任となる。,家賃収納を委託しない場合でも、管理業者は常に収納責任を負う。,1,委託業務の範囲を明確にすることで、誰が何を行うかを把握でき、紛争予防につながります。
121,single,管理受託契約,管理受託契約;委託業務,委託業務の範囲に関する次の記述のうち、最も不適切なものはどれか。,"","","","","",建物・設備の点検や修繕手配を委託するかどうかは、契約内容として明確にする必要がある。,家賃等の収納業務を委託する場合、その範囲や方法を定めることが重要である。,建物・設備に関する業務は、委託内容にかかわらず常に管理業者の責任となる。,入居者対応を委託する場合、受付方法や対応範囲を明確にすることが望ましい。,3,委託業務の範囲を明確にすることで、誰が何を行うかを把握でき、紛争予防につながります。
122,single,管理受託契約,管理受託契約;委託業務,委託業務の範囲に関する次の記述のうち、正しいものはどれか。,"","","","","",家賃収納を委託しない場合でも、管理業者は常に収納責任を負う。,入居者対応の範囲は、契約で定めることが法律上禁止されている。,家賃等の収納業務を委託する場合、その範囲や方法を定めることが重要である。,委託業務の範囲は、契約書に記載せず口頭の印象だけで決めれば常に足りる。,3,委託業務の範囲を明確にすることで、誰が何を行うかを把握でき、紛争予防につながります。
123,single,管理受託契約,管理受託契約;委託業務,委託業務の範囲に関する次の記述のうち、最も不適切なものはどれか。,"","","","","",入居者対応を委託する場合、受付方法や対応範囲を明確にすることが望ましい。,入居者対応の範囲は、契約で定めることが法律上禁止されている。,委託業務の範囲は、管理受託契約で具体的に定めるべき事項である。,建物・設備の点検や修繕手配を委託するかどうかは、契約内容として明確にする必要がある。,2,委託業務の範囲を明確にすることで、誰が何を行うかを把握でき、紛争予防につながります。
124,single,管理受託契約,管理受託契約;重要事項説明,管理受託契約締結前の説明に関する次の記述のうち、正しいものはどれか。,"","","","","",管理受託契約を締結しようとするときは、契約締結前に重要事項を説明する必要がある。,重要事項説明は、契約締結後であればいつ行ってもよい。,管理業務の内容は、重要事項説明の対象から常に除外される。,報酬額は契約判断に関係しないため、説明する必要がない。,1,管理受託契約では、締結前に管理業務の内容・報酬など重要事項を説明する必要があります。
125,single,管理受託契約,管理受託契約;重要事項説明,管理受託契約締結前の説明に関する次の記述のうち、最も不適切なものはどれか。,"","","","","",重要事項説明では、管理業務の内容及び実施方法が重要な事項となる。,報酬の額や支払時期は、契約判断に影響する重要な事項である。,管理業務の内容は、重要事項説明の対象から常に除外される。,説明は、委託者が契約内容を理解して判断できるように行う必要がある。,3,管理受託契約では、締結前に管理業務の内容・報酬など重要事項を説明する必要があります。
126,single,管理受託契約,管理受託契約;重要事項説明,管理受託契約締結前の説明に関する次の記述のうち、正しいものはどれか。,"","","","","",報酬額は契約判断に関係しないため、説明する必要がない。,委託者が理解したかどうかは、重要事項説明では一切考慮しなくてよい。,報酬の額や支払時期は、契約判断に影響する重要な事項である。,重要事項説明は、契約締結後であればいつ行ってもよい。,3,管理受託契約では、締結前に管理業務の内容・報酬など重要事項を説明する必要があります。
127,single,管理受託契約,管理受託契約;重要事項説明,管理受託契約締結前の説明に関する次の記述のうち、最も不適切なものはどれか。,"","","","","",説明は、委託者が契約内容を理解して判断できるように行う必要がある。,委託者が理解したかどうかは、重要事項説明では一切考慮しなくてよい。,管理受託契約を締結しようとするときは、契約締結前に重要事項を説明する必要がある。,重要事項説明では、管理業務の内容及び実施方法が重要な事項となる。,2,管理受託契約では、締結前に管理業務の内容・報酬など重要事項を説明する必要があります。
128,single,管理受託契約,管理受託契約;契約締結時書面,契約締結時書面に関する次の記述のうち、正しいものはどれか。,"","","","","",管理受託契約を締結したときは、契約内容を記載した書面の交付が問題となる。,契約締結時書面は、契約締結前の広告チラシだけを意味する。,契約締結時書面は、契約内容を明確にする役割を一切持たない。,契約締結時書面には、管理業務の内容を記載してはならない。,1,契約締結時書面は、成立した管理受託契約の内容を明確にするための重要な書面です。
129,single,管理受託契約,管理受託契約;契約締結時書面,契約締結時書面に関する次の記述のうち、最も不適切なものはどれか。,"","","","","",契約締結時書面は、契約成立後に契約内容を明確にする役割を有する。,契約締結時書面には、管理業務の内容や実施方法など重要な事項が記載される。,契約締結時書面は、契約内容を明確にする役割を一切持たない。,電磁的方法による提供が認められる場合でも、内容を確認できる形で提供することが重要である。,3,契約締結時書面は、成立した管理受託契約の内容を明確にするための重要な書面です。
130,single,管理受託契約,管理受託契約;契約締結時書面,契約締結時書面に関する次の記述のうち、正しいものはどれか。,"","","","","",契約締結時書面には、管理業務の内容を記載してはならない。,電磁的方法で提供する場合、相手方が内容を確認できなくても常に足りる。,契約締結時書面には、管理業務の内容や実施方法など重要な事項が記載される。,契約締結時書面は、契約締結前の広告チラシだけを意味する。,3,契約締結時書面は、成立した管理受託契約の内容を明確にするための重要な書面です。
131,single,管理受託契約,管理受託契約;契約締結時書面,契約締結時書面に関する次の記述のうち、最も不適切なものはどれか。,"","","","","",電磁的方法による提供が認められる場合でも、内容を確認できる形で提供することが重要である。,電磁的方法で提供する場合、相手方が内容を確認できなくても常に足りる。,管理受託契約を締結したときは、契約内容を記載した書面の交付が問題となる。,契約締結時書面は、契約成立後に契約内容を明確にする役割を有する。,2,契約締結時書面は、成立した管理受託契約の内容を明確にするための重要な書面です。
132,single,管理受託契約,管理受託契約;標準契約書,賃貸住宅標準管理受託契約書に関する次の記述のうち、正しいものはどれか。,"","","","","",賃貸住宅標準管理受託契約書は、標準的な契約内容を示すひな形として利用される。,標準契約書は、どの物件でも一字一句変更せず使用することが法律上強制されている。,標準契約書を利用すれば、個々の物件の状況を確認する必要は一切ない。,標準契約書は、売買契約だけを対象とする書式である。,1,標準契約書は有用なひな形ですが、実際の契約では個々の物件や委託内容に応じた確認が必要です。
133,single,管理受託契約,管理受託契約;標準契約書,賃貸住宅標準管理受託契約書に関する次の記述のうち、最も不適切なものはどれか。,"","","","","",標準契約書を利用する場合でも、個々の状況に応じた加除修正を検討する必要がある。,標準契約書は、管理受託契約の内容を整理する参考資料となる。,標準契約書を利用すれば、個々の物件の状況を確認する必要は一切ない。,標準契約書は、賃貸住宅に共通する管理事務に関する標準的な契約内容を示すものである。,3,標準契約書は有用なひな形ですが、実際の契約では個々の物件や委託内容に応じた確認が必要です。
134,single,管理受託契約,管理受託契約;標準契約書,賃貸住宅標準管理受託契約書に関する次の記述のうち、正しいものはどれか。,"","","","","",標準契約書は、売買契約だけを対象とする書式である。,標準契約書には、管理受託契約に関する事項は一切含まれていない。,標準契約書は、管理受託契約の内容を整理する参考資料となる。,標準契約書は、どの物件でも一字一句変更せず使用することが法律上強制されている。,3,標準契約書は有用なひな形ですが、実際の契約では個々の物件や委託内容に応じた確認が必要です。
135,single,管理受託契約,管理受託契約;標準契約書,賃貸住宅標準管理受託契約書に関する次の記述のうち、最も不適切なものはどれか。,"","","","","",標準契約書は、賃貸住宅に共通する管理事務に関する標準的な契約内容を示すものである。,標準契約書には、管理受託契約に関する事項は一切含まれていない。,賃貸住宅標準管理受託契約書は、標準的な契約内容を示すひな形として利用される。,標準契約書を利用する場合でも、個々の状況に応じた加除修正を検討する必要がある。,2,標準契約書は有用なひな形ですが、実際の契約では個々の物件や委託内容に応じた確認が必要です。
136,single,管理受託契約,管理受託契約;報酬,管理報酬に関する次の記述のうち、正しいものはどれか。,"","","","","",管理報酬の額は、管理受託契約で明確にすべき事項である。,管理報酬は、契約締結後に管理業者が一方的に決めれば常に足りる。,報酬の支払時期は、委託者の判断に関係しないため定める必要がない。,報酬に含まれる業務範囲は、曖昧にすることが常に望ましい。,1,管理報酬の額、支払時期、算定方法、報酬に含まれる業務範囲は明確にする必要があります。
137,single,管理受託契約,管理受託契約;報酬,管理報酬に関する次の記述のうち、最も不適切なものはどれか。,"","","","","",報酬の支払時期や支払方法は、委託者にとって重要な契約条件である。,報酬に含まれる業務範囲を明確にすることは、追加費用をめぐる紛争防止に役立つ。,報酬の支払時期は、委託者の判断に関係しないため定める必要がない。,報酬の算定方法が割合方式か定額方式かを明らかにしておくことは実務上重要である。,3,管理報酬の額、支払時期、算定方法、報酬に含まれる業務範囲は明確にする必要があります。
138,single,管理受託契約,管理受託契約;報酬,管理報酬に関する次の記述のうち、正しいものはどれか。,"","","","","",報酬に含まれる業務範囲は、曖昧にすることが常に望ましい。,報酬の算定方法は、契約書に記載することが禁止されている。,報酬に含まれる業務範囲を明確にすることは、追加費用をめぐる紛争防止に役立つ。,管理報酬は、契約締結後に管理業者が一方的に決めれば常に足りる。,3,管理報酬の額、支払時期、算定方法、報酬に含まれる業務範囲は明確にする必要があります。
139,single,管理受託契約,管理受託契約;報酬,管理報酬に関する次の記述のうち、最も不適切なものはどれか。,"","","","","",報酬の算定方法が割合方式か定額方式かを明らかにしておくことは実務上重要である。,報酬の算定方法は、契約書に記載することが禁止されている。,管理報酬の額は、管理受託契約で明確にすべき事項である。,報酬の支払時期や支払方法は、委託者にとって重要な契約条件である。,2,管理報酬の額、支払時期、算定方法、報酬に含まれる業務範囲は明確にする必要があります。
140,single,管理受託契約,管理受託契約;費用負担,費用負担に関する次の記述のうち、正しいものはどれか。,"","","","","",管理報酬に含まれない費用がある場合、その内容を契約上明確にすることが重要である。,管理報酬に含まれない費用は、委託者に説明せず自由に請求してよい。,修繕費の負担者は、契約上確認する必要が全くない。,緊急対応費用は、どのような場合でも管理業者が無償で負担しなければならない。,1,報酬に含まれない費用や修繕費などの負担者を明確にすることが大切です。
141,single,管理受託契約,管理受託契約;費用負担,費用負担に関する次の記述のうち、最も不適切なものはどれか。,"","","","","",修繕費や点検費などの負担者を確認しておくことは、管理実務上重要である。,緊急対応に要した費用の扱いは、契約で定めておくことが望ましい。,修繕費の負担者は、契約上確認する必要が全くない。,費用負担の範囲を明確にすることは、委託者との認識違いを防ぐ。,3,報酬に含まれない費用や修繕費などの負担者を明確にすることが大切です。
142,single,管理受託契約,管理受託契約;費用負担,費用負担に関する次の記述のうち、正しいものはどれか。,"","","","","",緊急対応費用は、どのような場合でも管理業者が無償で負担しなければならない。,費用負担を曖昧にすることが、常に紛争予防になる。,緊急対応に要した費用の扱いは、契約で定めておくことが望ましい。,管理報酬に含まれない費用は、委託者に説明せず自由に請求してよい。,3,報酬に含まれない費用や修繕費などの負担者を明確にすることが大切です。
143,single,管理受託契約,管理受託契約;費用負担,費用負担に関する次の記述のうち、最も不適切なものはどれか。,"","","","","",費用負担の範囲を明確にすることは、委託者との認識違いを防ぐ。,費用負担を曖昧にすることが、常に紛争予防になる。,管理報酬に含まれない費用がある場合、その内容を契約上明確にすることが重要である。,修繕費や点検費などの負担者を確認しておくことは、管理実務上重要である。,2,報酬に含まれない費用や修繕費などの負担者を明確にすることが大切です。
144,single,管理受託契約,管理受託契約;契約期間,契約期間に関する次の記述のうち、正しいものはどれか。,"","","","","",管理受託契約では、契約期間を明確に定めることが重要である。,契約期間は、管理受託契約では一切定めてはならない。,契約期間の満了時の扱いは、常に管理業者が一方的に決める。,契約期間は、管理業務の継続性に全く影響しない。,1,契約期間や更新の扱いを定めることで、管理業務の継続や終了に関する見通しが立ちます。
145,single,管理受託契約,管理受託契約;契約期間,契約期間に関する次の記述のうち、最も不適切なものはどれか。,"","","","","",契約期間の満了時に更新するかどうかのルールを定めておくことは実務上有用である。,契約期間は、管理業務の継続性や終了手続に影響する。,契約期間の満了時の扱いは、常に管理業者が一方的に決める。,契約期間を延長する場合、形式的変更か実質的変更かを確認することが重要である。,3,契約期間や更新の扱いを定めることで、管理業務の継続や終了に関する見通しが立ちます。
146,single,管理受託契約,管理受託契約;契約期間,契約期間に関する次の記述のうち、正しいものはどれか。,"","","","","",契約期間は、管理業務の継続性に全く影響しない。,契約期間を延長する場合、どのような内容でも契約内容の確認は不要である。,契約期間は、管理業務の継続性や終了手続に影響する。,契約期間は、管理受託契約では一切定めてはならない。,3,契約期間や更新の扱いを定めることで、管理業務の継続や終了に関する見通しが立ちます。
147,single,管理受託契約,管理受託契約;契約期間,契約期間に関する次の記述のうち、最も不適切なものはどれか。,"","","","","",契約期間を延長する場合、形式的変更か実質的変更かを確認することが重要である。,契約期間を延長する場合、どのような内容でも契約内容の確認は不要である。,管理受託契約では、契約期間を明確に定めることが重要である。,契約期間の満了時に更新するかどうかのルールを定めておくことは実務上有用である。,2,契約期間や更新の扱いを定めることで、管理業務の継続や終了に関する見通しが立ちます。
148,single,管理受託契約,管理受託契約;更新,契約の更新に関する次の記述のうち、正しいものはどれか。,"","","","","",更新の方法や更新拒絶の手続を定めておくことは、契約管理上重要である。,更新方法は、契約書に定めることが法律上禁止されている。,自動更新条項は、委託者に説明しなくても常に有効に機能する。,更新時に報酬や業務内容を変更しても、変更内容の確認は一切不要である。,1,更新方法、更新後の契約期間、報酬や業務内容の変更有無を明確にしておくことが重要です。
149,single,管理受託契約,管理受託契約;更新,契約の更新に関する次の記述のうち、最も不適切なものはどれか。,"","","","","",自動更新条項を置く場合、その内容を委託者が理解していることが重要である。,更新時に重要事項が変更される場合、変更内容について説明が問題となる。,自動更新条項は、委託者に説明しなくても常に有効に機能する。,更新後の契約期間や報酬条件を確認しておくことは実務上重要である。,3,更新方法、更新後の契約期間、報酬や業務内容の変更有無を明確にしておくことが重要です。
150,single,管理受託契約,管理受託契約;更新,契約の更新に関する次の記述のうち、正しいものはどれか。,"","","","","",更新時に報酬や業務内容を変更しても、変更内容の確認は一切不要である。,更新後の契約期間は、管理業者が秘密にしてよい事項である。,更新時に重要事項が変更される場合、変更内容について説明が問題となる。,更新方法は、契約書に定めることが法律上禁止されている。,3,更新方法、更新後の契約期間、報酬や業務内容の変更有無を明確にしておくことが重要です。
151,single,管理受託契約,管理受託契約;更新,契約の更新に関する次の記述のうち、最も不適切なものはどれか。,"","","","","",更新後の契約期間や報酬条件を確認しておくことは実務上重要である。,更新後の契約期間は、管理業者が秘密にしてよい事項である。,更新の方法や更新拒絶の手続を定めておくことは、契約管理上重要である。,自動更新条項を置く場合、その内容を委託者が理解していることが重要である。,2,更新方法、更新後の契約期間、報酬や業務内容の変更有無を明確にしておくことが重要です。
152,single,管理受託契約,管理受託契約;解除,契約の解除に関する次の記述のうち、正しいものはどれか。,"","","","","",管理受託契約では、解除の条件や手続を明確にしておくことが重要である。,解除条件は、契約締結後に管理業者だけが自由に決めればよい。,解除通知の期限や方法を定めることは、契約上禁止されている。,管理業者が業務を全く行わなくても、解除原因となる余地はない。,1,解除条件や手続、解除時の引継ぎ・精算を定めることで、契約終了時の混乱を防ぎやすくなります。
153,single,管理受託契約,管理受託契約;解除,契約の解除に関する次の記述のうち、最も不適切なものはどれか。,"","","","","",解除通知の期限や方法を定めることは、急な管理空白を防ぐ上で有用である。,管理業者の債務不履行がある場合、解除原因となり得る。,解除通知の期限や方法を定めることは、契約上禁止されている。,解除時には、引継ぎや預り金の精算など実務上の対応が必要となる。,3,解除条件や手続、解除時の引継ぎ・精算を定めることで、契約終了時の混乱を防ぎやすくなります。
154,single,管理受託契約,管理受託契約;解除,契約の解除に関する次の記述のうち、正しいものはどれか。,"","","","","",管理業者が業務を全く行わなくても、解除原因となる余地はない。,解除時には、引継ぎや精算を一切行ってはならない。,管理業者の債務不履行がある場合、解除原因となり得る。,解除条件は、契約締結後に管理業者だけが自由に決めればよい。,3,解除条件や手続、解除時の引継ぎ・精算を定めることで、契約終了時の混乱を防ぎやすくなります。
155,single,管理受託契約,管理受託契約;解除,契約の解除に関する次の記述のうち、最も不適切なものはどれか。,"","","","","",解除時には、引継ぎや預り金の精算など実務上の対応が必要となる。,解除時には、引継ぎや精算を一切行ってはならない。,管理受託契約では、解除の条件や手続を明確にしておくことが重要である。,解除通知の期限や方法を定めることは、急な管理空白を防ぐ上で有用である。,2,解除条件や手続、解除時の引継ぎ・精算を定めることで、契約終了時の混乱を防ぎやすくなります。
156,single,管理受託契約,管理受託契約;再委託,再委託に関する次の記述のうち、正しいものはどれか。,"","","","","",管理業務の一部を再委託する場合、その範囲や再委託先の管理が重要となる。,管理業務の全部を再委託しても、管理業者は常に何の責任も負わない。,再委託の範囲は、委託者に一切知らせず無制限に広げてよい。,一部再委託を行う場合、再委託先の業務状況を確認する必要は全くない。,1,再委託では、全部再委託の禁止、一部再委託の範囲、再委託先の管理が重要です。
157,single,管理受託契約,管理受託契約;再委託,再委託に関する次の記述のうち、最も不適切なものはどれか。,"","","","","",管理業務の全部を再委託することは、賃貸住宅管理業法上問題となる。,再委託を予定する業務がある場合、委託者に分かるよう契約内容を整理することが重要である。,再委託の範囲は、委託者に一切知らせず無制限に広げてよい。,再委託先に任せる場合でも、管理業者は委託者との関係で責任を意識する必要がある。,3,再委託では、全部再委託の禁止、一部再委託の範囲、再委託先の管理が重要です。
158,single,管理受託契約,管理受託契約;再委託,再委託に関する次の記述のうち、正しいものはどれか。,"","","","","",一部再委託を行う場合、再委託先の業務状況を確認する必要は全くない。,再委託を予定する業務は、契約内容として整理してはならない。,再委託を予定する業務がある場合、委託者に分かるよう契約内容を整理することが重要である。,管理業務の全部を再委託しても、管理業者は常に何の責任も負わない。,3,再委託では、全部再委託の禁止、一部再委託の範囲、再委託先の管理が重要です。
159,single,管理受託契約,管理受託契約;再委託,再委託に関する次の記述のうち、最も不適切なものはどれか。,"","","","","",再委託先に任せる場合でも、管理業者は委託者との関係で責任を意識する必要がある。,再委託を予定する業務は、契約内容として整理してはならない。,管理業務の一部を再委託する場合、その範囲や再委託先の管理が重要となる。,管理業務の全部を再委託することは、賃貸住宅管理業法上問題となる。,2,再委託では、全部再委託の禁止、一部再委託の範囲、再委託先の管理が重要です。
160,single,管理受託契約,管理受託契約;定期報告,定期報告に関する次の記述のうち、正しいものはどれか。,"","","","","",管理業者は、業務の実施状況等について委託者に定期的に報告することが求められる。,定期報告は、入居者にだけ行えば委託者に対しては常に不要である。,報告の時期や方法は、契約で定めてはならない。,委託者は管理業務の状況を把握する必要がないため、報告は常に無意味である。,1,定期報告は、委託者が管理業務の状況を把握するために重要であり、報告方法や内容を整理しておくべきです。
161,single,管理受託契約,管理受託契約;定期報告,定期報告に関する次の記述のうち、最も不適切なものはどれか。,"","","","","",報告の時期や方法を契約で定めておくことは実務上有用である。,定期報告は、委託者が管理業務の状況を把握するために重要である。,報告の時期や方法は、契約で定めてはならない。,点検結果や修繕状況など、委託業務に応じた報告内容を整理することが望ましい。,3,定期報告は、委託者が管理業務の状況を把握するために重要であり、報告方法や内容を整理しておくべきです。
162,single,管理受託契約,管理受託契約;定期報告,定期報告に関する次の記述のうち、正しいものはどれか。,"","","","","",委託者は管理業務の状況を把握する必要がないため、報告は常に無意味である。,点検結果や修繕状況は、委託者に知らせることが法律上禁止されている。,定期報告は、委託者が管理業務の状況を把握するために重要である。,定期報告は、入居者にだけ行えば委託者に対しては常に不要である。,3,定期報告は、委託者が管理業務の状況を把握するために重要であり、報告方法や内容を整理しておくべきです。
163,single,管理受託契約,管理受託契約;定期報告,定期報告に関する次の記述のうち、最も不適切なものはどれか。,"","","","","",点検結果や修繕状況など、委託業務に応じた報告内容を整理することが望ましい。,点検結果や修繕状況は、委託者に知らせることが法律上禁止されている。,管理業者は、業務の実施状況等について委託者に定期的に報告することが求められる。,報告の時期や方法を契約で定めておくことは実務上有用である。,2,定期報告は、委託者が管理業務の状況を把握するために重要であり、報告方法や内容を整理しておくべきです。
164,single,管理受託契約,管理受託契約;入居者対応,入居者対応業務に関する次の記述のうち、正しいものはどれか。,"","","","","",入居者からの苦情や問い合わせへの対応を委託する場合、その範囲を明確にすることが重要である。,入居者対応の範囲は、契約で定めることが禁止されている。,夜間・休日対応は、契約内容にかかわらず常に無償で行わなければならない。,入居者対応の記録は、どのような場合でも残してはならない。,1,入居者対応を委託する場合は、受付範囲、時間帯、記録、緊急対応の方法を明確にすることが重要です。
165,single,管理受託契約,管理受託契約;入居者対応,入居者対応業務に関する次の記述のうち、最も不適切なものはどれか。,"","","","","",夜間・休日対応を行うかどうかは、契約で確認しておくべき事項である。,入居者対応の記録を残すことは、後日の確認や紛争予防に役立つ。,夜間・休日対応は、契約内容にかかわらず常に無償で行わなければならない。,緊急性の高い連絡への対応方法を定めておくことは、管理実務上重要である。,3,入居者対応を委託する場合は、受付範囲、時間帯、記録、緊急対応の方法を明確にすることが重要です。
166,single,管理受託契約,管理受託契約;入居者対応,入居者対応業務に関する次の記述のうち、正しいものはどれか。,"","","","","",入居者対応の記録は、どのような場合でも残してはならない。,緊急連絡への対応方法は、事前に決める必要が全くない。,入居者対応の記録を残すことは、後日の確認や紛争予防に役立つ。,入居者対応の範囲は、契約で定めることが禁止されている。,3,入居者対応を委託する場合は、受付範囲、時間帯、記録、緊急対応の方法を明確にすることが重要です。
167,single,管理受託契約,管理受託契約;入居者対応,入居者対応業務に関する次の記述のうち、最も不適切なものはどれか。,"","","","","",緊急性の高い連絡への対応方法を定めておくことは、管理実務上重要である。,緊急連絡への対応方法は、事前に決める必要が全くない。,入居者からの苦情や問い合わせへの対応を委託する場合、その範囲を明確にすることが重要である。,夜間・休日対応を行うかどうかは、契約で確認しておくべき事項である。,2,入居者対応を委託する場合は、受付範囲、時間帯、記録、緊急対応の方法を明確にすることが重要です。
168,single,管理受託契約,管理受託契約;修繕手配,修繕手配に関する次の記述のうち、正しいものはどれか。,"","","","","",修繕手配を管理業務に含める場合、管理業者の権限範囲を明確にする必要がある。,修繕手配を委託していなくても、管理業者は常にすべての修繕を無償で行う。,修繕金額にかかわらず、委託者の承諾を要する旨を定めることはできない。,緊急修繕の対応方法は、事前に定めることが法律上禁止されている。,1,修繕手配では、管理業者の権限、承諾の要否、緊急時対応、費用負担を明確にしておく必要があります。
169,single,管理受託契約,管理受託契約;修繕手配,修繕手配に関する次の記述のうち、最も不適切なものはどれか。,"","","","","",一定金額を超える修繕について、委託者の承諾を要する旨を定めることがある。,緊急修繕では、事前承諾が困難な場合の対応方法を定めておくことが有用である。,修繕金額にかかわらず、委託者の承諾を要する旨を定めることはできない。,修繕費用の負担者や精算方法は、契約上確認すべき事項である。,3,修繕手配では、管理業者の権限、承諾の要否、緊急時対応、費用負担を明確にしておく必要があります。
170,single,管理受託契約,管理受託契約;修繕手配,修繕手配に関する次の記述のうち、正しいものはどれか。,"","","","","",緊急修繕の対応方法は、事前に定めることが法律上禁止されている。,修繕費用の負担者は、契約上確認する必要が全くない。,緊急修繕では、事前承諾が困難な場合の対応方法を定めておくことが有用である。,修繕手配を委託していなくても、管理業者は常にすべての修繕を無償で行う。,3,修繕手配では、管理業者の権限、承諾の要否、緊急時対応、費用負担を明確にしておく必要があります。
171,single,管理受託契約,管理受託契約;修繕手配,修繕手配に関する次の記述のうち、最も不適切なものはどれか。,"","","","","",修繕費用の負担者や精算方法は、契約上確認すべき事項である。,修繕費用の負担者は、契約上確認する必要が全くない。,修繕手配を管理業務に含める場合、管理業者の権限範囲を明確にする必要がある。,一定金額を超える修繕について、委託者の承諾を要する旨を定めることがある。,2,修繕手配では、管理業者の権限、承諾の要否、緊急時対応、費用負担を明確にしておく必要があります。
172,single,管理受託契約,管理受託契約;点検,点検業務に関する次の記述のうち、正しいものはどれか。,"","","","","",建物や設備の点検を委託する場合、点検の対象や頻度を定めることが重要である。,点検対象や頻度は、契約では一切定めてはならない。,点検結果は、委託者に報告することが常に禁止されている。,法令上必要な点検があっても、管理受託契約では全く考慮する必要がない。,1,点検業務では、対象、頻度、報告方法、法定点検への対応を明確にすることが重要です。
173,single,管理受託契約,管理受託契約;点検,点検業務に関する次の記述のうち、最も不適切なものはどれか。,"","","","","",点検結果を委託者に報告する方法を定めておくことは実務上有用である。,法令上必要な点検がある場合、その実施主体や手配方法を確認する必要がある。,点検結果は、委託者に報告することが常に禁止されている。,点検業務の範囲を明確にすることは、事故や故障時の責任範囲の確認に役立つ。,3,点検業務では、対象、頻度、報告方法、法定点検への対応を明確にすることが重要です。
174,single,管理受託契約,管理受託契約;点検,点検業務に関する次の記述のうち、正しいものはどれか。,"","","","","",法令上必要な点検があっても、管理受託契約では全く考慮する必要がない。,点検業務の範囲は、曖昧であるほど責任関係が明確になる。,法令上必要な点検がある場合、その実施主体や手配方法を確認する必要がある。,点検対象や頻度は、契約では一切定めてはならない。,3,点検業務では、対象、頻度、報告方法、法定点検への対応を明確にすることが重要です。
175,single,管理受託契約,管理受託契約;点検,点検業務に関する次の記述のうち、最も不適切なものはどれか。,"","","","","",点検業務の範囲を明確にすることは、事故や故障時の責任範囲の確認に役立つ。,点検業務の範囲は、曖昧であるほど責任関係が明確になる。,建物や設備の点検を委託する場合、点検の対象や頻度を定めることが重要である。,点検結果を委託者に報告する方法を定めておくことは実務上有用である。,2,点検業務では、対象、頻度、報告方法、法定点検への対応を明確にすることが重要です。
176,single,管理受託契約,管理受託契約;鍵管理,鍵の管理に関する次の記述のうち、正しいものはどれか。,"","","","","",鍵を管理業者が預かる場合、保管方法や使用目的を明確にすることが重要である。,鍵を預かる場合でも、保管方法を決める必要は一切ない。,鍵の使用記録は、残すことが法律上禁止されている。,入居中の住戸の鍵は、管理業者がいつでも自由に使用してよい。,1,鍵管理では、保管方法、使用記録、入居者への配慮、紛失時の対応を明確にする必要があります。
177,single,管理受託契約,管理受託契約;鍵管理,鍵の管理に関する次の記述のうち、最も不適切なものはどれか。,"","","","","",鍵の使用記録を残すことは、不正使用や紛失時の確認に役立つ。,入居中の住戸の鍵を使用する場合、入居者の権利利益に配慮する必要がある。,鍵の使用記録は、残すことが法律上禁止されている。,鍵の紛失時の報告や交換費用の扱いを定めておくことは実務上有用である。,3,鍵管理では、保管方法、使用記録、入居者への配慮、紛失時の対応を明確にする必要があります。
178,single,管理受託契約,管理受託契約;鍵管理,鍵の管理に関する次の記述のうち、正しいものはどれか。,"","","","","",入居中の住戸の鍵は、管理業者がいつでも自由に使用してよい。,鍵の紛失時には、委託者や入居者に知らせず放置することが望ましい。,入居中の住戸の鍵を使用する場合、入居者の権利利益に配慮する必要がある。,鍵を預かる場合でも、保管方法を決める必要は一切ない。,3,鍵管理では、保管方法、使用記録、入居者への配慮、紛失時の対応を明確にする必要があります。
179,single,管理受託契約,管理受託契約;鍵管理,鍵の管理に関する次の記述のうち、最も不適切なものはどれか。,"","","","","",鍵の紛失時の報告や交換費用の扱いを定めておくことは実務上有用である。,鍵の紛失時には、委託者や入居者に知らせず放置することが望ましい。,鍵を管理業者が預かる場合、保管方法や使用目的を明確にすることが重要である。,鍵の使用記録を残すことは、不正使用や紛失時の確認に役立つ。,2,鍵管理では、保管方法、使用記録、入居者への配慮、紛失時の対応を明確にする必要があります。
180,single,管理受託契約,管理受託契約;個人情報,個人情報の取扱いに関する次の記述のうち、正しいものはどれか。,"","","","","",入居者情報を取り扱う場合、個人情報の管理方法に注意する必要がある。,入居者情報は、管理業者が自由に第三者へ販売してよい。,管理業務に無関係な目的で個人情報を利用しても常に問題ない。,再委託先に個人情報を渡した後は、管理業者は管理状況を一切気にしなくてよい。,1,管理受託契約では、入居者情報など個人情報の利用範囲、保管、再委託先管理に注意が必要です。
181,single,管理受託契約,管理受託契約;個人情報,個人情報の取扱いに関する次の記述のうち、最も不適切なものはどれか。,"","","","","",管理業務に必要な範囲を超えて個人情報を利用しないよう配慮する必要がある。,再委託先に個人情報を取り扱わせる場合、適切な管理が必要となる。,管理業務に無関係な目的で個人情報を利用しても常に問題ない。,個人情報の漏えいを防ぐため、保管方法やアクセス権限を整理することが重要である。,3,管理受託契約では、入居者情報など個人情報の利用範囲、保管、再委託先管理に注意が必要です。
182,single,管理受託契約,管理受託契約;個人情報,個人情報の取扱いに関する次の記述のうち、正しいものはどれか。,"","","","","",再委託先に個人情報を渡した後は、管理業者は管理状況を一切気にしなくてよい。,個人情報の保管方法を定めることは、管理受託契約では禁止されている。,再委託先に個人情報を取り扱わせる場合、適切な管理が必要となる。,入居者情報は、管理業者が自由に第三者へ販売してよい。,3,管理受託契約では、入居者情報など個人情報の利用範囲、保管、再委託先管理に注意が必要です。
183,single,管理受託契約,管理受託契約;個人情報,個人情報の取扱いに関する次の記述のうち、最も不適切なものはどれか。,"","","","","",個人情報の漏えいを防ぐため、保管方法やアクセス権限を整理することが重要である。,個人情報の保管方法を定めることは、管理受託契約では禁止されている。,入居者情報を取り扱う場合、個人情報の管理方法に注意する必要がある。,管理業務に必要な範囲を超えて個人情報を利用しないよう配慮する必要がある。,2,管理受託契約では、入居者情報など個人情報の利用範囲、保管、再委託先管理に注意が必要です。
184,single,管理受託契約,管理受託契約;金銭管理,金銭管理業務に関する次の記述のうち、正しいものはどれか。,"","","","","",家賃等の収納を委託する場合、収納方法や送金時期を明確にすることが重要である。,家賃収納を委託する場合でも、送金時期を決める必要は一切ない。,敷金や共益費は、管理業者の売上として自由に使ってよい。,預り金の精算方法は、契約終了時にも確認してはならない。,1,金銭管理では、収納方法、送金時期、預り金の精算、分別管理を明確にすることが重要です。
185,single,管理受託契約,管理受託契約;金銭管理,金銭管理業務に関する次の記述のうち、最も不適切なものはどれか。,"","","","","",敷金や共益費を管理する場合、それぞれの金銭の性質に応じた管理が必要となる。,預り金の精算方法を定めておくことは、契約終了時の混乱防止に役立つ。,敷金や共益費は、管理業者の売上として自由に使ってよい。,管理業者の固有財産と委託者に帰属すべき金銭を分別することが重要である。,3,金銭管理では、収納方法、送金時期、預り金の精算、分別管理を明確にすることが重要です。
186,single,管理受託契約,管理受託契約;金銭管理,金銭管理業務に関する次の記述のうち、正しいものはどれか。,"","","","","",預り金の精算方法は、契約終了時にも確認してはならない。,委託者に帰属すべき金銭は、管理業者の固有財産と混同して管理することが常に望ましい。,預り金の精算方法を定めておくことは、契約終了時の混乱防止に役立つ。,家賃収納を委託する場合でも、送金時期を決める必要は一切ない。,3,金銭管理では、収納方法、送金時期、預り金の精算、分別管理を明確にすることが重要です。
187,single,管理受託契約,管理受託契約;金銭管理,金銭管理業務に関する次の記述のうち、最も不適切なものはどれか。,"","","","","",管理業者の固有財産と委託者に帰属すべき金銭を分別することが重要である。,委託者に帰属すべき金銭は、管理業者の固有財産と混同して管理することが常に望ましい。,家賃等の収納を委託する場合、収納方法や送金時期を明確にすることが重要である。,敷金や共益費を管理する場合、それぞれの金銭の性質に応じた管理が必要となる。,2,金銭管理では、収納方法、送金時期、預り金の精算、分別管理を明確にすることが重要です。
188,single,管理受託契約,管理受託契約;督促,賃料滞納時の督促に関する次の記述のうち、正しいものはどれか。,"","","","","",賃料滞納時の督促業務を委託する場合、督促方法や範囲を明確にする必要がある。,督促業務を委託した場合、管理業者はどのような方法でも自由に回収してよい。,法的手続への移行は、委託者に知らせず管理業者が常に単独で決める。,滞納状況は、委託者に報告してはならない。,1,滞納督促では、督促範囲、報告方法、法的手続への移行、相当な対応方法を明確にする必要があります。
189,single,管理受託契約,管理受託契約;督促,賃料滞納時の督促に関する次の記述のうち、最も不適切なものはどれか。,"","","","","",法的手続に移行するかどうかは、委託者の判断を要する事項として整理されることが多い。,滞納状況を委託者へ報告する方法を定めておくことは重要である。,法的手続への移行は、委託者に知らせず管理業者が常に単独で決める。,督促にあたっては、入居者の生活や法令上の制限にも配慮する必要がある。,3,滞納督促では、督促範囲、報告方法、法的手続への移行、相当な対応方法を明確にする必要があります。
190,single,管理受託契約,管理受託契約;督促,賃料滞納時の督促に関する次の記述のうち、正しいものはどれか。,"","","","","",滞納状況は、委託者に報告してはならない。,督促では、法令上の制限や社会的相当性を一切考慮しなくてよい。,滞納状況を委託者へ報告する方法を定めておくことは重要である。,督促業務を委託した場合、管理業者はどのような方法でも自由に回収してよい。,3,滞納督促では、督促範囲、報告方法、法的手続への移行、相当な対応方法を明確にする必要があります。
191,single,管理受託契約,管理受託契約;督促,賃料滞納時の督促に関する次の記述のうち、最も不適切なものはどれか。,"","","","","",督促にあたっては、入居者の生活や法令上の制限にも配慮する必要がある。,督促では、法令上の制限や社会的相当性を一切考慮しなくてよい。,賃料滞納時の督促業務を委託する場合、督促方法や範囲を明確にする必要がある。,法的手続に移行するかどうかは、委託者の判断を要する事項として整理されることが多い。,2,滞納督促では、督促範囲、報告方法、法的手続への移行、相当な対応方法を明確にする必要があります。
192,single,管理受託契約,管理受託契約;原状回復,原状回復関連業務に関する次の記述のうち、正しいものはどれか。,"","","","","",退去時の立会いや原状回復費用の精算補助を委託する場合、その業務範囲を明確にする必要がある。,退去立会いを委託していなくても、管理業者は常に無償で精算責任を負う。,原状回復費用は、入居者の負担とする内容を管理業者が自由に決めてよい。,原状回復ガイドラインの考え方は、賃貸管理実務では全く参考にならない。,1,原状回復関連業務では、退去立会い、費用精算、見積り、報告方法を明確にすることが重要です。
193,single,管理受託契約,管理受託契約;原状回復,原状回復関連業務に関する次の記述のうち、最も不適切なものはどれか。,"","","","","",原状回復費用をめぐる入居者との調整方法を定めておくことは実務上有用である。,国土交通省の原状回復ガイドラインの考え方を踏まえることは、紛争予防に役立つ。,原状回復費用は、入居者の負担とする内容を管理業者が自由に決めてよい。,修繕見積りの取得や委託者への報告方法を契約で整理することが望ましい。,3,原状回復関連業務では、退去立会い、費用精算、見積り、報告方法を明確にすることが重要です。
194,single,管理受託契約,管理受託契約;原状回復,原状回復関連業務に関する次の記述のうち、正しいものはどれか。,"","","","","",原状回復ガイドラインの考え方は、賃貸管理実務では全く参考にならない。,修繕見積りの取得や報告方法は、契約で定めることが禁止されている。,国土交通省の原状回復ガイドラインの考え方を踏まえることは、紛争予防に役立つ。,退去立会いを委託していなくても、管理業者は常に無償で精算責任を負う。,3,原状回復関連業務では、退去立会い、費用精算、見積り、報告方法を明確にすることが重要です。
195,single,管理受託契約,管理受託契約;原状回復,原状回復関連業務に関する次の記述のうち、最も不適切なものはどれか。,"","","","","",修繕見積りの取得や委託者への報告方法を契約で整理することが望ましい。,修繕見積りの取得や報告方法は、契約で定めることが禁止されている。,退去時の立会いや原状回復費用の精算補助を委託する場合、その業務範囲を明確にする必要がある。,原状回復費用をめぐる入居者との調整方法を定めておくことは実務上有用である。,2,原状回復関連業務では、退去立会い、費用精算、見積り、報告方法を明確にすることが重要です。
196,single,管理受託契約,管理受託契約;募集業務,入居者募集との関係に関する次の記述のうち、正しいものはどれか。,"","","","","",入居者募集業務を管理業務と併せて依頼する場合、その業務が管理受託契約に含まれるか確認する必要がある。,入居者募集業務は、管理受託契約に記載しなくても常に当然に含まれる。,媒介業務と管理業務は、どのような場合でも完全に同一の法的性質を持つ。,募集条件は、委託者に確認せず管理業者が秘密に決めればよい。,1,入居者募集を併せて依頼する場合、管理業務との区別、募集条件、広告費や報酬を整理する必要があります。
197,single,管理受託契約,管理受託契約;募集業務,入居者募集との関係に関する次の記述のうち、最も不適切なものはどれか。,"","","","","",媒介業務と管理業務は、法的性質や報酬の扱いが異なる場合がある。,募集条件や広告内容は、委託者の意向を確認して進めることが重要である。,媒介業務と管理業務は、どのような場合でも完全に同一の法的性質を持つ。,募集業務を含める場合、広告費や媒介報酬の扱いを明確にすることが望ましい。,3,入居者募集を併せて依頼する場合、管理業務との区別、募集条件、広告費や報酬を整理する必要があります。
198,single,管理受託契約,管理受託契約;募集業務,入居者募集との関係に関する次の記述のうち、正しいものはどれか。,"","","","","",募集条件は、委託者に確認せず管理業者が秘密に決めればよい。,広告費や媒介報酬の扱いは、契約上明らかにしてはならない。,募集条件や広告内容は、委託者の意向を確認して進めることが重要である。,入居者募集業務は、管理受託契約に記載しなくても常に当然に含まれる。,3,入居者募集を併せて依頼する場合、管理業務との区別、募集条件、広告費や報酬を整理する必要があります。
199,single,管理受託契約,管理受託契約;募集業務,入居者募集との関係に関する次の記述のうち、最も不適切なものはどれか。,"","","","","",募集業務を含める場合、広告費や媒介報酬の扱いを明確にすることが望ましい。,広告費や媒介報酬の扱いは、契約上明らかにしてはならない。,入居者募集業務を管理業務と併せて依頼する場合、その業務が管理受託契約に含まれるか確認する必要がある。,媒介業務と管理業務は、法的性質や報酬の扱いが異なる場合がある。,2,入居者募集を併せて依頼する場合、管理業務との区別、募集条件、広告費や報酬を整理する必要があります。
200,single,管理受託契約,管理受託契約;免責,責任及び免責に関する次の記述のうち、正しいものはどれか。,"","","","","",管理業者の責任及び免責に関する事項は、管理受託契約で明確にすべき事項である。,免責条項は、委託者に知らせず契約書へ紛れ込ませれば常に有効である。,管理業者の責任範囲は、契約書に一切記載してはならない。,注意義務の範囲を明確にすることは、紛争を増やすだけなので常に避けるべきである。,1,責任及び免責に関する事項は、管理業者の責任範囲を明確にし、後日の紛争を防ぐために重要です。
201,single,管理受託契約,管理受託契約;免責,責任及び免責に関する次の記述のうち、最も不適切なものはどれか。,"","","","","",免責条項を設ける場合でも、委託者が内容を理解できるようにすることが重要である。,管理業者が負う注意義務の範囲を明確にすることは、紛争予防に役立つ。,管理業者の責任範囲は、契約書に一切記載してはならない。,不可抗力や委託者の指示による損害の扱いを定めることがある。,3,責任及び免責に関する事項は、管理業者の責任範囲を明確にし、後日の紛争を防ぐために重要です。
202,single,管理受託契約,管理受託契約;免責,責任及び免責に関する次の記述のうち、正しいものはどれか。,"","","","","",注意義務の範囲を明確にすることは、紛争を増やすだけなので常に避けるべきである。,不可抗力による損害の扱いは、契約で定めることが禁止されている。,管理業者が負う注意義務の範囲を明確にすることは、紛争予防に役立つ。,免責条項は、委託者に知らせず契約書へ紛れ込ませれば常に有効である。,3,責任及び免責に関する事項は、管理業者の責任範囲を明確にし、後日の紛争を防ぐために重要です。
203,single,管理受託契約,管理受託契約;免責,責任及び免責に関する次の記述のうち、最も不適切なものはどれか。,"","","","","",不可抗力や委託者の指示による損害の扱いを定めることがある。,不可抗力による損害の扱いは、契約で定めることが禁止されている。,管理業者の責任及び免責に関する事項は、管理受託契約で明確にすべき事項である。,免責条項を設ける場合でも、委託者が内容を理解できるようにすることが重要である。,2,責任及び免責に関する事項は、管理業者の責任範囲を明確にし、後日の紛争を防ぐために重要です。
204,single,管理受託契約,管理受託契約;引継ぎ,契約終了時の引継ぎに関する次の記述のうち、正しいものはどれか。,"","","","","",管理受託契約終了時には、入居者情報や契約書類などの引継ぎが問題となる。,契約終了時には、入居者情報や契約書類を管理業者が自由に廃棄してよい。,預り金や未精算金は、契約終了時に精算してはならない。,鍵や図面は、契約終了後も管理業者が無断で保管し続けることが常に望ましい。,1,契約終了時には、書類、鍵、預り金、未精算金などの引継ぎ・精算を適切に行う必要があります。
205,single,管理受託契約,管理受託契約;引継ぎ,契約終了時の引継ぎに関する次の記述のうち、最も不適切なものはどれか。,"","","","","",預り金や未精算金がある場合、契約終了時に精算方法を確認する必要がある。,鍵や図面、点検記録などの返還方法を定めておくことは実務上有用である。,預り金や未精算金は、契約終了時に精算してはならない。,次の管理者への引継ぎを円滑に行うことは、入居者対応の継続にも関わる。,3,契約終了時には、書類、鍵、預り金、未精算金などの引継ぎ・精算を適切に行う必要があります。
206,single,管理受託契約,管理受託契約;引継ぎ,契約終了時の引継ぎに関する次の記述のうち、正しいものはどれか。,"","","","","",鍵や図面は、契約終了後も管理業者が無断で保管し続けることが常に望ましい。,次の管理者への引継ぎは、入居者対応に一切影響しない。,鍵や図面、点検記録などの返還方法を定めておくことは実務上有用である。,契約終了時には、入居者情報や契約書類を管理業者が自由に廃棄してよい。,3,契約終了時には、書類、鍵、預り金、未精算金などの引継ぎ・精算を適切に行う必要があります。
207,single,管理受託契約,管理受託契約;引継ぎ,契約終了時の引継ぎに関する次の記述のうち、最も不適切なものはどれか。,"","","","","",次の管理者への引継ぎを円滑に行うことは、入居者対応の継続にも関わる。,次の管理者への引継ぎは、入居者対応に一切影響しない。,管理受託契約終了時には、入居者情報や契約書類などの引継ぎが問題となる。,預り金や未精算金がある場合、契約終了時に精算方法を確認する必要がある。,2,契約終了時には、書類、鍵、預り金、未精算金などの引継ぎ・精算を適切に行う必要があります。
208,single,管理受託契約,管理受託契約;反社会的勢力,反社会的勢力排除に関する次の記述のうち、正しいものはどれか。,"","","","","",管理受託契約では、反社会的勢力排除に関する条項を設けることがある。,反社会的勢力排除条項は、管理受託契約では一切定めてはならない。,反社会的勢力との関係が判明しても、契約解除の可能性を定めることはできない。,入居者募集や契約管理では、反社会的勢力排除の観点は全く問題にならない。,1,反社会的勢力排除条項は、契約当事者間の信頼関係や適正な管理のために重要な条項です。
209,single,管理受託契約,管理受託契約;反社会的勢力,反社会的勢力排除に関する次の記述のうち、最も不適切なものはどれか。,"","","","","",反社会的勢力との関係が判明した場合の解除条項を定めることは、契約管理上重要である。,入居者募集や契約管理においても、反社会的勢力排除の観点が問題となることがある。,反社会的勢力との関係が判明しても、契約解除の可能性を定めることはできない。,反社会的勢力排除条項は、契約当事者間の信頼関係を確保するために役立つ。,3,反社会的勢力排除条項は、契約当事者間の信頼関係や適正な管理のために重要な条項です。
210,single,管理受託契約,管理受託契約;反社会的勢力,反社会的勢力排除に関する次の記述のうち、正しいものはどれか。,"","","","","",入居者募集や契約管理では、反社会的勢力排除の観点は全く問題にならない。,反社会的勢力排除条項は、契約当事者間の信頼関係と何の関係もない。,入居者募集や契約管理においても、反社会的勢力排除の観点が問題となることがある。,反社会的勢力排除条項は、管理受託契約では一切定めてはならない。,3,反社会的勢力排除条項は、契約当事者間の信頼関係や適正な管理のために重要な条項です。
211,single,管理受託契約,管理受託契約;反社会的勢力,反社会的勢力排除に関する次の記述のうち、最も不適切なものはどれか。,"","","","","",反社会的勢力排除条項は、契約当事者間の信頼関係を確保するために役立つ。,反社会的勢力排除条項は、契約当事者間の信頼関係と何の関係もない。,管理受託契約では、反社会的勢力排除に関する条項を設けることがある。,反社会的勢力との関係が判明した場合の解除条項を定めることは、契約管理上重要である。,2,反社会的勢力排除条項は、契約当事者間の信頼関係や適正な管理のために重要な条項です。
212,single,維持保全,維持保全;基本,賃貸住宅の維持保全に関する次の記述のうち、正しいものはどれか。,"","","","","",維持保全は、建物や設備の性能を良好な状態に保つために行われる。,維持保全は、建物が完成した後には一切不要となる。,日常点検は、不具合の早期発見に全く役立たない。,点検で不具合を見つけても、修繕を検討してはならない。,1,維持保全では、点検、修繕、記録を通じて建物や設備の性能を保つことが重要です。
213,single,維持保全,維持保全;基本,賃貸住宅の維持保全に関する次の記述のうち、最も不適切なものはどれか。,"","","","","",日常点検や定期点検は、不具合の早期発見に役立つ。,点検結果に応じて修繕を行うことは、建物の安全性や快適性の維持に資する。,日常点検は、不具合の早期発見に全く役立たない。,維持保全の実施状況を記録することは、後日の説明や判断に役立つ。,3,維持保全では、点検、修繕、記録を通じて建物や設備の性能を保つことが重要です。
214,single,維持保全,維持保全;基本,賃貸住宅の維持保全に関する次の記述のうち、正しいものはどれか。,"","","","","",点検で不具合を見つけても、修繕を検討してはならない。,維持保全の記録は、どのような場合でも残してはならない。,点検結果に応じて修繕を行うことは、建物の安全性や快適性の維持に資する。,維持保全は、建物が完成した後には一切不要となる。,3,維持保全では、点検、修繕、記録を通じて建物や設備の性能を保つことが重要です。
215,single,維持保全,維持保全;基本,賃貸住宅の維持保全に関する次の記述のうち、最も不適切なものはどれか。,"","","","","",維持保全の実施状況を記録することは、後日の説明や判断に役立つ。,維持保全の記録は、どのような場合でも残してはならない。,維持保全は、建物や設備の性能を良好な状態に保つために行われる。,日常点検や定期点検は、不具合の早期発見に役立つ。,2,維持保全では、点検、修繕、記録を通じて建物や設備の性能を保つことが重要です。
216,single,維持保全,維持保全;日常点検,日常点検に関する次の記述のうち、正しいものはどれか。,"","","","","",日常点検は、共用部分や設備の異常を早期に把握するために有用である。,日常点検では、共用部分の状態を確認してはならない。,巡回時に照明切れを見つけても、管理上の確認事項にはならない。,異常を発見しても、委託者に報告することは常に禁止されている。,1,日常点検は、共用部分や設備の異常を早期に見つけ、必要な報告や修繕につなげるために重要です。
217,single,維持保全,維持保全;日常点検,日常点検に関する次の記述のうち、最も不適切なものはどれか。,"","","","","",巡回時には、漏水、破損、照明切れなどを確認することが重要である。,日常点検で発見した異常は、必要に応じて委託者へ報告する。,巡回時に照明切れを見つけても、管理上の確認事項にはならない。,日常点検の結果を記録しておくことは、継続的な管理に役立つ。,3,日常点検は、共用部分や設備の異常を早期に見つけ、必要な報告や修繕につなげるために重要です。
218,single,維持保全,維持保全;日常点検,日常点検に関する次の記述のうち、正しいものはどれか。,"","","","","",異常を発見しても、委託者に報告することは常に禁止されている。,日常点検の結果は、記録すると管理上不利になるため常に破棄すべきである。,日常点検で発見した異常は、必要に応じて委託者へ報告する。,日常点検では、共用部分の状態を確認してはならない。,3,日常点検は、共用部分や設備の異常を早期に見つけ、必要な報告や修繕につなげるために重要です。
219,single,維持保全,維持保全;日常点検,日常点検に関する次の記述のうち、最も不適切なものはどれか。,"","","","","",日常点検の結果を記録しておくことは、継続的な管理に役立つ。,日常点検の結果は、記録すると管理上不利になるため常に破棄すべきである。,日常点検は、共用部分や設備の異常を早期に把握するために有用である。,巡回時には、漏水、破損、照明切れなどを確認することが重要である。,2,日常点検は、共用部分や設備の異常を早期に見つけ、必要な報告や修繕につなげるために重要です。
220,single,維持保全,維持保全;定期点検,定期点検に関する次の記述のうち、正しいものはどれか。,"","","","","",定期点検は、日常点検では把握しにくい劣化や不具合を確認する機会となる。,定期点検は、日常点検をしていれば常に不要である。,建物の規模や用途にかかわらず、法令上の点検は一切存在しない。,定期点検の結果は、修繕計画には全く関係しない。,1,定期点検は、法令上の要否や設備の種類を確認しながら、劣化把握と修繕計画に活用します。
221,single,維持保全,維持保全;定期点検,定期点検に関する次の記述のうち、最も不適切なものはどれか。,"","","","","",建物の規模や用途によって、法令上の点検対象となる場合がある。,定期点検の結果は、修繕計画の検討材料となる。,建物の規模や用途にかかわらず、法令上の点検は一切存在しない。,点検周期や点検項目は、建物や設備の種類に応じて確認する必要がある。,3,定期点検は、法令上の要否や設備の種類を確認しながら、劣化把握と修繕計画に活用します。
222,single,維持保全,維持保全;定期点検,定期点検に関する次の記述のうち、正しいものはどれか。,"","","","","",定期点検の結果は、修繕計画には全く関係しない。,点検周期や点検項目は、設備の種類にかかわらず管理者が秘密に決めればよい。,定期点検の結果は、修繕計画の検討材料となる。,定期点検は、日常点検をしていれば常に不要である。,3,定期点検は、法令上の要否や設備の種類を確認しながら、劣化把握と修繕計画に活用します。
223,single,維持保全,維持保全;定期点検,定期点検に関する次の記述のうち、最も不適切なものはどれか。,"","","","","",点検周期や点検項目は、建物や設備の種類に応じて確認する必要がある。,点検周期や点検項目は、設備の種類にかかわらず管理者が秘密に決めればよい。,定期点検は、日常点検では把握しにくい劣化や不具合を確認する機会となる。,建物の規模や用途によって、法令上の点検対象となる場合がある。,2,定期点検は、法令上の要否や設備の種類を確認しながら、劣化把握と修繕計画に活用します。
224,single,維持保全,維持保全;法定点検,法定点検に関する次の記述のうち、正しいものはどれか。,"","","","","",建築物の規模や用途に応じて、建築基準法、消防法、水道法などの点検が問題となる。,法定点検は、賃貸住宅ではどのような場合でも一切問題にならない。,法定点検の対象や周期は、関係法令を確認せず感覚で決めればよい。,消防用設備等については、点検や報告の制度は存在しない。,1,法定点検は、建物の規模や用途、設備の種類に応じて関係法令を確認する必要があります。
225,single,維持保全,維持保全;法定点検,法定点検に関する次の記述のうち、最も不適切なものはどれか。,"","","","","",法定点検では、対象、周期、方法などを関係法令に照らして確認する必要がある。,消防用設備等は、消防法令に基づく点検・報告が問題となる。,法定点検の対象や周期は、関係法令を確認せず感覚で決めればよい。,法定点検の実施状況を把握しておくことは、管理実務上重要である。,3,法定点検は、建物の規模や用途、設備の種類に応じて関係法令を確認する必要があります。
226,single,維持保全,維持保全;法定点検,法定点検に関する次の記述のうち、正しいものはどれか。,"","","","","",消防用設備等については、点検や報告の制度は存在しない。,法定点検の実施状況は、管理業務では把握してはならない。,消防用設備等は、消防法令に基づく点検・報告が問題となる。,法定点検は、賃貸住宅ではどのような場合でも一切問題にならない。,3,法定点検は、建物の規模や用途、設備の種類に応じて関係法令を確認する必要があります。
227,single,維持保全,維持保全;法定点検,法定点検に関する次の記述のうち、最も不適切なものはどれか。,"","","","","",法定点検の実施状況を把握しておくことは、管理実務上重要である。,法定点検の実施状況は、管理業務では把握してはならない。,建築物の規模や用途に応じて、建築基準法、消防法、水道法などの点検が問題となる。,法定点検では、対象、周期、方法などを関係法令に照らして確認する必要がある。,2,法定点検は、建物の規模や用途、設備の種類に応じて関係法令を確認する必要があります。
228,single,維持保全,維持保全;記録,点検・修繕記録に関する次の記述のうち、正しいものはどれか。,"","","","","",点検や修繕の記録は、建物の履歴を把握するために重要である。,点検記録は、作成すると必ず違法となる。,修繕記録には、実施日や内容を記載してはならない。,過去の修繕履歴は、将来の修繕計画に一切役立たない。,1,点検・修繕記録は、建物履歴の把握、修繕計画、委託者への報告に役立ちます。
229,single,維持保全,維持保全;記録,点検・修繕記録に関する次の記述のうち、最も不適切なものはどれか。,"","","","","",記録には、実施日、内容、結果、対応状況などを整理することが望ましい。,過去の修繕履歴は、将来の修繕計画の参考となる。,修繕記録には、実施日や内容を記載してはならない。,記録を委託者への報告に活用することができる。,3,点検・修繕記録は、建物履歴の把握、修繕計画、委託者への報告に役立ちます。
230,single,維持保全,維持保全;記録,点検・修繕記録に関する次の記述のうち、正しいものはどれか。,"","","","","",過去の修繕履歴は、将来の修繕計画に一切役立たない。,記録を委託者への報告に使うことは常に禁止されている。,過去の修繕履歴は、将来の修繕計画の参考となる。,点検記録は、作成すると必ず違法となる。,3,点検・修繕記録は、建物履歴の把握、修繕計画、委託者への報告に役立ちます。
231,single,維持保全,維持保全;記録,点検・修繕記録に関する次の記述のうち、最も不適切なものはどれか。,"","","","","",記録を委託者への報告に活用することができる。,記録を委託者への報告に使うことは常に禁止されている。,点検や修繕の記録は、建物の履歴を把握するために重要である。,記録には、実施日、内容、結果、対応状況などを整理することが望ましい。,2,点検・修繕記録は、建物履歴の把握、修繕計画、委託者への報告に役立ちます。
232,single,維持保全,維持保全;長期修繕,長期的な修繕計画に関する次の記述のうち、正しいものはどれか。,"","","","","",建物は経年劣化するため、長期的な修繕の見通しを持つことが重要である。,建物は経年劣化しないため、長期的な修繕の見通しは不要である。,外壁や屋上防水は、維持保全では一切確認してはならない。,予防保全は、賃貸住宅管理では常に無意味である。,1,経年劣化を踏まえ、外壁・防水・設備などを計画的に確認し、必要に応じて修繕計画を見直します。
233,single,維持保全,維持保全;長期修繕,長期的な修繕計画に関する次の記述のうち、最も不適切なものはどれか。,"","","","","",外壁、屋上防水、給排水設備などは、計画的な修繕検討の対象となる。,突発的な修繕だけでなく、予防保全の考え方も重要である。,外壁や屋上防水は、維持保全では一切確認してはならない。,修繕計画は、点検結果や建物の劣化状況を踏まえて見直すことが望ましい。,3,経年劣化を踏まえ、外壁・防水・設備などを計画的に確認し、必要に応じて修繕計画を見直します。
234,single,維持保全,維持保全;長期修繕,長期的な修繕計画に関する次の記述のうち、正しいものはどれか。,"","","","","",予防保全は、賃貸住宅管理では常に無意味である。,修繕計画は、一度作成したら劣化状況にかかわらず絶対に見直してはならない。,突発的な修繕だけでなく、予防保全の考え方も重要である。,建物は経年劣化しないため、長期的な修繕の見通しは不要である。,3,経年劣化を踏まえ、外壁・防水・設備などを計画的に確認し、必要に応じて修繕計画を見直します。
235,single,維持保全,維持保全;長期修繕,長期的な修繕計画に関する次の記述のうち、最も不適切なものはどれか。,"","","","","",修繕計画は、点検結果や建物の劣化状況を踏まえて見直すことが望ましい。,修繕計画は、一度作成したら劣化状況にかかわらず絶対に見直してはならない。,建物は経年劣化するため、長期的な修繕の見通しを持つことが重要である。,外壁、屋上防水、給排水設備などは、計画的な修繕検討の対象となる。,2,経年劣化を踏まえ、外壁・防水・設備などを計画的に確認し、必要に応じて修繕計画を見直します。
236,single,維持保全,維持保全;外壁,外壁の維持管理に関する次の記述のうち、正しいものはどれか。,"","","","","",外壁のひび割れや浮きは、漏水や落下事故につながるおそれがある。,外壁のひび割れは、管理上どのような場合でも無視してよい。,外壁の劣化状況は、点検対象にしてはならない。,落下物のおそれがあっても、入居者や通行人への安全配慮は不要である。,1,外壁のひび割れ、浮き、落下のおそれは安全性に関わるため、点検・応急措置・記録が重要です。
237,single,維持保全,維持保全;外壁,外壁の維持管理に関する次の記述のうち、最も不適切なものはどれか。,"","","","","",外壁の劣化状況は、日常点検や定期点検で確認すべき事項である。,外壁からの落下物のおそれがある場合、応急措置や専門業者への確認が必要となる。,外壁の劣化状況は、点検対象にしてはならない。,外壁の補修履歴を記録しておくことは、将来の管理に役立つ。,3,外壁のひび割れ、浮き、落下のおそれは安全性に関わるため、点検・応急措置・記録が重要です。
238,single,維持保全,維持保全;外壁,外壁の維持管理に関する次の記述のうち、正しいものはどれか。,"","","","","",落下物のおそれがあっても、入居者や通行人への安全配慮は不要である。,外壁補修の履歴は、将来の管理に全く役立たない。,外壁からの落下物のおそれがある場合、応急措置や専門業者への確認が必要となる。,外壁のひび割れは、管理上どのような場合でも無視してよい。,3,外壁のひび割れ、浮き、落下のおそれは安全性に関わるため、点検・応急措置・記録が重要です。
239,single,維持保全,維持保全;外壁,外壁の維持管理に関する次の記述のうち、最も不適切なものはどれか。,"","","","","",外壁の補修履歴を記録しておくことは、将来の管理に役立つ。,外壁補修の履歴は、将来の管理に全く役立たない。,外壁のひび割れや浮きは、漏水や落下事故につながるおそれがある。,外壁の劣化状況は、日常点検や定期点検で確認すべき事項である。,2,外壁のひび割れ、浮き、落下のおそれは安全性に関わるため、点検・応急措置・記録が重要です。
240,single,維持保全,維持保全;屋上防水,屋上・防水に関する次の記述のうち、正しいものはどれか。,"","","","","",屋上防水の劣化は、雨漏りの原因となることがある。,屋上防水の劣化は、雨漏りとは一切関係がない。,排水口が詰まっても、漏水リスクは全く高まらない。,防水層の破断を見つけても、専門業者に確認してはならない。,1,屋上防水や排水口の状態は漏水に直結するため、劣化確認と原因調査が重要です。
241,single,維持保全,維持保全;屋上防水,屋上・防水に関する次の記述のうち、最も不適切なものはどれか。,"","","","","",排水口の詰まりは、屋上やバルコニーの漏水リスクを高める。,防水層の膨れや破断を確認した場合、専門業者に調査を依頼することが考えられる。,排水口が詰まっても、漏水リスクは全く高まらない。,雨漏りの発生箇所と原因箇所は一致しないことがある。,3,屋上防水や排水口の状態は漏水に直結するため、劣化確認と原因調査が重要です。
242,single,維持保全,維持保全;屋上防水,屋上・防水に関する次の記述のうち、正しいものはどれか。,"","","","","",防水層の破断を見つけても、専門業者に確認してはならない。,雨漏りは、室内に水が出た場所だけを補修すれば常に解決する。,防水層の膨れや破断を確認した場合、専門業者に調査を依頼することが考えられる。,屋上防水の劣化は、雨漏りとは一切関係がない。,3,屋上防水や排水口の状態は漏水に直結するため、劣化確認と原因調査が重要です。
243,single,維持保全,維持保全;屋上防水,屋上・防水に関する次の記述のうち、最も不適切なものはどれか。,"","","","","",雨漏りの発生箇所と原因箇所は一致しないことがある。,雨漏りは、室内に水が出た場所だけを補修すれば常に解決する。,屋上防水の劣化は、雨漏りの原因となることがある。,排水口の詰まりは、屋上やバルコニーの漏水リスクを高める。,2,屋上防水や排水口の状態は漏水に直結するため、劣化確認と原因調査が重要です。
244,single,維持保全,維持保全;給水設備,給水設備に関する次の記述のうち、正しいものはどれか。,"","","","","",給水設備では、水漏れ、赤水、水圧低下などの異常に注意する必要がある。,給水設備の異常は、入居者の生活に一切影響しない。,受水槽がある場合でも、清掃や水質管理は全く問題にならない。,給水ポンプが故障しても、断水などの影響は生じ得ない。,1,給水設備は生活に直結するため、漏水・水質・ポンプ不具合・修繕履歴の把握が重要です。
245,single,維持保全,維持保全;給水設備,給水設備に関する次の記述のうち、最も不適切なものはどれか。,"","","","","",受水槽や高置水槽がある場合、清掃や水質管理が問題となることがある。,給水ポンプの不具合は、入居者の生活に大きな影響を及ぼす。,受水槽がある場合でも、清掃や水質管理は全く問題にならない。,給水設備の修繕履歴を把握しておくことは、更新時期の検討に役立つ。,3,給水設備は生活に直結するため、漏水・水質・ポンプ不具合・修繕履歴の把握が重要です。
246,single,維持保全,維持保全;給水設備,給水設備に関する次の記述のうち、正しいものはどれか。,"","","","","",給水ポンプが故障しても、断水などの影響は生じ得ない。,給水設備の修繕履歴は、更新時期の検討に全く役立たない。,給水ポンプの不具合は、入居者の生活に大きな影響を及ぼす。,給水設備の異常は、入居者の生活に一切影響しない。,3,給水設備は生活に直結するため、漏水・水質・ポンプ不具合・修繕履歴の把握が重要です。
247,single,維持保全,維持保全;給水設備,給水設備に関する次の記述のうち、最も不適切なものはどれか。,"","","","","",給水設備の修繕履歴を把握しておくことは、更新時期の検討に役立つ。,給水設備の修繕履歴は、更新時期の検討に全く役立たない。,給水設備では、水漏れ、赤水、水圧低下などの異常に注意する必要がある。,受水槽や高置水槽がある場合、清掃や水質管理が問題となることがある。,2,給水設備は生活に直結するため、漏水・水質・ポンプ不具合・修繕履歴の把握が重要です。
248,single,維持保全,維持保全;排水設備,排水設備に関する次の記述のうち、正しいものはどれか。,"","","","","",排水管の詰まりは、漏水や悪臭の原因となることがある。,排水管の詰まりは、漏水や悪臭と一切関係がない。,排水設備は、清掃や点検を行うと必ず劣化する。,共用排水管の不具合は、複数住戸に影響することは絶対にない。,1,排水設備では、詰まり、悪臭、漏水、共用部分への影響を踏まえた点検・清掃が重要です。
249,single,維持保全,維持保全;排水設備,排水設備に関する次の記述のうち、最も不適切なものはどれか。,"","","","","",排水設備では、定期的な清掃や点検が有効な場合がある。,共用排水管の不具合は、複数住戸に影響することがある。,排水設備は、清掃や点検を行うと必ず劣化する。,排水不良の原因調査では、専有部分と共用部分の区別が重要となる。,3,排水設備では、詰まり、悪臭、漏水、共用部分への影響を踏まえた点検・清掃が重要です。
250,single,維持保全,維持保全;排水設備,排水設備に関する次の記述のうち、正しいものはどれか。,"","","","","",共用排水管の不具合は、複数住戸に影響することは絶対にない。,排水不良では、専有部分と共用部分の区別を考える必要がない。,共用排水管の不具合は、複数住戸に影響することがある。,排水管の詰まりは、漏水や悪臭と一切関係がない。,3,排水設備では、詰まり、悪臭、漏水、共用部分への影響を踏まえた点検・清掃が重要です。
251,single,維持保全,維持保全;排水設備,排水設備に関する次の記述のうち、最も不適切なものはどれか。,"","","","","",排水不良の原因調査では、専有部分と共用部分の区別が重要となる。,排水不良では、専有部分と共用部分の区別を考える必要がない。,排水管の詰まりは、漏水や悪臭の原因となることがある。,排水設備では、定期的な清掃や点検が有効な場合がある。,2,排水設備では、詰まり、悪臭、漏水、共用部分への影響を踏まえた点検・清掃が重要です。
252,single,維持保全,維持保全;電気設備,電気設備に関する次の記述のうち、正しいものはどれか。,"","","","","",共用部照明の不点灯は、安全性や防犯性に影響することがある。,共用部照明の不点灯は、安全性や防犯性に全く影響しない。,分電盤や配線の異常は、専門知識がなくても常に入居者が自由に修理してよい。,漏電のおそれがあっても、対応を急ぐ必要はない。,1,電気設備は安全性に関わるため、不点灯、漏電、分電盤異常などを適切に確認・対応します。
253,single,維持保全,維持保全;電気設備,電気設備に関する次の記述のうち、最も不適切なものはどれか。,"","","","","",分電盤や配線の異常は、専門業者による確認が必要となる場合がある。,漏電のおそれがある場合、早急な対応が必要である。,分電盤や配線の異常は、専門知識がなくても常に入居者が自由に修理してよい。,電気設備の更新時には、容量や使用状況を確認することが重要である。,3,電気設備は安全性に関わるため、不点灯、漏電、分電盤異常などを適切に確認・対応します。
254,single,維持保全,維持保全;電気設備,電気設備に関する次の記述のうち、正しいものはどれか。,"","","","","",漏電のおそれがあっても、対応を急ぐ必要はない。,電気設備の更新時には、容量や使用状況を確認してはならない。,漏電のおそれがある場合、早急な対応が必要である。,共用部照明の不点灯は、安全性や防犯性に全く影響しない。,3,電気設備は安全性に関わるため、不点灯、漏電、分電盤異常などを適切に確認・対応します。
255,single,維持保全,維持保全;電気設備,電気設備に関する次の記述のうち、最も不適切なものはどれか。,"","","","","",電気設備の更新時には、容量や使用状況を確認することが重要である。,電気設備の更新時には、容量や使用状況を確認してはならない。,共用部照明の不点灯は、安全性や防犯性に影響することがある。,分電盤や配線の異常は、専門業者による確認が必要となる場合がある。,2,電気設備は安全性に関わるため、不点灯、漏電、分電盤異常などを適切に確認・対応します。
256,single,維持保全,維持保全;消防設備,消防用設備等に関する次の記述のうち、正しいものはどれか。,"","","","","",消防用設備等は、火災時に機能するよう維持管理する必要がある。,消防用設備等は、設置後に維持管理する必要が一切ない。,消防用設備等には、点検・報告の制度は全く存在しない。,避難経路に物品を置いても、避難上の支障となることは絶対にない。,1,消防用設備等は火災時の安全に直結するため、点検・報告・避難経路管理が重要です。
257,single,維持保全,維持保全;消防設備,消防用設備等に関する次の記述のうち、最も不適切なものはどれか。,"","","","","",消防用設備等については、法令に基づく点検・報告が問題となる。,避難経路に物品が置かれている場合、避難上の支障となるおそれがある。,消防用設備等には、点検・報告の制度は全く存在しない。,消火器や自動火災報知設備の異常は、速やかに確認する必要がある。,3,消防用設備等は火災時の安全に直結するため、点検・報告・避難経路管理が重要です。
258,single,維持保全,維持保全;消防設備,消防用設備等に関する次の記述のうち、正しいものはどれか。,"","","","","",避難経路に物品を置いても、避難上の支障となることは絶対にない。,消火器や自動火災報知設備の異常は、管理上確認してはならない。,避難経路に物品が置かれている場合、避難上の支障となるおそれがある。,消防用設備等は、設置後に維持管理する必要が一切ない。,3,消防用設備等は火災時の安全に直結するため、点検・報告・避難経路管理が重要です。
259,single,維持保全,維持保全;消防設備,消防用設備等に関する次の記述のうち、最も不適切なものはどれか。,"","","","","",消火器や自動火災報知設備の異常は、速やかに確認する必要がある。,消火器や自動火災報知設備の異常は、管理上確認してはならない。,消防用設備等は、火災時に機能するよう維持管理する必要がある。,消防用設備等については、法令に基づく点検・報告が問題となる。,2,消防用設備等は火災時の安全に直結するため、点検・報告・避難経路管理が重要です。
260,single,維持保全,維持保全;避難施設,避難施設に関する次の記述のうち、正しいものはどれか。,"","","","","",廊下、階段、バルコニーなどの避難経路は、支障なく利用できる状態に保つ必要がある。,避難経路は、普段使わないため物置として自由に使わせてよい。,避難ハッチの上に重量物を置いても、避難には一切影響しない。,非常口や誘導灯の状態は、管理上確認してはならない。,1,避難経路や避難設備は、緊急時に支障なく使える状態を保つことが重要です。
261,single,維持保全,維持保全;避難施設,避難施設に関する次の記述のうち、最も不適切なものはどれか。,"","","","","",避難ハッチや避難はしごの周囲に物品を置くと、避難の妨げとなることがある。,非常口や誘導灯の状態を確認することは、安全管理上重要である。,避難ハッチの上に重量物を置いても、避難には一切影響しない。,避難経路の障害物は、入居者への注意喚起や是正依頼の対象となり得る。,3,避難経路や避難設備は、緊急時に支障なく使える状態を保つことが重要です。
262,single,維持保全,維持保全;避難施設,避難施設に関する次の記述のうち、正しいものはどれか。,"","","","","",非常口や誘導灯の状態は、管理上確認してはならない。,避難経路の障害物について、入居者に注意喚起することは常に禁止されている。,非常口や誘導灯の状態を確認することは、安全管理上重要である。,避難経路は、普段使わないため物置として自由に使わせてよい。,3,避難経路や避難設備は、緊急時に支障なく使える状態を保つことが重要です。
263,single,維持保全,維持保全;避難施設,避難施設に関する次の記述のうち、最も不適切なものはどれか。,"","","","","",避難経路の障害物は、入居者への注意喚起や是正依頼の対象となり得る。,避難経路の障害物について、入居者に注意喚起することは常に禁止されている。,廊下、階段、バルコニーなどの避難経路は、支障なく利用できる状態に保つ必要がある。,避難ハッチや避難はしごの周囲に物品を置くと、避難の妨げとなることがある。,2,避難経路や避難設備は、緊急時に支障なく使える状態を保つことが重要です。
264,single,維持保全,維持保全;昇降機,昇降機設備に関する次の記述のうち、正しいものはどれか。,"","","","","",エレベーターは、安全運行のため専門業者による保守点検が重要である。,エレベーターは、設置後に点検する必要が一切ない。,異音や振動があっても、入居者に使い続けさせることが常に適切である。,閉じ込め事故では、入居者の安全確認をしてはならない。,1,昇降機は安全性が特に重要な設備であり、保守点検、異常時対応、記録確認が必要です。
265,single,維持保全,維持保全;昇降機,昇降機設備に関する次の記述のうち、最も不適切なものはどれか。,"","","","","",異音や振動などの異常がある場合、利用停止や専門業者への連絡を検討する。,閉じ込め事故が発生した場合、入居者の安全確保と関係先への連絡が重要である。,異音や振動があっても、入居者に使い続けさせることが常に適切である。,保守点検記録を確認することは、設備管理上有用である。,3,昇降機は安全性が特に重要な設備であり、保守点検、異常時対応、記録確認が必要です。
266,single,維持保全,維持保全;昇降機,昇降機設備に関する次の記述のうち、正しいものはどれか。,"","","","","",閉じ込め事故では、入居者の安全確認をしてはならない。,保守点検記録は、設備管理に全く役立たない。,閉じ込め事故が発生した場合、入居者の安全確保と関係先への連絡が重要である。,エレベーターは、設置後に点検する必要が一切ない。,3,昇降機は安全性が特に重要な設備であり、保守点検、異常時対応、記録確認が必要です。
267,single,維持保全,維持保全;昇降機,昇降機設備に関する次の記述のうち、最も不適切なものはどれか。,"","","","","",保守点検記録を確認することは、設備管理上有用である。,保守点検記録は、設備管理に全く役立たない。,エレベーターは、安全運行のため専門業者による保守点検が重要である。,異音や振動などの異常がある場合、利用停止や専門業者への連絡を検討する。,2,昇降機は安全性が特に重要な設備であり、保守点検、異常時対応、記録確認が必要です。
268,single,維持保全,維持保全;機械式駐車場,機械式駐車場に関する次の記述のうち、正しいものはどれか。,"","","","","",機械式駐車場は、挟まれ事故などの危険があるため安全確認が重要である。,機械式駐車場は、事故の危険がないため安全確認は不要である。,操作方法は、利用者に知らせない方が安全である。,作動不良があっても、専門業者に確認してはならない。,1,機械式駐車場は事故リスクがあるため、利用者周知、異常時対応、保守点検が重要です。
269,single,維持保全,維持保全;機械式駐車場,機械式駐車場に関する次の記述のうち、最も不適切なものはどれか。,"","","","","",操作方法や利用上の注意を利用者に周知することが望ましい。,異音や作動不良がある場合、専門業者に確認を依頼することが考えられる。,操作方法は、利用者に知らせない方が安全である。,定期的な保守点検は、事故防止や故障予防に役立つ。,3,機械式駐車場は事故リスクがあるため、利用者周知、異常時対応、保守点検が重要です。
270,single,維持保全,維持保全;機械式駐車場,機械式駐車場に関する次の記述のうち、正しいものはどれか。,"","","","","",作動不良があっても、専門業者に確認してはならない。,保守点検は、事故防止や故障予防に全く役立たない。,異音や作動不良がある場合、専門業者に確認を依頼することが考えられる。,機械式駐車場は、事故の危険がないため安全確認は不要である。,3,機械式駐車場は事故リスクがあるため、利用者周知、異常時対応、保守点検が重要です。
271,single,維持保全,維持保全;機械式駐車場,機械式駐車場に関する次の記述のうち、最も不適切なものはどれか。,"","","","","",定期的な保守点検は、事故防止や故障予防に役立つ。,保守点検は、事故防止や故障予防に全く役立たない。,機械式駐車場は、挟まれ事故などの危険があるため安全確認が重要である。,操作方法や利用上の注意を利用者に周知することが望ましい。,2,機械式駐車場は事故リスクがあるため、利用者周知、異常時対応、保守点検が重要です。
272,single,維持保全,維持保全;換気,換気設備に関する次の記述のうち、正しいものはどれか。,"","","","","",換気設備は、室内の空気環境を保つために重要である。,換気設備は、室内環境と全く関係がない。,換気不良は、結露やカビとは一切関係がない。,給気口が完全にふさがれても、換気性能は低下しない。,1,換気設備は結露・カビ・空気環境に関わるため、目詰まり確認や使用方法の周知が大切です。
273,single,維持保全,維持保全;換気,換気設備に関する次の記述のうち、最も不適切なものはどれか。,"","","","","",換気不良は、結露やカビの発生につながることがある。,換気扇や給気口の目詰まりは、換気性能を低下させる。,換気不良は、結露やカビとは一切関係がない。,24時間換気設備がある場合、適切な使用方法を入居者に周知することが望ましい。,3,換気設備は結露・カビ・空気環境に関わるため、目詰まり確認や使用方法の周知が大切です。
274,single,維持保全,維持保全;換気,換気設備に関する次の記述のうち、正しいものはどれか。,"","","","","",給気口が完全にふさがれても、換気性能は低下しない。,24時間換気設備の使用方法は、入居者に知らせてはならない。,換気扇や給気口の目詰まりは、換気性能を低下させる。,換気設備は、室内環境と全く関係がない。,3,換気設備は結露・カビ・空気環境に関わるため、目詰まり確認や使用方法の周知が大切です。
275,single,維持保全,維持保全;換気,換気設備に関する次の記述のうち、最も不適切なものはどれか。,"","","","","",24時間換気設備がある場合、適切な使用方法を入居者に周知することが望ましい。,24時間換気設備の使用方法は、入居者に知らせてはならない。,換気設備は、室内の空気環境を保つために重要である。,換気不良は、結露やカビの発生につながることがある。,2,換気設備は結露・カビ・空気環境に関わるため、目詰まり確認や使用方法の周知が大切です。
276,single,維持保全,維持保全;シックハウス,シックハウス対策に関する次の記述のうち、正しいものはどれか。,"","","","","",シックハウス対策では、換気の確保が重要である。,シックハウス対策では、換気を止めることが最も重要である。,建材や家具から化学物質が発生することは絶対にない。,入居者から体調不良の相談があっても、室内環境を確認してはならない。,1,シックハウス対策では、化学物質による室内空気への影響を踏まえ、換気確保が重要です。
277,single,維持保全,維持保全;シックハウス,シックハウス対策に関する次の記述のうち、最も不適切なものはどれか。,"","","","","",建材や家具から発生する化学物質が室内空気に影響することがある。,入居者から体調不良の相談があった場合、換気状況や室内環境を確認することが考えられる。,建材や家具から化学物質が発生することは絶対にない。,新築や改修直後は、十分な換気に配慮することが望ましい。,3,シックハウス対策では、化学物質による室内空気への影響を踏まえ、換気確保が重要です。
278,single,維持保全,維持保全;シックハウス,シックハウス対策に関する次の記述のうち、正しいものはどれか。,"","","","","",入居者から体調不良の相談があっても、室内環境を確認してはならない。,新築や改修直後は、換気に配慮する必要が全くない。,入居者から体調不良の相談があった場合、換気状況や室内環境を確認することが考えられる。,シックハウス対策では、換気を止めることが最も重要である。,3,シックハウス対策では、化学物質による室内空気への影響を踏まえ、換気確保が重要です。
279,single,維持保全,維持保全;シックハウス,シックハウス対策に関する次の記述のうち、最も不適切なものはどれか。,"","","","","",新築や改修直後は、十分な換気に配慮することが望ましい。,新築や改修直後は、換気に配慮する必要が全くない。,シックハウス対策では、換気の確保が重要である。,建材や家具から発生する化学物質が室内空気に影響することがある。,2,シックハウス対策では、化学物質による室内空気への影響を踏まえ、換気確保が重要です。
280,single,維持保全,維持保全;結露カビ,結露・カビに関する次の記述のうち、正しいものはどれか。,"","","","","",結露は、温度差や換気不足などによって発生しやすくなる。,結露は、温度差や換気不足とは一切関係がない。,カビは、湿度や換気と全く関係なく発生する。,結露やカビの原因は、常に建物側だけにあり使用方法は一切関係しない。,1,結露・カビは、建物性能だけでなく換気・湿度・使用方法も関係するため、原因を総合的に確認します。
281,single,維持保全,維持保全;結露カビ,結露・カビに関する次の記述のうち、最も不適切なものはどれか。,"","","","","",カビの発生には、湿度、換気、清掃状況などが関係する。,結露やカビの原因は、建物側と使用方法の双方から検討する必要がある。,カビは、湿度や換気と全く関係なく発生する。,入居者に換気や除湿の必要性を周知することは、予防に役立つ。,3,結露・カビは、建物性能だけでなく換気・湿度・使用方法も関係するため、原因を総合的に確認します。
282,single,維持保全,維持保全;結露カビ,結露・カビに関する次の記述のうち、正しいものはどれか。,"","","","","",結露やカビの原因は、常に建物側だけにあり使用方法は一切関係しない。,入居者に換気や除湿を周知することは、法律上禁止されている。,結露やカビの原因は、建物側と使用方法の双方から検討する必要がある。,結露は、温度差や換気不足とは一切関係がない。,3,結露・カビは、建物性能だけでなく換気・湿度・使用方法も関係するため、原因を総合的に確認します。
283,single,維持保全,維持保全;結露カビ,結露・カビに関する次の記述のうち、最も不適切なものはどれか。,"","","","","",入居者に換気や除湿の必要性を周知することは、予防に役立つ。,入居者に換気や除湿を周知することは、法律上禁止されている。,結露は、温度差や換気不足などによって発生しやすくなる。,カビの発生には、湿度、換気、清掃状況などが関係する。,2,結露・カビは、建物性能だけでなく換気・湿度・使用方法も関係するため、原因を総合的に確認します。
284,single,維持保全,維持保全;雨漏り漏水,雨漏り・漏水に関する次の記述のうち、正しいものはどれか。,"","","","","",漏水事故では、被害拡大防止のため初動対応が重要である。,漏水事故では、被害拡大防止の初動対応は不要である。,雨漏りの原因は、必ず室内で水が出た場所だけにある。,漏水状況の記録は、原因調査に全く役立たない。,1,漏水・雨漏りでは、被害拡大防止、原因調査、記録、関係者調整が重要です。
285,single,維持保全,維持保全;雨漏り漏水,雨漏り・漏水に関する次の記述のうち、最も不適切なものはどれか。,"","","","","",雨漏りは、屋根や外壁、防水、配管など複数の原因が考えられる。,漏水箇所の写真や発生状況を記録することは、原因調査や保険対応に役立つ。,雨漏りの原因は、必ず室内で水が出た場所だけにある。,上階からの漏水では、入居者間の調整や原因箇所の確認が必要となることがある。,3,漏水・雨漏りでは、被害拡大防止、原因調査、記録、関係者調整が重要です。
286,single,維持保全,維持保全;雨漏り漏水,雨漏り・漏水に関する次の記述のうち、正しいものはどれか。,"","","","","",漏水状況の記録は、原因調査に全く役立たない。,上階からの漏水でも、原因箇所を確認してはならない。,漏水箇所の写真や発生状況を記録することは、原因調査や保険対応に役立つ。,漏水事故では、被害拡大防止の初動対応は不要である。,3,漏水・雨漏りでは、被害拡大防止、原因調査、記録、関係者調整が重要です。
287,single,維持保全,維持保全;雨漏り漏水,雨漏り・漏水に関する次の記述のうち、最も不適切なものはどれか。,"","","","","",上階からの漏水では、入居者間の調整や原因箇所の確認が必要となることがある。,上階からの漏水でも、原因箇所を確認してはならない。,漏水事故では、被害拡大防止のため初動対応が重要である。,雨漏りは、屋根や外壁、防水、配管など複数の原因が考えられる。,2,漏水・雨漏りでは、被害拡大防止、原因調査、記録、関係者調整が重要です。
288,single,維持保全,維持保全;清掃,共用部分の清掃に関する次の記述のうち、正しいものはどれか。,"","","","","",共用部分の清掃は、衛生環境や美観の維持に役立つ。,共用部分の清掃は、衛生環境や美観に全く関係がない。,ゴミ置場の管理不良は、悪臭や害虫とは一切関係がない。,清掃範囲や頻度は、明確にしない方が常に管理品質が安定する。,1,清掃は美観だけでなく、衛生管理、害虫予防、設備異常の発見にも関わります。
289,single,維持保全,維持保全;清掃,共用部分の清掃に関する次の記述のうち、最も不適切なものはどれか。,"","","","","",ゴミ置場の管理不良は、悪臭や害虫発生につながることがある。,清掃範囲や頻度を明確にすることは、管理品質の安定に役立つ。,ゴミ置場の管理不良は、悪臭や害虫とは一切関係がない。,清掃時に設備の破損や異常を発見することがある。,3,清掃は美観だけでなく、衛生管理、害虫予防、設備異常の発見にも関わります。
290,single,維持保全,維持保全;清掃,共用部分の清掃に関する次の記述のうち、正しいものはどれか。,"","","","","",清掃範囲や頻度は、明確にしない方が常に管理品質が安定する。,清掃時に設備異常を見つけても、報告してはならない。,清掃範囲や頻度を明確にすることは、管理品質の安定に役立つ。,共用部分の清掃は、衛生環境や美観に全く関係がない。,3,清掃は美観だけでなく、衛生管理、害虫予防、設備異常の発見にも関わります。
291,single,維持保全,維持保全;清掃,共用部分の清掃に関する次の記述のうち、最も不適切なものはどれか。,"","","","","",清掃時に設備の破損や異常を発見することがある。,清掃時に設備異常を見つけても、報告してはならない。,共用部分の清掃は、衛生環境や美観の維持に役立つ。,ゴミ置場の管理不良は、悪臭や害虫発生につながることがある。,2,清掃は美観だけでなく、衛生管理、害虫予防、設備異常の発見にも関わります。
292,single,維持保全,維持保全;害虫防除,害虫・ねずみ等の防除に関する次の記述のうち、正しいものはどれか。,"","","","","",害虫やねずみの発生は、衛生環境や入居者満足に影響する。,害虫やねずみの発生は、衛生環境に一切影響しない。,ゴミ置場の管理や建物の隙間は、害虫発生と全く関係がない。,防除作業は、専門業者に依頼してはならない。,1,害虫・ねずみ等の防除では、原因確認、専門対応、清掃、再発防止の周知が重要です。
293,single,維持保全,維持保全;害虫防除,害虫・ねずみ等の防除に関する次の記述のうち、最も不適切なものはどれか。,"","","","","",発生原因として、ゴミ置場の管理や建物の隙間などを確認することがある。,防除作業では、専門業者への依頼が必要となる場合がある。,ゴミ置場の管理や建物の隙間は、害虫発生と全く関係がない。,再発防止には、清掃や入居者への注意喚起も重要である。,3,害虫・ねずみ等の防除では、原因確認、専門対応、清掃、再発防止の周知が重要です。
294,single,維持保全,維持保全;害虫防除,害虫・ねずみ等の防除に関する次の記述のうち、正しいものはどれか。,"","","","","",防除作業は、専門業者に依頼してはならない。,再発防止には、清掃や注意喚起は全く役立たない。,防除作業では、専門業者への依頼が必要となる場合がある。,害虫やねずみの発生は、衛生環境に一切影響しない。,3,害虫・ねずみ等の防除では、原因確認、専門対応、清掃、再発防止の周知が重要です。
295,single,維持保全,維持保全;害虫防除,害虫・ねずみ等の防除に関する次の記述のうち、最も不適切なものはどれか。,"","","","","",再発防止には、清掃や入居者への注意喚起も重要である。,再発防止には、清掃や注意喚起は全く役立たない。,害虫やねずみの発生は、衛生環境や入居者満足に影響する。,発生原因として、ゴミ置場の管理や建物の隙間などを確認することがある。,2,害虫・ねずみ等の防除では、原因確認、専門対応、清掃、再発防止の周知が重要です。
296,single,維持保全,維持保全;緊急対応,緊急時対応に関する次の記述のうち、正しいものはどれか。,"","","","","",火災、地震、漏水などの緊急時には、人命安全と被害拡大防止を優先する。,緊急時には、人命安全よりも管理業者の事務処理を常に優先する。,緊急時の連絡先や対応手順は、整備してはならない。,緊急対応後の記録は、どのような場合でも作成してはならない。,1,緊急時対応では、人命安全、被害拡大防止、連絡体制、記録が重要です。
297,single,維持保全,維持保全;緊急対応,緊急時対応に関する次の記述のうち、最も不適切なものはどれか。,"","","","","",緊急時の連絡先や対応手順を整備しておくことは重要である。,緊急対応後には、発生状況や対応内容を記録することが望ましい。,緊急時の連絡先や対応手順は、整備してはならない。,必要に応じて、消防、警察、専門業者、委託者へ連絡する。,3,緊急時対応では、人命安全、被害拡大防止、連絡体制、記録が重要です。
298,single,維持保全,維持保全;緊急対応,緊急時対応に関する次の記述のうち、正しいものはどれか。,"","","","","",緊急対応後の記録は、どのような場合でも作成してはならない。,火災時でも、消防へ連絡することは常に禁止されている。,緊急対応後には、発生状況や対応内容を記録することが望ましい。,緊急時には、人命安全よりも管理業者の事務処理を常に優先する。,3,緊急時対応では、人命安全、被害拡大防止、連絡体制、記録が重要です。
299,single,維持保全,維持保全;緊急対応,緊急時対応に関する次の記述のうち、最も不適切なものはどれか。,"","","","","",必要に応じて、消防、警察、専門業者、委託者へ連絡する。,火災時でも、消防へ連絡することは常に禁止されている。,火災、地震、漏水などの緊急時には、人命安全と被害拡大防止を優先する。,緊急時の連絡先や対応手順を整備しておくことは重要である。,2,緊急時対応では、人命安全、被害拡大防止、連絡体制、記録が重要です。
300,single,維持保全,維持保全;原状回復,原状回復の基本に関する次の記述のうち、正しいものはどれか。,"","","","","",原状回復は、賃借人が借りた当時の状態に完全に戻すことを常に意味するものではない。,原状回復は、賃借人が新築同様の状態に戻す義務を常に負うことを意味する。,通常損耗や経年変化は、常に賃借人が全額負担する。,賃借人の故意・過失による損耗でも、賃借人負担となる余地はない。,1,原状回復では、通常損耗・経年変化と故意過失による損耗を区別する考え方が重要です。
301,single,維持保全,維持保全;原状回復,原状回復の基本に関する次の記述のうち、最も不適切なものはどれか。,"","","","","",通常損耗や経年変化は、原則として賃貸人負担と整理される。,賃借人の故意・過失による損耗は、賃借人負担となることがある。,通常損耗や経年変化は、常に賃借人が全額負担する。,入退去時の物件状況確認は、原状回復トラブルの予防に役立つ。,3,原状回復では、通常損耗・経年変化と故意過失による損耗を区別する考え方が重要です。
302,single,維持保全,維持保全;原状回復,原状回復の基本に関する次の記述のうち、正しいものはどれか。,"","","","","",賃借人の故意・過失による損耗でも、賃借人負担となる余地はない。,入退去時の物件状況確認は、原状回復トラブルの予防に全く役立たない。,賃借人の故意・過失による損耗は、賃借人負担となることがある。,原状回復は、賃借人が新築同様の状態に戻す義務を常に負うことを意味する。,3,原状回復では、通常損耗・経年変化と故意過失による損耗を区別する考え方が重要です。
303,single,維持保全,維持保全;原状回復,原状回復の基本に関する次の記述のうち、最も不適切なものはどれか。,"","","","","",入退去時の物件状況確認は、原状回復トラブルの予防に役立つ。,入退去時の物件状況確認は、原状回復トラブルの予防に全く役立たない。,原状回復は、賃借人が借りた当時の状態に完全に戻すことを常に意味するものではない。,通常損耗や経年変化は、原則として賃貸人負担と整理される。,2,原状回復では、通常損耗・経年変化と故意過失による損耗を区別する考え方が重要です。
304,single,維持保全,維持保全;原状回復特約,原状回復特約に関する次の記述のうち、正しいものはどれか。,"","","","","",通常損耗を賃借人負担とする特約は、内容が明確で賃借人が認識していることなどが問題となる。,通常損耗を賃借人負担とする特約は、どれほど不明確でも常に有効である。,原状回復特約は、賃借人に説明せず隠しておくことが望ましい。,特約の有効性は、消費者契約法などと一切関係しない。,1,原状回復特約では、内容の明確性、賃借人の認識、消費者契約法との関係などが重要です。
305,single,維持保全,維持保全;原状回復特約,原状回復特約に関する次の記述のうち、最も不適切なものはどれか。,"","","","","",原状回復特約は、賃借人に不意打ちとならないよう具体的に説明することが重要である。,特約の有効性は、消費者契約法などとの関係でも問題となることがある。,原状回復特約は、賃借人に説明せず隠しておくことが望ましい。,原状回復条件を契約時に確認しておくことは、退去時トラブルの予防に役立つ。,3,原状回復特約では、内容の明確性、賃借人の認識、消費者契約法との関係などが重要です。
306,single,維持保全,維持保全;原状回復特約,原状回復特約に関する次の記述のうち、正しいものはどれか。,"","","","","",特約の有効性は、消費者契約法などと一切関係しない。,原状回復条件は、退去時まで一切確認してはならない。,特約の有効性は、消費者契約法などとの関係でも問題となることがある。,通常損耗を賃借人負担とする特約は、どれほど不明確でも常に有効である。,3,原状回復特約では、内容の明確性、賃借人の認識、消費者契約法との関係などが重要です。
307,single,維持保全,維持保全;原状回復特約,原状回復特約に関する次の記述のうち、最も不適切なものはどれか。,"","","","","",原状回復条件を契約時に確認しておくことは、退去時トラブルの予防に役立つ。,原状回復条件は、退去時まで一切確認してはならない。,通常損耗を賃借人負担とする特約は、内容が明確で賃借人が認識していることなどが問題となる。,原状回復特約は、賃借人に不意打ちとならないよう具体的に説明することが重要である。,2,原状回復特約では、内容の明確性、賃借人の認識、消費者契約法との関係などが重要です。
308,single,維持保全,維持保全;入退去確認,入退去時の確認に関する次の記述のうち、正しいものはどれか。,"","","","","",入居時に室内の傷や汚れを確認しておくことは、退去時の紛争予防に役立つ。,入居時の傷や汚れは、確認すると必ず紛争になるため確認してはならない。,退去時には、損耗の原因を確認せず全額を賃借人負担にすればよい。,写真やチェックリストは、物件状況の記録には全く役立たない。,1,入退去時の確認では、写真やチェックリストにより損耗状況を残し、認識違いを防ぐことが重要です。
309,single,維持保全,維持保全;入退去確認,入退去時の確認に関する次の記述のうち、最も不適切なものはどれか。,"","","","","",退去時には、損耗の内容、発生時期、原因を確認することが重要である。,写真やチェックリストを活用することで、物件状況を客観的に残しやすくなる。,退去時には、損耗の原因を確認せず全額を賃借人負担にすればよい。,入居者と管理業者が確認結果を共有することは、認識違いを防ぐ。,3,入退去時の確認では、写真やチェックリストにより損耗状況を残し、認識違いを防ぐことが重要です。
310,single,維持保全,維持保全;入退去確認,入退去時の確認に関する次の記述のうち、正しいものはどれか。,"","","","","",写真やチェックリストは、物件状況の記録には全く役立たない。,確認結果は、入居者と共有してはならない。,写真やチェックリストを活用することで、物件状況を客観的に残しやすくなる。,入居時の傷や汚れは、確認すると必ず紛争になるため確認してはならない。,3,入退去時の確認では、写真やチェックリストにより損耗状況を残し、認識違いを防ぐことが重要です。
311,single,維持保全,維持保全;入退去確認,入退去時の確認に関する次の記述のうち、最も不適切なものはどれか。,"","","","","",入居者と管理業者が確認結果を共有することは、認識違いを防ぐ。,確認結果は、入居者と共有してはならない。,入居時に室内の傷や汚れを確認しておくことは、退去時の紛争予防に役立つ。,退去時には、損耗の内容、発生時期、原因を確認することが重要である。,2,入退去時の確認では、写真やチェックリストにより損耗状況を残し、認識違いを防ぐことが重要です。
312,single,金銭管理,金銭管理;家賃収納,家賃収納に関する次の記述のうち、正しいものはどれか。,"","","","","",家賃収納を管理業者が行う場合、収納方法や収納日を明確にすることが重要である。,家賃収納方法は、管理業者が入居者に知らせず毎月自由に変更してよい。,収納方法は、契約や運用ルールで整理してはならない。,収納状況を記録すると未収金管理が不可能になる。,1,家賃収納では、方法・時期・記録・入金確認を明確にして滞納管理につなげることが重要です。
313,single,金銭管理,金銭管理;家賃収納,家賃収納に関する次の記述のうち、最も不適切なものはどれか。,"","","","","",口座振替や振込などの収納方法は、契約や運用ルールで整理しておくことが望ましい。,収納状況を記録することは、未収金管理に役立つ。,収納方法は、契約や運用ルールで整理してはならない。,入金確認の遅れは、滞納対応の遅れにつながることがある。,3,家賃収納では、方法・時期・記録・入金確認を明確にして滞納管理につなげることが重要です。
314,single,金銭管理,金銭管理;家賃収納,家賃収納に関する次の記述のうち、正しいものはどれか。,"","","","","",収納状況を記録すると未収金管理が不可能になる。,入金確認は、滞納対応と全く関係がない。,収納状況を記録することは、未収金管理に役立つ。,家賃収納方法は、管理業者が入居者に知らせず毎月自由に変更してよい。,3,家賃収納では、方法・時期・記録・入金確認を明確にして滞納管理につなげることが重要です。
315,single,金銭管理,金銭管理;家賃収納,家賃収納に関する次の記述のうち、最も不適切なものはどれか。,"","","","","",入金確認の遅れは、滞納対応の遅れにつながることがある。,入金確認は、滞納対応と全く関係がない。,家賃収納を管理業者が行う場合、収納方法や収納日を明確にすることが重要である。,口座振替や振込などの収納方法は、契約や運用ルールで整理しておくことが望ましい。,2,家賃収納では、方法・時期・記録・入金確認を明確にして滞納管理につなげることが重要です。
316,single,金銭管理,金銭管理;送金精算,送金・精算に関する次の記述のうち、正しいものはどれか。,"","","","","",管理業者が家賃等を収納した場合、委託者への送金時期や方法を明確にする必要がある。,送金時期は、委託者に知らせず管理業者が自由に決めればよい。,送金額の内訳は、委託者に示してはならない。,管理報酬や修繕費は、根拠を示さず自由に控除してよい。,1,送金・精算では、送金時期、内訳、控除根拠、精算書の作成が重要です。
317,single,金銭管理,金銭管理;送金精算,送金・精算に関する次の記述のうち、最も不適切なものはどれか。,"","","","","",送金額の内訳を明示することは、委託者の確認に役立つ。,管理報酬や修繕費を控除する場合、その根拠を明確にすることが重要である。,送金額の内訳は、委託者に示してはならない。,精算書を作成して保管することは、後日の確認に役立つ。,3,送金・精算では、送金時期、内訳、控除根拠、精算書の作成が重要です。
318,single,金銭管理,金銭管理;送金精算,送金・精算に関する次の記述のうち、正しいものはどれか。,"","","","","",管理報酬や修繕費は、根拠を示さず自由に控除してよい。,精算書は、作成すると必ず違法となる。,管理報酬や修繕費を控除する場合、その根拠を明確にすることが重要である。,送金時期は、委託者に知らせず管理業者が自由に決めればよい。,3,送金・精算では、送金時期、内訳、控除根拠、精算書の作成が重要です。
319,single,金銭管理,金銭管理;送金精算,送金・精算に関する次の記述のうち、最も不適切なものはどれか。,"","","","","",精算書を作成して保管することは、後日の確認に役立つ。,精算書は、作成すると必ず違法となる。,管理業者が家賃等を収納した場合、委託者への送金時期や方法を明確にする必要がある。,送金額の内訳を明示することは、委託者の確認に役立つ。,2,送金・精算では、送金時期、内訳、控除根拠、精算書の作成が重要です。
320,single,金銭管理,金銭管理;分別管理,分別管理に関する次の記述のうち、正しいものはどれか。,"","","","","",家賃等の預り金は、管理業者の固有財産と分別して管理する必要がある。,帳簿で把握していれば、預り金を管理業者の運転資金として自由に使ってよい。,分別管理は、財産の混同防止とは全く関係がない。,敷金や共益費は、管理業者が受領した瞬間にすべて管理業者の利益となる。,1,預り金は固有財産と分別し、家賃・敷金・共益費などの性質に応じて管理します。
321,single,金銭管理,金銭管理;分別管理,分別管理に関する次の記述のうち、最も不適切なものはどれか。,"","","","","",分別管理は、委託者に帰属する金銭と管理業者の財産の混同を防ぐ趣旨を有する。,敷金や共益費なども、管理する場合には性質に応じた管理が求められる。,分別管理は、財産の混同防止とは全く関係がない。,分別管理の方法を社内で明確にしておくことは実務上重要である。,3,預り金は固有財産と分別し、家賃・敷金・共益費などの性質に応じて管理します。
322,single,金銭管理,金銭管理;分別管理,分別管理に関する次の記述のうち、正しいものはどれか。,"","","","","",敷金や共益費は、管理業者が受領した瞬間にすべて管理業者の利益となる。,分別管理の方法は、社内で決めてはならない。,敷金や共益費なども、管理する場合には性質に応じた管理が求められる。,帳簿で把握していれば、預り金を管理業者の運転資金として自由に使ってよい。,3,預り金は固有財産と分別し、家賃・敷金・共益費などの性質に応じて管理します。
323,single,金銭管理,金銭管理;分別管理,分別管理に関する次の記述のうち、最も不適切なものはどれか。,"","","","","",分別管理の方法を社内で明確にしておくことは実務上重要である。,分別管理の方法は、社内で決めてはならない。,家賃等の預り金は、管理業者の固有財産と分別して管理する必要がある。,分別管理は、委託者に帰属する金銭と管理業者の財産の混同を防ぐ趣旨を有する。,2,預り金は固有財産と分別し、家賃・敷金・共益費などの性質に応じて管理します。
324,single,金銭管理,金銭管理;敷金,敷金に関する次の記述のうち、正しいものはどれか。,"","","","","",敷金は、賃貸借契約上の債務を担保するために賃借人から差し入れられる金銭である。,敷金は、賃借人から管理業者への贈与金であり返還の問題は生じない。,賃貸借終了時には、未払賃料があっても敷金から控除する余地はない。,敷金精算では、控除の根拠や明細を示してはならない。,1,敷金は賃借人の債務を担保する金銭で、終了時に未払賃料等を控除して精算されます。
325,single,金銭管理,金銭管理;敷金,敷金に関する次の記述のうち、最も不適切なものはどれか。,"","","","","",賃貸借終了時には、未払賃料や原状回復費用などを控除して返還額を精算することがある。,敷金の精算では、控除の根拠や明細を明確にすることが重要である。,賃貸借終了時には、未払賃料があっても敷金から控除する余地はない。,賃貸物件の所有権移転時には、敷金返還債務の承継が問題となることがある。,3,敷金は賃借人の債務を担保する金銭で、終了時に未払賃料等を控除して精算されます。
326,single,金銭管理,金銭管理;敷金,敷金に関する次の記述のうち、正しいものはどれか。,"","","","","",敷金精算では、控除の根拠や明細を示してはならない。,所有権移転時に敷金返還債務が問題となることは絶対にない。,敷金の精算では、控除の根拠や明細を明確にすることが重要である。,敷金は、賃借人から管理業者への贈与金であり返還の問題は生じない。,3,敷金は賃借人の債務を担保する金銭で、終了時に未払賃料等を控除して精算されます。
327,single,金銭管理,金銭管理;敷金,敷金に関する次の記述のうち、最も不適切なものはどれか。,"","","","","",賃貸物件の所有権移転時には、敷金返還債務の承継が問題となることがある。,所有権移転時に敷金返還債務が問題となることは絶対にない。,敷金は、賃貸借契約上の債務を担保するために賃借人から差し入れられる金銭である。,賃貸借終了時には、未払賃料や原状回復費用などを控除して返還額を精算することがある。,2,敷金は賃借人の債務を担保する金銭で、終了時に未払賃料等を控除して精算されます。
328,single,金銭管理,金銭管理;共益費,共益費に関する次の記述のうち、正しいものはどれか。,"","","","","",共益費は、共用部分の維持管理等に充てられる費用として設定されることがある。,共益費は、共用部分の維持管理とは一切関係がない。,共益費の金額や支払時期は、契約で定めてはならない。,共益費は、請求や収納の方法を整理すると違法になる。,1,共益費は共用部分管理に関係する費用であり、金額・支払時期・収納方法を明確にします。
329,single,金銭管理,金銭管理;共益費,共益費に関する次の記述のうち、最も不適切なものはどれか。,"","","","","",共益費の金額や支払時期は、賃貸借契約で明確にしておくべき事項である。,共益費を家賃と別に管理する場合、請求・収納の方法を整理することが重要である。,共益費の金額や支払時期は、契約で定めてはならない。,共益費の滞納がある場合、賃料滞納と同様に債務不履行として問題となることがある。,3,共益費は共用部分管理に関係する費用であり、金額・支払時期・収納方法を明確にします。
330,single,金銭管理,金銭管理;共益費,共益費に関する次の記述のうち、正しいものはどれか。,"","","","","",共益費は、請求や収納の方法を整理すると違法になる。,共益費の滞納は、債務不履行として問題になる余地が全くない。,共益費を家賃と別に管理する場合、請求・収納の方法を整理することが重要である。,共益費は、共用部分の維持管理とは一切関係がない。,3,共益費は共用部分管理に関係する費用であり、金額・支払時期・収納方法を明確にします。
331,single,金銭管理,金銭管理;共益費,共益費に関する次の記述のうち、最も不適切なものはどれか。,"","","","","",共益費の滞納がある場合、賃料滞納と同様に債務不履行として問題となることがある。,共益費の滞納は、債務不履行として問題になる余地が全くない。,共益費は、共用部分の維持管理等に充てられる費用として設定されることがある。,共益費の金額や支払時期は、賃貸借契約で明確にしておくべき事項である。,2,共益費は共用部分管理に関係する費用であり、金額・支払時期・収納方法を明確にします。
332,single,金銭管理,金銭管理;滞納管理,滞納管理に関する次の記述のうち、正しいものはどれか。,"","","","","",賃料滞納が発生した場合、早期に事実確認を行うことが重要である。,滞納が発生しても、事実確認をしてはならない。,滞納状況は、委託者に一切報告してはならない。,督促の経過は、記録すると必ず回収不能になる。,1,滞納管理では、早期確認、委託者報告、督促記録、法的手続の検討が重要です。
333,single,金銭管理,金銭管理;滞納管理,滞納管理に関する次の記述のうち、最も不適切なものはどれか。,"","","","","",滞納状況は、委託者に適切に報告する必要がある。,督促の経過を記録しておくことは、後日の対応に役立つ。,滞納状況は、委託者に一切報告してはならない。,滞納が長期化した場合、法的手続の要否を検討することがある。,3,滞納管理では、早期確認、委託者報告、督促記録、法的手続の検討が重要です。
334,single,金銭管理,金銭管理;滞納管理,滞納管理に関する次の記述のうち、正しいものはどれか。,"","","","","",督促の経過は、記録すると必ず回収不能になる。,滞納が長期化しても、法的手続を検討する余地は一切ない。,督促の経過を記録しておくことは、後日の対応に役立つ。,滞納が発生しても、事実確認をしてはならない。,3,滞納管理では、早期確認、委託者報告、督促記録、法的手続の検討が重要です。
335,single,金銭管理,金銭管理;滞納管理,滞納管理に関する次の記述のうち、最も不適切なものはどれか。,"","","","","",滞納が長期化した場合、法的手続の要否を検討することがある。,滞納が長期化しても、法的手続を検討する余地は一切ない。,賃料滞納が発生した場合、早期に事実確認を行うことが重要である。,滞納状況は、委託者に適切に報告する必要がある。,2,滞納管理では、早期確認、委託者報告、督促記録、法的手続の検討が重要です。
336,single,金銭管理,金銭管理;督促,督促に関する次の記述のうち、正しいものはどれか。,"","","","","",督促は、社会的相当性を踏まえて行う必要がある。,督促では、どのような手段を用いても回収できれば常に適法である。,深夜早朝に執拗な督促をしても、トラブルになる余地はない。,督促文書では、滞納額や支払期限をあえて曖昧にするべきである。,1,督促は、社会的相当性を守り、滞納額・期限を明確にし、個人情報にも配慮して行います。
337,single,金銭管理,金銭管理;督促,督促に関する次の記述のうち、最も不適切なものはどれか。,"","","","","",深夜早朝の執拗な督促などは、トラブルや違法性の問題を生じさせることがある。,督促文書では、滞納額や支払期限を明確にすることが重要である。,深夜早朝に執拗な督促をしても、トラブルになる余地はない。,保証人に連絡する場合でも、個人情報や契約内容に配慮する必要がある。,3,督促は、社会的相当性を守り、滞納額・期限を明確にし、個人情報にも配慮して行います。
338,single,金銭管理,金銭管理;督促,督促に関する次の記述のうち、正しいものはどれか。,"","","","","",督促文書では、滞納額や支払期限をあえて曖昧にするべきである。,保証人への連絡では、個人情報への配慮は一切不要である。,督促文書では、滞納額や支払期限を明確にすることが重要である。,督促では、どのような手段を用いても回収できれば常に適法である。,3,督促は、社会的相当性を守り、滞納額・期限を明確にし、個人情報にも配慮して行います。
339,single,金銭管理,金銭管理;督促,督促に関する次の記述のうち、最も不適切なものはどれか。,"","","","","",保証人に連絡する場合でも、個人情報や契約内容に配慮する必要がある。,保証人への連絡では、個人情報への配慮は一切不要である。,督促は、社会的相当性を踏まえて行う必要がある。,深夜早朝の執拗な督促などは、トラブルや違法性の問題を生じさせることがある。,2,督促は、社会的相当性を守り、滞納額・期限を明確にし、個人情報にも配慮して行います。
340,single,金銭管理,金銭管理;保証会社,家賃債務保証に関する次の記述のうち、正しいものはどれか。,"","","","","",家賃債務保証会社を利用する場合、保証範囲や代位弁済後の求償関係を確認することが重要である。,保証会社を利用すれば、保証範囲を確認する必要は一切ない。,保証料は、入居者の負担に全く影響しない。,保証会社が代位弁済すれば、賃貸借契約は必ず当然に終了する。,1,家賃債務保証では、保証範囲、保証料、代位弁済、賃貸借契約との関係を確認します。
341,single,金銭管理,金銭管理;保証会社,家賃債務保証に関する次の記述のうち、最も不適切なものはどれか。,"","","","","",保証会社の利用条件や保証料は、入居者の負担に影響する。,保証会社が代位弁済しても、賃貸借契約上の滞納事実が消えるわけではない。,保証料は、入居者の負担に全く影響しない。,保証契約と賃貸借契約は、別個の契約関係として整理される。,3,家賃債務保証では、保証範囲、保証料、代位弁済、賃貸借契約との関係を確認します。
342,single,金銭管理,金銭管理;保証会社,家賃債務保証に関する次の記述のうち、正しいものはどれか。,"","","","","",保証会社が代位弁済すれば、賃貸借契約は必ず当然に終了する。,保証契約と賃貸借契約は、常に完全に同一の契約である。,保証会社が代位弁済しても、賃貸借契約上の滞納事実が消えるわけではない。,保証会社を利用すれば、保証範囲を確認する必要は一切ない。,3,家賃債務保証では、保証範囲、保証料、代位弁済、賃貸借契約との関係を確認します。
343,single,金銭管理,金銭管理;保証会社,家賃債務保証に関する次の記述のうち、最も不適切なものはどれか。,"","","","","",保証契約と賃貸借契約は、別個の契約関係として整理される。,保証契約と賃貸借契約は、常に完全に同一の契約である。,家賃債務保証会社を利用する場合、保証範囲や代位弁済後の求償関係を確認することが重要である。,保証会社の利用条件や保証料は、入居者の負担に影響する。,2,家賃債務保証では、保証範囲、保証料、代位弁済、賃貸借契約との関係を確認します。
344,single,金銭管理,金銭管理;連帯保証,連帯保証に関する次の記述のうち、正しいものはどれか。,"","","","","",個人根保証契約では、極度額の定めが重要となる。,個人根保証契約では、極度額を定めなくても常に有効である。,保証契約は、口頭だけで常に有効に成立する。,保証人に請求する場合、主債務の内容を確認してはならない。,1,保証では、書面性、個人根保証の極度額、請求時の債務確認、相続の問題が重要です。
345,single,金銭管理,金銭管理;連帯保証,連帯保証に関する次の記述のうち、最も不適切なものはどれか。,"","","","","",保証契約は、書面又は電磁的記録によってしなければ効力を生じない。,保証人に請求する場合、主債務の内容や滞納状況を確認する必要がある。,保証契約は、口頭だけで常に有効に成立する。,保証人が死亡した場合、保証債務の相続が問題となることがある。,3,保証では、書面性、個人根保証の極度額、請求時の債務確認、相続の問題が重要です。
346,single,金銭管理,金銭管理;連帯保証,連帯保証に関する次の記述のうち、正しいものはどれか。,"","","","","",保証人に請求する場合、主債務の内容を確認してはならない。,保証人が死亡しても、保証債務の相続が問題となることは絶対にない。,保証人に請求する場合、主債務の内容や滞納状況を確認する必要がある。,個人根保証契約では、極度額を定めなくても常に有効である。,3,保証では、書面性、個人根保証の極度額、請求時の債務確認、相続の問題が重要です。
347,single,金銭管理,金銭管理;連帯保証,連帯保証に関する次の記述のうち、最も不適切なものはどれか。,"","","","","",保証人が死亡した場合、保証債務の相続が問題となることがある。,保証人が死亡しても、保証債務の相続が問題となることは絶対にない。,個人根保証契約では、極度額の定めが重要となる。,保証契約は、書面又は電磁的記録によってしなければ効力を生じない。,2,保証では、書面性、個人根保証の極度額、請求時の債務確認、相続の問題が重要です。
348,single,金銭管理,金銭管理;未収賃料会計,未収賃料の会計に関する次の記述のうち、正しいものはどれか。,"","","","","",発生主義では、賃料の収入計上時期が入金時期と異なる場合がある。,発生主義では、賃料は必ず入金した日にだけ収入計上する。,未収賃料は、回収可能性を確認してはならない。,未収金一覧は、督促や報告に全く役立たない。,1,未収賃料は、収入計上、回収可能性、督促資料、貸倒れ処理の観点から管理します。
349,single,金銭管理,金銭管理;未収賃料会計,未収賃料の会計に関する次の記述のうち、最も不適切なものはどれか。,"","","","","",未収賃料は、回収可能性を踏まえて管理する必要がある。,未収金の一覧を作成することは、督促や報告に役立つ。,未収賃料は、回収可能性を確認してはならない。,貸倒れの処理には、税務上の要件確認が必要となる。,3,未収賃料は、収入計上、回収可能性、督促資料、貸倒れ処理の観点から管理します。
350,single,金銭管理,金銭管理;未収賃料会計,未収賃料の会計に関する次の記述のうち、正しいものはどれか。,"","","","","",未収金一覧は、督促や報告に全く役立たない。,貸倒れ処理は、税務上の要件を確認せず自由に行ってよい。,未収金の一覧を作成することは、督促や報告に役立つ。,発生主義では、賃料は必ず入金した日にだけ収入計上する。,3,未収賃料は、収入計上、回収可能性、督促資料、貸倒れ処理の観点から管理します。
351,single,金銭管理,金銭管理;未収賃料会計,未収賃料の会計に関する次の記述のうち、最も不適切なものはどれか。,"","","","","",貸倒れの処理には、税務上の要件確認が必要となる。,貸倒れ処理は、税務上の要件を確認せず自由に行ってよい。,発生主義では、賃料の収入計上時期が入金時期と異なる場合がある。,未収賃料は、回収可能性を踏まえて管理する必要がある。,2,未収賃料は、収入計上、回収可能性、督促資料、貸倒れ処理の観点から管理します。
352,single,金銭管理,金銭管理;不動産所得,不動産所得に関する次の記述のうち、正しいものはどれか。,"","","","","",不動産所得の金額は、原則として総収入金額から必要経費を差し引いて計算する。,不動産所得は、総収入金額に必要経費を加算して計算する。,賃料収入は、不動産所得の総収入金額になる余地がない。,家事費と区分できない私的費用も、常に必要経費に算入できる。,1,不動産所得は、総収入金額から必要経費を差し引いて計算するのが基本です。
353,single,金銭管理,金銭管理;不動産所得,不動産所得に関する次の記述のうち、最も不適切なものはどれか。,"","","","","",賃貸用建物の貸付けによる賃料収入は、不動産所得の総収入金額となり得る。,必要経費は、不動産収入を得るために直接必要な費用で家事費と区分できるものが対象となる。,賃料収入は、不動産所得の総収入金額になる余地がない。,不動産所得は、所得税の計算で他の所得と区分して把握される。,3,不動産所得は、総収入金額から必要経費を差し引いて計算するのが基本です。
354,single,金銭管理,金銭管理;不動産所得,不動産所得に関する次の記述のうち、正しいものはどれか。,"","","","","",家事費と区分できない私的費用も、常に必要経費に算入できる。,不動産所得は、所得税の計算では一切考慮されない。,必要経費は、不動産収入を得るために直接必要な費用で家事費と区分できるものが対象となる。,不動産所得は、総収入金額に必要経費を加算して計算する。,3,不動産所得は、総収入金額から必要経費を差し引いて計算するのが基本です。
355,single,金銭管理,金銭管理;不動産所得,不動産所得に関する次の記述のうち、最も不適切なものはどれか。,"","","","","",不動産所得は、所得税の計算で他の所得と区分して把握される。,不動産所得は、所得税の計算では一切考慮されない。,不動産所得の金額は、原則として総収入金額から必要経費を差し引いて計算する。,賃貸用建物の貸付けによる賃料収入は、不動産所得の総収入金額となり得る。,2,不動産所得は、総収入金額から必要経費を差し引いて計算するのが基本です。
356,single,金銭管理,金銭管理;必要経費,必要経費に関する次の記述のうち、正しいものはどれか。,"","","","","",固定資産税や損害保険料などは、不動産所得の必要経費となり得る。,固定資産税は、不動産所得の必要経費となる余地が全くない。,修繕費は、どのような場合でも必要経費に算入できない。,私的な旅行費用でも、賃貸経営と無関係に常に必要経費になる。,1,必要経費は、不動産収入を得るために直接必要で、家事費と区分できる費用が対象です。
357,single,金銭管理,金銭管理;必要経費,必要経費に関する次の記述のうち、最も不適切なものはどれか。,"","","","","",修繕費は、不動産所得の必要経費として処理できる場合がある。,家事上の経費と明確に区分できない費用は、必要経費として問題となる。,修繕費は、どのような場合でも必要経費に算入できない。,借入金利子は、貸付資産の取得等に関係する場合、必要経費となり得る。,3,必要経費は、不動産収入を得るために直接必要で、家事費と区分できる費用が対象です。
358,single,金銭管理,金銭管理;必要経費,必要経費に関する次の記述のうち、正しいものはどれか。,"","","","","",私的な旅行費用でも、賃貸経営と無関係に常に必要経費になる。,借入金利子は、貸付資産との関係があっても必要経費になる余地がない。,家事上の経費と明確に区分できない費用は、必要経費として問題となる。,固定資産税は、不動産所得の必要経費となる余地が全くない。,3,必要経費は、不動産収入を得るために直接必要で、家事費と区分できる費用が対象です。
359,single,金銭管理,金銭管理;必要経費,必要経費に関する次の記述のうち、最も不適切なものはどれか。,"","","","","",借入金利子は、貸付資産の取得等に関係する場合、必要経費となり得る。,借入金利子は、貸付資産との関係があっても必要経費になる余地がない。,固定資産税や損害保険料などは、不動産所得の必要経費となり得る。,修繕費は、不動産所得の必要経費として処理できる場合がある。,2,必要経費は、不動産収入を得るために直接必要で、家事費と区分できる費用が対象です。
360,single,金銭管理,金銭管理;減価償却,減価償却に関する次の記述のうち、正しいものはどれか。,"","","","","",建物や設備などの減価償却資産は、取得価額を一定の方法で各年の必要経費に配分する。,減価償却資産は、取得した年に必ず全額を必要経費にしなければならない。,減価償却は、資産の使用可能期間とは全く関係がない。,取得価額や耐用年数は、減価償却費の計算に一切影響しない。,1,減価償却は、取得価額を耐用年数等に応じて各年の必要経費に配分する手続です。
361,single,金銭管理,金銭管理;減価償却,減価償却に関する次の記述のうち、最も不適切なものはどれか。,"","","","","",減価償却は、資産の使用可能期間にわたり費用配分する考え方である。,取得価額や耐用年数は、減価償却費の計算に影響する。,減価償却は、資産の使用可能期間とは全く関係がない。,少額資産等には、通常の減価償却と異なる取扱いが定められている場合がある。,3,減価償却は、取得価額を耐用年数等に応じて各年の必要経費に配分する手続です。
362,single,金銭管理,金銭管理;減価償却,減価償却に関する次の記述のうち、正しいものはどれか。,"","","","","",取得価額や耐用年数は、減価償却費の計算に一切影響しない。,少額資産等について、通常と異なる取扱いが問題となることはない。,取得価額や耐用年数は、減価償却費の計算に影響する。,減価償却資産は、取得した年に必ず全額を必要経費にしなければならない。,3,減価償却は、取得価額を耐用年数等に応じて各年の必要経費に配分する手続です。
363,single,金銭管理,金銭管理;減価償却,減価償却に関する次の記述のうち、最も不適切なものはどれか。,"","","","","",少額資産等には、通常の減価償却と異なる取扱いが定められている場合がある。,少額資産等について、通常と異なる取扱いが問題となることはない。,建物や設備などの減価償却資産は、取得価額を一定の方法で各年の必要経費に配分する。,減価償却は、資産の使用可能期間にわたり費用配分する考え方である。,2,減価償却は、取得価額を耐用年数等に応じて各年の必要経費に配分する手続です。
364,single,金銭管理,金銭管理;修繕費資本的支出,修繕費と資本的支出に関する次の記述のうち、正しいものはどれか。,"","","","","",通常の維持管理や原状回復のための支出は、修繕費として処理されることがある。,すべての工事費は、内容にかかわらず必ず修繕費として即時に必要経費となる。,建物の価値を高める支出でも、資本的支出として扱われる余地はない。,修繕費か資本的支出かは、支出の内容を見ずに名称だけで決まる。,1,修繕費と資本的支出は、支出の内容や効果を踏まえて区分する必要があります。
365,single,金銭管理,金銭管理;修繕費資本的支出,修繕費と資本的支出に関する次の記述のうち、最も不適切なものはどれか。,"","","","","",建物の価値や耐久性を高める支出は、資本的支出として扱われることがある。,修繕費か資本的支出かは、支出の内容や効果を見て判断する。,建物の価値を高める支出でも、資本的支出として扱われる余地はない。,資本的支出に該当する場合、減価償却を通じて費用化することがある。,3,修繕費と資本的支出は、支出の内容や効果を踏まえて区分する必要があります。
366,single,金銭管理,金銭管理;修繕費資本的支出,修繕費と資本的支出に関する次の記述のうち、正しいものはどれか。,"","","","","",修繕費か資本的支出かは、支出の内容を見ずに名称だけで決まる。,資本的支出に該当しても、減価償却の問題は生じない。,修繕費か資本的支出かは、支出の内容や効果を見て判断する。,すべての工事費は、内容にかかわらず必ず修繕費として即時に必要経費となる。,3,修繕費と資本的支出は、支出の内容や効果を踏まえて区分する必要があります。
367,single,金銭管理,金銭管理;修繕費資本的支出,修繕費と資本的支出に関する次の記述のうち、最も不適切なものはどれか。,"","","","","",資本的支出に該当する場合、減価償却を通じて費用化することがある。,資本的支出に該当しても、減価償却の問題は生じない。,通常の維持管理や原状回復のための支出は、修繕費として処理されることがある。,建物の価値や耐久性を高める支出は、資本的支出として扱われることがある。,2,修繕費と資本的支出は、支出の内容や効果を踏まえて区分する必要があります。
368,single,金銭管理,金銭管理;固定資産税,固定資産税・都市計画税に関する次の記述のうち、正しいものはどれか。,"","","","","",固定資産税は、土地や家屋などの固定資産に課される地方税である。,固定資産税は、賃貸借契約の賃借人だけに課される国税である。,都市計画税は、どの地域のどの資産にも必ず課される税である。,賃貸用不動産の固定資産税は、必要経費になる余地が全くない。,1,固定資産税・都市計画税は地方税で、賃貸用不動産に係るものは必要経費となり得ます。
369,single,金銭管理,金銭管理;固定資産税,固定資産税・都市計画税に関する次の記述のうち、最も不適切なものはどれか。,"","","","","",都市計画税は、一定の区域内の土地や家屋に課されることがある。,賃貸用不動産に係る固定資産税は、不動産所得の必要経費となり得る。,都市計画税は、どの地域のどの資産にも必ず課される税である。,固定資産税等の納税通知書は、納税額確認の資料となる。,3,固定資産税・都市計画税は地方税で、賃貸用不動産に係るものは必要経費となり得ます。
370,single,金銭管理,金銭管理;固定資産税,固定資産税・都市計画税に関する次の記述のうち、正しいものはどれか。,"","","","","",賃貸用不動産の固定資産税は、必要経費になる余地が全くない。,納税通知書は、納税額確認の資料にはならない。,賃貸用不動産に係る固定資産税は、不動産所得の必要経費となり得る。,固定資産税は、賃貸借契約の賃借人だけに課される国税である。,3,固定資産税・都市計画税は地方税で、賃貸用不動産に係るものは必要経費となり得ます。
371,single,金銭管理,金銭管理;固定資産税,固定資産税・都市計画税に関する次の記述のうち、最も不適切なものはどれか。,"","","","","",固定資産税等の納税通知書は、納税額確認の資料となる。,納税通知書は、納税額確認の資料にはならない。,固定資産税は、土地や家屋などの固定資産に課される地方税である。,都市計画税は、一定の区域内の土地や家屋に課されることがある。,2,固定資産税・都市計画税は地方税で、賃貸用不動産に係るものは必要経費となり得ます。
372,single,金銭管理,金銭管理;消費税,消費税に関する次の記述のうち、正しいものはどれか。,"","","","","",住宅の貸付けは、原則として消費税が非課税とされる。,住宅の貸付けは、どのような場合でも必ず消費税の課税対象となる。,事業用建物の貸付けは、消費税の課税対象となる余地が一切ない。,駐車場の貸付けは、利用状況にかかわらず常に非課税である。,1,住宅貸付けは原則非課税ですが、事業用建物や駐車場は契約内容・利用実態に応じて確認が必要です。
373,single,金銭管理,金銭管理;消費税,消費税に関する次の記述のうち、最も不適切なものはどれか。,"","","","","",事務所や店舗など事業用建物の貸付けは、消費税の課税対象となる場合がある。,駐車場の貸付けは、土地の利用状況等により消費税の取扱いを確認する必要がある。,事業用建物の貸付けは、消費税の課税対象となる余地が一切ない。,課税・非課税の判定は、契約内容や利用実態を踏まえて行う。,3,住宅貸付けは原則非課税ですが、事業用建物や駐車場は契約内容・利用実態に応じて確認が必要です。
374,single,金銭管理,金銭管理;消費税,消費税に関する次の記述のうち、正しいものはどれか。,"","","","","",駐車場の貸付けは、利用状況にかかわらず常に非課税である。,消費税の課税判定では、契約内容や利用実態を確認してはならない。,駐車場の貸付けは、土地の利用状況等により消費税の取扱いを確認する必要がある。,住宅の貸付けは、どのような場合でも必ず消費税の課税対象となる。,3,住宅貸付けは原則非課税ですが、事業用建物や駐車場は契約内容・利用実態に応じて確認が必要です。
375,single,金銭管理,金銭管理;消費税,消費税に関する次の記述のうち、最も不適切なものはどれか。,"","","","","",課税・非課税の判定は、契約内容や利用実態を踏まえて行う。,消費税の課税判定では、契約内容や利用実態を確認してはならない。,住宅の貸付けは、原則として消費税が非課税とされる。,事務所や店舗など事業用建物の貸付けは、消費税の課税対象となる場合がある。,2,住宅貸付けは原則非課税ですが、事業用建物や駐車場は契約内容・利用実態に応じて確認が必要です。
376,single,金銭管理,金銭管理;保険,保険に関する次の記述のうち、正しいものはどれか。,"","","","","",火災保険は、火災等による建物損害に備える保険として利用される。,火災保険は、火災による損害とは全く関係がない。,借家人賠償責任保険は、入居者が貸室に損害を与えた場合と一切関係しない。,施設賠償責任保険は、建物管理上の事故とは無関係である。,1,保険では、火災保険、借家人賠償責任保険、施設賠償責任保険の補償範囲を確認します。
377,single,金銭管理,金銭管理;保険,保険に関する次の記述のうち、最も不適切なものはどれか。,"","","","","",借家人賠償責任保険は、入居者が貸室に損害を与えた場合の賠償に関係する。,施設賠償責任保険は、建物管理上の事故による賠償リスクに備えることがある。,借家人賠償責任保険は、入居者が貸室に損害を与えた場合と一切関係しない。,保険の補償範囲や免責事項を確認することは重要である。,3,保険では、火災保険、借家人賠償責任保険、施設賠償責任保険の補償範囲を確認します。
378,single,金銭管理,金銭管理;保険,保険に関する次の記述のうち、正しいものはどれか。,"","","","","",施設賠償責任保険は、建物管理上の事故とは無関係である。,保険では、補償範囲や免責事項を確認してはならない。,施設賠償責任保険は、建物管理上の事故による賠償リスクに備えることがある。,火災保険は、火災による損害とは全く関係がない。,3,保険では、火災保険、借家人賠償責任保険、施設賠償責任保険の補償範囲を確認します。
379,single,金銭管理,金銭管理;保険,保険に関する次の記述のうち、最も不適切なものはどれか。,"","","","","",保険の補償範囲や免責事項を確認することは重要である。,保険では、補償範囲や免責事項を確認してはならない。,火災保険は、火災等による建物損害に備える保険として利用される。,借家人賠償責任保険は、入居者が貸室に損害を与えた場合の賠償に関係する。,2,保険では、火災保険、借家人賠償責任保険、施設賠償責任保険の補償範囲を確認します。
380,single,金銭管理,金銭管理;管理報酬,管理報酬の会計に関する次の記述のうち、正しいものはどれか。,"","","","","",管理報酬は、管理業者にとって管理業務の対価である。,管理報酬は、委託者に帰属する預り金と常に同一の性質を持つ。,家賃等と管理報酬は、性質を区別してはならない。,契約上の根拠がなくても、管理報酬は自由に控除してよい。,1,管理報酬は管理業務の対価であり、預り金とは区別して請求・控除・会計処理を行います。
381,single,金銭管理,金銭管理;管理報酬,管理報酬の会計に関する次の記述のうち、最も不適切なものはどれか。,"","","","","",委託者に送金する家賃等と管理報酬は、性質を区別して処理する必要がある。,管理報酬を家賃収納額から控除する場合、契約上の根拠が必要となる。,家賃等と管理報酬は、性質を区別してはならない。,管理報酬の請求書や精算書は、会計処理の資料となる。,3,管理報酬は管理業務の対価であり、預り金とは区別して請求・控除・会計処理を行います。
382,single,金銭管理,金銭管理;管理報酬,管理報酬の会計に関する次の記述のうち、正しいものはどれか。,"","","","","",契約上の根拠がなくても、管理報酬は自由に控除してよい。,請求書や精算書は、会計処理の資料にはならない。,管理報酬を家賃収納額から控除する場合、契約上の根拠が必要となる。,管理報酬は、委託者に帰属する預り金と常に同一の性質を持つ。,3,管理報酬は管理業務の対価であり、預り金とは区別して請求・控除・会計処理を行います。
383,single,金銭管理,金銭管理;管理報酬,管理報酬の会計に関する次の記述のうち、最も不適切なものはどれか。,"","","","","",管理報酬の請求書や精算書は、会計処理の資料となる。,請求書や精算書は、会計処理の資料にはならない。,管理報酬は、管理業者にとって管理業務の対価である。,委託者に送金する家賃等と管理報酬は、性質を区別して処理する必要がある。,2,管理報酬は管理業務の対価であり、預り金とは区別して請求・控除・会計処理を行います。
384,single,金銭管理,金銭管理;帳簿,帳簿・証憑に関する次の記述のうち、正しいものはどれか。,"","","","","",家賃収納や支払の記録を帳簿に残すことは、金銭管理の基本である。,帳簿は、金銭管理では作成してはならない。,領収書や請求書は、取引確認の資料には一切ならない。,帳簿と入出金を照合すると、不一致を発見できなくなる。,1,帳簿・証憑は、金銭管理、照合、税務申告、委託者説明の基礎になります。
385,single,金銭管理,金銭管理;帳簿,帳簿・証憑に関する次の記述のうち、最も不適切なものはどれか。,"","","","","",領収書、請求書、振込記録などは、取引を確認する証憑となる。,帳簿と実際の入出金を照合することは、不一致の発見に役立つ。,領収書や請求書は、取引確認の資料には一切ならない。,証憑を整理しておくことは、税務申告や委託者説明に役立つ。,3,帳簿・証憑は、金銭管理、照合、税務申告、委託者説明の基礎になります。
386,single,金銭管理,金銭管理;帳簿,帳簿・証憑に関する次の記述のうち、正しいものはどれか。,"","","","","",帳簿と入出金を照合すると、不一致を発見できなくなる。,証憑整理は、税務申告や委託者説明に全く役立たない。,帳簿と実際の入出金を照合することは、不一致の発見に役立つ。,帳簿は、金銭管理では作成してはならない。,3,帳簿・証憑は、金銭管理、照合、税務申告、委託者説明の基礎になります。
387,single,金銭管理,金銭管理;帳簿,帳簿・証憑に関する次の記述のうち、最も不適切なものはどれか。,"","","","","",証憑を整理しておくことは、税務申告や委託者説明に役立つ。,証憑整理は、税務申告や委託者説明に全く役立たない。,家賃収納や支払の記録を帳簿に残すことは、金銭管理の基本である。,領収書、請求書、振込記録などは、取引を確認する証憑となる。,2,帳簿・証憑は、金銭管理、照合、税務申告、委託者説明の基礎になります。
388,single,金銭管理,金銭管理;予算実績,収支予算と実績管理に関する次の記述のうち、正しいものはどれか。,"","","","","",賃貸経営では、収入と支出の見込みを把握することが重要である。,賃貸経営では、収入と支出の見込みを把握してはならない。,予算と実績が大きく違っても、原因を確認する必要はない。,修繕費や空室率は、収支に全く影響しない。,1,収支予算と実績管理は、空室・修繕費などの影響を把握し、委託者への説明に役立ちます。
389,single,金銭管理,金銭管理;予算実績,収支予算と実績管理に関する次の記述のうち、最も不適切なものはどれか。,"","","","","",実績が予算と大きく異なる場合、原因を確認することが望ましい。,修繕費の増加や空室率の上昇は、収支に影響する。,予算と実績が大きく違っても、原因を確認する必要はない。,収支実績を委託者に説明することは、管理提案に役立つ。,3,収支予算と実績管理は、空室・修繕費などの影響を把握し、委託者への説明に役立ちます。
390,single,金銭管理,金銭管理;予算実績,収支予算と実績管理に関する次の記述のうち、正しいものはどれか。,"","","","","",修繕費や空室率は、収支に全く影響しない。,収支実績は、委託者への説明や提案に使ってはならない。,修繕費の増加や空室率の上昇は、収支に影響する。,賃貸経営では、収入と支出の見込みを把握してはならない。,3,収支予算と実績管理は、空室・修繕費などの影響を把握し、委託者への説明に役立ちます。
391,single,金銭管理,金銭管理;予算実績,収支予算と実績管理に関する次の記述のうち、最も不適切なものはどれか。,"","","","","",収支実績を委託者に説明することは、管理提案に役立つ。,収支実績は、委託者への説明や提案に使ってはならない。,賃貸経営では、収入と支出の見込みを把握することが重要である。,実績が予算と大きく異なる場合、原因を確認することが望ましい。,2,収支予算と実績管理は、空室・修繕費などの影響を把握し、委託者への説明に役立ちます。
392,single,金銭管理,金銭管理;空室損失,空室と収支に関する次の記述のうち、正しいものはどれか。,"","","","","",空室期間が長くなると、賃料収入は減少する。,空室期間が長くなっても、賃料収入は必ず増加する。,空室損失を把握しても、募集条件の見直しには一切役立たない。,空室中は、固定資産税などの支出が一切発生しない。,1,空室は収入減少と固定費負担を通じて収支に影響し、募集条件の見直しにも関係します。
393,single,金銭管理,金銭管理;空室損失,空室と収支に関する次の記述のうち、最も不適切なものはどれか。,"","","","","",空室損失を把握することは、募集条件や賃料設定の見直しに役立つ。,空室中でも固定資産税や共用部管理費などの支出は発生することがある。,空室損失を把握しても、募集条件の見直しには一切役立たない。,空室率は、賃貸経営の収益性を見る指標となる。,3,空室は収入減少と固定費負担を通じて収支に影響し、募集条件の見直しにも関係します。
394,single,金銭管理,金銭管理;空室損失,空室と収支に関する次の記述のうち、正しいものはどれか。,"","","","","",空室中は、固定資産税などの支出が一切発生しない。,空室率は、賃貸経営の収益性と全く関係がない。,空室中でも固定資産税や共用部管理費などの支出は発生することがある。,空室期間が長くなっても、賃料収入は必ず増加する。,3,空室は収入減少と固定費負担を通じて収支に影響し、募集条件の見直しにも関係します。
395,single,金銭管理,金銭管理;空室損失,空室と収支に関する次の記述のうち、最も不適切なものはどれか。,"","","","","",空室率は、賃貸経営の収益性を見る指標となる。,空室率は、賃貸経営の収益性と全く関係がない。,空室期間が長くなると、賃料収入は減少する。,空室損失を把握することは、募集条件や賃料設定の見直しに役立つ。,2,空室は収入減少と固定費負担を通じて収支に影響し、募集条件の見直しにも関係します。
396,single,金銭管理,金銭管理;修繕積立,修繕資金の準備に関する次の記述のうち、正しいものはどれか。,"","","","","",将来の大規模修繕に備えて、修繕資金を計画的に準備することが望ましい。,将来の修繕に備えた資金準備は、賃貸経営では常に不要である。,修繕資金が不足しても、必要な修繕が先送りされることは絶対にない。,長期的な収支計画では、修繕費を一切見込んではならない。,1,修繕資金を計画的に準備することで、大規模修繕や突発修繕に対応しやすくなります。
397,single,金銭管理,金銭管理;修繕積立,修繕資金の準備に関する次の記述のうち、最も不適切なものはどれか。,"","","","","",修繕資金の不足は、必要な修繕の先送りにつながることがある。,長期的な収支計画では、修繕費の発生時期を見込むことが重要である。,修繕資金が不足しても、必要な修繕が先送りされることは絶対にない。,突発的な設備故障に備え、一定の予備費を考慮することがある。,3,修繕資金を計画的に準備することで、大規模修繕や突発修繕に対応しやすくなります。
398,single,金銭管理,金銭管理;修繕積立,修繕資金の準備に関する次の記述のうち、正しいものはどれか。,"","","","","",長期的な収支計画では、修繕費を一切見込んではならない。,設備故障は絶対に起きないため、予備費を考える必要はない。,長期的な収支計画では、修繕費の発生時期を見込むことが重要である。,将来の修繕に備えた資金準備は、賃貸経営では常に不要である。,3,修繕資金を計画的に準備することで、大規模修繕や突発修繕に対応しやすくなります。
399,single,金銭管理,金銭管理;修繕積立,修繕資金の準備に関する次の記述のうち、最も不適切なものはどれか。,"","","","","",突発的な設備故障に備え、一定の予備費を考慮することがある。,設備故障は絶対に起きないため、予備費を考える必要はない。,将来の大規模修繕に備えて、修繕資金を計画的に準備することが望ましい。,修繕資金の不足は、必要な修繕の先送りにつながることがある。,2,修繕資金を計画的に準備することで、大規模修繕や突発修繕に対応しやすくなります。
400,single,金銭管理,金銭管理;相続,賃貸不動産と相続に関する次の記述のうち、正しいものはどれか。,"","","","","",賃貸不動産の所有者が死亡した場合、相続人が賃貸人の地位を承継することがある。,賃貸不動産の所有者が死亡しても、賃貸人の地位が相続人に承継される余地はない。,相続後の賃料の帰属は、相続関係と全く関係がない。,相続人が複数いても、振込先や管理方針を確認してはならない。,1,相続時には、賃貸人の地位、賃料帰属、振込先、管理方針、評価への影響を確認します。
401,single,金銭管理,金銭管理;相続,賃貸不動産と相続に関する次の記述のうち、最も不適切なものはどれか。,"","","","","",相続発生後の賃料の帰属は、相続関係や遺産分割との関係で問題となる。,相続人が複数いる場合、賃料振込先や管理方針の確認が必要となることがある。,相続後の賃料の帰属は、相続関係と全く関係がない。,相続税評価では、賃貸不動産の利用状況が評価に影響することがある。,3,相続時には、賃貸人の地位、賃料帰属、振込先、管理方針、評価への影響を確認します。
402,single,金銭管理,金銭管理;相続,賃貸不動産と相続に関する次の記述のうち、正しいものはどれか。,"","","","","",相続人が複数いても、振込先や管理方針を確認してはならない。,相続税評価では、賃貸不動産の利用状況は一切影響しない。,相続人が複数いる場合、賃料振込先や管理方針の確認が必要となることがある。,賃貸不動産の所有者が死亡しても、賃貸人の地位が相続人に承継される余地はない。,3,相続時には、賃貸人の地位、賃料帰属、振込先、管理方針、評価への影響を確認します。
403,single,金銭管理,金銭管理;相続,賃貸不動産と相続に関する次の記述のうち、最も不適切なものはどれか。,"","","","","",相続税評価では、賃貸不動産の利用状況が評価に影響することがある。,相続税評価では、賃貸不動産の利用状況は一切影響しない。,賃貸不動産の所有者が死亡した場合、相続人が賃貸人の地位を承継することがある。,相続発生後の賃料の帰属は、相続関係や遺産分割との関係で問題となる。,2,相続時には、賃貸人の地位、賃料帰属、振込先、管理方針、評価への影響を確認します。
404,single,金銭管理,金銭管理;領収書,領収書・支払証明に関する次の記述のうち、正しいものはどれか。,"","","","","",現金で家賃を受領する場合、領収書の発行や控えの保存が重要である。,現金で家賃を受け取っても、領収書や記録は一切残してはならない。,領収書には、金額や受領日を記載してはならない。,支払証明の有無は、支払済み確認と全く関係がない。,1,現金受領では、領収書、控え、対象月分、記録を残して支払済み確認に備えます。
405,single,金銭管理,金銭管理;領収書,領収書・支払証明に関する次の記述のうち、最も不適切なものはどれか。,"","","","","",領収書には、受領日、金額、対象月分などを明記することが望ましい。,支払証明の有無は、入居者との支払済み確認に関係する。,領収書には、金額や受領日を記載してはならない。,現金授受は紛争予防のため記録を残すことが重要である。,3,現金受領では、領収書、控え、対象月分、記録を残して支払済み確認に備えます。
406,single,金銭管理,金銭管理;領収書,領収書・支払証明に関する次の記述のうち、正しいものはどれか。,"","","","","",支払証明の有無は、支払済み確認と全く関係がない。,現金授受は、記録を残すと必ず違法になる。,支払証明の有無は、入居者との支払済み確認に関係する。,現金で家賃を受け取っても、領収書や記録は一切残してはならない。,3,現金受領では、領収書、控え、対象月分、記録を残して支払済み確認に備えます。
407,single,金銭管理,金銭管理;領収書,領収書・支払証明に関する次の記述のうち、最も不適切なものはどれか。,"","","","","",現金授受は紛争予防のため記録を残すことが重要である。,現金授受は、記録を残すと必ず違法になる。,現金で家賃を受領する場合、領収書の発行や控えの保存が重要である。,領収書には、受領日、金額、対象月分などを明記することが望ましい。,2,現金受領では、領収書、控え、対象月分、記録を残して支払済み確認に備えます。
408,single,金銭管理,金銭管理;敷金精算明細,敷金精算明細に関する次の記述のうち、正しいものはどれか。,"","","","","",敷金精算では、差し引く費用の項目や金額を明細化することが重要である。,敷金精算では、控除費用の項目や金額を一切示してはならない。,原状回復費用を控除する場合でも、負担根拠を示す必要は全くない。,精算明細は、入居者との紛争予防に全く役立たない。,1,敷金精算では、控除項目・金額・負担根拠・返還額を明確にすることが重要です。
409,single,金銭管理,金銭管理;敷金精算明細,敷金精算明細に関する次の記述のうち、最も不適切なものはどれか。,"","","","","",原状回復費用を控除する場合、損耗内容や負担根拠を示すことが望ましい。,精算明細は、入居者との紛争予防に役立つ。,原状回復費用を控除する場合でも、負担根拠を示す必要は全くない。,返還額や不足額を明確にすることは、退去時処理の基本である。,3,敷金精算では、控除項目・金額・負担根拠・返還額を明確にすることが重要です。
410,single,金銭管理,金銭管理;敷金精算明細,敷金精算明細に関する次の記述のうち、正しいものはどれか。,"","","","","",精算明細は、入居者との紛争予防に全く役立たない。,返還額や不足額は、退去者に知らせず管理業者が秘密にしてよい。,精算明細は、入居者との紛争予防に役立つ。,敷金精算では、控除費用の項目や金額を一切示してはならない。,3,敷金精算では、控除項目・金額・負担根拠・返還額を明確にすることが重要です。
411,single,金銭管理,金銭管理;敷金精算明細,敷金精算明細に関する次の記述のうち、最も不適切なものはどれか。,"","","","","",返還額や不足額を明確にすることは、退去時処理の基本である。,返還額や不足額は、退去者に知らせず管理業者が秘密にしてよい。,敷金精算では、差し引く費用の項目や金額を明細化することが重要である。,原状回復費用を控除する場合、損耗内容や負担根拠を示すことが望ましい。,2,敷金精算では、控除項目・金額・負担根拠・返還額を明確にすることが重要です。
412,single,賃貸借,賃貸借;契約成立,賃貸借契約の成立に関する次の記述のうち、正しいものはどれか。,"","","","","",賃貸借契約は、賃貸人が目的物を使用収益させ、賃借人が賃料を支払うことを約する契約である。,賃貸借契約は、必ず売買代金の支払を目的とする契約である。,普通建物賃貸借契約は、口頭合意では絶対に成立しない。,契約書を作成すると、契約内容が必ず不明確になる。,1,賃貸借契約は使用収益と賃料支払を内容とする契約で、書面化により内容を明確にします。
413,single,賃貸借,賃貸借;契約成立,賃貸借契約の成立に関する次の記述のうち、最も不適切なものはどれか。,"","","","","",普通建物賃貸借契約は、契約書がなくても合意により成立し得る。,契約内容を明確にするため、書面で契約することが実務上重要である。,普通建物賃貸借契約は、口頭合意では絶対に成立しない。,賃貸借契約では、目的物、賃料、期間などを明確にすることが望ましい。,3,賃貸借契約は使用収益と賃料支払を内容とする契約で、書面化により内容を明確にします。
414,single,賃貸借,賃貸借;契約成立,賃貸借契約の成立に関する次の記述のうち、正しいものはどれか。,"","","","","",契約書を作成すると、契約内容が必ず不明確になる。,目的物や賃料は、賃貸借契約では一切定めてはならない。,契約内容を明確にするため、書面で契約することが実務上重要である。,賃貸借契約は、必ず売買代金の支払を目的とする契約である。,3,賃貸借契約は使用収益と賃料支払を内容とする契約で、書面化により内容を明確にします。
415,single,賃貸借,賃貸借;契約成立,賃貸借契約の成立に関する次の記述のうち、最も不適切なものはどれか。,"","","","","",賃貸借契約では、目的物、賃料、期間などを明確にすることが望ましい。,目的物や賃料は、賃貸借契約では一切定めてはならない。,賃貸借契約は、賃貸人が目的物を使用収益させ、賃借人が賃料を支払うことを約する契約である。,普通建物賃貸借契約は、契約書がなくても合意により成立し得る。,2,賃貸借契約は使用収益と賃料支払を内容とする契約で、書面化により内容を明確にします。
416,single,賃貸借,賃貸借;借地借家法,借地借家法の適用に関する次の記述のうち、正しいものはどれか。,"","","","","",建物の賃貸借には、借地借家法の借家に関する規定が問題となる。,建物賃貸借には、借地借家法が一切適用されない。,借地借家法には、賃借人保護の規定は全く含まれない。,借地借家法に反する賃借人に不利な特約でも、常にすべて有効である。,1,建物賃貸借では借地借家法が重要で、賃借人に不利な特約が無効となる場合があります。
417,single,賃貸借,賃貸借;借地借家法,借地借家法の適用に関する次の記述のうち、最も不適切なものはどれか。,"","","","","",借地借家法には、賃借人保護のための強行規定が含まれる。,借地借家法に反して賃借人に不利な特約は、無効となることがある。,借地借家法には、賃借人保護の規定は全く含まれない。,居住用建物の賃貸借では、更新や解約申入れに関する規定が重要である。,3,建物賃貸借では借地借家法が重要で、賃借人に不利な特約が無効となる場合があります。
418,single,賃貸借,賃貸借;借地借家法,借地借家法の適用に関する次の記述のうち、正しいものはどれか。,"","","","","",借地借家法に反する賃借人に不利な特約でも、常にすべて有効である。,更新や解約申入れは、居住用建物の賃貸借では全く問題にならない。,借地借家法に反して賃借人に不利な特約は、無効となることがある。,建物賃貸借には、借地借家法が一切適用されない。,3,建物賃貸借では借地借家法が重要で、賃借人に不利な特約が無効となる場合があります。
419,single,賃貸借,賃貸借;借地借家法,借地借家法の適用に関する次の記述のうち、最も不適切なものはどれか。,"","","","","",居住用建物の賃貸借では、更新や解約申入れに関する規定が重要である。,更新や解約申入れは、居住用建物の賃貸借では全く問題にならない。,建物の賃貸借には、借地借家法の借家に関する規定が問題となる。,借地借家法には、賃借人保護のための強行規定が含まれる。,2,建物賃貸借では借地借家法が重要で、賃借人に不利な特約が無効となる場合があります。
420,single,賃貸借,賃貸借;契約期間,契約期間に関する次の記述のうち、正しいものはどれか。,"","","","","",普通建物賃貸借では、期間の定めがあっても更新が問題となる。,普通建物賃貸借では、期間満了により常に当然終了し更新は問題にならない。,建物賃貸借の期間を1年未満と定めても、常にその期間どおり確定的に終了する。,契約期間は、更新や解約申入れに一切影響しない。,1,建物賃貸借では、期間、更新、解約申入れ、定期借家の要件を区別して理解します。
421,single,賃貸借,賃貸借;契約期間,契約期間に関する次の記述のうち、最も不適切なものはどれか。,"","","","","",期間を1年未満と定めた建物賃貸借は、期間の定めがないものとみなされることがある。,契約期間は、更新や解約申入れの判断に影響する。,建物賃貸借の期間を1年未満と定めても、常にその期間どおり確定的に終了する。,定期建物賃貸借では、期間満了による終了を予定するため別途要件が定められている。,3,建物賃貸借では、期間、更新、解約申入れ、定期借家の要件を区別して理解します。
422,single,賃貸借,賃貸借;契約期間,契約期間に関する次の記述のうち、正しいものはどれか。,"","","","","",契約期間は、更新や解約申入れに一切影響しない。,定期建物賃貸借には、期間満了終了に関する要件は存在しない。,契約期間は、更新や解約申入れの判断に影響する。,普通建物賃貸借では、期間満了により常に当然終了し更新は問題にならない。,3,建物賃貸借では、期間、更新、解約申入れ、定期借家の要件を区別して理解します。
423,single,賃貸借,賃貸借;契約期間,契約期間に関する次の記述のうち、最も不適切なものはどれか。,"","","","","",定期建物賃貸借では、期間満了による終了を予定するため別途要件が定められている。,定期建物賃貸借には、期間満了終了に関する要件は存在しない。,普通建物賃貸借では、期間の定めがあっても更新が問題となる。,期間を1年未満と定めた建物賃貸借は、期間の定めがないものとみなされることがある。,2,建物賃貸借では、期間、更新、解約申入れ、定期借家の要件を区別して理解します。
424,single,賃貸借,賃貸借;更新,更新に関する次の記述のうち、正しいものはどれか。,"","","","","",普通建物賃貸借では、期間満了時に更新が問題となる。,普通建物賃貸借では、期間満了により賃貸人の意思だけで常に終了する。,賃貸人の更新拒絶には、正当事由は一切不要である。,法定更新という制度は、建物賃貸借では存在しない。,1,普通建物賃貸借では、更新拒絶には正当事由が必要で、法定更新が問題となります。
425,single,賃貸借,賃貸借;更新,更新に関する次の記述のうち、最も不適切なものはどれか。,"","","","","",賃貸人が更新を拒絶するには、正当事由が必要となる。,更新後の賃貸借は、法定更新となる場合がある。,賃貸人の更新拒絶には、正当事由は一切不要である。,更新料の定めがある場合、その有効性や内容が問題となることがある。,3,普通建物賃貸借では、更新拒絶には正当事由が必要で、法定更新が問題となります。
426,single,賃貸借,賃貸借;更新,更新に関する次の記述のうち、正しいものはどれか。,"","","","","",法定更新という制度は、建物賃貸借では存在しない。,更新料の定めは、どのような内容でも必ず無効である。,更新後の賃貸借は、法定更新となる場合がある。,普通建物賃貸借では、期間満了により賃貸人の意思だけで常に終了する。,3,普通建物賃貸借では、更新拒絶には正当事由が必要で、法定更新が問題となります。
427,single,賃貸借,賃貸借;更新,更新に関する次の記述のうち、最も不適切なものはどれか。,"","","","","",更新料の定めがある場合、その有効性や内容が問題となることがある。,更新料の定めは、どのような内容でも必ず無効である。,普通建物賃貸借では、期間満了時に更新が問題となる。,賃貸人が更新を拒絶するには、正当事由が必要となる。,2,普通建物賃貸借では、更新拒絶には正当事由が必要で、法定更新が問題となります。
428,single,賃貸借,賃貸借;解約申入れ,解約申入れに関する次の記述のうち、正しいものはどれか。,"","","","","",期間の定めのない建物賃貸借で賃貸人が解約申入れをするには、正当事由が必要となる。,賃貸人からの解約申入れには、正当事由は常に不要である。,賃貸人から解約申入れをすれば、直ちに建物賃貸借は当然終了する。,賃借人からの解約申入れについて、予告期間を定めることはできない。,1,解約申入れでは、正当事由、期間経過、予告期間、意思表示の記録が重要です。
429,single,賃貸借,賃貸借;解約申入れ,解約申入れに関する次の記述のうち、最も不適切なものはどれか。,"","","","","",賃貸人からの解約申入れは、一定期間の経過により終了効果が問題となる。,賃借人からの解約申入れについては、契約で予告期間を定めることがある。,賃貸人から解約申入れをすれば、直ちに建物賃貸借は当然終了する。,解約申入れの意思表示は、後日の紛争防止のため記録に残すことが望ましい。,3,解約申入れでは、正当事由、期間経過、予告期間、意思表示の記録が重要です。
430,single,賃貸借,賃貸借;解約申入れ,解約申入れに関する次の記述のうち、正しいものはどれか。,"","","","","",賃借人からの解約申入れについて、予告期間を定めることはできない。,解約申入れは、口頭で曖昧にして記録を残さないことが常に望ましい。,賃借人からの解約申入れについては、契約で予告期間を定めることがある。,賃貸人からの解約申入れには、正当事由は常に不要である。,3,解約申入れでは、正当事由、期間経過、予告期間、意思表示の記録が重要です。
431,single,賃貸借,賃貸借;解約申入れ,解約申入れに関する次の記述のうち、最も不適切なものはどれか。,"","","","","",解約申入れの意思表示は、後日の紛争防止のため記録に残すことが望ましい。,解約申入れは、口頭で曖昧にして記録を残さないことが常に望ましい。,期間の定めのない建物賃貸借で賃貸人が解約申入れをするには、正当事由が必要となる。,賃貸人からの解約申入れは、一定期間の経過により終了効果が問題となる。,2,解約申入れでは、正当事由、期間経過、予告期間、意思表示の記録が重要です。
432,single,賃貸借,賃貸借;正当事由,正当事由に関する次の記述のうち、正しいものはどれか。,"","","","","",正当事由の判断では、賃貸人及び賃借人が建物を必要とする事情などが考慮される。,正当事由は、賃貸人が希望すれば常に認められる。,建物の利用状況や従前の経過は、正当事由判断と全く関係がない。,立退料の提供は、正当事由判断で一切考慮されない。,1,正当事由は、双方の必要性、利用状況、従前の経過、立退料などを総合考慮します。
433,single,賃貸借,賃貸借;正当事由,正当事由に関する次の記述のうち、最も不適切なものはどれか。,"","","","","",建物の利用状況や従前の経過も、正当事由判断の要素となる。,立退料の提供は、正当事由を補完する事情となることがある。,建物の利用状況や従前の経過は、正当事由判断と全く関係がない。,正当事由は、個別事情を総合的に考慮して判断される。,3,正当事由は、双方の必要性、利用状況、従前の経過、立退料などを総合考慮します。
434,single,賃貸借,賃貸借;正当事由,正当事由に関する次の記述のうち、正しいものはどれか。,"","","","","",立退料の提供は、正当事由判断で一切考慮されない。,正当事由は、個別事情を見ずに機械的に常に認められる。,立退料の提供は、正当事由を補完する事情となることがある。,正当事由は、賃貸人が希望すれば常に認められる。,3,正当事由は、双方の必要性、利用状況、従前の経過、立退料などを総合考慮します。
435,single,賃貸借,賃貸借;正当事由,正当事由に関する次の記述のうち、最も不適切なものはどれか。,"","","","","",正当事由は、個別事情を総合的に考慮して判断される。,正当事由は、個別事情を見ずに機械的に常に認められる。,正当事由の判断では、賃貸人及び賃借人が建物を必要とする事情などが考慮される。,建物の利用状況や従前の経過も、正当事由判断の要素となる。,2,正当事由は、双方の必要性、利用状況、従前の経過、立退料などを総合考慮します。
436,single,賃貸借,賃貸借;定期建物賃貸借,定期建物賃貸借に関する次の記述のうち、正しいものはどれか。,"","","","","",定期建物賃貸借は、期間満了により更新されることなく終了する契約である。,定期建物賃貸借は、期間満了後も必ず法定更新される契約である。,定期建物賃貸借では、更新がない旨の事前説明は一切不要である。,定期建物賃貸借契約は、口頭だけで常に有効に成立する。,1,定期建物賃貸借は、書面等による契約と事前説明を前提に、期間満了で終了する制度です。
437,single,賃貸借,賃貸借;定期建物賃貸借,定期建物賃貸借に関する次の記述のうち、最も不適切なものはどれか。,"","","","","",定期建物賃貸借では、契約締結前に更新がない旨を書面等で説明する必要がある。,定期建物賃貸借契約は、書面又は電磁的記録によって締結する必要がある。,定期建物賃貸借では、更新がない旨の事前説明は一切不要である。,期間満了後に引き続き居住するには、再契約が問題となる。,3,定期建物賃貸借は、書面等による契約と事前説明を前提に、期間満了で終了する制度です。
438,single,賃貸借,賃貸借;定期建物賃貸借,定期建物賃貸借に関する次の記述のうち、正しいものはどれか。,"","","","","",定期建物賃貸借契約は、口頭だけで常に有効に成立する。,期間満了後の再契約は、法律上絶対に禁止されている。,定期建物賃貸借契約は、書面又は電磁的記録によって締結する必要がある。,定期建物賃貸借は、期間満了後も必ず法定更新される契約である。,3,定期建物賃貸借は、書面等による契約と事前説明を前提に、期間満了で終了する制度です。
439,single,賃貸借,賃貸借;定期建物賃貸借,定期建物賃貸借に関する次の記述のうち、最も不適切なものはどれか。,"","","","","",期間満了後に引き続き居住するには、再契約が問題となる。,期間満了後の再契約は、法律上絶対に禁止されている。,定期建物賃貸借は、期間満了により更新されることなく終了する契約である。,定期建物賃貸借では、契約締結前に更新がない旨を書面等で説明する必要がある。,2,定期建物賃貸借は、書面等による契約と事前説明を前提に、期間満了で終了する制度です。
440,single,賃貸借,賃貸借;賃料増減額,賃料増減額請求に関する次の記述のうち、正しいものはどれか。,"","","","","",借地借家法上、一定の場合に賃料増減額請求が問題となる。,賃料増減額請求は、借地借家法では一切認められていない。,租税公課や経済事情の変動は、賃料増減額請求と全く関係がない。,協議が整わない場合でも、裁判手続で賃料が問題となる余地はない。,1,賃料増減額請求では、租税公課・経済事情・近傍賃料などを踏まえ、協議や裁判が問題となります。
441,single,賃貸借,賃貸借;賃料増減額,賃料増減額請求に関する次の記述のうち、最も不適切なものはどれか。,"","","","","",租税公課の増減や経済事情の変動は、賃料増減額請求の判断要素となり得る。,当事者間で協議が整わない場合、裁判手続で適正賃料が問題となることがある。,租税公課や経済事情の変動は、賃料増減額請求と全く関係がない。,賃料増額請求を受けても、賃借人は相当と認める額を支払うことが問題となる。,3,賃料増減額請求では、租税公課・経済事情・近傍賃料などを踏まえ、協議や裁判が問題となります。
442,single,賃貸借,賃貸借;賃料増減額,賃料増減額請求に関する次の記述のうち、正しいものはどれか。,"","","","","",協議が整わない場合でも、裁判手続で賃料が問題となる余地はない。,賃料増額請求を受けた賃借人は、賃貸人の請求額を直ちに全額支払わなければ必ず解除される。,当事者間で協議が整わない場合、裁判手続で適正賃料が問題となることがある。,賃料増減額請求は、借地借家法では一切認められていない。,3,賃料増減額請求では、租税公課・経済事情・近傍賃料などを踏まえ、協議や裁判が問題となります。
443,single,賃貸借,賃貸借;賃料増減額,賃料増減額請求に関する次の記述のうち、最も不適切なものはどれか。,"","","","","",賃料増額請求を受けても、賃借人は相当と認める額を支払うことが問題となる。,賃料増額請求を受けた賃借人は、賃貸人の請求額を直ちに全額支払わなければ必ず解除される。,借地借家法上、一定の場合に賃料増減額請求が問題となる。,租税公課の増減や経済事情の変動は、賃料増減額請求の判断要素となり得る。,2,賃料増減額請求では、租税公課・経済事情・近傍賃料などを踏まえ、協議や裁判が問題となります。
444,single,賃貸借,賃貸借;修繕義務,修繕義務に関する次の記述のうち、正しいものはどれか。,"","","","","",賃貸人は、賃借物の使用収益に必要な修繕を行う義務を負うのが原則である。,賃貸人は、どのような場合でも修繕義務を一切負わない。,賃借人の故意による破損でも、常に賃貸人が無条件で修繕費を負担する。,修繕の必要を通知することは、円滑な対応に全く役立たない。,1,修繕義務は原則として賃貸人にありますが、賃借人の責めに帰すべき事由などで例外が問題になります。
445,single,賃貸借,賃貸借;修繕義務,修繕義務に関する次の記述のうち、最も不適切なものはどれか。,"","","","","",賃借人の責めに帰すべき事由による修繕については、賃貸人が義務を負わない場合がある。,賃借人が修繕の必要を通知することは、円滑な対応に役立つ。,賃借人の故意による破損でも、常に賃貸人が無条件で修繕費を負担する。,賃借人が自ら修繕できる場合について、民法上の規律が設けられている。,3,修繕義務は原則として賃貸人にありますが、賃借人の責めに帰すべき事由などで例外が問題になります。
446,single,賃貸借,賃貸借;修繕義務,修繕義務に関する次の記述のうち、正しいものはどれか。,"","","","","",修繕の必要を通知することは、円滑な対応に全く役立たない。,賃借人が自ら修繕できる場合は、民法上全く存在しない。,賃借人が修繕の必要を通知することは、円滑な対応に役立つ。,賃貸人は、どのような場合でも修繕義務を一切負わない。,3,修繕義務は原則として賃貸人にありますが、賃借人の責めに帰すべき事由などで例外が問題になります。
447,single,賃貸借,賃貸借;修繕義務,修繕義務に関する次の記述のうち、最も不適切なものはどれか。,"","","","","",賃借人が自ら修繕できる場合について、民法上の規律が設けられている。,賃借人が自ら修繕できる場合は、民法上全く存在しない。,賃貸人は、賃借物の使用収益に必要な修繕を行う義務を負うのが原則である。,賃借人の責めに帰すべき事由による修繕については、賃貸人が義務を負わない場合がある。,2,修繕義務は原則として賃貸人にありますが、賃借人の責めに帰すべき事由などで例外が問題になります。
448,single,賃貸借,賃貸借;一部滅失,一部滅失と賃料減額に関する次の記述のうち、正しいものはどれか。,"","","","","",賃借物の一部が使用収益できなくなった場合、賃料が当然に減額されることがある。,賃借物の一部が使用できなくなっても、賃料減額が問題となる余地は一切ない。,賃借人の故意による使用不能でも、必ず賃料は当然に減額される。,契約目的を達成できない場合でも、賃借人が解除できる余地はない。,1,一部滅失等では、使用収益不能の程度や原因により賃料減額や解除が問題となります。
449,single,賃貸借,賃貸借;一部滅失,一部滅失と賃料減額に関する次の記述のうち、最も不適切なものはどれか。,"","","","","",使用収益不能が賃借人の責めに帰すべき事由による場合、賃料減額は問題となりにくい。,一部滅失等により契約目的を達成できない場合、賃借人の解除が問題となることがある。,賃借人の故意による使用不能でも、必ず賃料は当然に減額される。,設備故障により居住に支障が出た場合、使用収益への影響を確認する必要がある。,3,一部滅失等では、使用収益不能の程度や原因により賃料減額や解除が問題となります。
450,single,賃貸借,賃貸借;一部滅失,一部滅失と賃料減額に関する次の記述のうち、正しいものはどれか。,"","","","","",契約目的を達成できない場合でも、賃借人が解除できる余地はない。,設備故障による居住への影響は、賃貸借契約では確認してはならない。,一部滅失等により契約目的を達成できない場合、賃借人の解除が問題となることがある。,賃借物の一部が使用できなくなっても、賃料減額が問題となる余地は一切ない。,3,一部滅失等では、使用収益不能の程度や原因により賃料減額や解除が問題となります。
451,single,賃貸借,賃貸借;一部滅失,一部滅失と賃料減額に関する次の記述のうち、最も不適切なものはどれか。,"","","","","",設備故障により居住に支障が出た場合、使用収益への影響を確認する必要がある。,設備故障による居住への影響は、賃貸借契約では確認してはならない。,賃借物の一部が使用収益できなくなった場合、賃料が当然に減額されることがある。,使用収益不能が賃借人の責めに帰すべき事由による場合、賃料減額は問題となりにくい。,2,一部滅失等では、使用収益不能の程度や原因により賃料減額や解除が問題となります。
452,single,賃貸借,賃貸借;敷金,敷金に関する次の記述のうち、正しいものはどれか。,"","","","","",敷金は、賃料債務その他賃貸借上の債務を担保するための金銭である。,敷金は、賃貸人への贈与であり返還の問題は生じない。,未払賃料があっても、敷金から控除することは絶対にできない。,敷金返還請求権は、契約開始前に必ず全額返還される権利である。,1,敷金は賃貸借上の債務を担保し、終了・返還時に未払債務との精算が行われます。
453,single,賃貸借,賃貸借;敷金,敷金に関する次の記述のうち、最も不適切なものはどれか。,"","","","","",賃貸借終了時に未払債務があれば、敷金から控除されることがある。,敷金返還請求権は、賃貸借終了後、目的物返還時に具体化する。,未払賃料があっても、敷金から控除することは絶対にできない。,賃貸物件が譲渡された場合、敷金関係の承継が問題となる。,3,敷金は賃貸借上の債務を担保し、終了・返還時に未払債務との精算が行われます。
454,single,賃貸借,賃貸借;敷金,敷金に関する次の記述のうち、正しいものはどれか。,"","","","","",敷金返還請求権は、契約開始前に必ず全額返還される権利である。,物件譲渡時に敷金関係が問題となる余地はない。,敷金返還請求権は、賃貸借終了後、目的物返還時に具体化する。,敷金は、賃貸人への贈与であり返還の問題は生じない。,3,敷金は賃貸借上の債務を担保し、終了・返還時に未払債務との精算が行われます。
455,single,賃貸借,賃貸借;敷金,敷金に関する次の記述のうち、最も不適切なものはどれか。,"","","","","",賃貸物件が譲渡された場合、敷金関係の承継が問題となる。,物件譲渡時に敷金関係が問題となる余地はない。,敷金は、賃料債務その他賃貸借上の債務を担保するための金銭である。,賃貸借終了時に未払債務があれば、敷金から控除されることがある。,2,敷金は賃貸借上の債務を担保し、終了・返還時に未払債務との精算が行われます。
456,single,賃貸借,賃貸借;原状回復,原状回復に関する次の記述のうち、正しいものはどれか。,"","","","","",賃借人は、通常損耗や経年変化について原則として原状回復義務を負わない。,通常損耗や経年変化も、賃借人が常に全額負担しなければならない。,賃借人の故意による損傷でも、賃借人が負担する余地はない。,入退去時の状況確認は、原状回復トラブル防止に全く役立たない。,1,原状回復では、通常損耗・経年変化と故意過失による損傷を区別します。
457,single,賃貸借,賃貸借;原状回復,原状回復に関する次の記述のうち、最も不適切なものはどれか。,"","","","","",賃借人の故意又は過失による損傷は、原状回復義務の対象となることがある。,原状回復をめぐるトラブル防止には、入退去時の状況確認が有効である。,賃借人の故意による損傷でも、賃借人が負担する余地はない。,原状回復特約は、内容の明確性や賃借人の認識が問題となることがある。,3,原状回復では、通常損耗・経年変化と故意過失による損傷を区別します。
458,single,賃貸借,賃貸借;原状回復,原状回復に関する次の記述のうち、正しいものはどれか。,"","","","","",入退去時の状況確認は、原状回復トラブル防止に全く役立たない。,原状回復特約は、内容が不明確でも常に有効である。,原状回復をめぐるトラブル防止には、入退去時の状況確認が有効である。,通常損耗や経年変化も、賃借人が常に全額負担しなければならない。,3,原状回復では、通常損耗・経年変化と故意過失による損傷を区別します。
459,single,賃貸借,賃貸借;原状回復,原状回復に関する次の記述のうち、最も不適切なものはどれか。,"","","","","",原状回復特約は、内容の明確性や賃借人の認識が問題となることがある。,原状回復特約は、内容が不明確でも常に有効である。,賃借人は、通常損耗や経年変化について原則として原状回復義務を負わない。,賃借人の故意又は過失による損傷は、原状回復義務の対象となることがある。,2,原状回復では、通常損耗・経年変化と故意過失による損傷を区別します。
460,single,賃貸借,賃貸借;善管注意義務,賃借人の善管注意義務に関する次の記述のうち、正しいものはどれか。,"","","","","",賃借人は、目的物を善良な管理者の注意をもって使用する義務を負う。,賃借人は、目的物をどのように破損しても一切責任を負わない。,賃借人は、契約や目的物の性質を無視して自由に使用してよい。,用法違反は、債務不履行として問題になる余地がない。,1,賃借人は善管注意義務・用法遵守義務を負い、違反時には債務不履行が問題となります。
461,single,賃貸借,賃貸借;善管注意義務,賃借人の善管注意義務に関する次の記述のうち、最も不適切なものはどれか。,"","","","","",賃借人は、契約又は目的物の性質に従って使用収益する必要がある。,用法違反がある場合、債務不履行として問題となることがある。,賃借人は、契約や目的物の性質を無視して自由に使用してよい。,賃借人の保管義務違反により損害が生じた場合、損害賠償が問題となることがある。,3,賃借人は善管注意義務・用法遵守義務を負い、違反時には債務不履行が問題となります。
462,single,賃貸借,賃貸借;善管注意義務,賃借人の善管注意義務に関する次の記述のうち、正しいものはどれか。,"","","","","",用法違反は、債務不履行として問題になる余地がない。,保管義務違反による損害でも、損害賠償は絶対に問題にならない。,用法違反がある場合、債務不履行として問題となることがある。,賃借人は、目的物をどのように破損しても一切責任を負わない。,3,賃借人は善管注意義務・用法遵守義務を負い、違反時には債務不履行が問題となります。
463,single,賃貸借,賃貸借;善管注意義務,賃借人の善管注意義務に関する次の記述のうち、最も不適切なものはどれか。,"","","","","",賃借人の保管義務違反により損害が生じた場合、損害賠償が問題となることがある。,保管義務違反による損害でも、損害賠償は絶対に問題にならない。,賃借人は、目的物を善良な管理者の注意をもって使用する義務を負う。,賃借人は、契約又は目的物の性質に従って使用収益する必要がある。,2,賃借人は善管注意義務・用法遵守義務を負い、違反時には債務不履行が問題となります。
464,single,賃貸借,賃貸借;無断譲渡転貸,賃借権の譲渡・転貸に関する次の記述のうち、正しいものはどれか。,"","","","","",賃借人は、賃貸人の承諾なく賃借権を譲渡し又は転貸することは原則としてできない。,賃借人は、賃貸人の承諾なく常に自由に転貸できる。,無断転貸があった場合、信頼関係破壊の有無は解除と全く関係がない。,転貸借では、三者関係を整理する必要は一切ない。,1,賃借権譲渡・転貸には賃貸人の承諾が原則必要で、無断転貸では信頼関係破壊が問題となります。
465,single,賃貸借,賃貸借;無断譲渡転貸,賃借権の譲渡・転貸に関する次の記述のうち、最も不適切なものはどれか。,"","","","","",無断転貸があった場合、信頼関係破壊の有無が解除の可否で問題となる。,転貸借では、賃貸人、賃借人、転借人の三者関係を整理する必要がある。,無断転貸があった場合、信頼関係破壊の有無は解除と全く関係がない。,賃貸人の承諾を得た転貸では、転借人との関係も問題となる。,3,賃借権譲渡・転貸には賃貸人の承諾が原則必要で、無断転貸では信頼関係破壊が問題となります。
466,single,賃貸借,賃貸借;無断譲渡転貸,賃借権の譲渡・転貸に関する次の記述のうち、正しいものはどれか。,"","","","","",転貸借では、三者関係を整理する必要は一切ない。,賃貸人の承諾を得た転貸でも、転借人との関係は絶対に問題とならない。,転貸借では、賃貸人、賃借人、転借人の三者関係を整理する必要がある。,賃借人は、賃貸人の承諾なく常に自由に転貸できる。,3,賃借権譲渡・転貸には賃貸人の承諾が原則必要で、無断転貸では信頼関係破壊が問題となります。
467,single,賃貸借,賃貸借;無断譲渡転貸,賃借権の譲渡・転貸に関する次の記述のうち、最も不適切なものはどれか。,"","","","","",賃貸人の承諾を得た転貸では、転借人との関係も問題となる。,賃貸人の承諾を得た転貸でも、転借人との関係は絶対に問題とならない。,賃借人は、賃貸人の承諾なく賃借権を譲渡し又は転貸することは原則としてできない。,無断転貸があった場合、信頼関係破壊の有無が解除の可否で問題となる。,2,賃借権譲渡・転貸には賃貸人の承諾が原則必要で、無断転貸では信頼関係破壊が問題となります。
468,single,賃貸借,賃貸借;解除,契約解除に関する次の記述のうち、正しいものはどれか。,"","","","","",賃料不払いが続く場合、信頼関係破壊により解除が認められることがある。,賃料不払いがあっても、解除が認められる余地は一切ない。,どれほど軽微な不履行でも、賃貸人は常に即時解除できる。,解除では、催告の要否が問題となることはない。,1,賃貸借の解除では、信頼関係破壊、催告の要否、明渡し・精算が重要です。
469,single,賃貸借,賃貸借;解除,契約解除に関する次の記述のうち、最も不適切なものはどれか。,"","","","","",軽微な債務不履行だけで常に直ちに解除できるわけではない。,解除の前に催告が必要となる場合がある。,どれほど軽微な不履行でも、賃貸人は常に即時解除できる。,解除後は、建物明渡しや未払賃料の精算が問題となる。,3,賃貸借の解除では、信頼関係破壊、催告の要否、明渡し・精算が重要です。
470,single,賃貸借,賃貸借;解除,契約解除に関する次の記述のうち、正しいものはどれか。,"","","","","",解除では、催告の要否が問題となることはない。,解除後に建物明渡しや未払賃料が問題となる余地はない。,解除の前に催告が必要となる場合がある。,賃料不払いがあっても、解除が認められる余地は一切ない。,3,賃貸借の解除では、信頼関係破壊、催告の要否、明渡し・精算が重要です。
471,single,賃貸借,賃貸借;解除,契約解除に関する次の記述のうち、最も不適切なものはどれか。,"","","","","",解除後は、建物明渡しや未払賃料の精算が問題となる。,解除後に建物明渡しや未払賃料が問題となる余地はない。,賃料不払いが続く場合、信頼関係破壊により解除が認められることがある。,軽微な債務不履行だけで常に直ちに解除できるわけではない。,2,賃貸借の解除では、信頼関係破壊、催告の要否、明渡し・精算が重要です。
472,single,賃貸借,賃貸借;相続,相続に関する次の記述のうち、正しいものはどれか。,"","","","","",賃貸人が死亡した場合、相続人が賃貸人の地位を承継することがある。,賃貸人が死亡すると、賃貸借契約は常に当然終了する。,賃借人が死亡しても、賃借権が相続の対象となる余地はない。,相続人が複数いても、賃料支払先の確認は一切不要である。,1,相続では、賃貸人・賃借人の地位承継、支払先、同居者の居住継続が問題となります。
473,single,賃貸借,賃貸借;相続,相続に関する次の記述のうち、最も不適切なものはどれか。,"","","","","",賃借人が死亡した場合、賃借権は相続の対象となることがある。,相続人が複数いる場合、賃料の支払先や契約関係の確認が必要となる。,賃借人が死亡しても、賃借権が相続の対象となる余地はない。,内縁配偶者など相続人でない同居者の居住継続が問題となることがある。,3,相続では、賃貸人・賃借人の地位承継、支払先、同居者の居住継続が問題となります。
474,single,賃貸借,賃貸借;相続,相続に関する次の記述のうち、正しいものはどれか。,"","","","","",相続人が複数いても、賃料支払先の確認は一切不要である。,相続人でない同居者の居住継続が問題となることは絶対にない。,相続人が複数いる場合、賃料の支払先や契約関係の確認が必要となる。,賃貸人が死亡すると、賃貸借契約は常に当然終了する。,3,相続では、賃貸人・賃借人の地位承継、支払先、同居者の居住継続が問題となります。
475,single,賃貸借,賃貸借;相続,相続に関する次の記述のうち、最も不適切なものはどれか。,"","","","","",内縁配偶者など相続人でない同居者の居住継続が問題となることがある。,相続人でない同居者の居住継続が問題となることは絶対にない。,賃貸人が死亡した場合、相続人が賃貸人の地位を承継することがある。,賃借人が死亡した場合、賃借権は相続の対象となることがある。,2,相続では、賃貸人・賃借人の地位承継、支払先、同居者の居住継続が問題となります。
476,single,賃貸借,賃貸借;所有権移転,所有権移転と賃貸人地位に関する次の記述のうち、正しいものはどれか。,"","","","","",賃貸物件の所有権が移転した場合、賃貸人の地位の移転が問題となる。,所有権が移転しても、賃貸人の地位が移転する余地はない。,賃借権は、どのような場合でも新所有者に対抗できない。,所有権移転後の賃料支払先は、賃借人に知らせてはならない。,1,所有権移転時には、賃貸人地位、賃借権の対抗力、賃料支払先、敷金承継を確認します。
477,single,賃貸借,賃貸借;所有権移転,所有権移転と賃貸人地位に関する次の記述のうち、最も不適切なものはどれか。,"","","","","",対抗力を備えた賃借権は、新所有者に対抗できることがある。,所有権移転後の賃料支払先を賃借人に通知することは重要である。,賃借権は、どのような場合でも新所有者に対抗できない。,敷金返還債務の承継も、所有権移転時に問題となる。,3,所有権移転時には、賃貸人地位、賃借権の対抗力、賃料支払先、敷金承継を確認します。
478,single,賃貸借,賃貸借;所有権移転,所有権移転と賃貸人地位に関する次の記述のうち、正しいものはどれか。,"","","","","",所有権移転後の賃料支払先は、賃借人に知らせてはならない。,敷金返還債務は、所有権移転時に問題となることが絶対にない。,所有権移転後の賃料支払先を賃借人に通知することは重要である。,所有権が移転しても、賃貸人の地位が移転する余地はない。,3,所有権移転時には、賃貸人地位、賃借権の対抗力、賃料支払先、敷金承継を確認します。
479,single,賃貸借,賃貸借;所有権移転,所有権移転と賃貸人地位に関する次の記述のうち、最も不適切なものはどれか。,"","","","","",敷金返還債務の承継も、所有権移転時に問題となる。,敷金返還債務は、所有権移転時に問題となることが絶対にない。,賃貸物件の所有権が移転した場合、賃貸人の地位の移転が問題となる。,対抗力を備えた賃借権は、新所有者に対抗できることがある。,2,所有権移転時には、賃貸人地位、賃借権の対抗力、賃料支払先、敷金承継を確認します。
480,single,賃貸借,賃貸借;標準契約書,賃貸住宅標準契約書に関する次の記述のうち、正しいものはどれか。,"","","","","",賃貸住宅標準契約書は、賃貸借契約の標準的な契約内容を示すひな形である。,賃貸住宅標準契約書は、どの契約でも一字一句変更せず使うことが法律上強制されている。,標準契約書を利用すれば、個別事情を確認する必要は一切ない。,標準契約書は、原状回復や禁止事項と全く関係がない。,1,標準契約書は有用なひな形ですが、個別事情に応じて内容を確認する必要があります。
481,single,賃貸借,賃貸借;標準契約書,賃貸住宅標準契約書に関する次の記述のうち、最も不適切なものはどれか。,"","","","","",標準契約書を利用する場合でも、個別事情に応じた確認が必要である。,標準契約書は、原状回復や禁止事項などの確認に役立つ。,標準契約書を利用すれば、個別事情を確認する必要は一切ない。,契約書の条項は、当事者が理解できるよう説明することが重要である。,3,標準契約書は有用なひな形ですが、個別事情に応じて内容を確認する必要があります。
482,single,賃貸借,賃貸借;標準契約書,賃貸住宅標準契約書に関する次の記述のうち、正しいものはどれか。,"","","","","",標準契約書は、原状回復や禁止事項と全く関係がない。,契約条項は、当事者に理解されないよう隠しておくことが望ましい。,標準契約書は、原状回復や禁止事項などの確認に役立つ。,賃貸住宅標準契約書は、どの契約でも一字一句変更せず使うことが法律上強制されている。,3,標準契約書は有用なひな形ですが、個別事情に応じて内容を確認する必要があります。
483,single,賃貸借,賃貸借;標準契約書,賃貸住宅標準契約書に関する次の記述のうち、最も不適切なものはどれか。,"","","","","",契約書の条項は、当事者が理解できるよう説明することが重要である。,契約条項は、当事者に理解されないよう隠しておくことが望ましい。,賃貸住宅標準契約書は、賃貸借契約の標準的な契約内容を示すひな形である。,標準契約書を利用する場合でも、個別事情に応じた確認が必要である。,2,標準契約書は有用なひな形ですが、個別事情に応じて内容を確認する必要があります。
484,single,賃貸借,賃貸借;使用貸借,賃貸借と使用貸借に関する次の記述のうち、正しいものはどれか。,"","","","","",賃貸借は賃料の支払を伴う有償契約である。,賃貸借は、賃料の支払を一切伴わない無償契約である。,使用貸借は、必ず高額の賃料を支払う契約である。,賃貸借と使用貸借では、法的効果に違いは全くない。,1,賃貸借は有償、使用貸借は無償であり、終了や借主保護にも違いがあります。
485,single,賃貸借,賃貸借;使用貸借,賃貸借と使用貸借に関する次の記述のうち、最も不適切なものはどれか。,"","","","","",使用貸借は、無償で目的物を使用収益させる契約である。,賃貸借と使用貸借では、借主保護や終了原因に違いがある。,使用貸借は、必ず高額の賃料を支払う契約である。,親族間で無償使用させる場合、使用貸借と評価されることがある。,3,賃貸借は有償、使用貸借は無償であり、終了や借主保護にも違いがあります。
486,single,賃貸借,賃貸借;使用貸借,賃貸借と使用貸借に関する次の記述のうち、正しいものはどれか。,"","","","","",賃貸借と使用貸借では、法的効果に違いは全くない。,親族間の無償使用は、使用貸借と評価される余地がない。,賃貸借と使用貸借では、借主保護や終了原因に違いがある。,賃貸借は、賃料の支払を一切伴わない無償契約である。,3,賃貸借は有償、使用貸借は無償であり、終了や借主保護にも違いがあります。
487,single,賃貸借,賃貸借;使用貸借,賃貸借と使用貸借に関する次の記述のうち、最も不適切なものはどれか。,"","","","","",親族間で無償使用させる場合、使用貸借と評価されることがある。,親族間の無償使用は、使用貸借と評価される余地がない。,賃貸借は賃料の支払を伴う有償契約である。,使用貸借は、無償で目的物を使用収益させる契約である。,2,賃貸借は有償、使用貸借は無償であり、終了や借主保護にも違いがあります。
488,single,賃貸借,賃貸借;残置物,残置物に関する次の記述のうち、正しいものはどれか。,"","","","","",退去時の残置物については、所有権放棄の有無を確認することが重要である。,退去時の残置物は、所有権放棄の確認なく常に自由に売却してよい。,残置物を勝手に処分しても、法的問題が生じる余地はない。,残置物処理について、契約書や合意書で定めることはできない。,1,残置物処理では、所有権放棄や合意の確認が重要で、勝手な処分は法的リスクがあります。
489,single,賃貸借,賃貸借;残置物,残置物に関する次の記述のうち、最も不適切なものはどれか。,"","","","","",賃貸人や管理業者が残置物を勝手に処分すると、法的問題が生じることがある。,残置物処理について、契約書や合意書で明確にしておくことが望ましい。,残置物を勝手に処分しても、法的問題が生じる余地はない。,明渡し後も残置物の扱いについて、慎重な確認が必要である。,3,残置物処理では、所有権放棄や合意の確認が重要で、勝手な処分は法的リスクがあります。
490,single,賃貸借,賃貸借;残置物,残置物に関する次の記述のうち、正しいものはどれか。,"","","","","",残置物処理について、契約書や合意書で定めることはできない。,明渡し後の残置物は、確認せず廃棄することが常に適切である。,残置物処理について、契約書や合意書で明確にしておくことが望ましい。,退去時の残置物は、所有権放棄の確認なく常に自由に売却してよい。,3,残置物処理では、所有権放棄や合意の確認が重要で、勝手な処分は法的リスクがあります。
491,single,賃貸借,賃貸借;残置物,残置物に関する次の記述のうち、最も不適切なものはどれか。,"","","","","",明渡し後も残置物の扱いについて、慎重な確認が必要である。,明渡し後の残置物は、確認せず廃棄することが常に適切である。,退去時の残置物については、所有権放棄の有無を確認することが重要である。,賃貸人や管理業者が残置物を勝手に処分すると、法的問題が生じることがある。,2,残置物処理では、所有権放棄や合意の確認が重要で、勝手な処分は法的リスクがあります。
492,single,賃貸借,賃貸借;禁止事項,禁止事項・用法違反に関する次の記述のうち、正しいものはどれか。,"","","","","",ペット飼育禁止や楽器演奏制限などの特約は、契約内容として定められることがある。,禁止事項は、賃貸借契約で一切定めることができない。,禁止事項に違反しても、債務不履行として問題となる余地はない。,禁止事項は、入居者に分からないよう契約書から隠すことが望ましい。,1,禁止事項や用法遵守は契約内容として重要で、違反時には債務不履行や解除が問題となります。
493,single,賃貸借,賃貸借;禁止事項,禁止事項・用法違反に関する次の記述のうち、最も不適切なものはどれか。,"","","","","",禁止事項に違反した場合、債務不履行として問題となることがある。,禁止事項は、入居者が理解できるよう契約時に明確にすることが重要である。,禁止事項に違反しても、債務不履行として問題となる余地はない。,用法違反が信頼関係を破壊する場合、解除が問題となることがある。,3,禁止事項や用法遵守は契約内容として重要で、違反時には債務不履行や解除が問題となります。
494,single,賃貸借,賃貸借;禁止事項,禁止事項・用法違反に関する次の記述のうち、正しいものはどれか。,"","","","","",禁止事項は、入居者に分からないよう契約書から隠すことが望ましい。,用法違反があっても、解除が問題となることは絶対にない。,禁止事項は、入居者が理解できるよう契約時に明確にすることが重要である。,禁止事項は、賃貸借契約で一切定めることができない。,3,禁止事項や用法遵守は契約内容として重要で、違反時には債務不履行や解除が問題となります。
495,single,賃貸借,賃貸借;禁止事項,禁止事項・用法違反に関する次の記述のうち、最も不適切なものはどれか。,"","","","","",用法違反が信頼関係を破壊する場合、解除が問題となることがある。,用法違反があっても、解除が問題となることは絶対にない。,ペット飼育禁止や楽器演奏制限などの特約は、契約内容として定められることがある。,禁止事項に違反した場合、債務不履行として問題となることがある。,2,禁止事項や用法遵守は契約内容として重要で、違反時には債務不履行や解除が問題となります。
496,single,賃貸借,賃貸借;個人情報,入居申込と個人情報に関する次の記述のうち、正しいものはどれか。,"","","","","",入居申込時に取得する個人情報は、利用目的を明確にして取り扱う必要がある。,入居申込時の個人情報は、利用目的を一切示さず自由に取得してよい。,入居審査に不要な情報でも、無制限に取得することが常に適切である。,保証会社や貸主への情報提供では、本人への説明や同意は一切問題にならない。,1,入居申込時の個人情報は、利用目的、取得範囲、第三者提供、漏えい防止に注意して扱います。
497,single,賃貸借,賃貸借;個人情報,入居申込と個人情報に関する次の記述のうち、最も不適切なものはどれか。,"","","","","",入居審査に必要な範囲を超えて個人情報を取得しないよう配慮する必要がある。,保証会社や貸主へ情報提供する場合、本人への説明や同意が問題となることがある。,入居審査に不要な情報でも、無制限に取得することが常に適切である。,個人情報の漏えい防止のため、保管やアクセス管理に注意する必要がある。,3,入居申込時の個人情報は、利用目的、取得範囲、第三者提供、漏えい防止に注意して扱います。
498,single,賃貸借,賃貸借;個人情報,入居申込と個人情報に関する次の記述のうち、正しいものはどれか。,"","","","","",保証会社や貸主への情報提供では、本人への説明や同意は一切問題にならない。,個人情報は、誰でも自由に閲覧できる状態で保管することが望ましい。,保証会社や貸主へ情報提供する場合、本人への説明や同意が問題となることがある。,入居申込時の個人情報は、利用目的を一切示さず自由に取得してよい。,3,入居申込時の個人情報は、利用目的、取得範囲、第三者提供、漏えい防止に注意して扱います。
499,single,賃貸借,賃貸借;個人情報,入居申込と個人情報に関する次の記述のうち、最も不適切なものはどれか。,"","","","","",個人情報の漏えい防止のため、保管やアクセス管理に注意する必要がある。,個人情報は、誰でも自由に閲覧できる状態で保管することが望ましい。,入居申込時に取得する個人情報は、利用目的を明確にして取り扱う必要がある。,入居審査に必要な範囲を超えて個人情報を取得しないよう配慮する必要がある。,2,入居申込時の個人情報は、利用目的、取得範囲、第三者提供、漏えい防止に注意して扱います。
500,single,賃貸借,賃貸借;公正証書内容証明,公正証書と内容証明郵便に関する次の記述のうち、正しいものはどれか。,"","","","","",内容証明郵便は、どのような内容の文書をいつ差し出したかを証明する制度である。,内容証明郵便は、記載内容が真実であることを当然に証明する制度である。,内容証明郵便は、差出日や文書内容の証明と全く関係がない。,公正証書は、私人が自由に作成したメモだけを意味する。,1,内容証明郵便は差出内容等の証明、公正証書は公証人作成の公文書で、執行認諾文言が重要です。
501,single,賃貸借,賃貸借;公正証書内容証明,公正証書と内容証明郵便に関する次の記述のうち、最も不適切なものはどれか。,"","","","","",内容証明郵便自体には、記載内容が真実であることを証明する効力はない。,公正証書は、公証人が作成する公文書である。,内容証明郵便は、差出日や文書内容の証明と全く関係がない。,金銭債務について執行認諾文言のある公正証書は、強制執行に関係することがある。,3,内容証明郵便は差出内容等の証明、公正証書は公証人作成の公文書で、執行認諾文言が重要です。
502,single,賃貸借,賃貸借;公正証書内容証明,公正証書と内容証明郵便に関する次の記述のうち、正しいものはどれか。,"","","","","",公正証書は、私人が自由に作成したメモだけを意味する。,執行認諾文言のある公正証書でも、強制執行とは一切関係がない。,公正証書は、公証人が作成する公文書である。,内容証明郵便は、記載内容が真実であることを当然に証明する制度である。,3,内容証明郵便は差出内容等の証明、公正証書は公証人作成の公文書で、執行認諾文言が重要です。
503,single,賃貸借,賃貸借;公正証書内容証明,公正証書と内容証明郵便に関する次の記述のうち、最も不適切なものはどれか。,"","","","","",金銭債務について執行認諾文言のある公正証書は、強制執行に関係することがある。,執行認諾文言のある公正証書でも、強制執行とは一切関係がない。,内容証明郵便は、どのような内容の文書をいつ差し出したかを証明する制度である。,内容証明郵便自体には、記載内容が真実であることを証明する効力はない。,2,内容証明郵便は差出内容等の証明、公正証書は公証人作成の公文書で、執行認諾文言が重要です。
504,single,賃貸借,賃貸借;少額訴訟,少額訴訟・民事調停に関する次の記述のうち、正しいものはどれか。,"","","","","",少額訴訟は、一定額以下の金銭請求について簡易迅速な解決を図る手続である。,少額訴訟は、どのような高額請求にも無制限に利用できる制度である。,敷金返還や原状回復では、民事調停が利用される余地はない。,裁判外紛争処理制度は、話合いによる解決と全く関係がない。,1,賃貸借紛争では、少額訴訟、民事調停、ADR、契約書や写真などの証拠が重要です。
505,single,賃貸借,賃貸借;少額訴訟,少額訴訟・民事調停に関する次の記述のうち、最も不適切なものはどれか。,"","","","","",敷金返還や原状回復費用をめぐり、民事調停が利用されることがある。,裁判外紛争処理制度は、当事者間の話合いによる解決に役立つ場合がある。,敷金返還や原状回復では、民事調停が利用される余地はない。,紛争が生じた場合、証拠となる契約書や写真、精算明細が重要となる。,3,賃貸借紛争では、少額訴訟、民事調停、ADR、契約書や写真などの証拠が重要です。
506,single,賃貸借,賃貸借;少額訴訟,少額訴訟・民事調停に関する次の記述のうち、正しいものはどれか。,"","","","","",裁判外紛争処理制度は、話合いによる解決と全く関係がない。,紛争時には、契約書や写真、精算明細をすべて廃棄することが望ましい。,裁判外紛争処理制度は、当事者間の話合いによる解決に役立つ場合がある。,少額訴訟は、どのような高額請求にも無制限に利用できる制度である。,3,賃貸借紛争では、少額訴訟、民事調停、ADR、契約書や写真などの証拠が重要です。
507,single,賃貸借,賃貸借;少額訴訟,少額訴訟・民事調停に関する次の記述のうち、最も不適切なものはどれか。,"","","","","",紛争が生じた場合、証拠となる契約書や写真、精算明細が重要となる。,紛争時には、契約書や写真、精算明細をすべて廃棄することが望ましい。,少額訴訟は、一定額以下の金銭請求について簡易迅速な解決を図る手続である。,敷金返還や原状回復費用をめぐり、民事調停が利用されることがある。,2,賃貸借紛争では、少額訴訟、民事調停、ADR、契約書や写真などの証拠が重要です。
508,single,賃貸借,賃貸借;サブリース転貸,サブリースと転貸借に関する次の記述のうち、正しいものはどれか。,"","","","","",サブリースでは、原賃貸借契約と転貸借契約の二つの契約関係が問題となる。,サブリースでは、原賃貸借契約と転貸借契約の区別は存在しない。,原賃貸借契約が終了しても、転借人との関係が問題になることは絶対にない。,転借人の地位を検討する際、借地借家法や判例は一切関係しない。,1,サブリースでは、原賃貸借・転貸借・三者関係を整理し、原契約終了時の影響を確認します。
509,single,賃貸借,賃貸借;サブリース転貸,サブリースと転貸借に関する次の記述のうち、最も不適切なものはどれか。,"","","","","",原賃貸借契約が終了した場合、転借人との関係が問題となることがある。,転借人の地位は、借地借家法や判例の考え方も踏まえて検討される。,原賃貸借契約が終了しても、転借人との関係が問題になることは絶対にない。,サブリースでは、オーナー、サブリース業者、入居者の三者関係を整理することが重要である。,3,サブリースでは、原賃貸借・転貸借・三者関係を整理し、原契約終了時の影響を確認します。
510,single,賃貸借,賃貸借;サブリース転貸,サブリースと転貸借に関する次の記述のうち、正しいものはどれか。,"","","","","",転借人の地位を検討する際、借地借家法や判例は一切関係しない。,サブリースでは、三者関係を整理する必要はない。,転借人の地位は、借地借家法や判例の考え方も踏まえて検討される。,サブリースでは、原賃貸借契約と転貸借契約の区別は存在しない。,3,サブリースでは、原賃貸借・転貸借・三者関係を整理し、原契約終了時の影響を確認します。
511,single,賃貸借,賃貸借;サブリース転貸,サブリースと転貸借に関する次の記述のうち、最も不適切なものはどれか。,"","","","","",サブリースでは、オーナー、サブリース業者、入居者の三者関係を整理することが重要である。,サブリースでは、三者関係を整理する必要はない。,サブリースでは、原賃貸借契約と転貸借契約の二つの契約関係が問題となる。,原賃貸借契約が終了した場合、転借人との関係が問題となることがある。,2,サブリースでは、原賃貸借・転貸借・三者関係を整理し、原契約終了時の影響を確認します。
